auction_type;auction_date;settlement_date;offered_min;offered_max;isin;line;bid_amount;amount_served;bid_to_cover;nct_amount;total_issued;weighted_rate;weighted_price;index_ratio;instrument_family;coupon;maturity_date;line_label;residual_maturity_years;index_type
adju_LT;1999-01-07;1999-01-14;3500;3800;FR0000571218;OAT 5,5% 25 avril 2029;1115;370;3,01;0;370;0,0463;1,1398;;OAT;0,055;2029-04-25;OAT 5,5% 25 avril 2029;30,297;
adju_LT;1999-01-07;1999-01-14;3500;3800;FR0000571432;OAT 4% 25 avril 2009;8877;3427;2,59;0;3427;0,0381;1,0155;;OAT;0,04;2009-04-25;OAT 4% 25 avril 2009;10,297;
adju_MT;1999-01-21;1999-01-28;3300;3700;FR0100802273;BTAN 3,5% 12 juillet 2004;7346;3591;2,05;547;4138;0,0329;1,0102;;BTAN;0,035;2004-07-12;BTAN 3,5% 12 juillet 2004;5,473;
adju_LT;1999-02-04;1999-02-11;3400;3800;FR0000571218;OAT 5,5% 25 avril 2029;1177;502;2,34;0;502;0,0473;1,1226;;OAT;0,055;2029-04-25;OAT 5,5% 25 avril 2029;30,22;
adju_I;1999-02-04;1999-02-11;500;700;FR0000571424;OATi 3% 25 juillet 2009;1783;626;2,85;49;675;0,0301;0,9991;0,9977;OATi;0,03;2009-07-25;OATi 3% 25 juillet 2009;10,47;inflation_france
adju_LT;1999-02-04;1999-02-11;3400;3800;FR0000571432;OAT 4% 25 avril 2009;5365;3065;1,75;0;3065;0,0385;1,0125;;OAT;0,04;2009-04-25;OAT 4% 25 avril 2009;10,22;
adju_MT;1999-02-18;1999-02-25;3200;3600;FR0100059536;BTAN 4% 12 juillet 2000;6497;812;8;0;812;0,0299;1,0133;;BTAN;0,04;2000-07-12;BTAN 4% 12 juillet 2000;1,396;
adju_MT;1999-02-18;1999-02-25;3200;3600;FR0100802273;BTAN 3,5% 12 juillet 2004;6959;2727;2,55;485;3212;0,0343;1,0032;;BTAN;0,035;2004-07-12;BTAN 3,5% 12 juillet 2004;5,396;
adju_LT;1999-03-04;1999-03-11;3000;3400;FR0000571432;OAT 4% 25 avril 2009;5909;3029;1,95;465;3494;0,0426;0,9788;;OAT;0,04;2009-04-25;OAT 4% 25 avril 2009;10,144;
adju_MT;1999-03-18;1999-03-25;3100;3500;FR0100877812;BTAN 3% 12 juillet 2001;11080;3477;3,19;0;3477;0,03;0,9999;;BTAN;0,03;2001-07-12;BTAN 3% 12 juillet 2001;2,319;
adju_LT;1999-04-01;1999-04-08;2600;3000;FR0000570673;OAT tec10 25 janvier 2009;1820;505;3,6;44;549;;0,9906;;OAT TEC 10;;2009-01-25;OAT TEC 10 25 janvier 2009;9,821;
adju_I;1999-04-01;1999-04-08;600;800;FR0000571424;OATi 3% 25 juillet 2009;2052;677;3,03;63;740;0,0301;0,9992;0,99497;OATi;0,03;2009-07-25;OATi 3% 25 juillet 2009;10,316;inflation_france
adju_LT;1999-04-01;1999-04-08;2600;3000;FR0000571432;OAT 4% 25 avril 2009;6371;2221;2,87;343;2564;0,041;0,992;;OAT;0,04;2009-04-25;OAT 4% 25 avril 2009;10,067;
adju_MT;1999-04-15;1999-04-22;2800;3200;FR0100802273;BTAN 3,5% 12 juillet 2004;5390;1531;3,52;0;1531;0,0325;1,0116;;BTAN;0,035;2004-07-12;BTAN 3,5% 12 juillet 2004;5,243;
adju_MT;1999-04-15;1999-04-22;2800;3200;FR0100877812;BTAN 3% 12 juillet 2001;6535;1627;4,02;0;1627;0,0282;1,0037;;BTAN;0,03;2001-07-12;BTAN 3% 12 juillet 2001;2,242;
adju_LT;1999-05-06;1999-05-12;2800;3200;FR0000186199;OAT 4% 25 octobre 2009;7605;3021;2,52;0;3021;0,0408;0,9932;;OAT;0,04;2009-10-25;OAT 4% 25 octobre 2009;10,472;
adju_I;1999-05-06;1999-05-12;400;600;FR0000571424;OATi 3% 25 juillet 2009;1576;546;2,89;25;571;0,0275;1,0218;0,99868;OATi;0,03;2009-07-25;OATi 3% 25 juillet 2009;10,22;inflation_france
adju_MT;1999-05-20;1999-05-27;2800;3200;FR0100802273;BTAN 3,5% 12 juillet 2004;6255;1553;4,03;463;2016;0,0338;1,0057;;BTAN;0,035;2004-07-12;BTAN 3,5% 12 juillet 2004;5,147;
adju_MT;1999-05-20;1999-05-27;2800;3200;FR0100877812;BTAN 3% 12 juillet 2001;7130;1457;4,89;0;1457;0,0283;1,0034;;BTAN;0,03;2001-07-12;BTAN 3% 12 juillet 2001;2,146;
adju_LT;1999-06-03;1999-06-10;2600;3000;FR0000186199;OAT 4% 25 octobre 2009;6612;2522;2,62;0;2522;0,044;0,9671;;OAT;0,04;2009-10-25;OAT 4% 25 octobre 2009;10,396;
adju_LT;1999-06-03;1999-06-10;2600;3000;FR0000570673;OAT tec10 25 janvier 2009;1880;425;4,42;31;456;;1,0005;;OAT TEC 10;;2009-01-25;OAT TEC 10 25 janvier 2009;9,648;
adju_MT;1999-06-17;1999-06-24;2800;3200;FR0100802273;BTAN 3,5% 12 juillet 2004;4375;1393;3,14;428;1821;0,0368;0,9917;;BTAN;0,035;2004-07-12;BTAN 3,5% 12 juillet 2004;5,07;
adju_MT;1999-06-17;1999-06-24;2800;3200;FR0100877812;BTAN 3% 12 juillet 2001;6460;1511;4,28;15;1526;0,0304;0,9991;;BTAN;0,03;2001-07-12;BTAN 3% 12 juillet 2001;2,07;
adju_LT;1999-07-01;1999-07-08;3000;3400;FR0000186199;OAT 4% 25 octobre 2009;5634;2829;1,99;0;2829;0,0459;0,952;;OAT;0,04;2009-10-25;OAT 4% 25 octobre 2009;10,319;
adju_LT;1999-07-01;1999-07-08;3000;3400;FR0000571218;OAT 5,5% 25 avril 2029;1665;540;3,08;0;540;0,0539;1,0159;;OAT;0,055;2029-04-25;OAT 5,5% 25 avril 2029;29,818;
adju_I;1999-07-01;1999-07-08;500;700;FR0000571424;OATi 3% 25 juillet 2009;1240;576;2,15;0;576;0,029;1,0088;1,00425;OATi;0,03;2009-07-25;OATi 3% 25 juillet 2009;10,067;inflation_france
adju_MT;1999-07-15;1999-07-22;2500;2900;FR0100802273;BTAN 3,5% 12 juillet 2004;5010;1175;4,26;0;1175;0,0401;0,9772;;BTAN;0,035;2004-07-12;BTAN 3,5% 12 juillet 2004;4,994;
adju_MT;1999-07-15;1999-07-22;2500;2900;FR0100877812;BTAN 3% 12 juillet 2001;5880;1682;3,5;0;1682;0,0316;0,9969;;BTAN;0,03;2001-07-12;BTAN 3% 12 juillet 2001;1,993;
adju_LT;1999-08-05;1999-08-12;2700;3100;FR0000186199;OAT 4% 25 octobre 2009;3414;2224;1,54;0;2224;0,051;0,9142;;OAT;0,04;2009-10-25;OAT 4% 25 octobre 2009;10,223;
adju_LT;1999-08-05;1999-08-12;2700;3100;FR0000571218;OAT 5,5% 25 avril 2029;725;495;1,46;0;495;0,0571;0,9698;;OAT;0,055;2029-04-25;OAT 5,5% 25 avril 2029;29,722;
adju_MT;1999-08-19;1999-08-26;2400;2800;FR0100802273;BTAN 3,5% 12 juillet 2004;3105;975;3,18;297;1272;0,0424;0,9678;;BTAN;0,035;2004-07-12;BTAN 3,5% 12 juillet 2004;4,898;
adju_MT;1999-08-19;1999-08-26;2400;2800;FR0100877812;BTAN 3% 12 juillet 2001;4525;1545;2,93;81;1626;0,0339;0,9929;;BTAN;0,03;2001-07-12;BTAN 3% 12 juillet 2001;1,897;
adju_LT;1999-09-02;1999-09-09;3000;3400;FR0000186199;OAT 4% 25 octobre 2009;6940;2747;2,53;354;3101;0,0514;0,9115;;OAT;0,04;2009-10-25;OAT 4% 25 octobre 2009;10,146;
adju_LT;1999-09-02;1999-09-09;3000;3400;FR0000570731;OAT 6,5% 25 avril 2011;1840;505;3,64;105;610;0,052;1,1107;;OAT;0,065;2011-04-25;OAT 6,5% 25 avril 2011;11,644;
adju_MT;1999-09-16;1999-09-23;2500;2900;FR0100802273;BTAN 3,5% 12 juillet 2004;3235;1104;2,93;337;1441;0,0454;0,9561;;BTAN;0,035;2004-07-12;BTAN 3,5% 12 juillet 2004;4,821;
adju_MT;1999-09-16;1999-09-23;2500;2900;FR0100877812;BTAN 3% 12 juillet 2001;4600;1675;2,75;82;1757;0,0359;0,9898;;BTAN;0,03;2001-07-12;BTAN 3% 12 juillet 2001;1,821;
adju_LT;1999-10-07;1999-10-14;3300;3700;FR0000186199;OAT 4% 25 octobre 2009;5168;2311;2,24;133;2444;0,0536;0,8967;;OAT;0,04;2009-10-25;OAT 4% 25 octobre 2009;10,051;
adju_LT;1999-10-07;1999-10-14;3300;3700;FR0000570491;OAT 7,25% 25 avril 2006;1794;624;2,88;0;624;0,048;1,134;;OAT;0,0725;2006-04-25;OAT 7,25% 25 avril 2006;6,549;
adju_LT;1999-10-07;1999-10-14;3300;3700;FR0000571218;OAT 5,5% 25 avril 2029;1426;511;2,79;0;511;0,0597;0,9353;;OAT;0,055;2029-04-25;OAT 5,5% 25 avril 2029;29,55;
adju_MT;1999-10-21;1999-10-28;2300;2700;FR0101465831;BTAN 4% 12 janvier 2002;6540;2617;2,5;379;2996;0,0424;0,995;;BTAN;0,04;2002-01-12;BTAN 4% 12 janvier 2002;2,229;
adju_LT;1999-11-04;1999-11-10;2300;2700;FR0000186199;OAT 4% 25 octobre 2009;4930;1835;2,69;195;2030;0,0523;0,9064;;OAT;0,04;2009-10-25;OAT 4% 25 octobre 2009;9,974;
adju_LT;1999-11-04;1999-11-10;2300;2700;FR0000570731;OAT 6,5% 25 avril 2011;1775;515;3,45;141;656;0,0527;1,1035;;OAT;0,065;2011-04-25;OAT 6,5% 25 avril 2011;11,472;
adju_MT;1999-11-18;1999-11-25;1800;2200;FR0100802273;BTAN 3,5% 12 juillet 2004;3441;621;5,54;0;621;0,0456;0,9565;;BTAN;0,035;2004-07-12;BTAN 3,5% 12 juillet 2004;4,649;
adju_MT;1999-11-18;1999-11-25;1800;2200;FR0101465831;BTAN 4% 12 janvier 2002;4110;1461;2,81;0;1461;0,04;0,9999;;BTAN;0,04;2002-01-12;BTAN 4% 12 janvier 2002;2,152;
adju_LT;1999-12-02;1999-12-09;1800;2200;FR0000186199;OAT 4% 25 octobre 2009;5310;1939;2,74;271;2210;0,0525;0,9053;;OAT;0,04;2009-10-25;OAT 4% 25 octobre 2009;9,897;
adju_MT;1999-12-16;1999-12-23;1300;1700;FR0100802273;BTAN 3,5% 12 juillet 2004;2507;748;3,35;0;748;0,0462;0,9548;;BTAN;0,035;2004-07-12;BTAN 3,5% 12 juillet 2004;4,572;
adju_MT;1999-12-16;1999-12-23;1300;1700;FR0101465831;BTAN 4% 12 janvier 2002;2760;782;3,53;0;782;0,0418;0,9965;;BTAN;0,04;2002-01-12;BTAN 4% 12 janvier 2002;2,075;
adju_LT;2000-01-06;2000-01-13;3300;3700;FR0000186199;OAT 4% 25 octobre 2009;5817;2732;2,13;321;3053;0,0568;0,8764;;OAT;0,04;2009-10-25;OAT 4% 25 octobre 2009;9,802;
adju_LT;2000-01-06;2000-01-13;3300;3700;FR0000571218;OAT 5,5% 25 avril 2029;1845;730;2,53;164;894;0,0614;0,9136;;OAT;0,055;2029-04-25;OAT 5,5% 25 avril 2029;29,3;
adju_MT;2000-01-20;2000-01-27;3600;4100;FR0101659813;BTAN 5% 12 juillet 2005;12067;4017;3;0;4017;0,0517;0,9919;;BTAN;0,05;2005-07-12;BTAN 5% 12 juillet 2005;5,476;
adju_LT;2000-02-03;2000-02-08;3700;4200;FR0000186603;OAT 5,5% 25 avril 2010;11350;4156;2,73;8;4164;0,0562;0,9905;;OAT;0,055;2010-04-25;OAT 5,5% 25 avril 2010;10,223;
adju_I;2000-02-03;2000-02-08;400;600;FR0000571424;OATi 3% 25 juillet 2009;1788;551;3,25;78;629;0,0385;0,9332;1,00646;OATi;0,03;2009-07-25;OATi 3% 25 juillet 2009;9,473;inflation_france
adju_MT;2000-02-17;2000-02-22;3000;3500;FR0101465831;BTAN 4% 12 janvier 2002;5707;1829;3,12;0;1829;0,0447;0,9915;;BTAN;0,04;2002-01-12;BTAN 4% 12 janvier 2002;1,903;
adju_MT;2000-02-17;2000-02-22;3000;3500;FR0101659813;BTAN 5% 12 juillet 2005;5718;1518;3,77;388;1906;0,0523;0,9892;;BTAN;0,05;2005-07-12;BTAN 5% 12 juillet 2005;5,399;
adju_LT;2000-03-02;2000-03-07;3500;4000;FR0000186603;OAT 5,5% 25 avril 2010;8689;2333;3,72;272;2605;0,0565;0,9887;;OAT;0,055;2010-04-25;OAT 5,5% 25 avril 2010;10,146;
adju_LT;2000-03-02;2000-03-07;3500;4000;FR0000570665;OAT 8,5% 25 octobre 2008;2225;530;4,2;24;554;0,0551;1,2007;;OAT;0,085;2008-10-25;OAT 8,5% 25 octobre 2008;8,649;
adju_LT;2000-03-02;2000-03-07;3500;4000;FR0000570673;OAT tec10 25 janvier 2009;1470;425;3,46;0;425;;0,9748;;OAT TEC 10;;2009-01-25;OAT TEC 10 25 janvier 2009;8,901;
adju_LT;2000-03-02;2000-03-07;3500;4000;FR0000571218;OAT 5,5% 25 avril 2029;1523;653;2,33;187;840;0,0597;0,9358;;OAT;0,055;2029-04-25;OAT 5,5% 25 avril 2029;29,147;
adju_MT;2000-03-16;2000-03-21;2800;3300;FR0101465831;BTAN 4% 12 janvier 2002;6358;1590;4;11;1601;0,0451;0,9912;;BTAN;0,04;2002-01-12;BTAN 4% 12 janvier 2002;1,826;
adju_MT;2000-03-16;2000-03-21;2800;3300;FR0101659813;BTAN 5% 12 juillet 2005;6660;1502;4,43;418;1920;0,0508;0,9963;;BTAN;0,05;2005-07-12;BTAN 5% 12 juillet 2005;5,322;
adju_I;2000-04-06;2000-04-11;200;400;FR0000186413;OATi 3,4% 25 juillet 2029;718;253;2,84;13;266;0,0372;0,9428;1,0053;OATi;0,034;2029-07-25;OATi 3,4% 25 juillet 2029;29,3;inflation_france
adju_LT;2000-04-06;2000-04-11;3100;3600;FR0000186603;OAT 5,5% 25 avril 2010;8710;2424;3,59;362;2786;0,0531;1,0147;;OAT;0,055;2010-04-25;OAT 5,5% 25 avril 2010;10,051;
adju_LT;2000-04-06;2000-04-11;3100;3600;FR0000570665;OAT 8,5% 25 octobre 2008;2215;555;3,99;5;560;0,0519;1,223;;OAT;0,085;2008-10-25;OAT 8,5% 25 octobre 2008;8,553;
adju_LT;2000-04-06;2000-04-11;3100;3600;FR0000571218;OAT 5,5% 25 avril 2029;1466;533;2,75;167;700;0,0569;0,9728;;OAT;0,055;2029-04-25;OAT 5,5% 25 avril 2029;29,051;
adju_MT;2000-04-20;2000-04-26;3000;3500;FR0101465831;BTAN 4% 12 janvier 2002;6290;1530;4,11;0;1530;0,0447;0,9923;;BTAN;0,04;2002-01-12;BTAN 4% 12 janvier 2002;1,73;
adju_MT;2000-04-20;2000-04-26;3000;3500;FR0101659813;BTAN 5% 12 juillet 2005;6101;1711;3,57;0;1711;0,0502;0,999;;BTAN;0,05;2005-07-12;BTAN 5% 12 juillet 2005;5,227;
adju_I;2000-05-04;2000-05-10;400;600;FR0000186413;OATi 3,4% 25 juillet 2029;556;162;3,43;0;162;0,0371;0,9446;1,00741;OATi;0,034;2029-07-25;OATi 3,4% 25 juillet 2029;29,224;inflation_france
adju_LT;2000-05-04;2000-05-10;3100;3600;FR0000186603;OAT 5,5% 25 avril 2010;7385;2135;3,46;278;2413;0,0559;0,9932;;OAT;0,055;2010-04-25;OAT 5,5% 25 avril 2010;9,974;
adju_LT;2000-05-04;2000-05-10;3100;3600;FR0000570491;OAT 7,25% 25 avril 2006;1440;425;3,39;0;425;0,0529;1,0981;;OAT;0,0725;2006-04-25;OAT 7,25% 25 avril 2006;5,974;
adju_LT;2000-05-04;2000-05-10;3100;3600;FR0000571218;OAT 5,5% 25 avril 2029;1587;695;2,28;216;911;0,0587;0,9496;;OAT;0,055;2029-04-25;OAT 5,5% 25 avril 2029;28,975;
adju_I;2000-05-04;2000-05-10;400;600;FR0000571424;OATi 3% 25 juillet 2009;844;259;3,26;0;259;0,0372;0,9448;1,01169;OATi;0,03;2009-07-25;OATi 3% 25 juillet 2009;9,224;inflation_france
adju_MT;2000-05-18;2000-05-23;2900;3400;FR0101465831;BTAN 4% 12 janvier 2002;5618;1346;4,17;0;1346;0,0503;0,984;;BTAN;0,04;2002-01-12;BTAN 4% 12 janvier 2002;1,654;
adju_MT;2000-05-18;2000-05-23;2900;3400;FR0101659813;BTAN 5% 12 juillet 2005;5600;1785;3,14;465;2250;0,054;0,9823;;BTAN;0,05;2005-07-12;BTAN 5% 12 juillet 2005;5,15;
adju_LT;2000-06-08;2000-06-14;2400;2900;FR0000186603;OAT 5,5% 25 avril 2010;5339;945;5,65;0;945;0,0529;1,0153;;OAT;0,055;2010-04-25;OAT 5,5% 25 avril 2010;9,878;
adju_LT;2000-06-08;2000-06-14;2400;2900;FR0000570491;OAT 7,25% 25 avril 2006;1850;689;2,69;0;689;0,0502;1,1108;;OAT;0,0725;2006-04-25;OAT 7,25% 25 avril 2006;5,878;
adju_LT;2000-06-08;2000-06-14;2400;2900;FR0000570673;OAT tec10 25 janvier 2009;730;235;3,11;0;235;;0,9605;;OAT TEC 10;;2009-01-25;OAT TEC 10 25 janvier 2009;8,632;
adju_LT;2000-06-08;2000-06-14;2400;2900;FR0000570731;OAT 6,5% 25 avril 2011;2375;795;2,99;0;795;0,0532;1,0956;;OAT;0,065;2011-04-25;OAT 6,5% 25 avril 2011;10,877;
adju_MT;2000-06-22;2000-06-27;3200;3700;FR0100059593;BTAN 4,5% 12 juillet 2002;5070;1258;4,03;0;1258;0,05;0,9904;;BTAN;0,045;2002-07-12;BTAN 4,5% 12 juillet 2002;2,053;
adju_MT;2000-06-22;2000-06-27;3200;3700;FR0101465831;BTAN 4% 12 janvier 2002;4835;1345;3,59;0;1345;0,05;0,9852;;BTAN;0,04;2002-01-12;BTAN 4% 12 janvier 2002;1,558;
adju_MT;2000-06-22;2000-06-27;3200;3700;FR0101659813;BTAN 5% 12 juillet 2005;4651;1053;4,42;0;1053;0,0517;0,9926;;BTAN;0,05;2005-07-12;BTAN 5% 12 juillet 2005;5,054;
adju_I;2000-07-06;2000-07-11;400;700;FR0000186413;OATi 3,4% 25 juillet 2029;529;194;2,73;0;194;0,0374;0,9408;1,01158;OATi;0,034;2029-07-25;OATi 3,4% 25 juillet 2029;29,051;inflation_france
adju_LT;2000-07-06;2000-07-11;2500;3000;FR0000186603;OAT 5,5% 25 avril 2010;6773;1798;3,77;0;1798;0,054;1,0073;;OAT;0,055;2010-04-25;OAT 5,5% 25 avril 2010;9,802;
adju_LT;2000-07-06;2000-07-11;2500;3000;FR0000570665;OAT 8,5% 25 octobre 2008;2350;425;5,53;0;425;0,0535;1,2059;;OAT;0,085;2008-10-25;OAT 8,5% 25 octobre 2008;8,304;
adju_LT;2000-07-06;2000-07-11;2500;3000;FR0000571218;OAT 5,5% 25 avril 2029;2025;700;2,89;0;700;0,0564;0,9803;;OAT;0,055;2029-04-25;OAT 5,5% 25 avril 2029;28,802;
adju_I;2000-07-06;2000-07-11;400;700;FR0000571424;OATi 3% 25 juillet 2009;965;367;2,63;0;367;0,0374;0,9439;1,01588;OATi;0,03;2009-07-25;OATi 3% 25 juillet 2009;9,051;inflation_france
adju_MT;2000-07-20;2000-07-25;3000;3500;FR0100059593;BTAN 4,5% 12 juillet 2002;6366;1601;3,98;0;1601;0,0519;0,9873;;BTAN;0,045;2002-07-12;BTAN 4,5% 12 juillet 2002;1,977;
adju_MT;2000-07-20;2000-07-25;3000;3500;FR0101659813;BTAN 5% 12 juillet 2005;6275;1890;3,32;532;2422;0,053;0,9873;;BTAN;0,05;2005-07-12;BTAN 5% 12 juillet 2005;4,977;
adju_LT;2000-08-03;2000-08-08;2700;3200;FR0000186603;OAT 5,5% 25 avril 2010;5845;2243;2,61;450;2693;0,0533;1,0121;;OAT;0,055;2010-04-25;OAT 5,5% 25 avril 2010;9,725;
adju_LT;2000-08-03;2000-08-08;2700;3200;FR0000571218;OAT 5,5% 25 avril 2029;1954;874;2,24;27;901;0,0551;0,9978;;OAT;0,055;2029-04-25;OAT 5,5% 25 avril 2029;28,726;
adju_MT;2000-08-17;2000-08-22;3000;3400;FR0102325695;BTAN 5% 12 janvier 2003;9815;3099;3,17;0;3099;0,0527;0,9937;;BTAN;0,05;2003-01-12;BTAN 5% 12 janvier 2003;2,404;
adju_LT;2000-09-07;2000-09-12;3300;3800;FR0000187023;OAT 5,5% 25 octobre 2010;7719;3384;2,28;0;3384;0,0544;1,0046;;OAT;0,055;2010-10-25;OAT 5,5% 25 octobre 2010;10,13;
adju_LT;2000-09-07;2000-09-12;3300;3800;FR0000570673;OAT tec10 25 janvier 2009;1063;315;3,37;8;323;;0,9537;;OAT TEC 10;;2009-01-25;OAT TEC 10 25 janvier 2009;8,383;
adju_MT;2000-09-21;2000-09-26;3000;3500;FR0101659813;BTAN 5% 12 juillet 2005;5346;1490;3,59;456;1946;0,0519;0,9919;;BTAN;0,05;2005-07-12;BTAN 5% 12 juillet 2005;4,805;
adju_MT;2000-09-21;2000-09-26;3000;3500;FR0102325695;BTAN 5% 12 janvier 2003;6355;2002;3,17;4;2006;0,0511;0,9974;;BTAN;0,05;2003-01-12;BTAN 5% 12 janvier 2003;2,308;
adju_I;2000-10-05;2000-10-10;500;800;FR0000186413;OATi 3,4% 25 juillet 2029;698;158;4,42;9;167;0,0371;0,9453;1,01449;OATi;0,034;2029-07-25;OATi 3,4% 25 juillet 2029;28,802;inflation_france
adju_LT;2000-10-05;2000-10-10;3500;4000;FR0000187023;OAT 5,5% 25 octobre 2010;11326;2943;3,85;325;3268;0,0542;1,0057;;OAT;0,055;2010-10-25;OAT 5,5% 25 octobre 2010;10,053;
adju_LT;2000-10-05;2000-10-10;3500;4000;FR0000571218;OAT 5,5% 25 avril 2029;3233;1018;3,18;276;1294;0,0575;0,9644;;OAT;0,055;2029-04-25;OAT 5,5% 25 avril 2029;28,553;
adju_I;2000-10-05;2000-10-10;500;800;FR0000571424;OATi 3% 25 juillet 2009;1634;458;3,57;88;546;0,0371;0,9473;1,01881;OATi;0,03;2009-07-25;OATi 3% 25 juillet 2009;8,802;inflation_france
adju_MT;2000-10-19;2000-10-24;3200;3700;FR0102626779;BTAN 5% 12 janvier 2006;13254;3663;3,62;241;3904;0,0513;0,9941;;BTAN;0,05;2006-01-12;BTAN 5% 12 janvier 2006;5,232;
adju_LT;2000-11-02;2000-11-07;3100;3600;FR0000187023;OAT 5,5% 25 octobre 2010;10813;3321;3,26;0;3321;0,0531;1,0145;;OAT;0,055;2010-10-25;OAT 5,5% 25 octobre 2010;9,977;
adju_LT;2000-11-02;2000-11-07;3100;3600;FR0000571218;OAT 5,5% 25 avril 2029;2355;262;8,99;80;342;0,057;0,972;;OAT;0,055;2029-04-25;OAT 5,5% 25 avril 2029;28,476;
adju_MT;2000-11-16;2000-11-21;3500;4000;FR0102325695;BTAN 5% 12 janvier 2003;11950;1425;8,39;0;1425;0,0502;0,9995;;BTAN;0,05;2003-01-12;BTAN 5% 12 janvier 2003;2,155;
adju_MT;2000-11-16;2000-11-21;3500;4000;FR0102626779;BTAN 5% 12 janvier 2006;7843;2466;3,18;0;2466;0,0506;0,9974;;BTAN;0,05;2006-01-12;BTAN 5% 12 janvier 2006;5,155;
adju_LT;2000-12-07;2000-12-12;2500;3000;FR0000187023;OAT 5,5% 25 octobre 2010;7673;2050;3,74;0;2050;0,0505;1,034;;OAT;0,055;2010-10-25;OAT 5,5% 25 octobre 2010;9,881;
adju_LT;2000-12-07;2000-12-12;2500;3000;FR0000571218;OAT 5,5% 25 avril 2029;1853;488;3,8;41;529;0,0558;0,9886;;OAT;0,055;2029-04-25;OAT 5,5% 25 avril 2029;28,381;
adju_MT;2000-12-21;2000-12-27;1800;2300;FR0102325695;BTAN 5% 12 janvier 2003;6590;1241;5,31;0;1241;0,0454;1,0088;;BTAN;0,05;2003-01-12;BTAN 5% 12 janvier 2003;2,059;
adju_MT;2000-12-21;2000-12-27;1800;2300;FR0102626779;BTAN 5% 12 janvier 2006;4666;994;4,69;0;994;0,0459;1,0182;;BTAN;0,05;2006-01-12;BTAN 5% 12 janvier 2006;5,06;
adju_LT;2001-01-04;2001-01-09;3000;3500;FR0000187023;OAT 5,5% 25 octobre 2010;7668;2230;3,44;423;2653;0,0491;1,0451;;OAT;0,055;2010-10-25;OAT 5,5% 25 octobre 2010;9,804;
adju_LT;2001-01-04;2001-01-09;3000;3500;FR0000570673;OAT tec10 25 janvier 2009;1375;518;2,65;66;584;;0,9729;;OAT TEC 10;;2009-01-25;OAT TEC 10 25 janvier 2009;8,057;
adju_LT;2001-01-04;2001-01-09;3000;3500;FR0000571218;OAT 5,5% 25 avril 2029;2065;605;3,41;10;615;0,0538;1,0171;;OAT;0,055;2029-04-25;OAT 5,5% 25 avril 2029;28,304;
adju_I;2001-01-18;2001-01-23;200;500;FR0000571424;OATi 3% 25 juillet 2009;1264;499;2,53;0;499;0,0342;0,9694;1,02563;OATi;0,03;2009-07-25;OATi 3% 25 juillet 2009;8,515;inflation_france
adju_MT;2001-01-18;2001-01-23;2800;3300;FR0102325695;BTAN 5% 12 janvier 2003;9835;1507;6,53;0;1507;0,0445;1,0102;;BTAN;0,05;2003-01-12;BTAN 5% 12 janvier 2003;1,982;
adju_MT;2001-01-18;2001-01-23;2800;3300;FR0102626779;BTAN 5% 12 janvier 2006;6418;1786;3,59;0;1786;0,0456;1,0192;;BTAN;0,05;2006-01-12;BTAN 5% 12 janvier 2006;4,983;
adju_LT;2001-02-01;2001-02-06;3300;4000;FR0000187361;OAT 5% 25 octobre 2016;8320;3480;2,39;523;4003;0,0518;0,9802;;OAT;0,05;2016-10-25;OAT 5% 25 octobre 2016;15,729;
adju_MT;2001-02-15;2001-02-20;2800;3300;FR0102325695;BTAN 5% 12 janvier 2003;8780;1395;6,29;0;1395;0,0449;1,0089;;BTAN;0,05;2003-01-12;BTAN 5% 12 janvier 2003;1,906;
adju_MT;2001-02-15;2001-02-20;2800;3300;FR0102626779;BTAN 5% 12 janvier 2006;6095;1888;3,23;455;2343;0,0462;1,016;;BTAN;0,05;2006-01-12;BTAN 5% 12 janvier 2006;4,906;
adju_LT;2001-03-01;2001-03-06;3000;3500;FR0000187023;OAT 5,5% 25 octobre 2010;7354;1986;3,7;0;1986;0,0487;1,0475;;OAT;0,055;2010-10-25;OAT 5,5% 25 octobre 2010;9,651;
adju_LT;2001-03-01;2001-03-06;3000;3500;FR0000187361;OAT 5% 25 octobre 2016;4604;1460;3,15;0;1460;0,0517;0,9818;;OAT;0,05;2016-10-25;OAT 5% 25 octobre 2016;15,652;
adju_MT;2001-03-15;2001-03-20;2700;3200;FR0102325695;BTAN 5% 12 janvier 2003;9555;1336;7,15;0;1336;0,0432;1,0115;;BTAN;0,05;2003-01-12;BTAN 5% 12 janvier 2003;1,829;
adju_MT;2001-03-15;2001-03-20;2700;3200;FR0102626779;BTAN 5% 12 janvier 2006;5800;1840;3,15;458;2298;0,0446;1,0229;;BTAN;0,05;2006-01-12;BTAN 5% 12 janvier 2006;4,83;
adju_LT;2001-04-05;2001-04-10;3000;3400;FR0000187361;OAT 5% 25 octobre 2016;3713;1283;2,89;286;1569;0,0523;0,9755;;OAT;0,05;2016-10-25;OAT 5% 25 octobre 2016;15,556;
adju_LT;2001-04-05;2001-04-10;3000;3400;FR0000570673;OAT tec10 25 janvier 2009;1507;462;3,26;0;462;;0,979;;OAT TEC 10;;2009-01-25;OAT TEC 10 25 janvier 2009;7,808;
adju_LT;2001-04-05;2001-04-10;3000;3400;FR0000570731;OAT 6,5% 25 avril 2011;6634;1648;4,03;163;1811;0,0491;1,1235;;OAT;0,065;2011-04-25;OAT 6,5% 25 avril 2011;10,053;
adju_I;2001-04-05;2001-04-10;300;600;FR0000571424;OATi 3% 25 juillet 2009;1650;473;3,49;6;479;0,0341;0,9709;1,02182;OATi;0,03;2009-07-25;OATi 3% 25 juillet 2009;8,304;inflation_france
adju_MT;2001-04-19;2001-04-24;3300;3800;FR0103230423;BTAN 4,5% 12 juillet 2006;9455;3762;2,51;0;3762;0,0463;0,994;;BTAN;0,045;2006-07-12;BTAN 4,5% 12 juillet 2006;5,229;
adju_LT;2001-05-03;2001-05-09;3300;3800;FR0000187361;OAT 5% 25 octobre 2016;4065;1039;3,91;239;1278;0,0546;0,9525;;OAT;0,05;2016-10-25;OAT 5% 25 octobre 2016;15,48;
adju_LT;2001-05-03;2001-05-09;3300;3800;FR0000570731;OAT 6,5% 25 avril 2011;7570;2748;2,75;337;3085;0,0517;1,1013;;OAT;0,065;2011-04-25;OAT 6,5% 25 avril 2011;9,977;
adju_I;2001-05-17;2001-05-22;400;700;FR0000571424;OATi 3% 25 juillet 2009;2322;690;3,37;0;690;0,034;0,9717;1,0266;OATi;0,03;2009-07-25;OATi 3% 25 juillet 2009;8,189;inflation_france
adju_MT;2001-05-17;2001-05-22;3000;3500;FR0102325695;BTAN 5% 12 janvier 2003;7795;1543;5,05;0;1543;0,0441;1,0089;;BTAN;0,05;2003-01-12;BTAN 5% 12 janvier 2003;1,656;
adju_MT;2001-05-17;2001-05-22;3000;3500;FR0103230423;BTAN 4,5% 12 juillet 2006;6960;1923;3,62;0;1923;0,0474;0,9892;;BTAN;0,045;2006-07-12;BTAN 4,5% 12 juillet 2006;5,153;
adju_LT;2001-06-07;2001-06-12;2400;3200;FR0000187635;OAT 5,75% 25 octobre 2032;7610;3199;2,38;487;3686;0,0578;0,9953;;OAT;0,0575;2032-10-25;OAT 5,75% 25 octobre 2032;31,384;
adju_I;2001-06-21;2001-06-26;400;700;FR0000186413;OATi 3,4% 25 juillet 2029;837;282;2,97;0;282;0,0354;0,9761;1,028;OATi;0,034;2029-07-25;OATi 3,4% 25 juillet 2029;28,093;inflation_france
adju_I;2001-06-21;2001-06-26;400;700;FR0000571424;OATi 3% 25 juillet 2009;1811;414;4,37;0;414;0,0336;0,9747;1,03237;OATi;0,03;2009-07-25;OATi 3% 25 juillet 2009;8,093;inflation_france
adju_MT;2001-06-21;2001-06-26;2800;3300;FR0100059601;BTAN 4,5% 12 juillet 2003;8367;1145;7,31;0;1145;0,0425;1,0048;;BTAN;0,045;2003-07-12;BTAN 4,5% 12 juillet 2003;2,056;
adju_MT;2001-06-21;2001-06-26;2800;3300;FR0103230423;BTAN 4,5% 12 juillet 2006;9110;2145;4,25;501;2646;0,046;0,9957;;BTAN;0,045;2006-07-12;BTAN 4,5% 12 juillet 2006;5,057;
adju_LT;2001-07-05;2001-07-10;3000;3500;FR0000187361;OAT 5% 25 octobre 2016;2577;902;2,86;96;998;0,0556;0,9435;;OAT;0,05;2016-10-25;OAT 5% 25 octobre 2016;15,307;
adju_LT;2001-07-05;2001-07-10;3000;3500;FR0000187635;OAT 5,75% 25 octobre 2032;3511;1390;2,53;425;1815;0,058;0,9925;;OAT;0,0575;2032-10-25;OAT 5,75% 25 octobre 2032;31,307;
adju_LT;2001-07-05;2001-07-10;3000;3500;FR0000570731;OAT 6,5% 25 avril 2011;6301;1197;5,26;6;1203;0,0525;1,0934;;OAT;0,065;2011-04-25;OAT 6,5% 25 avril 2011;9,804;
adju_MT;2001-07-19;2001-07-24;2700;3200;FR0100059601;BTAN 4,5% 12 juillet 2003;7347;943;7,79;0;943;0,0423;1,0049;;BTAN;0,045;2003-07-12;BTAN 4,5% 12 juillet 2003;1,979;
adju_MT;2001-07-19;2001-07-24;2700;3200;FR0103230423;BTAN 4,5% 12 juillet 2006;7610;2209;3,44;482;2691;0,0459;0,996;;BTAN;0,045;2006-07-12;BTAN 4,5% 12 juillet 2006;4,98;
adju_LT;2001-08-02;2001-08-07;2200;2700;FR0000187361;OAT 5% 25 octobre 2016;3062;717;4,27;186;903;0,0536;0,9633;;OAT;0,05;2016-10-25;OAT 5% 25 octobre 2016;15,231;
adju_LT;2001-08-02;2001-08-07;2200;2700;FR0000570731;OAT 6,5% 25 avril 2011;5975;1896;3,15;216;2112;0,0503;1,1108;;OAT;0,065;2011-04-25;OAT 6,5% 25 avril 2011;9,728;
adju_MT;2001-08-16;2001-08-21;2000;2500;FR0100059601;BTAN 4,5% 12 juillet 2003;5335;690;7,73;0;690;0,0401;1,0087;;BTAN;0,045;2003-07-12;BTAN 4,5% 12 juillet 2003;1,903;
adju_MT;2001-08-16;2001-08-21;2000;2500;FR0103230423;BTAN 4,5% 12 juillet 2006;6325;1793;3,53;368;2161;0,0438;1,0052;;BTAN;0,045;2006-07-12;BTAN 4,5% 12 juillet 2006;4,903;
adju_LT;2001-09-06;2001-09-11;3800;4400;FR0000187874;OAT 5% 25 octobre 2011;13518;4378;3,09;666;5044;0,0507;0,9945;;OAT;0,05;2011-10-25;OAT 5% 25 octobre 2011;10,133;
adju_MT;2001-09-20;2001-09-25;3500;4000;FR0103536092;BTAN 4% 12 janvier 2004;17436;3976;4,39;0;3976;0,036;1,0085;;BTAN;0,04;2004-01-12;BTAN 4% 12 janvier 2004;2,311;
adju_LT;2001-10-04;2001-10-09;2800;3300;FR0000187635;OAT 5,75% 25 octobre 2032;5622;1017;5,53;0;1017;0,0548;1,0399;;OAT;0,0575;2032-10-25;OAT 5,75% 25 octobre 2032;31,058;
adju_LT;2001-10-04;2001-10-09;2800;3300;FR0000187874;OAT 5% 25 octobre 2011;9131;1976;4,62;459;2435;0,048;1,0156;;OAT;0,05;2011-10-25;OAT 5% 25 octobre 2011;10,056;
adju_MT;2001-10-18;2001-10-23;3000;3500;FR0103230423;BTAN 4,5% 12 juillet 2006;8430;1117;7,55;318;1435;0,0403;1,0196;;BTAN;0,045;2006-07-12;BTAN 4,5% 12 juillet 2006;4,731;
adju_MT;2001-10-18;2001-10-23;3000;3500;FR0103536092;BTAN 4% 12 janvier 2004;11832;2278;5,19;149;2427;0,0347;1,0111;;BTAN;0,04;2004-01-12;BTAN 4% 12 janvier 2004;2,234;
adju_LT;2001-11-08;2001-11-13;1600;2000;FR0000187874;OAT 5% 25 octobre 2011;8843;1675;5,28;0;1675;0,0438;1,0487;;OAT;0,05;2011-10-25;OAT 5% 25 octobre 2011;9,96;
adju_MT;2001-11-22;2001-11-27;3400;3800;FR0103840098;BTAN 3,75% 12 janvier 2007;8482;3665;2,31;553;4218;0,0422;0,9787;;BTAN;0,0375;2007-01-12;BTAN 3,75% 12 janvier 2007;5,139;
adju_LT;2001-12-06;2001-12-11;1300;1700;FR0000187361;OAT 5% 25 octobre 2016;3847;1531;2,51;0;1531;0,0508;0,9915;;OAT;0,05;2016-10-25;OAT 5% 25 octobre 2016;14,886;
adju_MT;2001-12-20;2001-12-27;1500;1900;FR0103536092;BTAN 4% 12 janvier 2004;4520;702;6,44;0;702;0,0354;1,0088;;BTAN;0,04;2004-01-12;BTAN 4% 12 janvier 2004;2,062;
adju_MT;2001-12-20;2001-12-27;1500;1900;FR0103840098;BTAN 3,75% 12 janvier 2007;3360;1049;3,2;0;1049;0,043;0,9756;;BTAN;0,0375;2007-01-12;BTAN 3,75% 12 janvier 2007;5,062;
adju_I;2002-01-10;2002-01-15;700;1200;FR0000186413;OATi 3,4% 25 juillet 2029;617;209;2,95;61;270;0,036;0,9655;1,03543;OATi;0,034;2029-07-25;OATi 3,4% 25 juillet 2029;27,537;inflation_france
adju_LT;2002-01-10;2002-01-15;3800;4300;FR0000187874;OAT 5% 25 octobre 2011;11655;4268;2,73;648;4916;0,0495;1,0038;;OAT;0,05;2011-10-25;OAT 5% 25 octobre 2011;9,788;
adju_I;2002-01-10;2002-01-15;700;1200;FR0000188013;OAT€i 3% 25 juillet 2012;2489;694;3,59;93;787;0,0325;0,9783;1,00246;OAT€i;0,03;2012-07-25;OAT€i 3% 25 juillet 2012;10,538;inflation_zone_euro
adju_I;2002-01-10;2002-01-15;700;1200;FR0000571424;OATi 3% 25 juillet 2009;715;291;2,46;27;318;0,0349;0,968;1,03984;OATi;0,03;2009-07-25;OATi 3% 25 juillet 2009;7,537;inflation_france
adju_MT;2002-01-24;2002-01-29;4800;5300;FR0103536092;BTAN 4% 12 janvier 2004;7680;2120;3,62;0;2120;0,038;1,0036;;BTAN;0,04;2004-01-12;BTAN 4% 12 janvier 2004;1,966;
adju_MT;2002-01-24;2002-01-29;4800;5300;FR0103840098;BTAN 3,75% 12 janvier 2007;8660;3150;2,75;0;3150;0,0444;0,9698;;BTAN;0,0375;2007-01-12;BTAN 3,75% 12 janvier 2007;4,966;
adju_LT;2002-02-07;2002-02-12;3300;3900;FR0000187635;OAT 5,75% 25 octobre 2032;11072;3807;2,91;0;3807;0,0526;1,0731;;OAT;0,0575;2032-10-25;OAT 5,75% 25 octobre 2032;30,713;
adju_I;2002-02-21;2002-02-26;700;1200;FR0000188013;OAT€i 3% 25 juillet 2012;1868;680;2,75;55;735;0,0319;0,983;1,00277;OAT€i;0,03;2012-07-25;OAT€i 3% 25 juillet 2012;10,423;inflation_zone_euro
adju_I;2002-02-21;2002-02-26;700;1200;FR0000571424;OATi 3% 25 juillet 2009;1706;507;3,36;87;594;0,0342;0,973;1,03908;OATi;0,03;2009-07-25;OATi 3% 25 juillet 2009;7,422;inflation_france
adju_MT;2002-02-21;2002-02-26;3500;4000;FR0103536092;BTAN 4% 12 janvier 2004;8240;2084;3,95;20;2104;0,039;1,0017;;BTAN;0,04;2004-01-12;BTAN 4% 12 janvier 2004;1,889;
adju_MT;2002-02-21;2002-02-26;3500;4000;FR0103840098;BTAN 3,75% 12 janvier 2007;5665;1910;2,97;582;2492;0,0458;0,9644;;BTAN;0,0375;2007-01-12;BTAN 3,75% 12 janvier 2007;4,89;
adju_LT;2002-03-07;2002-03-12;6000;7000;FR0000188328;OAT 5% 25 avril 2012;15750;6965;2,26;702;7667;0,0524;0,9814;;OAT;0,05;2012-04-25;OAT 5% 25 avril 2012;10,136;
adju_I;2002-03-21;2002-03-26;700;1200;FR0000188013;OAT€i 3% 25 juillet 2012;1674;662;2,53;0;662;0,0328;0,9754;1,00583;OAT€i;0,03;2012-07-25;OAT€i 3% 25 juillet 2012;10,346;inflation_zone_euro
adju_I;2002-03-21;2002-03-26;700;1200;FR0000571424;OATi 3% 25 juillet 2009;1800;529;3,4;60;589;0,035;0,9681;1,04161;OATi;0,03;2009-07-25;OATi 3% 25 juillet 2009;7,346;inflation_france
adju_MT;2002-03-21;2002-03-26;4500;5000;FR0103536092;BTAN 4% 12 janvier 2004;9085;1995;4,55;0;1995;0,0422;0,9962;;BTAN;0,04;2004-01-12;BTAN 4% 12 janvier 2004;1,812;
adju_MT;2002-03-21;2002-03-26;4500;5000;FR0103840098;BTAN 3,75% 12 janvier 2007;7875;3005;2,62;0;3005;0,0489;0,9522;;BTAN;0,0375;2007-01-12;BTAN 3,75% 12 janvier 2007;4,813;
adju_I;2002-05-02;2002-05-07;700;1200;FR0000188013;OAT€i 3% 25 juillet 2012;1210;570;2,12;12;582;0,0312;0,9899;1,00944;OAT€i;0,03;2012-07-25;OAT€i 3% 25 juillet 2012;10,231;inflation_zone_euro
adju_LT;2002-05-02;2002-05-07;3300;3800;FR0000188328;OAT 5% 25 avril 2012;12193;3692;3,3;543;4235;0,052;0,9848;;OAT;0,05;2012-04-25;OAT 5% 25 avril 2012;9,982;
adju_I;2002-05-02;2002-05-07;700;1200;FR0000571424;OATi 3% 25 juillet 2009;1245;615;2,02;0;615;0,0331;0,98;1,04496;OATi;0,03;2009-07-25;OATi 3% 25 juillet 2009;7,231;inflation_france
adju_MT;2002-05-16;2002-05-21;5000;5500;FR0104446556;BTAN 4,75% 12 juillet 2007;16455;5446;3,02;0;5446;0,0494;0,9916;;BTAN;0,0475;2007-07-12;BTAN 4,75% 12 juillet 2007;5,155;
adju_LT;2002-06-06;2002-06-11;4000;4500;FR0000187361;OAT 5% 25 octobre 2016;5285;2224;2,38;85;2309;0,054;0,9602;;OAT;0,05;2016-10-25;OAT 5% 25 octobre 2016;14,387;
adju_LT;2002-06-06;2002-06-11;4000;4500;FR0000188328;OAT 5% 25 avril 2012;7145;2125;3,36;575;2700;0,0522;0,9831;;OAT;0,05;2012-04-25;OAT 5% 25 avril 2012;9,886;
adju_I;2002-06-20;2002-06-25;700;1200;FR0000186413;OATi 3,4% 25 juillet 2029;1007;377;2,67;56;433;0,0337;1,0059;1,04692;OATi;0,034;2029-07-25;OATi 3,4% 25 juillet 2029;27,097;inflation_france
adju_I;2002-06-20;2002-06-25;700;1200;FR0000188013;OAT€i 3% 25 juillet 2012;1782;629;2,83;0;629;0,0306;0,9951;1,01755;OAT€i;0,03;2012-07-25;OAT€i 3% 25 juillet 2012;10,097;inflation_zone_euro
adju_I;2002-06-20;2002-06-25;700;1200;FR0000571424;OATi 3% 25 juillet 2009;886;181;4,9;0;181;0,0323;0,9853;1,05137;OATi;0,03;2009-07-25;OATi 3% 25 juillet 2009;7,097;inflation_france
adju_MT;2002-06-20;2002-06-25;4000;4500;FR0100802273;BTAN 3,5% 12 juillet 2004;7795;1988;3,92;0;1988;0,0402;0,9899;;BTAN;0,035;2004-07-12;BTAN 3,5% 12 juillet 2004;2,062;
adju_MT;2002-06-20;2002-06-25;4000;4500;FR0104446556;BTAN 4,75% 12 juillet 2007;7994;2394;3,34;0;2394;0,0458;1,0074;;BTAN;0,0475;2007-07-12;BTAN 4,75% 12 juillet 2007;5,06;
adju_LT;2002-07-04;2002-07-09;3800;4300;FR0000187635;OAT 5,75% 25 octobre 2032;4330;2145;2,02;0;2145;0,0534;1,06;;OAT;0,0575;2032-10-25;OAT 5,75% 25 octobre 2032;30,311;
adju_LT;2002-07-04;2002-07-09;3800;4300;FR0000188328;OAT 5% 25 avril 2012;7915;1890;4,19;0;1890;0,0506;0,9956;;OAT;0,05;2012-04-25;OAT 5% 25 avril 2012;9,81;
adju_MT;2002-07-18;2002-07-23;3500;4000;FR0100802273;BTAN 3,5% 12 juillet 2004;7070;1250;5,66;0;1250;0,0387;0,9931;;BTAN;0,035;2004-07-12;BTAN 3,5% 12 juillet 2004;1,985;
adju_MT;2002-07-18;2002-07-23;3500;4000;FR0104446556;BTAN 4,75% 12 juillet 2007;7275;2585;2,81;589;3174;0,045;1,0109;;BTAN;0,0475;2007-07-12;BTAN 4,75% 12 juillet 2007;4,983;
adju_LT;2002-09-05;2002-09-10;5750;6750;FR0000188690;OAT 4,75% 25 octobre 2012;12865;6456;1,99;0;6456;0,0451;1,0191;;OAT;0,0475;2012-10-25;OAT 4,75% 25 octobre 2012;10,138;
adju_MT;2002-09-19;2002-09-24;4700;5200;FR0104756962;BTAN 3,5% 12 janvier 2005;12726;5062;2,51;625;5687;0,0328;1,0047;;BTAN;0,035;2005-01-12;BTAN 3,5% 12 janvier 2005;2,316;
adju_LT;2002-10-03;2002-10-08;3000;3500;FR0000187361;OAT 5% 25 octobre 2016;3071;1186;2,59;135;1321;0,0474;1,0262;;OAT;0,05;2016-10-25;OAT 5% 25 octobre 2016;14,062;
adju_LT;2002-10-03;2002-10-08;3000;3500;FR0000188690;OAT 4,75% 25 octobre 2012;5786;1968;2,94;280;2248;0,0446;1,0231;;OAT;0,0475;2012-10-25;OAT 4,75% 25 octobre 2012;10,062;
adju_MT;2002-10-17;2002-10-22;3500;4000;FR0104446556;BTAN 4,75% 12 juillet 2007;6175;2120;2,91;550;2670;0,041;1,0274;;BTAN;0,0475;2007-07-12;BTAN 4,75% 12 juillet 2007;4,734;
adju_MT;2002-10-17;2002-10-22;3500;4000;FR0104756962;BTAN 3,5% 12 janvier 2005;6515;1630;4;0;1630;0,0349;1,0002;;BTAN;0,035;2005-01-12;BTAN 3,5% 12 janvier 2005;2,24;
adju_LT;2002-11-07;2002-11-12;2300;2800;FR0000188690;OAT 4,75% 25 octobre 2012;6070;2770;2,19;429;3199;0,0466;1,0069;;OAT;0,0475;2012-10-25;OAT 4,75% 25 octobre 2012;9,966;
adju_MT;2002-11-21;2002-11-26;3500;4000;FR0104446556;BTAN 4,75% 12 juillet 2007;6205;2392;2,59;0;2392;0,0374;1,0418;;BTAN;0,0475;2007-07-12;BTAN 4,75% 12 juillet 2007;4,638;
adju_MT;2002-11-21;2002-11-26;3500;4000;FR0104756962;BTAN 3,5% 12 janvier 2005;6925;1520;4,56;0;1520;0,031;1,0081;;BTAN;0,035;2005-01-12;BTAN 3,5% 12 janvier 2005;2,144;
adju_LT;2003-01-09;2003-01-14;4500;5000;FR0000187635;OAT 5,75% 25 octobre 2032;3912;1492;2,62;0;1492;0,0487;1,1358;;OAT;0,0575;2032-10-25;OAT 5,75% 25 octobre 2032;29,793;
adju_I;2003-01-09;2003-01-14;1500;2000;FR0000188013;OAT€i 3% 25 juillet 2012;1736;318;5,46;6;324;0,0241;1,0499;1,02359;OAT€i;0,03;2012-07-25;OAT€i 3% 25 juillet 2012;9,541;inflation_zone_euro
adju_LT;2003-01-09;2003-01-14;4500;5000;FR0000188690;OAT 4,75% 25 octobre 2012;7485;3495;2,14;0;3495;0,0426;1,0383;;OAT;0,0475;2012-10-25;OAT 4,75% 25 octobre 2012;9,793;
adju_I;2003-01-09;2003-01-14;1500;2000;FR0000188799;OAT€i 3,15% 25 juillet 2032;1119;549;2,04;38;587;0,027;1,09;1,00363;OAT€i;0,0315;2032-07-25;OAT€i 3,15% 25 juillet 2032;29,541;inflation_zone_euro
adju_I;2003-01-09;2003-01-14;1500;2000;FR0000571424;OATi 3% 25 juillet 2009;4204;1133;3,71;177;1310;0,0243;1,0342;1,06015;OATi;0,03;2009-07-25;OATi 3% 25 juillet 2009;6,541;inflation_france
adju_MT;2003-01-23;2003-01-28;5000;5500;FR0105427795;BTAN 3,5% 12 janvier 2008;10790;5315;2,03;745;6060;0,0338;1,0055;;BTAN;0,035;2008-01-12;BTAN 3,5% 12 janvier 2008;4,969;
adju_LT;2003-02-06;2003-02-11;3000;3500;FR0000188690;OAT 4,75% 25 octobre 2012;6320;3355;1,88;503;3858;0,041;1,0508;;OAT;0,0475;2012-10-25;OAT 4,75% 25 octobre 2012;9,717;
adju_I;2003-02-06;2003-02-11;2500;3000;FR0000188955;OATi 2,5% 25 juillet 2013;4299;2794;1,54;0;2794;0,0218;1,0298;1,00645;OATi;0,025;2013-07-25;OATi 2,5% 25 juillet 2013;10,464;inflation_france
adju_MT;2003-02-20;2003-02-25;5300;5800;FR0104756962;BTAN 3,5% 12 janvier 2005;5315;2575;2,06;0;2575;0,0237;1,0204;;BTAN;0,035;2005-01-12;BTAN 3,5% 12 janvier 2005;1,895;
adju_MT;2003-02-20;2003-02-25;5300;5800;FR0105427795;BTAN 3,5% 12 janvier 2008;5615;3054;1,84;845;3899;0,031;1,0179;;BTAN;0,035;2008-01-12;BTAN 3,5% 12 janvier 2008;4,893;
adju_LT;2003-03-06;2003-03-11;5300;5800;FR0000188989;OAT 4% 25 avril 2013;8000;5300;1,51;804;6104;0,0395;1,0042;;OAT;0,04;2013-04-25;OAT 4% 25 avril 2013;10,138;
adju_MT;2003-03-20;2003-03-25;4800;5300;FR0104756962;BTAN 3,5% 12 janvier 2005;7745;2970;2,61;87;3057;0,0262;1,0152;;BTAN;0,035;2005-01-12;BTAN 3,5% 12 janvier 2005;1,818;
adju_MT;2003-03-20;2003-03-25;4800;5300;FR0105427795;BTAN 3,5% 12 janvier 2008;7360;2145;3,43;613;2758;0,035;1;;BTAN;0,035;2008-01-12;BTAN 3,5% 12 janvier 2008;4,816;
adju_LT;2003-04-03;2003-04-08;4300;4800;FR0000187361;OAT 5% 25 octobre 2016;2575;1280;2,01;0;1280;0,0454;1,0453;;OAT;0,05;2016-10-25;OAT 5% 25 octobre 2016;13,563;
adju_I;2003-04-03;2003-04-08;500;1000;FR0000188955;OATi 2,5% 25 juillet 2013;2632;887;2,97;0;887;0,0234;1,0148;1,00883;OATi;0,025;2013-07-25;OATi 2,5% 25 juillet 2013;10,311;inflation_france
adju_LT;2003-04-03;2003-04-08;4300;4800;FR0000188989;OAT 4% 25 avril 2013;5670;3395;1,67;0;3395;0,0424;0,9803;;OAT;0,04;2013-04-25;OAT 4% 25 avril 2013;10,062;
adju_MT;2003-04-17;2003-04-23;4000;4500;FR0104756962;BTAN 3,5% 12 janvier 2005;7254;2114;3,43;415;2529;0,0256;1,0156;;BTAN;0,035;2005-01-12;BTAN 3,5% 12 janvier 2005;1,741;
adju_MT;2003-04-17;2003-04-23;4000;4500;FR0105427795;BTAN 3,5% 12 janvier 2008;6635;2338;2,84;107;2445;0,0337;1,0055;;BTAN;0,035;2008-01-12;BTAN 3,5% 12 janvier 2008;4,739;
adju_LT;2003-04-30;2003-05-06;4200;4700;FR0000187635;OAT 5,75% 25 octobre 2032;2720;1625;1,67;88;1713;0,0492;1,127;;OAT;0,0575;2032-10-25;OAT 5,75% 25 octobre 2032;29,489;
adju_LT;2003-04-30;2003-05-06;4200;4700;FR0000188989;OAT 4% 25 avril 2013;6430;3003;2,14;615;3618;0,042;0,9839;;OAT;0,04;2013-04-25;OAT 4% 25 avril 2013;9,988;
adju_I;2003-05-15;2003-05-20;800;1300;FR0000186413;OATi 3,4% 25 juillet 2029;826;463;1,78;136;599;0,0278;1,1135;1,06705;OATi;0,034;2029-07-25;OATi 3,4% 25 juillet 2029;26,196;inflation_france
adju_I;2003-05-15;2003-05-20;800;1300;FR0000188013;OAT€i 3% 25 juillet 2012;637;158;4,03;26;184;0,0212;1,0729;1,03046;OAT€i;0,03;2012-07-25;OAT€i 3% 25 juillet 2012;9,196;inflation_zone_euro
adju_I;2003-05-15;2003-05-20;800;1300;FR0000188955;OATi 2,5% 25 juillet 2013;1288;641;2,01;30;671;0,0229;1,0185;1,01696;OATi;0,025;2013-07-25;OATi 2,5% 25 juillet 2013;10,196;inflation_france
adju_MT;2003-05-15;2003-05-20;4300;4800;FR0104756962;BTAN 3,5% 12 janvier 2005;6345;1345;4,72;0;1345;0,0222;1,0204;;BTAN;0,035;2005-01-12;BTAN 3,5% 12 janvier 2005;1,665;
adju_MT;2003-05-15;2003-05-20;4300;4800;FR0105427795;BTAN 3,5% 12 janvier 2008;6550;3447;1,9;726;4173;0,03;1,0212;;BTAN;0,035;2008-01-12;BTAN 3,5% 12 janvier 2008;4,663;
adju_LT;2003-06-05;2003-06-10;5000;5500;FR0000188989;OAT 4% 25 avril 2013;3710;1485;2,5;58;1543;0,0373;1,0221;;OAT;0,04;2013-04-25;OAT 4% 25 avril 2013;9,889;
adju_LT;2003-06-05;2003-06-10;5000;5500;FR0000189151;OAT 4,25% 25 avril 2019;5675;3540;1,6;121;3661;0,0426;0,9985;;OAT;0,0425;2019-04-25;OAT 4,25% 25 avril 2019;15,888;
adju_I;2003-06-19;2003-06-24;1200;1700;FR0000188955;OATi 2,5% 25 juillet 2013;3177;1207;2,63;232;1439;0,0212;1,0343;1,0177;OATi;0,025;2013-07-25;OATi 2,5% 25 juillet 2013;10,1;inflation_france
adju_I;2003-06-19;2003-06-24;1200;1700;FR0000571424;OATi 3% 25 juillet 2009;1345;375;3,59;0;375;0,0169;1,0749;1,07237;OATi;0,03;2009-07-25;OATi 3% 25 juillet 2009;6,1;inflation_france
adju_MT;2003-06-19;2003-06-24;5000;5500;FR0105760112;BTAN 3% 12 juillet 2008;6900;5175;1,33;785;5960;0,0293;1,0032;;BTAN;0,03;2008-07-12;BTAN 3% 12 juillet 2008;5,065;
adju_I;2003-07-03;2003-07-08;1000;1500;FR0000188013;OAT€i 3% 25 juillet 2012;1907;612;3,12;0;612;0,0204;1,0782;1,03386;OAT€i;0,03;2012-07-25;OAT€i 3% 25 juillet 2012;9,062;inflation_zone_euro
adju_I;2003-07-03;2003-07-08;1000;1500;FR0000188955;OATi 2,5% 25 juillet 2013;2998;687;4,36;0;687;0,0214;1,032;1,01705;OATi;0,025;2013-07-25;OATi 2,5% 25 juillet 2013;10,062;inflation_france
adju_LT;2003-07-03;2003-07-08;5000;5500;FR0000188989;OAT 4% 25 avril 2013;6345;3745;1,69;473;4218;0,0398;1,0011;;OAT;0,04;2013-04-25;OAT 4% 25 avril 2013;9,812;
adju_LT;2003-07-03;2003-07-08;5000;5500;FR0000189151;OAT 4,25% 25 avril 2019;3860;1620;2,38;289;1909;0,0452;0,9698;;OAT;0,0425;2019-04-25;OAT 4,25% 25 avril 2019;15,811;
adju_I;2003-07-03;2003-07-08;1000;1500;FR0000571424;OATi 3% 25 juillet 2009;850;195;4,36;0;195;0,0174;1,072;1,07168;OATi;0,03;2009-07-25;OATi 3% 25 juillet 2009;6,062;inflation_france
adju_MT;2003-07-17;2003-07-22;4500;5000;FR0101659813;BTAN 5% 12 juillet 2005;8900;1750;5,09;0;1750;0,0228;1,0518;;BTAN;0,05;2005-07-12;BTAN 5% 12 juillet 2005;1,988;
adju_MT;2003-07-17;2003-07-22;4500;5000;FR0105760112;BTAN 3% 12 juillet 2008;7970;3245;2,46;0;3245;0,0322;0,9899;;BTAN;0,03;2008-07-12;BTAN 3% 12 juillet 2008;4,988;
adju_I;2003-09-04;2003-09-09;1200;1700;FR0000188799;OAT€i 3,15% 25 juillet 2032;1110;452;2,46;97;549;0,0279;1,0711;1,01342;OAT€i;0,0315;2032-07-25;OAT€i 3,15% 25 juillet 2032;28,89;inflation_zone_euro
adju_I;2003-09-04;2003-09-09;1200;1700;FR0000188955;OATi 2,5% 25 juillet 2013;4566;1246;3,66;155;1401;0,0243;1,0063;1,01723;OATi;0,025;2013-07-25;OATi 2,5% 25 juillet 2013;9,889;inflation_france
adju_LT;2003-09-04;2003-09-09;5500;6000;FR0010011130;OAT 4% 25 octobre 2013;12238;5977;2,05;903;6880;0,0442;0,9663;;OAT;0,04;2013-10-25;OAT 4% 25 octobre 2013;10,141;
adju_I;2003-09-18;2003-09-23;1000;1500;FR0000188955;OATi 2,5% 25 juillet 2013;3685;1490;2,47;198;1688;0,0219;1,0271;1,01679;OATi;0,025;2013-07-25;OATi 2,5% 25 juillet 2013;9,851;inflation_france
adju_MT;2003-09-18;2003-09-23;5000;5500;FR0101659813;BTAN 5% 12 juillet 2005;6430;1991;3,23;0;1991;0,0244;1,0444;;BTAN;0,05;2005-07-12;BTAN 5% 12 juillet 2005;1,815;
adju_MT;2003-09-18;2003-09-23;5000;5500;FR0105760112;BTAN 3% 12 juillet 2008;10190;3240;3,15;768;4008;0,034;0,9825;;BTAN;0,03;2008-07-12;BTAN 3% 12 juillet 2008;4,816;
adju_LT;2003-10-02;2003-10-07;3500;4000;FR0000189151;OAT 4,25% 25 avril 2019;3915;2325;1,68;0;2325;0,0454;0,9675;;OAT;0,0425;2019-04-25;OAT 4,25% 25 avril 2019;15,562;
adju_LT;2003-10-02;2003-10-07;3500;4000;FR0010011130;OAT 4% 25 octobre 2013;6831;1645;4,15;0;1645;0,0408;0,9934;;OAT;0,04;2013-10-25;OAT 4% 25 octobre 2013;10,064;
adju_MT;2003-10-16;2003-10-21;3500;4000;FR0102626779;BTAN 5% 12 janvier 2006;7860;1530;5,14;0;1530;0,0278;1,0472;;BTAN;0,05;2006-01-12;BTAN 5% 12 janvier 2006;2,242;
adju_MT;2003-10-16;2003-10-21;3500;4000;FR0105760112;BTAN 3% 12 juillet 2008;7330;2248;3,26;0;2248;0,0359;0,9745;;BTAN;0,03;2008-07-12;BTAN 3% 12 juillet 2008;4,739;
adju_I;2003-11-06;2003-11-10;1300;1800;FR0000188955;OATi 2,5% 25 juillet 2013;1885;645;2,92;0;645;0,0221;1,0249;1,02051;OATi;0,025;2013-07-25;OATi 2,5% 25 juillet 2013;9,717;inflation_france
adju_I;2003-11-06;2003-11-10;1300;1800;FR0000571424;OATi 3% 25 juillet 2009;2090;1070;1,95;0;1070;0,018;1,0643;1,07533;OATi;0,03;2009-07-25;OATi 3% 25 juillet 2009;5,717;inflation_france
adju_LT;2003-11-06;2003-11-10;2500;3000;FR0010011130;OAT 4% 25 octobre 2013;6685;2608;2,56;0;2608;0,0443;0,9663;;OAT;0,04;2013-10-25;OAT 4% 25 octobre 2013;9,969;
adju_MT;2003-11-20;2003-11-25;2700;3200;FR0102626779;BTAN 5% 12 janvier 2006;4710;1133;4,16;0;1133;0,0268;1,0473;;BTAN;0,05;2006-01-12;BTAN 5% 12 janvier 2006;2,146;
adju_MT;2003-11-20;2003-11-25;2700;3200;FR0105760112;BTAN 3% 12 juillet 2008;4870;1875;2,6;0;1875;0,0352;0,9781;;BTAN;0,03;2008-07-12;BTAN 3% 12 juillet 2008;4,643;
adju_LT;2004-01-08;2004-01-13;5300;5800;FR0000187635;OAT 5,75% 25 octobre 2032;3940;2350;1,68;713;3063;0,0496;1,1194;;OAT;0,0575;2032-10-25;OAT 5,75% 25 octobre 2032;28,797;
adju_LT;2004-01-08;2004-01-13;5300;5800;FR0010011130;OAT 4% 25 octobre 2013;8156;3331;2,45;149;3480;0,0427;0,9783;;OAT;0,04;2013-10-25;OAT 4% 25 octobre 2013;9,796;
adju_MT;2004-01-22;2004-01-27;5200;5700;FR0106589437;BTAN 3,5% 12 janvier 2009;12756;5686;2,24;835;6521;0,0337;1,0056;;BTAN;0,035;2009-01-12;BTAN 3,5% 12 janvier 2009;4,975;
adju_LT;2004-02-05;2004-02-10;5300;5800;FR0000189151;OAT 4,25% 25 avril 2019;6900;3066;2,25;872;3938;0,0462;0,9598;;OAT;0,0425;2019-04-25;OAT 4,25% 25 avril 2019;15,217;
adju_LT;2004-02-05;2004-02-10;5300;5800;FR0010011130;OAT 4% 25 octobre 2013;9825;2686;3,66;0;2686;0,0421;0,9833;;OAT;0,04;2013-10-25;OAT 4% 25 octobre 2013;9,719;
adju_I;2004-02-19;2004-02-24;1300;1800;FR0000188013;OAT€i 3% 25 juillet 2012;1886;605;3,12;2;607;0,0187;1,0868;1,04157;OAT€i;0,03;2012-07-25;OAT€i 3% 25 juillet 2012;8,43;inflation_zone_euro
adju_I;2004-02-19;2004-02-24;1300;1800;FR0000188799;OAT€i 3,15% 25 juillet 2032;1147;892;1,29;116;1008;0,0245;1,1431;1,02125;OAT€i;0,0315;2032-07-25;OAT€i 3,15% 25 juillet 2032;28,43;inflation_zone_euro
adju_I;2004-02-19;2004-02-24;1300;1800;FR0010050559;OAT€i 2,25% 25 juillet 2020;685;275;2,49;23;298;0,0231;0,9923;1,00794;OAT€i;0,0225;2020-07-25;OAT€i 2,25% 25 juillet 2020;16,43;inflation_zone_euro
adju_MT;2004-02-19;2004-02-24;5000;5500;FR0102626779;BTAN 5% 12 janvier 2006;5105;1145;4,46;0;1145;0,0233;1,0486;;BTAN;0,05;2006-01-12;BTAN 5% 12 janvier 2006;1,897;
adju_MT;2004-02-19;2004-02-24;5000;5500;FR0106589437;BTAN 3,5% 12 janvier 2009;7140;4228;1,69;0;4228;0,033;1,009;;BTAN;0,035;2009-01-12;BTAN 3,5% 12 janvier 2009;4,898;
adju_LT;2004-03-04;2004-03-09;5300;5800;FR0010061242;OAT 4% 25 avril 2014;10753;5746;1,87;874;6620;0,0416;0,9868;;OAT;0,04;2014-04-25;OAT 4% 25 avril 2014;10,141;
adju_I;2004-03-18;2004-03-23;1200;1700;FR0000186413;OATi 3,4% 25 juillet 2029;697;180;3,87;45;225;0,0221;1,2288;1,07215;OATi;0,034;2029-07-25;OATi 3,4% 25 juillet 2029;25,352;inflation_france
adju_I;2004-03-18;2004-03-23;1200;1700;FR0000188955;OATi 2,5% 25 juillet 2013;2533;1323;1,91;151;1474;0,0173;1,0661;1,02182;OATi;0,025;2013-07-25;OATi 2,5% 25 juillet 2013;9,352;inflation_france
adju_I;2004-03-18;2004-03-23;1200;1700;FR0010050559;OAT€i 2,25% 25 juillet 2020;697;177;3,94;42;219;0,0207;1,024;1,00616;OAT€i;0,0225;2020-07-25;OAT€i 2,25% 25 juillet 2020;16,353;inflation_zone_euro
adju_MT;2004-03-18;2004-03-23;5300;5800;FR0106589445;BTAN 2,25% 12 mars 2006;15051;5729;2,63;329;6058;0,0217;1,0016;;BTAN;0,0225;2006-03-12;BTAN 2,25% 12 mars 2006;1,982;
adju_LT;2004-04-01;2004-04-06;3200;3700;FR0010070060;OAT 4,75% 25 avril 2035;9731;3699;2,63;0;3699;0,0478;0,9954;;OAT;0,0475;2035-04-25;OAT 4,75% 25 avril 2035;31,064;
adju_I;2004-04-15;2004-04-20;1300;1800;FR0000188013;OAT€i 3% 25 juillet 2012;3327;1081;3,08;253;1334;0,0182;1,0901;1,0404;OAT€i;0,03;2012-07-25;OAT€i 3% 25 juillet 2012;8,277;inflation_zone_euro
adju_I;2004-04-15;2004-04-20;1300;1800;FR0000188955;OATi 2,5% 25 juillet 2013;3072;717;4,28;6;723;0,0193;1,0482;1,02427;OATi;0,025;2013-07-25;OATi 2,5% 25 juillet 2013;9,276;inflation_france
adju_MT;2004-04-15;2004-04-20;5200;5700;FR0106589437;BTAN 3,5% 12 janvier 2009;6170;2795;2,21;835;3630;0,0332;1,0076;;BTAN;0,035;2009-01-12;BTAN 3,5% 12 janvier 2009;4,745;
adju_MT;2004-04-15;2004-04-20;5200;5700;FR0106589445;BTAN 2,25% 12 mars 2006;6925;2710;2,56;0;2710;0,0239;0,9974;;BTAN;0,0225;2006-03-12;BTAN 2,25% 12 mars 2006;1,906;
adju_LT;2004-05-06;2004-05-11;5200;5700;FR0000189151;OAT 4,25% 25 avril 2019;5290;2170;2,44;0;2170;0,0461;0,9619;;OAT;0,0425;2019-04-25;OAT 4,25% 25 avril 2019;14,968;
adju_LT;2004-05-06;2004-05-11;5200;5700;FR0010061242;OAT 4% 25 avril 2014;8305;3522;2,36;0;3522;0,0424;0,9809;;OAT;0,04;2014-04-25;OAT 4% 25 avril 2014;9,969;
adju_I;2004-05-19;2004-05-25;1300;1800;FR0000188013;OAT€i 3% 25 juillet 2012;3125;740;4,22;106;846;0,0192;1,0808;1,04567;OAT€i;0,03;2012-07-25;OAT€i 3% 25 juillet 2012;8,183;inflation_zone_euro
adju_I;2004-05-19;2004-05-25;1300;1800;FR0000188799;OAT€i 3,15% 25 juillet 2032;995;515;1,93;135;650;0,0249;1,1331;1,02528;OAT€i;0,0315;2032-07-25;OAT€i 3,15% 25 juillet 2032;28,183;inflation_zone_euro
adju_I;2004-05-19;2004-05-25;1300;1800;FR0010050559;OAT€i 2,25% 25 juillet 2020;1258;531;2,37;35;566;0,0236;0,9853;1,01192;OAT€i;0,0225;2020-07-25;OAT€i 2,25% 25 juillet 2020;16,183;inflation_zone_euro
adju_MT;2004-05-19;2004-05-25;4800;5300;FR0106589437;BTAN 3,5% 12 janvier 2009;7580;2291;3,31;44;2335;0,0353;0,9987;;BTAN;0,035;2009-01-12;BTAN 3,5% 12 janvier 2009;4,652;
adju_MT;2004-05-19;2004-05-25;4800;5300;FR0106589445;BTAN 2,25% 12 mars 2006;8220;2929;2,81;6;2935;0,0259;0,9941;;BTAN;0,0225;2006-03-12;BTAN 2,25% 12 mars 2006;1,812;
adju_LT;2004-06-03;2004-06-08;5300;5800;FR0010061242;OAT 4% 25 avril 2014;8855;3370;2,63;0;3370;0,0441;0,9676;;OAT;0,04;2014-04-25;OAT 4% 25 avril 2014;9,892;
adju_LT;2004-06-03;2004-06-08;5300;5800;FR0010070060;OAT 4,75% 25 avril 2035;5918;2276;2,6;613;2889;0,0505;0,9535;;OAT;0,0475;2035-04-25;OAT 4,75% 25 avril 2035;30,891;
adju_I;2004-06-17;2004-06-22;2500;3000;FR0010094375;OATi 1,6% 25 juillet 2011;6310;2988;2,11;416;3404;0,0181;0,9859;1,01552;OATi;0,016;2011-07-25;OATi 1,6% 25 juillet 2011;7,102;inflation_france
adju_MT;2004-06-17;2004-06-22;4700;5200;FR0106841887;BTAN 3,5% 12 juillet 2009;10486;5138;2,04;780;5918;0,0374;0,989;;BTAN;0,035;2009-07-12;BTAN 3,5% 12 juillet 2009;5,068;
adju_LT;2004-07-01;2004-07-06;3200;3700;FR0010061242;OAT 4% 25 avril 2014;9760;3692;2,64;562;4254;0,0434;0,9729;;OAT;0,04;2014-04-25;OAT 4% 25 avril 2014;9,815;
adju_I;2004-07-15;2004-07-20;800;1300;FR0000186413;OATi 3,4% 25 juillet 2029;1295;505;2,56;134;639;0,0236;1,194;1,08594;OATi;0,034;2029-07-25;OATi 3,4% 25 juillet 2029;25,027;inflation_france
adju_I;2004-07-15;2004-07-20;800;1300;FR0010094375;OATi 1,6% 25 juillet 2011;2715;792;3,43;69;861;0,0171;0,9926;1,01865;OATi;0,016;2011-07-25;OATi 1,6% 25 juillet 2011;7,025;inflation_france
adju_MT;2004-07-15;2004-07-20;4000;4500;FR0106589445;BTAN 2,25% 12 mars 2006;6775;1455;4,66;0;1455;0,0254;0,9954;;BTAN;0,0225;2006-03-12;BTAN 2,25% 12 mars 2006;1,656;
adju_MT;2004-07-15;2004-07-20;4000;4500;FR0106841887;BTAN 3,5% 12 juillet 2009;9265;3026;3,06;680;3706;0,0356;0,9972;;BTAN;0,035;2009-07-12;BTAN 3,5% 12 juillet 2009;4,991;
adju_LT;2004-09-02;2004-09-07;5000;5500;FR0010112052;OAT 4% 25 octobre 2014;11570;5220;2,22;0;5220;0,0409;0,9925;;OAT;0,04;2014-10-25;OAT 4% 25 octobre 2014;10,144;
adju_I;2004-09-16;2004-09-21;700;1200;FR0000188013;OAT€i 3% 25 juillet 2012;3871;556;6,96;136;692;0,0164;1,0993;1,05425;OAT€i;0,03;2012-07-25;OAT€i 3% 25 juillet 2012;7,855;inflation_zone_euro
adju_I;2004-09-16;2004-09-21;700;1200;FR0010094375;OATi 1,6% 25 juillet 2011;1975;440;4,49;0;440;0,016;1;1,01978;OATi;0,016;2011-07-25;OATi 1,6% 25 juillet 2011;6,853;inflation_france
adju_MT;2004-09-16;2004-09-21;4000;4500;FR0103230423;BTAN 4,5% 12 juillet 2006;6615;1915;3,45;0;1915;0,0259;1,0332;;BTAN;0,045;2006-07-12;BTAN 4,5% 12 juillet 2006;1,818;
adju_MT;2004-09-16;2004-09-21;4000;4500;FR0106841887;BTAN 3,5% 12 juillet 2009;6360;2195;2,9;609;2804;0,034;1,0044;;BTAN;0,035;2009-07-12;BTAN 3,5% 12 juillet 2009;4,819;
adju_LT;2004-10-07;2004-10-12;3200;3700;FR0000189151;OAT 4,25% 25 avril 2019;4430;1590;2,79;161;1751;0,0433;0,9909;;OAT;0,0425;2019-04-25;OAT 4,25% 25 avril 2019;14,546;
adju_LT;2004-10-07;2004-10-12;3200;3700;FR0010112052;OAT 4% 25 octobre 2014;6385;2005;3,18;353;2358;0,0405;0,9956;;OAT;0,04;2014-10-25;OAT 4% 25 octobre 2014;10,048;
adju_I;2004-10-21;2004-10-26;700;1200;FR0010050559;OAT€i 2,25% 25 juillet 2020;1205;490;2,46;93;583;0,0195;1,0397;1,02148;OAT€i;0,0225;2020-07-25;OAT€i 2,25% 25 juillet 2020;15,759;inflation_zone_euro
adju_I;2004-10-21;2004-10-26;700;1200;FR0010094375;OATi 1,6% 25 juillet 2011;2035;690;2,95;74;764;0,0136;1,0151;1,02066;OATi;0,016;2011-07-25;OATi 1,6% 25 juillet 2011;6,757;inflation_france
adju_MT;2004-10-21;2004-10-26;3700;4200;FR0103840098;BTAN 3,75% 12 janvier 2007;5410;1860;2,91;0;1860;0,0245;1,0276;;BTAN;0,0375;2007-01-12;BTAN 3,75% 12 janvier 2007;2,226;
adju_MT;2004-10-21;2004-10-26;3700;4200;FR0106841887;BTAN 3,5% 12 juillet 2009;7310;2205;3,32;594;2799;0,0309;1,0176;;BTAN;0,035;2009-07-12;BTAN 3,5% 12 juillet 2009;4,723;
adju_LT;2004-11-04;2004-11-09;3500;4000;FR0010070060;OAT 4,75% 25 avril 2035;3265;1575;2,07;0;1575;0,0457;1,0283;;OAT;0,0475;2035-04-25;OAT 4,75% 25 avril 2035;30,47;
adju_LT;2004-11-04;2004-11-09;3500;4000;FR0010112052;OAT 4% 25 octobre 2014;5980;2252;2,66;0;2252;0,0392;1,0061;;OAT;0,04;2014-10-25;OAT 4% 25 octobre 2014;9,971;
adju_I;2004-11-18;2004-11-23;3000;3500;FR0010135525;OAT€i 1,6% 25 juillet 2015;5682;3497;1,62;30;3527;0,0157;1,0032;1,0021;OAT€i;0,016;2015-07-25;OAT€i 1,6% 25 juillet 2015;10,68;inflation_zone_euro
adju_MT;2004-11-18;2004-11-23;4800;5300;FR0107369672;BTAN 3% 12 janvier 2010;8336;5174;1,61;0;5174;0,0311;0,9949;;BTAN;0,03;2010-01-12;BTAN 3% 12 janvier 2010;5,15;
adju_LT;2005-01-06;2005-01-11;5300;5800;FR0010070060;OAT 4,75% 25 avril 2035;5020;2025;2,48;604;2629;0,0427;1,0803;;OAT;0,0475;2035-04-25;OAT 4,75% 25 avril 2035;30,297;
adju_LT;2005-01-06;2005-01-11;5300;5800;FR0010112052;OAT 4% 25 octobre 2014;7065;3765;1,88;272;4037;0,0367;1,027;;OAT;0,04;2014-10-25;OAT 4% 25 octobre 2014;9,799;
adju_I;2005-01-20;2005-01-25;1000;1500;FR0000186413;OATi 3,4% 25 juillet 2029;915;406;2,25;28;434;0,0174;1,3296;1,09321;OATi;0,034;2029-07-25;OATi 3,4% 25 juillet 2029;24,509;inflation_france
adju_I;2005-01-20;2005-01-25;1000;1500;FR0010135525;OAT€i 1,6% 25 juillet 2015;2337;1089;2,15;208;1297;0,014;1,0192;1,00601;OAT€i;0,016;2015-07-25;OAT€i 1,6% 25 juillet 2015;10,508;inflation_zone_euro
adju_MT;2005-01-20;2005-01-25;5000;5500;FR0103840098;BTAN 3,75% 12 janvier 2007;6560;1510;4,34;0;1510;0,0239;1,0258;;BTAN;0,0375;2007-01-12;BTAN 3,75% 12 janvier 2007;1,977;
adju_MT;2005-01-20;2005-01-25;5000;5500;FR0107369672;BTAN 3% 12 janvier 2010;7195;3680;1,96;750;4430;0,0295;1,0022;;BTAN;0,03;2010-01-12;BTAN 3% 12 janvier 2010;4,977;
adju_LT;2005-02-03;2005-02-08;5500;6000;FR0010163543;OAT 3,5% 25 avril 2015;12190;5965;2,04;905;6870;0,036;0,9916;;OAT;0,035;2015-04-25;OAT 3,5% 25 avril 2015;10,22;
adju_I;2005-02-17;2005-02-22;1000;1500;FR0010050559;OAT€i 2,25% 25 juillet 2020;1935;788;2,46;0;788;0,0159;1,0894;1,02843;OAT€i;0,0225;2020-07-25;OAT€i 2,25% 25 juillet 2020;15,433;inflation_zone_euro
adju_I;2005-02-17;2005-02-22;1000;1500;FR0010094375;OATi 1,6% 25 juillet 2011;2520;710;3,55;0;710;0,0114;1,0282;1,02639;OATi;0,016;2011-07-25;OATi 1,6% 25 juillet 2011;6,431;inflation_france
adju_MT;2005-02-17;2005-02-22;5300;5800;FR0107489959;BTAN 2,25% 12 mars 2007;11670;5798;2,01;0;5798;0,0248;0,9954;;BTAN;0,0225;2007-03-12;BTAN 2,25% 12 mars 2007;2,062;
adju_LT;2005-03-03;2005-03-08;3000;3500;FR0010163543;OAT 3,5% 25 avril 2015;8051;3153;2,55;465;3618;0,0379;0,9756;;OAT;0,035;2015-04-25;OAT 3,5% 25 avril 2015;10,144;
adju_I;2005-03-17;2005-03-22;1000;1500;FR0000188955;OATi 2,5% 25 juillet 2013;2989;860;3,48;0;860;0,0141;1,0854;1,03921;OATi;0,025;2013-07-25;OATi 2,5% 25 juillet 2013;8,356;inflation_france
adju_I;2005-03-17;2005-03-22;1000;1500;FR0010135525;OAT€i 1,6% 25 juillet 2015;1685;520;3,24;0;520;0,0155;1,0049;1,0037;OAT€i;0,016;2015-07-25;OAT€i 1,6% 25 juillet 2015;10,355;inflation_zone_euro
adju_MT;2005-03-17;2005-03-22;5000;5500;FR0107369672;BTAN 3% 12 janvier 2010;6630;2355;2,82;0;2355;0,0306;0,9973;;BTAN;0,03;2010-01-12;BTAN 3% 12 janvier 2010;4,824;
adju_MT;2005-03-17;2005-03-22;5000;5500;FR0107489959;BTAN 2,25% 12 mars 2007;6935;2885;2,4;0;2885;0,025;0,9952;;BTAN;0,0225;2007-03-12;BTAN 2,25% 12 mars 2007;1,985;
adju_LT;2005-04-07;2005-04-12;4000;4500;FR0010163543;OAT 3,5% 25 avril 2015;8225;4235;1,94;645;4880;0,0363;0,9891;;OAT;0,035;2015-04-25;OAT 3,5% 25 avril 2015;10,048;
adju_I;2005-04-21;2005-04-26;1000;1500;FR0000186413;OATi 3,4% 25 juillet 2029;1664;502;3,31;115;617;0,0179;1,314;1,09427;OATi;0,034;2029-07-25;OATi 3,4% 25 juillet 2029;24,26;inflation_france
adju_I;2005-04-21;2005-04-26;1000;1500;FR0010135525;OAT€i 1,6% 25 juillet 2015;2260;715;3,16;44;759;0,0138;1,0213;1,00436;OAT€i;0,016;2015-07-25;OAT€i 1,6% 25 juillet 2015;10,259;inflation_zone_euro
adju_MT;2005-04-21;2005-04-26;4000;4500;FR0107369672;BTAN 3% 12 janvier 2010;6910;1990;3,47;474;2464;0,0281;1,0082;;BTAN;0,03;2010-01-12;BTAN 3% 12 janvier 2010;4,728;
adju_MT;2005-04-21;2005-04-26;4000;4500;FR0107489959;BTAN 2,25% 12 mars 2007;6215;2499;2,49;38;2537;0,0228;0,9994;;BTAN;0,0225;2007-03-12;BTAN 2,25% 12 mars 2007;1,889;
adju_LT;2005-05-04;2005-05-10;4000;4500;FR0010192997;OAT 3,75% 25 avril 2021;9970;4343;2,3;0;4343;0,0376;0,9992;;OAT;0,0375;2021-04-25;OAT 3,75% 25 avril 2021;15,975;
adju_I;2005-05-19;2005-05-24;1000;1500;FR0000188955;OATi 2,5% 25 juillet 2013;3209;654;4,91;0;654;0,0113;1,1063;1,04893;OATi;0,025;2013-07-25;OATi 2,5% 25 juillet 2013;8,183;inflation_france
adju_I;2005-05-19;2005-05-24;1000;1500;FR0010135525;OAT€i 1,6% 25 juillet 2015;2383;643;3,71;0;643;0,013;1,028;1,01075;OAT€i;0,016;2015-07-25;OAT€i 1,6% 25 juillet 2015;10,182;inflation_zone_euro
adju_MT;2005-05-19;2005-05-24;4500;5000;FR0107369672;BTAN 3% 12 janvier 2010;6620;2398;2,76;0;2398;0,027;1,013;;BTAN;0,03;2010-01-12;BTAN 3% 12 janvier 2010;4,652;
adju_MT;2005-05-19;2005-05-24;4500;5000;FR0107489959;BTAN 2,25% 12 mars 2007;7580;2331;3,25;0;2331;0,022;1,0008;;BTAN;0,0225;2007-03-12;BTAN 2,25% 12 mars 2007;1,812;
adju_LT;2005-06-02;2005-06-07;4200;4700;FR0010070060;OAT 4,75% 25 avril 2035;3695;1885;1,96;575;2460;0,0381;1,1653;;OAT;0,0475;2035-04-25;OAT 4,75% 25 avril 2035;29,895;
adju_LT;2005-06-02;2005-06-07;4200;4700;FR0010163543;OAT 3,5% 25 avril 2015;6290;2409;2,61;77;2486;0,0325;1,0207;;OAT;0,035;2015-04-25;OAT 3,5% 25 avril 2015;9,895;
adju_I;2005-06-16;2005-06-21;1000;1500;FR0010094375;OATi 1,6% 25 juillet 2011;2280;645;3,53;0;645;0,0097;1,0368;1,03532;OATi;0,016;2011-07-25;OATi 1,6% 25 juillet 2011;6,105;inflation_france
adju_I;2005-06-16;2005-06-21;1000;1500;FR0010135525;OAT€i 1,6% 25 juillet 2015;2265;707;3,2;182;889;0,0134;1,0241;1,01567;OAT€i;0,016;2015-07-25;OAT€i 1,6% 25 juillet 2015;10,105;inflation_zone_euro
adju_MT;2005-06-16;2005-06-21;5300;5800;FR0107674006;BTAN 2,5% 12 juillet 2010;8300;5445;1,52;829;6274;0,0277;0,9875;;BTAN;0,025;2010-07-12;BTAN 2,5% 12 juillet 2010;5,07;
adju_LT;2005-07-07;2005-07-12;7000;7500;FR0010171975;OAT 4% 25 avril 2055;3000;2135;1,41;645;2780;0,0377;1,0502;;OAT;0,04;2055-04-25;OAT 4% 25 avril 2055;49,799;
adju_LT;2005-07-07;2005-07-12;7000;7500;FR0010216481;OAT 3% 25 octobre 2015;7965;5115;1,56;452;5567;0,0326;0,9778;;OAT;0,03;2015-10-25;OAT 3% 25 octobre 2015;10,3;
adju_I;2005-07-21;2005-07-26;1000;1500;FR0010050559;OAT€i 2,25% 25 juillet 2020;1812;622;2,91;163;785;0,0147;1,1044;1,04013;OAT€i;0,0225;2020-07-25;OAT€i 2,25% 25 juillet 2020;15,012;inflation_zone_euro
adju_I;2005-07-21;2005-07-26;1000;1500;FR0010094375;OATi 1,6% 25 juillet 2011;2797;817;3,42;42;859;0,0088;1,0419;1,0367;OATi;0,016;2011-07-25;OATi 1,6% 25 juillet 2011;6,01;inflation_france
adju_MT;2005-07-21;2005-07-26;4000;4500;FR0107489959;BTAN 2,25% 12 mars 2007;6005;1925;3,12;0;1925;0,0215;1,0015;;BTAN;0,0225;2007-03-12;BTAN 2,25% 12 mars 2007;1,64;
adju_MT;2005-07-21;2005-07-26;4000;4500;FR0107674006;BTAN 2,5% 12 juillet 2010;6770;2130;3,18;595;2725;0,0268;0,9917;;BTAN;0,025;2010-07-12;BTAN 2,5% 12 juillet 2010;4,975;
adju_LT;2005-09-01;2005-09-06;3500;4000;FR0010192997;OAT 3,75% 25 avril 2021;4490;1680;2,67;502;2182;0,0343;1,0384;;OAT;0,0375;2021-04-25;OAT 3,75% 25 avril 2021;15,647;
adju_LT;2005-09-01;2005-09-06;3500;4000;FR0010216481;OAT 3% 25 octobre 2015;6246;2147;2,91;85;2232;0,0315;0,9874;;OAT;0,03;2015-10-25;OAT 3% 25 octobre 2015;10,146;
adju_I;2005-09-15;2005-09-20;3500;4000;FR0010235176;OATi 1% 25 juillet 2017;6255;3721;1,68;0;3721;0,0112;0,9872;0,99996;OATi;0,01;2017-07-25;OATi 1% 25 juillet 2017;11,858;inflation_france
adju_MT;2005-09-15;2005-09-20;3500;4000;FR0107674006;BTAN 2,5% 12 juillet 2010;8767;3667;2,39;0;3667;0,0259;0,9959;;BTAN;0,025;2010-07-12;BTAN 2,5% 12 juillet 2010;4,821;
adju_LT;2005-10-06;2005-10-11;4000;4500;FR0010070060;OAT 4,75% 25 avril 2035;2932;1412;2,08;0;1412;0,0362;1,2034;;OAT;0,0475;2035-04-25;OAT 4,75% 25 avril 2035;29,55;
adju_LT;2005-10-06;2005-10-11;4000;4500;FR0010216481;OAT 3% 25 octobre 2015;6440;2785;2,31;77;2862;0,032;0,9834;;OAT;0,03;2015-10-25;OAT 3% 25 octobre 2015;10,051;
adju_I;2005-10-20;2005-10-25;1000;1500;FR0000188799;OAT€i 3,15% 25 juillet 2032;1260;525;2,4;143;668;0,0147;1,369;1,05647;OAT€i;0,0315;2032-07-25;OAT€i 3,15% 25 juillet 2032;26,762;inflation_zone_euro
adju_I;2005-10-20;2005-10-25;1000;1500;FR0010235176;OATi 1% 25 juillet 2017;1570;800;1,96;8;808;0,0124;0,9734;1,00279;OATi;0,01;2017-07-25;OATi 1% 25 juillet 2017;11,762;inflation_france
adju_MT;2005-10-20;2005-10-25;3500;4000;FR0105427795;BTAN 3,5% 12 janvier 2008;5045;1600;3,15;0;1600;0,0252;1,0209;;BTAN;0,035;2008-01-12;BTAN 3,5% 12 janvier 2008;2,229;
adju_MT;2005-10-20;2005-10-25;3500;4000;FR0107674006;BTAN 2,5% 12 juillet 2010;4881;2027;2,41;448;2475;0,0283;0,9854;;BTAN;0,025;2010-07-12;BTAN 2,5% 12 juillet 2010;4,726;
adju_LT;2005-11-03;2005-11-08;3500;4000;FR0010216481;OAT 3% 25 octobre 2015;8145;3766;2,16;0;3766;0,0348;0,9602;;OAT;0,03;2015-10-25;OAT 3% 25 octobre 2015;9,974;
adju_I;2005-11-17;2005-11-22;1000;1500;FR0010094375;OATi 1,6% 25 juillet 2011;1710;805;2,12;0;805;0,0111;1,0268;1,04322;OATi;0,016;2011-07-25;OATi 1,6% 25 juillet 2011;5,684;inflation_france
adju_I;2005-11-17;2005-11-22;1000;1500;FR0010135525;OAT€i 1,6% 25 juillet 2015;1608;670;2,4;0;670;0,0137;1,0208;1,02539;OAT€i;0,016;2015-07-25;OAT€i 1,6% 25 juillet 2015;9,684;inflation_zone_euro
adju_MT;2005-11-17;2005-11-22;5000;5500;FR0108197569;BTAN 2,75% 12 mars 2008;8515;5496;1,55;0;5496;0,0277;0,9995;;BTAN;0,0275;2008-03-12;BTAN 2,75% 12 mars 2008;2,316;
adju_LT;2006-01-05;2006-01-10;6000;6500;FR0010171975;OAT 4% 25 avril 2055;3150;1250;2,52;383;1633;0,0359;1,0945;;OAT;0,04;2055-04-25;OAT 4% 25 avril 2055;49,3;
adju_LT;2006-01-05;2006-01-10;6000;6500;FR0010192997;OAT 3,75% 25 avril 2021;5020;2215;2,27;579;2794;0,0349;1,0306;;OAT;0,0375;2021-04-25;OAT 3,75% 25 avril 2021;15,302;
adju_LT;2006-01-05;2006-01-10;6000;6500;FR0010216481;OAT 3% 25 octobre 2015;7340;3004;2,44;19;3023;0,033;0,9753;;OAT;0,03;2015-10-25;OAT 3% 25 octobre 2015;9,802;
adju_I;2006-01-19;2006-01-24;1300;1800;FR0010050559;OAT€i 2,25% 25 juillet 2020;1226;611;2,01;0;611;0,0134;1,1198;1,04843;OAT€i;0,0225;2020-07-25;OAT€i 2,25% 25 juillet 2020;14,513;inflation_zone_euro
adju_I;2006-01-19;2006-01-24;1300;1800;FR0010235176;OATi 1% 25 juillet 2017;1615;765;2,11;0;765;0,0127;0,9714;1,00606;OATi;0,01;2017-07-25;OATi 1% 25 juillet 2017;11,513;inflation_france
adju_MT;2006-01-19;2006-01-24;5000;5500;FR0108354806;BTAN 3% 12 janvier 2011;10615;5452;1,95;0;5452;0,0308;0,9963;;BTAN;0,03;2011-01-12;BTAN 3% 12 janvier 2011;4,98;
adju_LT;2006-02-02;2006-02-07;5300;5800;FR0010288357;OAT 3,25% 25 avril 2016;11185;5582;2;848;6430;0,0354;0,9755;;OAT;0,0325;2016-04-25;OAT 3,25% 25 avril 2016;10,226;
adju_I;2006-02-16;2006-02-21;1300;1800;FR0010094375;OATi 1,6% 25 juillet 2011;2725;785;3,47;12;797;0,0123;1,0191;1,04314;OATi;0,016;2011-07-25;OATi 1,6% 25 juillet 2011;5,435;inflation_france
adju_I;2006-02-16;2006-02-21;1300;1800;FR0010135525;OAT€i 1,6% 25 juillet 2015;2035;745;2,73;216;961;0,0139;1,0181;1,0298;OAT€i;0,016;2015-07-25;OAT€i 1,6% 25 juillet 2015;9,435;inflation_zone_euro
adju_MT;2006-02-16;2006-02-21;4800;5300;FR0108197569;BTAN 2,75% 12 mars 2008;6905;2565;2,69;0;2565;0,0297;0,9957;;BTAN;0,0275;2008-03-12;BTAN 2,75% 12 mars 2008;2,067;
adju_MT;2006-02-16;2006-02-21;4800;5300;FR0108354806;BTAN 3% 12 janvier 2011;6755;2610;2,59;787;3397;0,0325;0,9886;;BTAN;0,03;2011-01-12;BTAN 3% 12 janvier 2011;4,903;
adju_LT;2006-03-02;2006-03-07;5000;5500;FR0010192997;OAT 3,75% 25 avril 2021;4905;2265;2,17;0;2265;0,0368;1,0075;;OAT;0,0375;2021-04-25;OAT 3,75% 25 avril 2021;15,149;
adju_LT;2006-03-02;2006-03-07;5000;5500;FR0010288357;OAT 3,25% 25 avril 2016;7570;2949;2,57;0;2949;0,0354;0,9758;;OAT;0,0325;2016-04-25;OAT 3,25% 25 avril 2016;10,149;
adju_I;2006-03-16;2006-03-21;1000;1500;FR0010050559;OAT€i 2,25% 25 juillet 2020;1608;718;2,24;153;871;0,0165;1,0762;1,04896;OAT€i;0,0225;2020-07-25;OAT€i 2,25% 25 juillet 2020;14,36;inflation_zone_euro
adju_I;2006-03-16;2006-03-21;1000;1500;FR0010235176;OATi 1% 25 juillet 2017;1905;750;2,54;2;752;0,0157;0,9414;1,0058;OATi;0,01;2017-07-25;OATi 1% 25 juillet 2017;11,359;inflation_france
adju_MT;2006-03-16;2006-03-21;5000;5500;FR0108197569;BTAN 2,75% 12 mars 2008;6610;2652;2,49;0;2652;0,032;0,9915;;BTAN;0,0275;2008-03-12;BTAN 2,75% 12 mars 2008;1,99;
adju_MT;2006-03-16;2006-03-21;5000;5500;FR0108354806;BTAN 3% 12 janvier 2011;7215;2630;2,74;0;2630;0,0347;0,9794;;BTAN;0,03;2011-01-12;BTAN 3% 12 janvier 2011;4,827;
adju_LT;2006-04-06;2006-04-11;5000;5500;FR0000189151;OAT 4,25% 25 avril 2019;3450;1590;2,17;0;1590;0,0399;1,0259;;OAT;0,0425;2019-04-25;OAT 4,25% 25 avril 2019;13,051;
adju_LT;2006-04-06;2006-04-11;5000;5500;FR0010171975;OAT 4% 25 avril 2055;1865;870;2,14;0;870;0,0414;0,9703;;OAT;0,04;2055-04-25;OAT 4% 25 avril 2055;49,051;
adju_LT;2006-04-06;2006-04-11;5000;5500;FR0010288357;OAT 3,25% 25 avril 2016;6285;2890;2,17;0;2890;0,039;0,947;;OAT;0,0325;2016-04-25;OAT 3,25% 25 avril 2016;10,053;
adju_MT;2006-04-20;2006-04-25;4000;4500;FR0108197569;BTAN 2,75% 12 mars 2008;5595;2157;2,59;0;2157;0,0332;0,9897;;BTAN;0,0275;2008-03-12;BTAN 2,75% 12 mars 2008;1,895;
adju_MT;2006-04-20;2006-04-25;4000;4500;FR0108354806;BTAN 3% 12 janvier 2011;5786;2221;2,61;656;2877;0,0368;0,9711;;BTAN;0,03;2011-01-12;BTAN 3% 12 janvier 2011;4,731;
adju_I;2006-04-20;2006-04-25;3000;3500;FR0108664055;BTAN€i 1,25% 25 juillet 2010;5534;3304;1,67;330;3634;0,0136;0,9953;1,0092;BTAN€i;0,0125;2010-07-25;BTAN€i 1,25% 25 juillet 2010;4,263;inflation_zone_euro
adju_LT;2006-05-04;2006-05-10;4500;5000;FR0010070060;OAT 4,75% 25 avril 2035;2310;950;2,43;0;950;0,0429;1,0758;;OAT;0,0475;2035-04-25;OAT 4,75% 25 avril 2035;28,975;
adju_LT;2006-05-04;2006-05-10;4500;5000;FR0010192997;OAT 3,75% 25 avril 2021;4215;1265;3,33;0;1265;0,0418;0,953;;OAT;0,0375;2021-04-25;OAT 3,75% 25 avril 2021;14,976;
adju_LT;2006-05-04;2006-05-10;4500;5000;FR0010288357;OAT 3,25% 25 avril 2016;6480;2675;2,42;0;2675;0,0403;0,937;;OAT;0,0325;2016-04-25;OAT 3,25% 25 avril 2016;9,977;
adju_I;2006-05-18;2006-05-23;1200;1700;FR0000188799;OAT€i 3,15% 25 juillet 2032;1328;538;2,47;173;711;0,0206;1,2194;1,06827;OAT€i;0,0315;2032-07-25;OAT€i 3,15% 25 juillet 2032;26,188;inflation_zone_euro
adju_I;2006-05-18;2006-05-23;1200;1700;FR0010235176;OATi 1% 25 juillet 2017;2155;870;2,48;46;916;0,0188;0,9125;1,01139;OATi;0,01;2017-07-25;OATi 1% 25 juillet 2017;11,187;inflation_france
adju_MT;2006-05-18;2006-05-23;4500;5000;FR0105760112;BTAN 3% 12 juillet 2008;6155;2545;2,42;33;2578;0,0337;0,9924;;BTAN;0,03;2008-07-12;BTAN 3% 12 juillet 2008;2,152;
adju_MT;2006-05-18;2006-05-23;4500;5000;FR0108354806;BTAN 3% 12 janvier 2011;5620;2330;2,41;709;3039;0,0371;0,9703;;BTAN;0,03;2011-01-12;BTAN 3% 12 janvier 2011;4,654;
adju_LT;2006-06-01;2006-06-06;2500;3000;FR0010288357;OAT 3,25% 25 avril 2016;6245;2650;2,36;409;3059;0,0402;0,9385;;OAT;0,0325;2016-04-25;OAT 3,25% 25 avril 2016;9,9;
adju_I;2006-06-15;2006-06-20;1200;1700;FR0010235176;OATi 1% 25 juillet 2017;3390;1220;2,78;0;1220;0,0181;0,9193;1,01499;OATi;0,01;2017-07-25;OATi 1% 25 juillet 2017;11,11;inflation_france
adju_I;2006-06-15;2006-06-20;1200;1700;FR0108664055;BTAN€i 1,25% 25 juillet 2010;2445;425;5,75;0;425;0,014;0,9941;1,01975;BTAN€i;0,0125;2010-07-25;BTAN€i 1,25% 25 juillet 2010;4,11;inflation_zone_euro
adju_MT;2006-06-15;2006-06-20;5000;5500;FR0108847049;BTAN 3,5% 12 juillet 2011;9365;5049;1,85;0;5049;0,037;0,9907;;BTAN;0,035;2011-07-12;BTAN 3,5% 12 juillet 2011;5,073;
adju_LT;2006-07-06;2006-07-11;4000;4500;FR0010192997;OAT 3,75% 25 avril 2021;4515;1786;2,53;531;2317;0,0429;0,9421;;OAT;0,0375;2021-04-25;OAT 3,75% 25 avril 2021;14,804;
adju_LT;2006-07-06;2006-07-11;4000;4500;FR0010288357;OAT 3,25% 25 avril 2016;5230;2363;2,21;95;2458;0,0413;0,93;;OAT;0,0325;2016-04-25;OAT 3,25% 25 avril 2016;9,804;
adju_I;2006-07-20;2006-07-25;1000;1500;FR0010050559;OAT€i 2,25% 25 juillet 2020;1635;510;3,21;137;647;0,0189;1,0433;1,06547;OAT€i;0,0225;2020-07-25;OAT€i 2,25% 25 juillet 2020;14,015;inflation_zone_euro
adju_I;2006-07-20;2006-07-25;1000;1500;FR0010094375;OATi 1,6% 25 juillet 2011;3310;990;3,34;30;1020;0,0167;0,9968;1,05746;OATi;0,016;2011-07-25;OATi 1,6% 25 juillet 2011;5,013;inflation_france
adju_MT;2006-07-20;2006-07-25;5000;5500;FR0109136137;BTAN 3,5% 12 septembre 2008;9925;5010;1,98;748;5758;0,0361;0,9977;;BTAN;0,035;2008-09-12;BTAN 3,5% 12 septembre 2008;2,149;
adju_LT;2006-09-07;2006-09-12;3500;4000;FR0010371401;OAT 4% 25 octobre 2038;7825;3730;2,1;567;4297;0,041;0,9825;;OAT;0,04;2038-10-25;OAT 4% 25 octobre 2038;32,131;
adju_I;2006-09-21;2006-09-26;1200;1700;FR0000188799;OAT€i 3,15% 25 juillet 2032;1126;427;2,64;139;566;0,0171;1,2992;1,07963;OAT€i;0,0315;2032-07-25;OAT€i 3,15% 25 juillet 2032;25,843;inflation_zone_euro
adju_I;2006-09-21;2006-09-26;1200;1700;FR0010235176;OATi 1% 25 juillet 2017;2250;830;2,71;58;888;0,0172;0,9297;1,01956;OATi;0,01;2017-07-25;OATi 1% 25 juillet 2017;10,842;inflation_france
adju_MT;2006-09-21;2006-09-26;4500;5000;FR0108847049;BTAN 3,5% 12 juillet 2011;6410;2735;2,34;728;3463;0,0371;0,9908;;BTAN;0,035;2011-07-12;BTAN 3,5% 12 juillet 2011;4,805;
adju_MT;2006-09-21;2006-09-26;4500;5000;FR0109136137;BTAN 3,5% 12 septembre 2008;5785;2153;2,69;8;2161;0,0366;0,997;;BTAN;0,035;2008-09-12;BTAN 3,5% 12 septembre 2008;1,977;
adju_LT;2006-10-05;2006-10-10;4500;5000;FR0000187361;OAT 5% 25 octobre 2016;7325;2330;3,14;0;2330;0,0372;1,1054;;OAT;0,05;2016-10-25;OAT 5% 25 octobre 2016;10,056;
adju_LT;2006-10-05;2006-10-10;4500;5000;FR0010192997;OAT 3,75% 25 avril 2021;5305;2545;2,08;0;2545;0,0384;0,9903;;OAT;0,0375;2021-04-25;OAT 3,75% 25 avril 2021;14,554;
adju_I;2006-10-19;2006-10-24;1200;1700;FR0000186413;OATi 3,4% 25 juillet 2029;552;190;2,91;0;190;0,0177;1,3037;1,12932;OATi;0,034;2029-07-25;OATi 3,4% 25 juillet 2029;22,765;inflation_france
adju_I;2006-10-19;2006-10-24;1200;1700;FR0010135525;OAT€i 1,6% 25 juillet 2015;1640;730;2,25;0;730;0,017;0,9921;1,04465;OAT€i;0,016;2015-07-25;OAT€i 1,6% 25 juillet 2015;8,764;inflation_zone_euro
adju_I;2006-10-19;2006-10-24;1200;1700;FR0108664055;BTAN€i 1,25% 25 juillet 2010;2250;771;2,92;0;771;0,0161;0,9871;1,02503;BTAN€i;0,0125;2010-07-25;BTAN€i 1,25% 25 juillet 2010;3,765;inflation_zone_euro
adju_MT;2006-10-19;2006-10-24;4500;5000;FR0108847049;BTAN 3,5% 12 juillet 2011;6765;2590;2,61;0;2590;0,0373;0,9902;;BTAN;0,035;2011-07-12;BTAN 3,5% 12 juillet 2011;4,728;
adju_MT;2006-10-19;2006-10-24;4500;5000;FR0109136137;BTAN 3,5% 12 septembre 2008;6630;2055;3,23;0;2055;0,0364;0,9974;;BTAN;0,035;2008-09-12;BTAN 3,5% 12 septembre 2008;1,9;
adju_LT;2006-11-02;2006-11-07;3000;3500;FR0000187361;OAT 5% 25 octobre 2016;7260;3040;2,39;0;3040;0,0374;1,1033;;OAT;0,05;2016-10-25;OAT 5% 25 octobre 2016;9,979;
adju_I;2006-11-16;2006-11-21;1200;1700;FR0010050559;OAT€i 2,25% 25 juillet 2020;1735;630;2,75;5;635;0,0159;1,0804;1,06648;OAT€i;0,0225;2020-07-25;OAT€i 2,25% 25 juillet 2020;13,689;inflation_zone_euro
adju_I;2006-11-16;2006-11-21;1200;1700;FR0010235176;OATi 1% 25 juillet 2017;2315;990;2,34;143;1133;0,017;0,9324;1,02122;OATi;0,01;2017-07-25;OATi 1% 25 juillet 2017;10,689;inflation_france
adju_MT;2006-11-16;2006-11-21;4000;4500;FR0108847049;BTAN 3,5% 12 juillet 2011;5719;2569;2,23;652;3221;0,037;0,9915;;BTAN;0,035;2011-07-12;BTAN 3,5% 12 juillet 2011;4,652;
adju_MT;2006-11-16;2006-11-21;4000;4500;FR0109136137;BTAN 3,5% 12 septembre 2008;4895;1865;2,62;0;1865;0,037;0,9964;;BTAN;0,035;2008-09-12;BTAN 3,5% 12 septembre 2008;1,823;
adju_LT;2007-01-04;2007-01-09;5500;6000;FR0010415331;OAT 3,75% 25 avril 2017;14489;5994;2,42;0;5994;0,0397;0,9814;;OAT;0,0375;2017-04-25;OAT 3,75% 25 avril 2017;10,305;
adju_I;2007-01-18;2007-01-23;1200;1700;FR0010235176;OATi 1% 25 juillet 2017;2664;790;3,37;240;1030;0,0205;0,9019;1,01902;OATi;0,01;2017-07-25;OATi 1% 25 juillet 2017;10,516;inflation_france
adju_I;2007-01-18;2007-01-23;1200;1700;FR0108664055;BTAN€i 1,25% 25 juillet 2010;3170;907;3,5;18;925;0,0184;0,9802;1,02607;BTAN€i;0,0125;2010-07-25;BTAN€i 1,25% 25 juillet 2010;3,515;inflation_zone_euro
adju_MT;2007-01-18;2007-01-23;5200;5700;FR0109970386;BTAN 3,75% 12 janvier 2012;11886;5411;2,2;769;6180;0,0402;0,988;;BTAN;0,0375;2012-01-12;BTAN 3,75% 12 janvier 2012;4,983;
adju_LT;2007-02-01;2007-02-06;5000;5500;FR0010171975;OAT 4% 25 avril 2055;3090;1220;2,53;375;1595;0,0419;0,9599;;OAT;0,04;2055-04-25;OAT 4% 25 avril 2055;48,227;
adju_LT;2007-02-01;2007-02-06;5000;5500;FR0010371401;OAT 4% 25 octobre 2038;4680;1485;3,15;456;1941;0,0424;0,9579;;OAT;0,04;2038-10-25;OAT 4% 25 octobre 2038;31,729;
adju_LT;2007-02-01;2007-02-06;5000;5500;FR0010415331;OAT 3,75% 25 avril 2017;7880;2780;2,83;4;2784;0,0412;0,9697;;OAT;0,0375;2017-04-25;OAT 3,75% 25 avril 2017;10,229;
adju_I;2007-02-15;2007-02-20;1000;1500;FR0010050559;OAT€i 2,25% 25 juillet 2020;2150;750;2,87;216;966;0,0197;1,0321;1,07017;OAT€i;0,0225;2020-07-25;OAT€i 2,25% 25 juillet 2020;13,44;inflation_zone_euro
adju_I;2007-02-15;2007-02-20;1000;1500;FR0010094375;OATi 1,6% 25 juillet 2011;3115;744;4,19;0;744;0,0203;0,9819;1,05838;OATi;0,016;2011-07-25;OATi 1,6% 25 juillet 2011;4,438;inflation_france
adju_MT;2007-02-15;2007-02-20;4500;5000;FR0106589437;BTAN 3,5% 12 janvier 2009;7840;2189;3,58;0;2189;0,0396;0,9917;;BTAN;0,035;2009-01-12;BTAN 3,5% 12 janvier 2009;1,908;
adju_MT;2007-02-15;2007-02-20;4500;5000;FR0109970386;BTAN 3,75% 12 janvier 2012;9085;2435;3,73;0;2435;0,0401;0,9884;;BTAN;0,0375;2012-01-12;BTAN 3,75% 12 janvier 2012;4,906;
adju_LT;2007-03-01;2007-03-06;4000;4500;FR0010192997;OAT 3,75% 25 avril 2021;6840;1920;3,56;226;2146;0,0408;0,9649;;OAT;0,0375;2021-04-25;OAT 3,75% 25 avril 2021;14,152;
adju_LT;2007-03-01;2007-03-06;4000;4500;FR0010415331;OAT 3,75% 25 avril 2017;5590;2420;2,31;434;2854;0,0401;0,9787;;OAT;0,0375;2017-04-25;OAT 3,75% 25 avril 2017;10,152;
adju_MT;2007-03-15;2007-03-20;4200;4700;FR0106841887;BTAN 3,5% 12 juillet 2009;6620;2145;3,09;0;2145;0,0389;0,9914;;BTAN;0,035;2009-07-12;BTAN 3,5% 12 juillet 2009;2,327;
adju_MT;2007-03-15;2007-03-20;4200;4700;FR0109970386;BTAN 3,75% 12 janvier 2012;6920;2070;3,34;0;2070;0,0387;0,9945;;BTAN;0,0375;2012-01-12;BTAN 3,75% 12 janvier 2012;4,83;
adju_LT;2007-04-05;2007-04-11;3700;4200;FR0010371401;OAT 4% 25 octobre 2038;3765;1020;3,69;0;1020;0,0432;0,9451;;OAT;0,04;2038-10-25;OAT 4% 25 octobre 2038;31,556;
adju_LT;2007-04-05;2007-04-11;3700;4200;FR0010415331;OAT 3,75% 25 avril 2017;8680;2943;2,95;0;2943;0,0413;0,9696;;OAT;0,0375;2017-04-25;OAT 3,75% 25 avril 2017;10,056;
adju_I;2007-04-19;2007-04-24;1000;1500;FR0010094375;OATi 1,6% 25 juillet 2011;3745;1075;3,48;0;1075;0,0209;0,9802;1,057;OATi;0,016;2011-07-25;OATi 1,6% 25 juillet 2011;4,266;inflation_france
adju_I;2007-04-19;2007-04-24;1000;1500;FR0010135525;OAT€i 1,6% 25 juillet 2015;2587;392;6,6;0;392;0,0196;0,9731;1,0466;OAT€i;0,016;2015-07-25;OAT€i 1,6% 25 juillet 2015;8,266;inflation_zone_euro
adju_MT;2007-04-19;2007-04-24;5000;5500;FR0110979178;BTAN 4% 12 septembre 2009;12560;5222;2,41;0;5222;0,0411;0,9974;;BTAN;0,04;2009-09-12;BTAN 4% 12 septembre 2009;2,401;
adju_LT;2007-05-03;2007-05-09;4200;4700;FR0010466938;OAT 4,25% 25 octobre 2023;10430;4466;2,34;464;4930;0,0439;0,9836;;OAT;0,0425;2023-10-25;OAT 4,25% 25 octobre 2023;16,479;
adju_I;2007-05-16;2007-05-22;1200;1700;FR0010235176;OATi 1% 25 juillet 2017;2522;852;2,96;0;852;0,0227;0,8856;1,02307;OATi;0,01;2017-07-25;OATi 1% 25 juillet 2017;10,193;inflation_france
adju_I;2007-05-16;2007-05-22;1200;1700;FR0108664055;BTAN€i 1,25% 25 juillet 2010;2515;725;3,47;0;725;0,0201;0,9768;1,03236;BTAN€i;0,0125;2010-07-25;BTAN€i 1,25% 25 juillet 2010;3,192;inflation_zone_euro
adju_MT;2007-05-16;2007-05-22;4200;4700;FR0109970386;BTAN 3,75% 12 janvier 2012;8761;3036;2,89;0;3036;0,0428;0,978;;BTAN;0,0375;2012-01-12;BTAN 3,75% 12 janvier 2012;4,66;
adju_MT;2007-05-16;2007-05-22;4200;4700;FR0110979178;BTAN 4% 12 septembre 2009;7901;1476;5,35;0;1476;0,0425;0,9943;;BTAN;0,04;2009-09-12;BTAN 4% 12 septembre 2009;2,327;
adju_LT;2007-06-07;2007-06-12;4200;4700;FR0010371401;OAT 4% 25 octobre 2038;3455;1195;2,89;0;1195;0,0466;0,892;;OAT;0,04;2038-10-25;OAT 4% 25 octobre 2038;31,384;
adju_LT;2007-06-07;2007-06-12;4200;4700;FR0010415331;OAT 3,75% 25 avril 2017;7270;3315;2,19;0;3315;0,0453;0,939;;OAT;0,0375;2017-04-25;OAT 3,75% 25 avril 2017;9,884;
adju_I;2007-06-21;2007-06-26;1300;1800;FR0010094375;OATi 1,6% 25 juillet 2011;2142;842;2,54;23;865;0,0246;0,9671;1,0664;OATi;0,016;2011-07-25;OATi 1,6% 25 juillet 2011;4,093;inflation_france
adju_I;2007-06-21;2007-06-26;1300;1800;FR0010235176;OATi 1% 25 juillet 2017;2163;714;3,03;185;899;0,0255;0,8635;1,02869;OATi;0,01;2017-07-25;OATi 1% 25 juillet 2017;10,094;inflation_france
adju_MT;2007-06-21;2007-06-26;4800;5300;FR0110979186;BTAN 4,5% 12 juillet 2012;10020;4870;2,06;743;5613;0,0464;0,9937;;BTAN;0,045;2012-07-12;BTAN 4,5% 12 juillet 2012;5,06;
adju_LT;2007-07-05;2007-07-10;3500;4000;FR0010415331;OAT 3,75% 25 avril 2017;7485;2100;3,56;0;2100;0,0467;0,9291;;OAT;0,0375;2017-04-25;OAT 3,75% 25 avril 2017;9,807;
adju_LT;2007-07-05;2007-07-10;3500;4000;FR0010466938;OAT 4,25% 25 octobre 2023;4375;1540;2,84;0;1540;0,0478;0,9407;;OAT;0,0425;2023-10-25;OAT 4,25% 25 octobre 2023;16,307;
adju_I;2007-07-19;2007-07-24;1000;1500;FR0000186413;OATi 3,4% 25 juillet 2029;1110;430;2,58;115;545;0,0243;1,1637;1,13991;OATi;0,034;2029-07-25;OATi 3,4% 25 juillet 2029;22,018;inflation_france
adju_I;2007-07-19;2007-07-24;1000;1500;FR0010050559;OAT€i 2,25% 25 juillet 2020;2190;970;2,26;88;1058;0,024;0,9838;1,0849;OAT€i;0,0225;2020-07-25;OAT€i 2,25% 25 juillet 2020;13,018;inflation_zone_euro
adju_MT;2007-07-19;2007-07-24;3500;4000;FR0110979178;BTAN 4% 12 septembre 2009;7030;1801;3,9;30;1831;0,0455;0,9889;;BTAN;0,04;2009-09-12;BTAN 4% 12 septembre 2009;2,152;
adju_MT;2007-07-19;2007-07-24;3500;4000;FR0110979186;BTAN 4,5% 12 juillet 2012;6775;1930;3,51;515;2445;0,046;0,9955;;BTAN;0,045;2012-07-12;BTAN 4,5% 12 juillet 2012;4,983;
adju_LT;2007-09-06;2007-09-11;3800;4300;FR0010517417;OAT 4,25% 25 octobre 2017;9110;3910;2,33;596;4506;0,0435;0,9917;;OAT;0,0425;2017-10-25;OAT 4,25% 25 octobre 2017;10,136;
adju_MT;2007-09-20;2007-09-25;3000;3500;FR0000188328;OAT 5% 25 avril 2012;6955;1515;4,59;0;1515;0,0419;1,0329;;OAT;0,05;2012-04-25;OAT 5% 25 avril 2012;4,597;
adju_I;2007-09-20;2007-09-25;800;1300;FR0010235176;OATi 1% 25 juillet 2017;2120;591;3,59;0;591;0,0223;0,8924;1,03132;OATi;0,01;2017-07-25;OATi 1% 25 juillet 2017;9,845;inflation_france
adju_I;2007-09-20;2007-09-25;800;1300;FR0010447367;OAT€i 1,8% 25 juillet 2040;1596;347;4,6;0;347;0,0225;0,8972;1,01775;OAT€i;0,018;2040-07-25;OAT€i 1,8% 25 juillet 2040;32,846;inflation_zone_euro
adju_MT;2007-09-20;2007-09-25;3000;3500;FR0110979178;BTAN 4% 12 septembre 2009;7245;1500;4,83;0;1500;0,0411;0,998;;BTAN;0,04;2009-09-12;BTAN 4% 12 septembre 2009;1,979;
adju_LT;2007-10-04;2007-10-09;3000;3500;FR0000571150;OAT 6% 25 octobre 2025;4425;1160;3,81;0;1160;0,046;1,1696;;OAT;0,06;2025-10-25;OAT 6% 25 octobre 2025;18,059;
adju_LT;2007-10-04;2007-10-09;3000;3500;FR0010517417;OAT 4,25% 25 octobre 2017;7324;1842;3,98;0;1842;0,0444;0,985;;OAT;0,0425;2017-10-25;OAT 4,25% 25 octobre 2017;10,059;
adju_I;2007-10-18;2007-10-23;800;1300;FR0010235176;OATi 1% 25 juillet 2017;1809;471;3,84;119;590;0,0228;0,8893;1,03315;OATi;0,01;2017-07-25;OATi 1% 25 juillet 2017;9,769;inflation_france
adju_I;2007-10-18;2007-10-23;800;1300;FR0108664055;BTAN€i 1,25% 25 juillet 2010;4420;828;5,34;45;873;0,0195;0,9814;1,04245;BTAN€i;0,0125;2010-07-25;BTAN€i 1,25% 25 juillet 2010;2,768;inflation_zone_euro
adju_MT;2007-10-18;2007-10-23;3000;3500;FR0110979178;BTAN 4% 12 septembre 2009;7525;1365;5,51;27;1392;0,0418;0,9968;;BTAN;0,04;2009-09-12;BTAN 4% 12 septembre 2009;1,903;
adju_MT;2007-10-18;2007-10-23;3000;3500;FR0110979186;BTAN 4,5% 12 juillet 2012;7295;1810;4,03;423;2233;0,0428;1,0089;;BTAN;0,045;2012-07-12;BTAN 4,5% 12 juillet 2012;4,734;
adju_LT;2007-11-08;2007-11-13;3000;3500;FR0010171975;OAT 4% 25 avril 2055;2855;745;3,83;0;745;0,0447;0,9079;;OAT;0,04;2055-04-25;OAT 4% 25 avril 2055;47,461;
adju_LT;2007-11-08;2007-11-13;3000;3500;FR0010517417;OAT 4,25% 25 octobre 2017;6580;2260;2,91;460;2720;0,0425;0,9998;;OAT;0,0425;2017-10-25;OAT 4,25% 25 octobre 2017;9,963;
adju_I;2007-11-22;2007-11-27;1000;1500;FR0010094375;OATi 1,6% 25 juillet 2011;2203;993;2,22;0;993;0,0168;0,9973;1,07292;OATi;0,016;2011-07-25;OATi 1,6% 25 juillet 2011;3,671;inflation_france
adju_I;2007-11-22;2007-11-27;1000;1500;FR0010447367;OAT€i 1,8% 25 juillet 2040;1192;484;2,46;0;484;0,0204;0,944;1,0211;OAT€i;0,018;2040-07-25;OAT€i 1,8% 25 juillet 2040;32,674;inflation_zone_euro
adju_MT;2007-11-22;2007-11-27;3000;3500;FR0110979178;BTAN 4% 12 septembre 2009;5125;1083;4,73;3;1086;0,0377;1,0038;;BTAN;0,04;2009-09-12;BTAN 4% 12 septembre 2009;1,807;
adju_MT;2007-11-22;2007-11-27;3000;3500;FR0110979186;BTAN 4,5% 12 juillet 2012;5680;1970;2,88;0;1970;0,0385;1,0269;;BTAN;0,045;2012-07-12;BTAN 4,5% 12 juillet 2012;4,638;
adju_LT;2008-01-03;2008-01-08;5200;5700;FR0010171975;OAT 4% 25 avril 2055;1925;1190;1,62;113;1303;0,0457;0,8909;;OAT;0,04;2055-04-25;OAT 4% 25 avril 2055;47,307;
adju_LT;2008-01-03;2008-01-08;5200;5700;FR0010371401;OAT 4% 25 octobre 2038;3850;1430;2,69;144;1574;0,0461;0,8999;;OAT;0,04;2038-10-25;OAT 4% 25 octobre 2038;30,809;
adju_LT;2008-01-03;2008-01-08;5200;5700;FR0010517417;OAT 4,25% 25 octobre 2017;6370;2600;2,45;535;3135;0,0431;0,9948;;OAT;0,0425;2017-10-25;OAT 4,25% 25 octobre 2017;9,81;
adju_I;2008-01-17;2008-01-22;1000;1500;FR0010050559;OAT€i 2,25% 25 juillet 2020;2485;640;3,88;6;646;0,019;1,0385;1,09804;OAT€i;0,0225;2020-07-25;OAT€i 2,25% 25 juillet 2020;12,52;inflation_zone_euro
adju_I;2008-01-17;2008-01-22;1000;1500;FR0108664055;BTAN€i 1,25% 25 juillet 2010;3659;847;4,32;195;1042;0,0138;0,9967;1,05577;BTAN€i;0,0125;2010-07-25;BTAN€i 1,25% 25 juillet 2010;2,519;inflation_zone_euro
adju_MT;2008-01-17;2008-01-22;5000;5500;FR0113087466;BTAN 3,75% 12 janvier 2013;13410;5310;2,53;809;6119;0,0379;0,9982;;BTAN;0,0375;2013-01-12;BTAN 3,75% 12 janvier 2013;4,988;
adju_LT;2008-02-07;2008-02-12;5200;5700;FR0000189151;OAT 4,25% 25 avril 2019;4320;1620;2,67;101;1721;0,041;1,0136;;OAT;0,0425;2019-04-25;OAT 4,25% 25 avril 2019;11,211;
adju_LT;2008-02-07;2008-02-12;5200;5700;FR0010466938;OAT 4,25% 25 octobre 2023;4885;1605;3,04;292;1897;0,0433;0,9911;;OAT;0,0425;2023-10-25;OAT 4,25% 25 octobre 2023;15,713;
adju_LT;2008-02-07;2008-02-12;5200;5700;FR0010517417;OAT 4,25% 25 octobre 2017;7320;2275;3,22;429;2704;0,0401;1,0187;;OAT;0,0425;2017-10-25;OAT 4,25% 25 octobre 2017;9,714;
adju_MT;2008-02-21;2008-02-26;5000;5500;FR0107674006;BTAN 2,5% 12 juillet 2010;3860;1225;3,15;0;1225;0,0344;0,9789;;BTAN;0,025;2010-07-12;BTAN 2,5% 12 juillet 2010;2,387;
adju_MT;2008-02-21;2008-02-26;5000;5500;FR0108847049;BTAN 3,5% 12 juillet 2011;3565;1095;3,26;0;1095;0,0354;0,9986;;BTAN;0,035;2011-07-12;BTAN 3,5% 12 juillet 2011;3,387;
adju_MT;2008-02-21;2008-02-26;5000;5500;FR0113087466;BTAN 3,75% 12 janvier 2013;6157;2857;2,16;0;2857;0,0368;1,0031;;BTAN;0,0375;2013-01-12;BTAN 3,75% 12 janvier 2013;4,893;
adju_LT;2008-03-06;2008-03-11;5000;5500;FR0010216481;OAT 3% 25 octobre 2015;3035;2535;1,2;80;2615;0,0384;0,9453;;OAT;0,03;2015-10-25;OAT 3% 25 octobre 2015;7,636;
adju_LT;2008-03-06;2008-03-11;5000;5500;FR0010371401;OAT 4% 25 octobre 2038;2770;1094;2,53;287;1381;0,0468;0,8903;;OAT;0,04;2038-10-25;OAT 4% 25 octobre 2038;30,637;
adju_LT;2008-03-06;2008-03-11;5000;5500;FR0010517417;OAT 4,25% 25 octobre 2017;3525;1395;2,53;360;1755;0,0407;1,0142;;OAT;0,0425;2017-10-25;OAT 4,25% 25 octobre 2017;9,637;
adju_I;2008-03-20;2008-03-26;1200;1700;FR0010235176;OATi 1% 25 juillet 2017;1559;474;3,29;0;474;0,0178;0,9336;1,0465;OATi;0,01;2017-07-25;OATi 1% 25 juillet 2017;9,347;inflation_france
adju_MT;2008-03-20;2008-03-26;4000;4500;FR0107369672;BTAN 3% 12 janvier 2010;5525;1805;3,06;0;1805;0,0353;0,9909;;BTAN;0,03;2010-01-12;BTAN 3% 12 janvier 2010;1,815;
adju_I;2008-03-20;2008-03-26;1200;1700;FR0108664055;BTAN€i 1,25% 25 juillet 2010;2740;930;2,95;0;930;0,0104;1,0048;1,05828;BTAN€i;0,0125;2010-07-25;BTAN€i 1,25% 25 juillet 2010;2,346;inflation_zone_euro
adju_MT;2008-03-20;2008-03-26;4000;4500;FR0108847049;BTAN 3,5% 12 juillet 2011;4215;1395;3,02;0;1395;0,0353;0,999;;BTAN;0,035;2011-07-12;BTAN 3,5% 12 juillet 2011;3,31;
adju_MT;2008-03-20;2008-03-26;4000;4500;FR0113087466;BTAN 3,75% 12 janvier 2013;6225;940;6,62;0;940;0,0365;1,0043;;BTAN;0,0375;2013-01-12;BTAN 3,75% 12 janvier 2013;4,816;
adju_LT;2008-04-03;2008-04-08;4500;5500;FR0010604983;OAT 4% 25 avril 2018;10085;5145;1,96;620;5765;0,0424;0,981;;OAT;0,04;2018-04-25;OAT 4% 25 avril 2018;10,059;
adju_I;2008-04-17;2008-04-22;1000;1500;FR0000188955;OATi 2,5% 25 juillet 2013;3383;1100;3,08;104;1204;0,0173;1,0386;1,10364;OATi;0,025;2013-07-25;OATi 2,5% 25 juillet 2013;5,27;inflation_france
adju_I;2008-04-17;2008-04-22;1000;1500;FR0010050559;OAT€i 2,25% 25 juillet 2020;1227;372;3,3;61;433;0,0205;1,021;1,10244;OAT€i;0,0225;2020-07-25;OAT€i 2,25% 25 juillet 2020;12,271;inflation_zone_euro
adju_MT;2008-04-17;2008-04-22;5000;5500;FR0107674006;BTAN 2,5% 12 juillet 2010;5080;1560;3,26;0;1560;0,0378;0,9731;;BTAN;0,025;2010-07-12;BTAN 2,5% 12 juillet 2010;2,234;
adju_MT;2008-04-17;2008-04-22;5000;5500;FR0110979178;BTAN 4% 12 septembre 2009;5660;1095;5,17;0;1095;0,0394;1,0006;;BTAN;0,04;2009-09-12;BTAN 4% 12 septembre 2009;1,405;
adju_MT;2008-04-17;2008-04-22;5000;5500;FR0113087466;BTAN 3,75% 12 janvier 2013;6715;2705;2,48;0;2705;0,0397;0,9904;;BTAN;0,0375;2013-01-12;BTAN 3,75% 12 janvier 2013;4,739;
adju_LT;2008-04-30;2008-05-06;5000;5500;FR0010112052;OAT 4% 25 octobre 2014;4600;1780;2,58;0;1780;0,0413;0,9927;;OAT;0,04;2014-10-25;OAT 4% 25 octobre 2014;6,486;
adju_LT;2008-04-30;2008-05-06;5000;5500;FR0010466938;OAT 4,25% 25 octobre 2023;3261;1311;2,49;348;1659;0,0463;0,9579;;OAT;0,0425;2023-10-25;OAT 4,25% 25 octobre 2023;15,485;
adju_LT;2008-04-30;2008-05-06;5000;5500;FR0010604983;OAT 4% 25 avril 2018;5520;2380;2,32;0;2380;0,0435;0,9718;;OAT;0,04;2018-04-25;OAT 4% 25 avril 2018;9,985;
adju_I;2008-05-15;2008-05-20;1200;1700;FR0010094375;OATi 1,6% 25 juillet 2011;2600;1210;2,15;121;1331;0,017;0,9969;1,09204;OATi;0,016;2011-07-25;OATi 1,6% 25 juillet 2011;3,192;inflation_france
adju_I;2008-05-15;2008-05-20;1200;1700;FR0010135525;OAT€i 1,6% 25 juillet 2015;1531;416;3,68;104;520;0,019;0,98;1,08811;OAT€i;0,016;2015-07-25;OAT€i 1,6% 25 juillet 2015;7,192;inflation_zone_euro
adju_MT;2008-05-15;2008-05-20;4500;5000;FR0113872776;BTAN 3,75% 12 septembre 2010;11025;4590;2,4;691;5281;0,0411;0,992;;BTAN;0,0375;2010-09-12;BTAN 3,75% 12 septembre 2010;2,327;
adju_LT;2008-06-05;2008-06-10;4000;5000;FR0010371401;OAT 4% 25 octobre 2038;3485;1255;2,78;380;1635;0,0495;0,8521;;OAT;0,04;2038-10-25;OAT 4% 25 octobre 2038;30,387;
adju_LT;2008-06-05;2008-06-10;4000;5000;FR0010604983;OAT 4% 25 avril 2018;7335;3165;2,32;278;3443;0,0461;0,9524;;OAT;0,04;2018-04-25;OAT 4% 25 avril 2018;9,886;
adju_I;2008-06-19;2008-06-24;1200;1700;FR0010050559;OAT€i 2,25% 25 juillet 2020;1664;874;1,9;26;900;0,0232;0,9929;1,11753;OAT€i;0,0225;2020-07-25;OAT€i 2,25% 25 juillet 2020;12,099;inflation_zone_euro
adju_I;2008-06-19;2008-06-24;1200;1700;FR0010585901;OATi 2,1% 25 juillet 2023;1750;785;2,23;209;994;0,0248;0,9532;1,02688;OATi;0,021;2023-07-25;OATi 2,1% 25 juillet 2023;15,097;inflation_france
adju_MT;2008-06-19;2008-06-24;4500;5500;FR0113087466;BTAN 3,75% 12 janvier 2013;5135;2485;2,07;612;3097;0,0491;0,9536;;BTAN;0,0375;2013-01-12;BTAN 3,75% 12 janvier 2013;4,567;
adju_MT;2008-06-19;2008-06-24;4500;5500;FR0113872776;BTAN 3,75% 12 septembre 2010;5350;2020;2,65;0;2020;0,0484;0,9775;;BTAN;0,0375;2010-09-12;BTAN 3,75% 12 septembre 2010;2,231;
adju_LT;2008-07-03;2008-07-08;5000;5500;FR0000189151;OAT 4,25% 25 avril 2019;3225;710;4,54;73;783;0,0487;0,9486;;OAT;0,0425;2019-04-25;OAT 4,25% 25 avril 2019;10,809;
adju_LT;2008-07-03;2008-07-08;5000;5500;FR0010466938;OAT 4,25% 25 octobre 2023;3155;1945;1,62;49;1994;0,05;0,9206;;OAT;0,0425;2023-10-25;OAT 4,25% 25 octobre 2023;15,31;
adju_LT;2008-07-03;2008-07-08;5000;5500;FR0010604983;OAT 4% 25 avril 2018;5648;2723;2,07;695;3418;0,0485;0,9345;;OAT;0,04;2018-04-25;OAT 4% 25 avril 2018;9,81;
adju_I;2008-07-17;2008-07-22;1000;1500;FR0010135525;OAT€i 1,6% 25 juillet 2015;1745;525;3,32;0;525;0,0202;0,9728;1,1006;OAT€i;0,016;2015-07-25;OAT€i 1,6% 25 juillet 2015;7,02;inflation_zone_euro
adju_I;2008-07-17;2008-07-22;1000;1500;FR0010235176;OATi 1% 25 juillet 2017;1615;795;2,03;0;795;0,022;0,9025;1,06401;OATi;0,01;2017-07-25;OATi 1% 25 juillet 2017;9,021;inflation_france
adju_MT;2008-07-17;2008-07-22;5200;5700;FR0110979186;BTAN 4,5% 12 juillet 2012;3590;1295;2,77;0;1295;0,0458;0,997;;BTAN;0,045;2012-07-12;BTAN 4,5% 12 juillet 2012;3,986;
adju_MT;2008-07-17;2008-07-22;5200;5700;FR0114683842;BTAN 4,5% 12 juillet 2013;6205;4405;1,41;0;4405;0,0461;0,9951;;BTAN;0,045;2013-07-12;BTAN 4,5% 12 juillet 2013;4,986;
adju_LT;2008-09-04;2008-09-09;5200;5700;FR0010163543;OAT 3,5% 25 avril 2015;2795;1195;2,34;138;1333;0,0421;0,9597;;OAT;0,035;2015-04-25;OAT 3,5% 25 avril 2015;6,637;
adju_LT;2008-09-04;2008-09-09;5200;5700;FR0010371401;OAT 4% 25 octobre 2038;2170;1045;2,08;67;1112;0,0471;0,8867;;OAT;0,04;2038-10-25;OAT 4% 25 octobre 2038;30,138;
adju_LT;2008-09-04;2008-09-09;5200;5700;FR0010604983;OAT 4% 25 avril 2018;5640;2965;1,9;558;3523;0,0436;0,972;;OAT;0,04;2018-04-25;OAT 4% 25 avril 2018;9,637;
adju_MT;2008-09-18;2008-09-23;5000;5500;FR0000188989;OAT 4% 25 avril 2013;1340;690;1,94;0;690;0,0405;0,9979;;OAT;0,04;2013-04-25;OAT 4% 25 avril 2013;4,6;
adju_I;2008-09-18;2008-09-23;1000;1500;FR0010050559;OAT€i 2,25% 25 juillet 2020;1420;475;2,99;0;475;0,0226;0,9987;1,1284;OAT€i;0,0225;2020-07-25;OAT€i 2,25% 25 juillet 2020;11,849;inflation_zone_euro
adju_I;2008-09-18;2008-09-23;1000;1500;FR0010235176;OATi 1% 25 juillet 2017;2460;1000;2,46;0;1000;0,0214;0,909;1,0682;OATi;0,01;2017-07-25;OATi 1% 25 juillet 2017;8,849;inflation_france
adju_MT;2008-09-18;2008-09-23;5000;5500;FR0113872776;BTAN 3,75% 12 septembre 2010;6995;1860;3,76;0;1860;0,0391;0,997;;BTAN;0,0375;2010-09-12;BTAN 3,75% 12 septembre 2010;1,982;
adju_MT;2008-09-18;2008-09-23;5000;5500;FR0114683842;BTAN 4,5% 12 juillet 2013;4710;2470;1,91;0;2470;0,0407;1,0182;;BTAN;0,045;2013-07-12;BTAN 4,5% 12 juillet 2013;4,813;
adju_LT;2008-10-02;2008-10-07;5000;5500;FR0010112052;OAT 4% 25 octobre 2014;2365;1030;2,3;153;1183;0,0416;0,9913;;OAT;0,04;2014-10-25;OAT 4% 25 octobre 2014;6,062;
adju_LT;2008-10-02;2008-10-07;5000;5500;FR0010670737;OAT 4,25% 25 octobre 2018;7075;4210;1,68;614;4824;0,0443;0,9855;;OAT;0,0425;2018-10-25;OAT 4,25% 25 octobre 2018;10,062;
adju_I;2008-10-16;2008-10-21;500;1000;FR0000186413;OATi 3,4% 25 juillet 2029;615;100;6,15;12;112;0,0268;1,1139;1,1795;OATi;0,034;2029-07-25;OATi 3,4% 25 juillet 2029;20,772;inflation_france
adju_MT;2008-10-16;2008-10-21;4500;5500;FR0000186603;OAT 5,5% 25 avril 2010;3080;730;4,22;0;730;0,031;1,0347;;OAT;0,055;2010-04-25;OAT 5,5% 25 avril 2010;1,522;
adju_I;2008-10-16;2008-10-21;500;1000;FR0000188955;OATi 2,5% 25 juillet 2013;810;120;6,75;0;120;0,0244;1,0027;1,12413;OATi;0,025;2013-07-25;OATi 2,5% 25 juillet 2013;4,772;inflation_france
adju_I;2008-10-16;2008-10-21;500;1000;FR0010235176;OATi 1% 25 juillet 2017;1030;330;3,12;0;330;0,025;0,8836;1,06728;OATi;0,01;2017-07-25;OATi 1% 25 juillet 2017;8,772;inflation_france
adju_MT;2008-10-16;2008-10-21;4500;5500;FR0113872776;BTAN 3,75% 12 septembre 2010;6873;2213;3,11;65;2278;0,0323;1,0094;;BTAN;0,0375;2010-09-12;BTAN 3,75% 12 septembre 2010;1,906;
adju_MT;2008-10-16;2008-10-21;4500;5500;FR0114683842;BTAN 4,5% 12 juillet 2013;6503;2487;2,61;721;3208;0,0394;1,0235;;BTAN;0,045;2013-07-12;BTAN 4,5% 12 juillet 2013;4,736;
adju_LT;2008-11-06;2008-11-12;4500;6000;FR0010061242;OAT 4% 25 avril 2014;2900;1215;2,39;0;1215;0,0352;1,0233;;OAT;0,04;2014-04-25;OAT 4% 25 avril 2014;5,465;
adju_LT;2008-11-06;2008-11-12;4500;6000;FR0010371401;OAT 4% 25 octobre 2038;3860;750;5,15;213;963;0,0462;0,8998;;OAT;0,04;2038-10-25;OAT 4% 25 octobre 2038;29,966;
adju_LT;2008-11-06;2008-11-12;4500;6000;FR0010604983;OAT 4% 25 avril 2018;3945;2490;1,58;275;2765;0,0418;0,9862;;OAT;0,04;2018-04-25;OAT 4% 25 avril 2018;9,465;
adju_LT;2008-11-06;2008-11-12;4500;6000;FR0010670737;OAT 4,25% 25 octobre 2018;4625;1510;3,06;388;1898;0,0428;0,9975;;OAT;0,0425;2018-10-25;OAT 4,25% 25 octobre 2018;9,966;
adju_MT;2008-11-20;2008-11-25;5000;6000;FR0010011130;OAT 4% 25 octobre 2013;3443;1343;2,56;35;1378;0,0305;1,0428;;OAT;0,04;2013-10-25;OAT 4% 25 octobre 2013;4,928;
adju_I;2008-11-20;2008-11-25;500;1000;FR0010050559;OAT€i 2,25% 25 juillet 2020;680;205;3,32;0;205;0,025;0,9745;1,12795;OAT€i;0,0225;2020-07-25;OAT€i 2,25% 25 juillet 2020;11,677;inflation_zone_euro
adju_I;2008-11-20;2008-11-25;500;1000;FR0010235176;OATi 1% 25 juillet 2017;845;150;5,63;0;150;0,0233;0,8964;1,06655;OATi;0,01;2017-07-25;OATi 1% 25 juillet 2017;8,676;inflation_france
adju_I;2008-11-20;2008-11-25;500;1000;FR0010585901;OATi 2,1% 25 juillet 2023;785;295;2,66;0;295;0,025;0,9512;1,03393;OATi;0,021;2023-07-25;OATi 2,1% 25 juillet 2023;14,675;inflation_france
adju_MT;2008-11-20;2008-11-25;5000;6000;FR0108354806;BTAN 3% 12 janvier 2011;5070;1535;3,3;133;1668;0,0249;1,0104;;BTAN;0,03;2011-01-12;BTAN 3% 12 janvier 2011;2,144;
adju_MT;2008-11-20;2008-11-25;5000;6000;FR0113872776;BTAN 3,75% 12 septembre 2010;5172;1457;3,55;22;1479;0,0245;1,0225;;BTAN;0,0375;2010-09-12;BTAN 3,75% 12 septembre 2010;1,81;
adju_MT;2008-11-20;2008-11-25;5000;6000;FR0114683842;BTAN 4,5% 12 juillet 2013;6100;1652;3,69;242;1894;0,0306;1,061;;BTAN;0,045;2013-07-12;BTAN 4,5% 12 juillet 2013;4,641;
adju_LT;2009-01-08;2009-01-13;6000;7000;FR0010371401;OAT 4% 25 octobre 2038;1918;958;2;269;1227;0,0411;0,9817;;OAT;0,04;2038-10-25;OAT 4% 25 octobre 2038;29,793;
adju_LT;2009-01-08;2009-01-13;6000;7000;FR0010466938;OAT 4,25% 25 octobre 2023;3020;1750;1,73;478;2228;0,0402;1,0249;;OAT;0,0425;2023-10-25;OAT 4,25% 25 octobre 2023;14,793;
adju_LT;2009-01-08;2009-01-13;6000;7000;FR0010670737;OAT 4,25% 25 octobre 2018;5603;3578;1,57;199;3777;0,0367;1,0467;;OAT;0,0425;2018-10-25;OAT 4,25% 25 octobre 2018;9,793;
adju_I;2009-01-22;2009-01-27;500;1000;FR0000188799;OAT€i 3,15% 25 juillet 2032;960;260;3,69;0;260;0,0235;1,1429;1,13872;OAT€i;0,0315;2032-07-25;OAT€i 3,15% 25 juillet 2032;23,504;inflation_zone_euro
adju_I;2009-01-22;2009-01-27;500;1000;FR0010585901;OATi 2,1% 25 juillet 2023;1113;328;3,39;0;328;0,0221;0,9868;1,02901;OATi;0,021;2023-07-25;OATi 2,1% 25 juillet 2023;14,502;inflation_france
adju_MT;2009-01-22;2009-01-27;6000;7500;FR0107674006;BTAN 2,5% 12 juillet 2010;6190;2332;2,65;129;2461;0,016;1,0128;;BTAN;0,025;2010-07-12;BTAN 2,5% 12 juillet 2010;1,467;
adju_MT;2009-01-22;2009-01-27;6000;7500;FR0108847049;BTAN 3,5% 12 juillet 2011;5325;1760;3,03;53;1813;0,0201;1,0352;;BTAN;0,035;2011-07-12;BTAN 3,5% 12 juillet 2011;2,467;
adju_MT;2009-01-22;2009-01-27;6000;7500;FR0116114978;BTAN 2,5% 12 janvier 2014;7813;3393;2,3;0;3393;0,0294;0,9799;;BTAN;0,025;2014-01-12;BTAN 2,5% 12 janvier 2014;4,972;
adju_LT;2009-02-05;2009-02-10;6000;7000;FR0000189151;OAT 4,25% 25 avril 2019;3430;1325;2,59;24;1349;0,0385;1,0327;;OAT;0,0425;2019-04-25;OAT 4,25% 25 avril 2019;10,215;
adju_LT;2009-02-05;2009-02-10;6000;7000;FR0010371401;OAT 4% 25 octobre 2038;4007;2307;1,74;610;2917;0,0422;0,9633;;OAT;0,04;2038-10-25;OAT 4% 25 octobre 2038;29,717;
adju_LT;2009-02-05;2009-02-10;6000;7000;FR0010670737;OAT 4,25% 25 octobre 2018;5330;2580;2,07;273;2853;0,0381;1,0346;;OAT;0,0425;2018-10-25;OAT 4,25% 25 octobre 2018;9,717;
adju_I;2009-02-19;2009-02-24;500;800;FR0000186413;OATi 3,4% 25 juillet 2029;719;246;2,92;0;246;0,0219;1,1979;1,1698;OATi;0,034;2029-07-25;OATi 3,4% 25 juillet 2029;20,427;inflation_france
adju_I;2009-02-19;2009-02-24;500;800;FR0010050559;OAT€i 2,25% 25 juillet 2020;1045;503;2,08;0;503;0,0215;1,0105;1,12167;OAT€i;0,0225;2020-07-25;OAT€i 2,25% 25 juillet 2020;11,428;inflation_zone_euro
adju_MT;2009-02-19;2009-02-24;6000;7500;FR0108354806;BTAN 3% 12 janvier 2011;5135;2305;2,23;0;2305;0,0153;1,0271;;BTAN;0,03;2011-01-12;BTAN 3% 12 janvier 2011;1,895;
adju_MT;2009-02-19;2009-02-24;6000;7500;FR0113087466;BTAN 3,75% 12 janvier 2013;3495;1835;1,9;0;1835;0,0232;1,0525;;BTAN;0,0375;2013-01-12;BTAN 3,75% 12 janvier 2013;3,896;
adju_MT;2009-02-19;2009-02-24;6000;7500;FR0116114978;BTAN 2,5% 12 janvier 2014;6195;3322;1,86;188;3510;0,0269;0,9916;;BTAN;0,025;2014-01-12;BTAN 2,5% 12 janvier 2014;4,895;
adju_LT;2009-03-05;2009-03-10;6000;7000;FR0000571150;OAT 6% 25 octobre 2025;3640;715;5,09;224;939;0,0433;1,1953;;OAT;0,06;2025-10-25;OAT 6% 25 octobre 2025;16,641;
adju_LT;2009-03-05;2009-03-10;6000;7000;FR0010216481;OAT 3% 25 octobre 2015;4570;2710;1,69;0;2710;0,0306;0,9966;;OAT;0,03;2015-10-25;OAT 3% 25 octobre 2015;6,639;
adju_LT;2009-03-05;2009-03-10;6000;7000;FR0010670737;OAT 4,25% 25 octobre 2018;5990;3495;1,71;822;4317;0,0372;1,0423;;OAT;0,0425;2018-10-25;OAT 4,25% 25 octobre 2018;9,64;
adju_I;2009-03-19;2009-03-24;750;1000;FR0000188955;OATi 2,5% 25 juillet 2013;1227;452;2,71;0;452;0,0109;1,0594;1,11088;OATi;0,025;2013-07-25;OATi 2,5% 25 juillet 2013;4,35;inflation_france
adju_I;2009-03-19;2009-03-24;750;1000;FR0010050559;OAT€i 2,25% 25 juillet 2020;1102;447;2,47;127;574;0,0206;1,0192;1,11421;OAT€i;0,0225;2020-07-25;OAT€i 2,25% 25 juillet 2020;11,351;inflation_zone_euro
adju_MT;2009-03-19;2009-03-24;6000;7500;FR0108847049;BTAN 3,5% 12 juillet 2011;5100;2600;1,96;5;2605;0,0169;1,0404;;BTAN;0,035;2011-07-12;BTAN 3,5% 12 juillet 2011;2,313;
adju_MT;2009-03-19;2009-03-24;6000;7500;FR0109970386;BTAN 3,75% 12 janvier 2012;3530;1195;2,95;37;1232;0,0193;1,0491;;BTAN;0,0375;2012-01-12;BTAN 3,75% 12 janvier 2012;2,817;
adju_MT;2009-03-19;2009-03-24;6000;7500;FR0116114978;BTAN 2,5% 12 janvier 2014;5620;3270;1,72;836;4106;0,0273;0,9898;;BTAN;0,025;2014-01-12;BTAN 2,5% 12 janvier 2014;4,819;
adju_LT;2009-04-02;2009-04-07;6500;8000;FR0000187635;OAT 5,75% 25 octobre 2032;2285;800;2,86;0;800;0,0425;1,2201;;OAT;0,0575;2032-10-25;OAT 5,75% 25 octobre 2032;23,565;
adju_LT;2009-04-02;2009-04-07;6500;8000;FR0000189151;OAT 4,25% 25 avril 2019;6310;3370;1,87;0;3370;0,0362;1,0521;;OAT;0,0425;2019-04-25;OAT 4,25% 25 avril 2019;10,062;
adju_LT;2009-04-02;2009-04-07;6500;8000;FR0010112052;OAT 4% 25 octobre 2014;4515;1585;2,85;0;1585;0,0278;1,0616;;OAT;0,04;2014-10-25;OAT 4% 25 octobre 2014;5,563;
adju_LT;2009-04-02;2009-04-07;6500;8000;FR0010371401;OAT 4% 25 octobre 2038;3435;1935;1,78;0;1935;0,0416;0,9734;;OAT;0,04;2038-10-25;OAT 4% 25 octobre 2038;29,563;
adju_MT;2009-04-16;2009-04-21;6500;8000;FR0000187874;OAT 5% 25 octobre 2011;4100;1600;2,56;0;1600;0,0178;1,0783;;OAT;0,05;2011-10-25;OAT 5% 25 octobre 2011;2,524;
adju_I;2009-04-16;2009-04-21;1000;1500;FR0010135525;OAT€i 1,6% 25 juillet 2015;1348;753;1,79;34;787;0,0141;1,0113;1,09237;OAT€i;0,016;2015-07-25;OAT€i 1,6% 25 juillet 2015;6,272;inflation_zone_euro
adju_I;2009-04-16;2009-04-21;1000;1500;FR0010447367;OAT€i 1,8% 25 juillet 2040;538;213;2,53;26;239;0,0209;0,9331;1,04627;OAT€i;0,018;2040-07-25;OAT€i 1,8% 25 juillet 2040;31,274;inflation_zone_euro
adju_I;2009-04-16;2009-04-21;1000;1500;FR0010585901;OATi 2,1% 25 juillet 2023;682;292;2,34;19;311;0,0202;1,0101;1,024;OATi;0,021;2023-07-25;OATi 2,1% 25 juillet 2023;14,272;inflation_france
adju_MT;2009-04-16;2009-04-21;6500;8000;FR0108354806;BTAN 3% 12 janvier 2011;4880;1995;2,45;0;1995;0,0142;1,0267;;BTAN;0,03;2011-01-12;BTAN 3% 12 janvier 2011;1,741;
adju_MT;2009-04-16;2009-04-21;6500;8000;FR0116114978;BTAN 2,5% 12 janvier 2014;6165;3715;1,66;0;3715;0,0265;0,9933;;BTAN;0,025;2014-01-12;BTAN 2,5% 12 janvier 2014;4,742;
adju_LT;2009-05-07;2009-05-12;6500;8000;FR0000189151;OAT 4,25% 25 avril 2019;5510;3435;1,6;0;3435;0,0367;1,0476;;OAT;0,0425;2019-04-25;OAT 4,25% 25 avril 2019;9,966;
adju_LT;2009-05-07;2009-05-12;6500;8000;FR0000571218;OAT 5,5% 25 avril 2029;3375;1490;2,27;0;1490;0,0432;1,1562;;OAT;0,055;2029-04-25;OAT 5,5% 25 avril 2029;19,967;
adju_LT;2009-05-07;2009-05-12;6500;8000;FR0010371401;OAT 4% 25 octobre 2038;2670;1325;2,02;0;1325;0,0427;0,9555;;OAT;0,04;2038-10-25;OAT 4% 25 octobre 2038;29,467;
adju_LT;2009-05-07;2009-05-12;6500;8000;FR0010517417;OAT 4,25% 25 octobre 2017;3330;1750;1,9;0;1750;0,035;1,0541;;OAT;0,0425;2017-10-25;OAT 4,25% 25 octobre 2017;8,468;
adju_I;2009-05-20;2009-05-26;1000;1500;FR0010050559;OAT€i 2,25% 25 juillet 2020;1047;455;2,3;0;455;0,0175;1,0501;1,11965;OAT€i;0,0225;2020-07-25;OAT€i 2,25% 25 juillet 2020;11,181;inflation_zone_euro
adju_I;2009-05-20;2009-05-26;1000;1500;FR0010235176;OATi 1% 25 juillet 2017;1552;872;1,78;0;872;0,0143;0,9674;1,05927;OATi;0,01;2017-07-25;OATi 1% 25 juillet 2017;8,181;inflation_france
adju_MT;2009-05-20;2009-05-26;6500;8000;FR0116114978;BTAN 2,5% 12 janvier 2014;6600;3675;1,8;11;3686;0,0271;0,9911;;BTAN;0,025;2014-01-12;BTAN 2,5% 12 janvier 2014;4,649;
adju_MT;2009-05-20;2009-05-26;6500;8000;FR0116843519;BTAN 1,5% 12 septembre 2011;8700;4275;2,04;14;4289;0,0166;0,9964;;BTAN;0,015;2011-09-12;BTAN 1,5% 12 septembre 2011;2,313;
adju_LT;2009-06-04;2009-06-09;6000;7000;FR0010192997;OAT 3,75% 25 avril 2021;3695;1820;2,03;0;1820;0,0417;0,9609;;OAT;0,0375;2021-04-25;OAT 3,75% 25 avril 2021;11,89;
adju_LT;2009-06-04;2009-06-09;6000;7000;FR0010216481;OAT 3% 25 octobre 2015;4065;2265;1,79;0;2265;0,0326;0,9851;;OAT;0,03;2015-10-25;OAT 3% 25 octobre 2015;6,39;
adju_LT;2009-06-04;2009-06-09;6000;7000;FR0010466938;OAT 4,25% 25 octobre 2023;4065;2365;1,72;0;2365;0,0434;0,99;;OAT;0,0425;2023-10-25;OAT 4,25% 25 octobre 2023;14,39;
adju_I;2009-06-18;2009-06-23;1200;1700;FR0010135525;OAT€i 1,6% 25 juillet 2015;1178;498;2,37;0;498;0,0134;1,015;1,10078;OAT€i;0,016;2015-07-25;OAT€i 1,6% 25 juillet 2015;6,1;inflation_zone_euro
adju_I;2009-06-18;2009-06-23;1200;1700;FR0010585901;OATi 2,1% 25 juillet 2023;1303;708;1,84;81;789;0,0206;1,0051;1,02847;OATi;0,021;2023-07-25;OATi 2,1% 25 juillet 2023;14,1;inflation_france
adju_MT;2009-06-18;2009-06-23;7000;8500;FR0110979186;BTAN 4,5% 12 juillet 2012;3750;1550;2,42;345;1895;0,0213;1,0692;;BTAN;0,045;2012-07-12;BTAN 4,5% 12 juillet 2012;3,066;
adju_MT;2009-06-18;2009-06-23;7000;8500;FR0116843519;BTAN 1,5% 12 septembre 2011;6545;2495;2,62;247;2742;0,0172;0,9953;;BTAN;0,015;2011-09-12;BTAN 1,5% 12 septembre 2011;2,234;
adju_MT;2009-06-18;2009-06-23;7000;8500;FR0116843535;BTAN 3% 12 juillet 2014;8795;4120;2,13;608;4728;0,0298;1,0011;;BTAN;0,03;2014-07-12;BTAN 3% 12 juillet 2014;5,065;
adju_LT;2009-07-02;2009-07-07;6000;7000;FR0010288357;OAT 3,25% 25 avril 2016;3340;1315;2,54;204;1519;0,0317;1,0047;;OAT;0,0325;2016-04-25;OAT 3,25% 25 avril 2016;6,815;
adju_LT;2009-07-02;2009-07-07;6000;7000;FR0010776161;OAT 3,75% 25 octobre 2019;8720;5120;1,7;768;5888;0,0382;0,9937;;OAT;0,0375;2019-10-25;OAT 3,75% 25 octobre 2019;10,313;
adju_I;2009-07-16;2009-07-21;1000;1500;FR0000186413;OATi 3,4% 25 juillet 2029;516;190;2,72;0;190;0,0186;1,2557;1,17412;OATi;0,034;2029-07-25;OATi 3,4% 25 juillet 2029;20,025;inflation_france
adju_I;2009-07-16;2009-07-21;1000;1500;FR0010050559;OAT€i 2,25% 25 juillet 2020;1315;660;1,99;0;660;0,0187;1,0375;1,12482;OAT€i;0,0225;2020-07-25;OAT€i 2,25% 25 juillet 2020;11,025;inflation_zone_euro
adju_I;2009-07-16;2009-07-21;1000;1500;FR0010447367;OAT€i 1,8% 25 juillet 2040;684;346;1,98;15;361;0,0204;0,9462;1,0557;OAT€i;0,018;2040-07-25;OAT€i 1,8% 25 juillet 2040;31,025;inflation_zone_euro
adju_MT;2009-07-16;2009-07-21;6000;7500;FR0109970386;BTAN 3,75% 12 janvier 2012;3875;800;4,84;0;800;0,0163;1,051;;BTAN;0,0375;2012-01-12;BTAN 3,75% 12 janvier 2012;2,491;
adju_MT;2009-07-16;2009-07-21;6000;7500;FR0116843519;BTAN 1,5% 12 septembre 2011;6300;3040;2,07;0;3040;0,0147;1,0006;;BTAN;0,015;2011-09-12;BTAN 1,5% 12 septembre 2011;2,157;
adju_MT;2009-07-16;2009-07-21;6000;7500;FR0116843535;BTAN 3% 12 juillet 2014;6865;3615;1,9;0;3615;0,0276;1,0109;;BTAN;0,03;2014-07-12;BTAN 3% 12 juillet 2014;4,988;
adju_LT;2009-09-03;2009-09-08;6500;7500;FR0010216481;OAT 3% 25 octobre 2015;4890;2265;2,16;0;2265;0,0284;1,0089;;OAT;0,03;2015-10-25;OAT 3% 25 octobre 2015;6,141;
adju_LT;2009-09-03;2009-09-08;6500;7500;FR0010466938;OAT 4,25% 25 octobre 2023;2910;1660;1,75;0;1660;0,0391;1,0368;;OAT;0,0425;2023-10-25;OAT 4,25% 25 octobre 2023;14,141;
adju_LT;2009-09-03;2009-09-08;6500;7500;FR0010776161;OAT 3,75% 25 octobre 2019;6615;3540;1,87;0;3540;0,0356;1,0155;;OAT;0,0375;2019-10-25;OAT 3,75% 25 octobre 2019;10,141;
adju_MT;2009-09-17;2009-09-22;7000;8000;FR0000188328;OAT 5% 25 avril 2012;3495;1770;1,97;42;1812;0,0168;1,0834;;OAT;0,05;2012-04-25;OAT 5% 25 avril 2012;2,604;
adju_I;2009-09-17;2009-09-22;1300;1800;FR0000188799;OAT€i 3,15% 25 juillet 2032;958;370;2,59;0;370;0,0178;1,2556;1,13608;OAT€i;0,0315;2032-07-25;OAT€i 3,15% 25 juillet 2032;22,853;inflation_zone_euro
adju_I;2009-09-17;2009-09-22;1300;1800;FR0010135525;OAT€i 1,6% 25 juillet 2015;1214;699;1,74;0;699;0,0091;1,0391;1,09874;OAT€i;0,016;2015-07-25;OAT€i 1,6% 25 juillet 2015;5,851;inflation_zone_euro
adju_I;2009-09-17;2009-09-22;1300;1800;FR0010235176;OATi 1% 25 juillet 2017;1061;686;1,55;13;699;0,0115;0,9887;1,061;OATi;0,01;2017-07-25;OATi 1% 25 juillet 2017;7,852;inflation_france
adju_MT;2009-09-17;2009-09-22;7000;8000;FR0116843519;BTAN 1,5% 12 septembre 2011;6300;3005;2,1;561;3566;0,0132;1,0034;;BTAN;0,015;2011-09-12;BTAN 1,5% 12 septembre 2011;1,985;
adju_MT;2009-09-17;2009-09-22;7000;8000;FR0116843535;BTAN 3% 12 juillet 2014;5745;3190;1,8;46;3236;0,026;1,0176;;BTAN;0,03;2014-07-12;BTAN 3% 12 juillet 2014;4,816;
adju_LT;2009-10-01;2009-10-06;7000;8000;FR0000187361;OAT 5% 25 octobre 2016;3695;1710;2,16;38;1748;0,0307;1,1209;;OAT;0,05;2016-10-25;OAT 5% 25 octobre 2016;7,066;
adju_LT;2009-10-01;2009-10-06;7000;8000;FR0000571150;OAT 6% 25 octobre 2025;2875;1810;1,59;71;1881;0,0399;1,2343;;OAT;0,06;2025-10-25;OAT 6% 25 octobre 2025;16,066;
adju_LT;2009-10-01;2009-10-06;7000;8000;FR0010776161;OAT 3,75% 25 octobre 2019;5845;3695;1,58;983;4678;0,0357;1,0148;;OAT;0,0375;2019-10-25;OAT 3,75% 25 octobre 2019;10,064;
adju_MT;2009-10-15;2009-10-20;6500;8000;FR0000188989;OAT 4% 25 avril 2013;3360;825;4,07;0;825;0,0218;1,0609;;OAT;0,04;2013-04-25;OAT 4% 25 avril 2013;3,526;
adju_I;2009-10-15;2009-10-20;1200;1700;FR0010050559;OAT€i 2,25% 25 juillet 2020;1432;673;2,13;23;696;0,0152;1,0717;1,12132;OAT€i;0,0225;2020-07-25;OAT€i 2,25% 25 juillet 2020;10,776;inflation_zone_euro
adju_MT;2009-10-15;2009-10-20;6500;8000;FR0010061242;OAT 4% 25 avril 2014;3785;1080;3,5;0;1080;0,0254;1,0616;;OAT;0,04;2014-04-25;OAT 4% 25 avril 2014;4,526;
adju_I;2009-10-15;2009-10-20;1200;1700;FR0010447367;OAT€i 1,8% 25 juillet 2040;1245;665;1,87;0;665;0,0172;1,0184;1,05242;OAT€i;0,018;2040-07-25;OAT€i 1,8% 25 juillet 2040;30,776;inflation_zone_euro
adju_I;2009-10-15;2009-10-20;1200;1700;FR0010585901;OATi 2,1% 25 juillet 2023;810;360;2,25;35;395;0,017;1,0491;1,03043;OATi;0,021;2023-07-25;OATi 2,1% 25 juillet 2023;13,774;inflation_france
adju_MT;2009-10-15;2009-10-20;6500;8000;FR0116843519;BTAN 1,5% 12 septembre 2011;7715;3187;2,42;0;3187;0,014;1,0018;;BTAN;0,015;2011-09-12;BTAN 1,5% 12 septembre 2011;1,908;
adju_MT;2009-10-15;2009-10-20;6500;8000;FR0116843535;BTAN 3% 12 juillet 2014;5395;2890;1,87;0;2890;0,0261;1,0169;;BTAN;0,03;2014-07-12;BTAN 3% 12 juillet 2014;4,739;
adju_LT;2009-11-05;2009-11-10;6500;8000;FR0010288357;OAT 3,25% 25 avril 2016;3620;2145;1,69;98;2243;0,0297;1,0163;;OAT;0,0325;2016-04-25;OAT 3,25% 25 avril 2016;6,47;
adju_LT;2009-11-05;2009-11-10;6500;8000;FR0010415331;OAT 3,75% 25 avril 2017;2550;900;2,83;0;900;0,0318;1,0373;;OAT;0,0375;2017-04-25;OAT 3,75% 25 avril 2017;7,469;
adju_LT;2009-11-05;2009-11-10;6500;8000;FR0010773192;OAT 4,5% 25 avril 2041;3390;2175;1,56;0;2175;0,043;1,0333;;OAT;0,045;2041-04-25;OAT 4,5% 25 avril 2041;31,469;
adju_LT;2009-11-05;2009-11-10;6500;8000;FR0010776161;OAT 3,75% 25 octobre 2019;5190;2490;2,08;0;2490;0,0362;1,0107;;OAT;0,0375;2019-10-25;OAT 3,75% 25 octobre 2019;9,969;
adju_MT;2009-11-19;2009-11-24;6500;7500;FR0010011130;OAT 4% 25 octobre 2013;2810;1575;1,78;0;1575;0,0223;1,0655;;OAT;0,04;2013-10-25;OAT 4% 25 octobre 2013;3,932;
adju_I;2009-11-19;2009-11-24;700;1200;FR0010050559;OAT€i 2,25% 25 juillet 2020;1240;583;2,13;72;655;0,016;1,0633;1,12301;OAT€i;0,0225;2020-07-25;OAT€i 2,25% 25 juillet 2020;10,68;inflation_zone_euro
adju_I;2009-11-19;2009-11-24;700;1200;FR0010235176;OATi 1% 25 juillet 2017;1198;581;2,06;20;601;0,012;0,9853;1,06305;OATi;0,01;2017-07-25;OATi 1% 25 juillet 2017;7,68;inflation_france
adju_MT;2009-11-19;2009-11-24;6500;7500;FR0109970386;BTAN 3,75% 12 janvier 2012;4920;2580;1,91;0;2580;0,0142;1,0487;;BTAN;0,0375;2012-01-12;BTAN 3,75% 12 janvier 2012;2,146;
adju_MT;2009-11-19;2009-11-24;6500;7500;FR0116843519;BTAN 1,5% 12 septembre 2011;5585;1881;2,97;0;1881;0,0125;1,0044;;BTAN;0,015;2011-09-12;BTAN 1,5% 12 septembre 2011;1,812;
adju_MT;2009-11-19;2009-11-24;6500;7500;FR0116843535;BTAN 3% 12 juillet 2014;4450;1300;3,42;0;1300;0,0251;1,0209;;BTAN;0,03;2014-07-12;BTAN 3% 12 juillet 2014;4,643;
adju_MLT;2009-12-03;2009-12-08;4500;5500;FR0000571218;OAT 5,5% 25 avril 2029;2195;1250;1,76;68;1318;0,0409;1,1857;;OAT;0,055;2029-04-25;OAT 5,5% 25 avril 2029;19,392;
adju_MLT;2009-12-03;2009-12-08;4500;5500;FR0010216481;OAT 3% 25 octobre 2015;3065;810;3,78;0;810;0,0273;1,0145;;OAT;0,03;2015-10-25;OAT 3% 25 octobre 2015;5,892;
adju_MLT;2009-12-03;2009-12-08;4500;5500;FR0110979186;BTAN 4,5% 12 juillet 2012;3860;1415;2,73;0;1415;0,0163;1,0722;;BTAN;0,045;2012-07-12;BTAN 4,5% 12 juillet 2012;2,606;
adju_MLT;2009-12-03;2009-12-08;4500;5500;FR0116114978;BTAN 2,5% 12 janvier 2014;4200;1975;2,13;0;1975;0,0226;1,0093;;BTAN;0,025;2014-01-12;BTAN 2,5% 12 janvier 2014;4,11;
adju_LT;2010-01-07;2010-01-12;7500;9000;FR0010466938;OAT 4,25% 25 octobre 2023;2990;910;3,29;237;1147;0,0397;1,0289;;OAT;0,0425;2023-10-25;OAT 4,25% 25 octobre 2023;13,796;
adju_LT;2010-01-07;2010-01-12;7500;9000;FR0010604983;OAT 4% 25 avril 2018;4010;1250;3,21;1;1251;0,0334;1,0469;;OAT;0,04;2018-04-25;OAT 4% 25 avril 2018;8,296;
adju_LT;2010-01-07;2010-01-12;7500;9000;FR0010773192;OAT 4,5% 25 avril 2041;5280;2220;2,38;268;2488;0,0428;1,0373;;OAT;0,045;2041-04-25;OAT 4,5% 25 avril 2041;31,296;
adju_LT;2010-01-07;2010-01-12;7500;9000;FR0010776161;OAT 3,75% 25 octobre 2019;7289;4270;1,71;800;5070;0,036;1,0124;;OAT;0,0375;2019-10-25;OAT 3,75% 25 octobre 2019;9,796;
adju_I;2010-01-21;2010-01-26;2000;3000;FR0010850032;OATi 1,3% 25 juillet 2019;5310;2570;2,07;319;2889;0,0141;0,9901;1,00131;OATi;0,013;2019-07-25;OATi 1,3% 25 juillet 2019;9,506;inflation_france
adju_MT;2010-01-21;2010-01-26;7500;9000;FR0109970386;BTAN 3,75% 12 janvier 2012;4725;1335;3,54;12;1347;0,012;1,0491;;BTAN;0,0375;2012-01-12;BTAN 3,75% 12 janvier 2012;1,974;
adju_MT;2010-01-21;2010-01-26;7500;9000;FR0114683842;BTAN 4,5% 12 juillet 2013;4160;1835;2,27;442;2277;0,0189;1,0866;;BTAN;0,045;2013-07-12;BTAN 4,5% 12 juillet 2013;3,472;
adju_MT;2010-01-21;2010-01-26;7500;9000;FR0117836652;BTAN 2,5% 15 janvier 2015;8565;5765;1,49;841;6606;0,0249;1,0003;;BTAN;0,025;2015-01-15;BTAN 2,5% 15 janvier 2015;4,983;
adju_LT;2010-02-04;2010-02-09;7000;8000;FR0000187361;OAT 5% 25 octobre 2016;3300;1450;2,28;0;1450;0,029;1,1262;;OAT;0,05;2016-10-25;OAT 5% 25 octobre 2016;6,721;
adju_LT;2010-02-04;2010-02-09;7000;8000;FR0010070060;OAT 4,75% 25 avril 2035;3510;1710;2,05;524;2234;0,0414;1,0937;;OAT;0,0475;2035-04-25;OAT 4,75% 25 avril 2035;25,218;
adju_LT;2010-02-04;2010-02-09;7000;8000;FR0010854182;OAT 3,5% 25 avril 2020;7920;4709;1,68;666;5375;0,0358;0,993;;OAT;0,035;2020-04-25;OAT 3,5% 25 avril 2020;10,22;
adju_MT;2010-02-18;2010-02-23;7000;8000;FR0000188690;OAT 4,75% 25 octobre 2012;5175;2075;2,49;0;2075;0,0137;1,0878;;OAT;0,0475;2012-10-25;OAT 4,75% 25 octobre 2012;2,683;
adju_I;2010-02-18;2010-02-23;1500;2000;FR0010050559;OAT€i 2,25% 25 juillet 2020;1660;685;2,42;0;685;0,0153;1,0684;1,12961;OAT€i;0,0225;2020-07-25;OAT€i 2,25% 25 juillet 2020;10,431;inflation_zone_euro
adju_I;2010-02-18;2010-02-23;1500;2000;FR0010135525;OAT€i 1,6% 25 juillet 2015;1650;635;2,6;0;635;0,008;1,0423;1,10691;OAT€i;0,016;2015-07-25;OAT€i 1,6% 25 juillet 2015;5,429;inflation_zone_euro
adju_I;2010-02-18;2010-02-23;1500;2000;FR0010585901;OATi 2,1% 25 juillet 2023;1751;635;2,76;0;635;0,0164;1,0548;1,0336;OATi;0,021;2023-07-25;OATi 2,1% 25 juillet 2023;13,429;inflation_france
adju_MT;2010-02-18;2010-02-23;7000;8000;FR0110979186;BTAN 4,5% 12 juillet 2012;5165;1850;2,79;0;1850;0,0124;1,0758;;BTAN;0,045;2012-07-12;BTAN 4,5% 12 juillet 2012;2,396;
adju_MT;2010-02-18;2010-02-23;7000;8000;FR0117836652;BTAN 2,5% 15 janvier 2015;8075;4050;1,99;0;4050;0,0238;1,0056;;BTAN;0,025;2015-01-15;BTAN 2,5% 15 janvier 2015;4,906;
adju_LT;2010-03-04;2010-03-09;7000;8500;FR0000187635;OAT 5,75% 25 octobre 2032;2465;1680;1,47;124;1804;0,0405;1,2487;;OAT;0,0575;2032-10-25;OAT 5,75% 25 octobre 2032;22,645;
adju_LT;2010-03-04;2010-03-09;7000;8500;FR0010466938;OAT 4,25% 25 octobre 2023;2885;1890;1,53;193;2083;0,0375;1,0524;;OAT;0,0425;2023-10-25;OAT 4,25% 25 octobre 2023;13,643;
adju_LT;2010-03-04;2010-03-09;7000;8500;FR0010854182;OAT 3,5% 25 avril 2020;8315;4544;1,83;248;4792;0,0345;1,0045;;OAT;0,035;2020-04-25;OAT 3,5% 25 avril 2020;10,144;
adju_I;2010-03-18;2010-03-23;1300;1800;FR0010447367;OAT€i 1,8% 25 juillet 2040;802;427;1,88;10;437;0,0177;1,0064;1,05492;OAT€i;0,018;2040-07-25;OAT€i 1,8% 25 juillet 2040;30,355;inflation_zone_euro
adju_I;2010-03-18;2010-03-23;1300;1800;FR0010850032;OATi 1,3% 25 juillet 2019;2090;1215;1,72;84;1299;0,0119;1,0097;1,00222;OATi;0,013;2019-07-25;OATi 1,3% 25 juillet 2019;9,352;inflation_france
adju_MT;2010-03-18;2010-03-23;7000;8000;FR0110979186;BTAN 4,5% 12 juillet 2012;4825;2800;1,72;0;2800;0,0112;1,0764;;BTAN;0,045;2012-07-12;BTAN 4,5% 12 juillet 2012;2,319;
adju_MT;2010-03-18;2010-03-23;7000;8000;FR0116114978;BTAN 2,5% 12 janvier 2014;4890;2115;2,31;14;2129;0,0184;1,0239;;BTAN;0,025;2014-01-12;BTAN 2,5% 12 janvier 2014;3,822;
adju_MT;2010-03-18;2010-03-23;7000;8000;FR0117836652;BTAN 2,5% 15 janvier 2015;6010;2785;2,16;176;2961;0,0227;1,0103;;BTAN;0,025;2015-01-15;BTAN 2,5% 15 janvier 2015;4,83;
adju_LT;2010-04-01;2010-04-07;7000;8500;FR0000571150;OAT 6% 25 octobre 2025;3315;1365;2,43;0;1365;0,0381;1,253;;OAT;0,06;2025-10-25;OAT 6% 25 octobre 2025;15,567;
adju_LT;2010-04-01;2010-04-07;7000;8500;FR0010192997;OAT 3,75% 25 avril 2021;4545;1955;2,32;0;1955;0,0351;1,0217;;OAT;0,0375;2021-04-25;OAT 3,75% 25 avril 2021;11,066;
adju_LT;2010-04-01;2010-04-07;7000;8500;FR0010216481;OAT 3% 25 octobre 2015;3800;1575;2,41;0;1575;0,0247;1,027;;OAT;0,03;2015-10-25;OAT 3% 25 octobre 2015;5,566;
adju_LT;2010-04-01;2010-04-07;7000;8500;FR0010854182;OAT 3,5% 25 avril 2020;6635;3512;1,89;0;3512;0,0341;1,0079;;OAT;0,035;2020-04-25;OAT 3,5% 25 avril 2020;10,067;
adju_MT;2010-04-15;2010-04-20;7000;8500;FR0000188328;OAT 5% 25 avril 2012;5085;1595;3,19;0;1595;0,0096;1,0802;;OAT;0,05;2012-04-25;OAT 5% 25 avril 2012;2,029;
adju_I;2010-04-15;2010-04-20;1300;1800;FR0010050559;OAT€i 2,25% 25 juillet 2020;2545;985;2,58;76;1061;0,0135;1,0859;1,12318;OAT€i;0,0225;2020-07-25;OAT€i 2,25% 25 juillet 2020;10,278;inflation_zone_euro
adju_I;2010-04-15;2010-04-20;1300;1800;FR0010585901;OATi 2,1% 25 juillet 2023;1620;675;2,4;120;795;0,0147;1,0752;1,0354;OATi;0,021;2023-07-25;OATi 2,1% 25 juillet 2023;13,276;inflation_france
adju_MT;2010-04-15;2010-04-20;7000;8500;FR0113087466;BTAN 3,75% 12 janvier 2013;4850;1960;2,47;0;1960;0,013;1,0654;;BTAN;0,0375;2013-01-12;BTAN 3,75% 12 janvier 2013;2,746;
adju_MT;2010-04-15;2010-04-20;7000;8500;FR0116843535;BTAN 3% 12 juillet 2014;4795;2425;1,98;510;2935;0,0203;1,0388;;BTAN;0,03;2014-07-12;BTAN 3% 12 juillet 2014;4,241;
adju_MT;2010-04-15;2010-04-20;7000;8500;FR0117836652;BTAN 2,5% 15 janvier 2015;4441;2221;2;608;2829;0,0226;1,0108;;BTAN;0,025;2015-01-15;BTAN 2,5% 15 janvier 2015;4,753;
adju_LT;2010-05-06;2010-05-11;7500;9000;FR0010192997;OAT 3,75% 25 avril 2021;3760;2085;1,8;0;2085;0,0328;1,0424;;OAT;0,0375;2021-04-25;OAT 3,75% 25 avril 2021;10,971;
adju_LT;2010-05-06;2010-05-11;7500;9000;FR0010773192;OAT 4,5% 25 avril 2041;2455;1305;1,88;0;1305;0,0384;1,1193;;OAT;0,045;2041-04-25;OAT 4,5% 25 avril 2041;30,971;
adju_LT;2010-05-06;2010-05-11;7500;9000;FR0010854182;OAT 3,5% 25 avril 2020;8165;5315;1,54;0;5315;0,0318;1,0271;;OAT;0,035;2020-04-25;OAT 3,5% 25 avril 2020;9,971;
adju_I;2010-05-20;2010-05-25;2000;3000;FR0010899765;OAT€i 1,1% 25 juillet 2022;4172;2732;1,53;151;2883;0,0134;0,9727;1,00705;OAT€i;0,011;2022-07-25;OAT€i 1,1% 25 juillet 2022;12,181;inflation_zone_euro
adju_MT;2010-05-20;2010-05-25;7000;8000;FR0116114978;BTAN 2,5% 12 janvier 2014;4270;840;5,08;224;1064;0,013;1,0423;;BTAN;0,025;2014-01-12;BTAN 2,5% 12 janvier 2014;3,65;
adju_MT;2010-05-20;2010-05-25;7000;8000;FR0117836652;BTAN 2,5% 15 janvier 2015;6265;3025;2,07;799;3824;0,0175;1,0331;;BTAN;0,025;2015-01-15;BTAN 2,5% 15 janvier 2015;4,657;
adju_MT;2010-05-20;2010-05-25;7000;8000;FR0118153370;BTAN 0,75% 20 septembre 2012;8975;4099;2,19;23;4122;0,0073;1,0004;;BTAN;0,0075;2012-09-20;BTAN 0,75% 20 septembre 2012;2,338;
adju_LT;2010-06-03;2010-06-08;7500;8500;FR0000571218;OAT 5,5% 25 avril 2029;2365;975;2,43;181;1156;0,0365;1,2493;;OAT;0,055;2029-04-25;OAT 5,5% 25 avril 2029;18,894;
adju_LT;2010-06-03;2010-06-08;7500;8500;FR0010192997;OAT 3,75% 25 avril 2021;5705;3364;1,7;596;3960;0,0315;1,0547;;OAT;0,0375;2021-04-25;OAT 3,75% 25 avril 2021;10,894;
adju_LT;2010-06-03;2010-06-08;7500;8500;FR0010415331;OAT 3,75% 25 avril 2017;3480;1375;2,53;110;1485;0,0247;1,0801;;OAT;0,0375;2017-04-25;OAT 3,75% 25 avril 2017;6,894;
adju_LT;2010-06-03;2010-06-08;7500;8500;FR0010854182;OAT 3,5% 25 avril 2020;5885;2570;2,29;348;2918;0,0305;1,0375;;OAT;0,035;2020-04-25;OAT 3,5% 25 avril 2020;9,895;
adju_I;2010-06-17;2010-06-22;1300;1800;FR0010235176;OATi 1% 25 juillet 2017;2156;992;2,17;117;1109;0,0067;1,0228;1,07759;OATi;0,01;2017-07-25;OATi 1% 25 juillet 2017;7,105;inflation_france
adju_I;2010-06-17;2010-06-22;1300;1800;FR0010447367;OAT€i 1,8% 25 juillet 2040;672;258;2,6;23;281;0,0147;1,0793;1,06892;OAT€i;0,018;2040-07-25;OAT€i 1,8% 25 juillet 2040;30,105;inflation_zone_euro
adju_I;2010-06-17;2010-06-22;1300;1800;FR0010585901;OATi 2,1% 25 juillet 2023;1396;540;2,59;71;611;0,0127;1,0999;1,04464;OATi;0,021;2023-07-25;OATi 2,1% 25 juillet 2023;13,103;inflation_france
adju_MT;2010-06-17;2010-06-22;6500;8000;FR0114683842;BTAN 4,5% 12 juillet 2013;4330;1805;2,4;295;2100;0,0116;1,0997;;BTAN;0,045;2013-07-12;BTAN 4,5% 12 juillet 2013;3,069;
adju_MT;2010-06-17;2010-06-22;6500;8000;FR0118153370;BTAN 0,75% 20 septembre 2012;5840;2640;2,21;0;2640;0,0081;0,9986;;BTAN;0,0075;2012-09-20;BTAN 0,75% 20 septembre 2012;2,261;
adju_MT;2010-06-17;2010-06-22;6500;8000;FR0118462128;BTAN 2% 12 juillet 2015;8145;3545;2,3;541;4086;0,021;0,9952;;BTAN;0,02;2015-07-12;BTAN 2% 12 juillet 2015;5,068;
adju_LT;2010-07-01;2010-07-06;6500;7500;FR0010670737;OAT 4,25% 25 octobre 2018;4440;1340;3,31;11;1351;0,0276;1,1094;;OAT;0,0425;2018-10-25;OAT 4,25% 25 octobre 2018;8,318;
adju_LT;2010-07-01;2010-07-06;6500;7500;FR0010854182;OAT 3,5% 25 avril 2020;7080;2017;3,51;494;2511;0,0304;1,0386;;OAT;0,035;2020-04-25;OAT 3,5% 25 avril 2020;9,818;
adju_LT;2010-07-01;2010-07-06;6500;7500;FR0010916924;OAT 3,5% 25 avril 2026;5955;4095;1,45;595;4690;0,0354;0,9947;;OAT;0,035;2026-04-25;OAT 3,5% 25 avril 2026;15,817;
adju_MT;2010-07-15;2010-07-20;7000;8500;FR0000188989;OAT 4% 25 avril 2013;4395;1320;3,33;60;1380;0,0115;1,0771;;OAT;0,04;2013-04-25;OAT 4% 25 avril 2013;2,779;
adju_I;2010-07-15;2010-07-20;1300;1800;FR0010850032;OATi 1,3% 25 juillet 2019;1500;630;2,38;0;630;0,0098;1,0277;1,01563;OATi;0,013;2019-07-25;OATi 1,3% 25 juillet 2019;9,027;inflation_france
adju_I;2010-07-15;2010-07-20;1300;1800;FR0010899765;OAT€i 1,1% 25 juillet 2022;2212;1140;1,94;0;1140;0,0144;0,9625;1,01456;OAT€i;0,011;2022-07-25;OAT€i 1,1% 25 juillet 2022;12,027;inflation_zone_euro
adju_MT;2010-07-15;2010-07-20;7000;8500;FR0118153370;BTAN 0,75% 20 septembre 2012;6645;3045;2,18;31;3076;0,0097;0,9952;;BTAN;0,0075;2012-09-20;BTAN 0,75% 20 septembre 2012;2,185;
adju_MT;2010-07-15;2010-07-20;7000;8500;FR0118462128;BTAN 2% 12 juillet 2015;6655;4030;1,65;1099;5129;0,0198;1,0011;;BTAN;0,02;2015-07-12;BTAN 2% 12 juillet 2015;4,991;
adju_LT;2010-09-02;2010-09-07;7500;9000;FR0010288357;OAT 3,25% 25 avril 2016;3455;685;5,04;0;685;0,0178;1,0778;;OAT;0,0325;2016-04-25;OAT 3,25% 25 avril 2016;5,645;
adju_LT;2010-09-02;2010-09-07;7500;9000;FR0010773192;OAT 4,5% 25 avril 2041;2580;1330;1,94;0;1330;0,0317;1,2576;;OAT;0,045;2041-04-25;OAT 4,5% 25 avril 2041;30,645;
adju_LT;2010-09-02;2010-09-07;7500;9000;FR0010854182;OAT 3,5% 25 avril 2020;6270;2895;2,17;0;2895;0,0255;1,0801;;OAT;0,035;2020-04-25;OAT 3,5% 25 avril 2020;9,645;
adju_LT;2010-09-02;2010-09-07;7500;9000;FR0010916924;OAT 3,5% 25 avril 2026;5095;3970;1,28;0;3970;0,03;1,0619;;OAT;0,035;2026-04-25;OAT 3,5% 25 avril 2026;15,644;
adju_I;2010-09-16;2010-09-21;1300;1800;FR0010850032;OATi 1,3% 25 juillet 2019;1539;470;3,27;0;470;0,0071;1,0504;1,014;OATi;0,013;2019-07-25;OATi 1,3% 25 juillet 2019;8,854;inflation_france
adju_I;2010-09-16;2010-09-21;1300;1800;FR0010899765;OAT€i 1,1% 25 juillet 2022;3540;1328;2,67;174;1502;0,0121;0,9884;1,01258;OAT€i;0,011;2022-07-25;OAT€i 1,1% 25 juillet 2022;11,855;inflation_zone_euro
adju_MT;2010-09-16;2010-09-21;7500;8500;FR0114683842;BTAN 4,5% 12 juillet 2013;4452;1012;4,4;0;1012;0,0112;1,0927;;BTAN;0,045;2013-07-12;BTAN 4,5% 12 juillet 2013;2,82;
adju_MT;2010-09-16;2010-09-21;7500;8500;FR0118153370;BTAN 0,75% 20 septembre 2012;7385;3148;2,35;62;3210;0,0092;0,9966;;BTAN;0,0075;2012-09-20;BTAN 0,75% 20 septembre 2012;2,012;
adju_MT;2010-09-16;2010-09-21;7500;8500;FR0118462128;BTAN 2% 12 juillet 2015;8113;4313;1,88;30;4343;0,0183;1,0079;;BTAN;0,02;2015-07-12;BTAN 2% 12 juillet 2015;4,819;
adju_LT;2010-10-07;2010-10-12;7500;8500;FR0000571218;OAT 5,5% 25 avril 2029;3145;1125;2,8;36;1161;0,0315;1,3252;;OAT;0,055;2029-04-25;OAT 5,5% 25 avril 2029;18,549;
adju_LT;2010-10-07;2010-10-12;7500;8500;FR0010916924;OAT 3,5% 25 avril 2026;4025;2290;1,76;442;2732;0,0307;1,0522;;OAT;0,035;2026-04-25;OAT 3,5% 25 avril 2026;15,548;
adju_LT;2010-10-07;2010-10-12;7500;8500;FR0010949651;OAT 2,5% 25 octobre 2020;9025;5075;1,78;355;5430;0,0268;0,9842;;OAT;0,025;2020-10-25;OAT 2,5% 25 octobre 2020;10,051;
adju_I;2010-10-21;2010-10-26;1500;2000;FR0010585901;OATi 2,1% 25 juillet 2023;1674;550;3,04;0;550;0,0101;1,1302;1,0456;OATi;0,021;2023-07-25;OATi 2,1% 25 juillet 2023;12,758;inflation_france
adju_I;2010-10-21;2010-10-26;1500;2000;FR0010850032;OATi 1,3% 25 juillet 2019;1539;580;2,65;0;580;0,0069;1,0513;1,01502;OATi;0,013;2019-07-25;OATi 1,3% 25 juillet 2019;8,758;inflation_france
adju_I;2010-10-21;2010-10-26;1500;2000;FR0010899765;OAT€i 1,1% 25 juillet 2022;1788;855;2,09;0;855;0,0105;1,0051;1,01305;OAT€i;0,011;2022-07-25;OAT€i 1,1% 25 juillet 2022;11,759;inflation_zone_euro
adju_MT;2010-10-21;2010-10-26;7500;8500;FR0114683842;BTAN 4,5% 12 juillet 2013;4885;1315;3,71;0;1315;0,0123;1,0866;;BTAN;0,045;2013-07-12;BTAN 4,5% 12 juillet 2013;2,724;
adju_MT;2010-10-21;2010-10-26;7500;8500;FR0118153370;BTAN 0,75% 20 septembre 2012;5945;2610;2,28;0;2610;0,0107;0,9941;;BTAN;0,0075;2012-09-20;BTAN 0,75% 20 septembre 2012;1,916;
adju_MT;2010-10-21;2010-10-26;7500;8500;FR0118462128;BTAN 2% 12 juillet 2015;8550;4557;1,88;0;4557;0,0184;1,0069;;BTAN;0,02;2015-07-12;BTAN 2% 12 juillet 2015;4,723;
adju_LT;2010-11-04;2010-11-09;7500;9000;FR0010466938;OAT 4,25% 25 octobre 2023;3790;1705;2,22;342;2047;0,0304;1,1282;;OAT;0,0425;2023-10-25;OAT 4,25% 25 octobre 2023;12,972;
adju_LT;2010-11-04;2010-11-09;7500;9000;FR0010870956;OAT 4% 25 avril 2060;3500;2475;1,41;692;3167;0,0334;1,1596;;OAT;0,04;2060-04-25;OAT 4% 25 avril 2060;49,473;
adju_LT;2010-11-04;2010-11-09;7500;9000;FR0010949651;OAT 2,5% 25 octobre 2020;8735;4660;1,87;299;4959;0,0287;0,9682;;OAT;0,025;2020-10-25;OAT 2,5% 25 octobre 2020;9,974;
adju_I;2010-11-18;2010-11-23;1100;1600;FR0010447367;OAT€i 1,8% 25 juillet 2040;880;350;2,51;0;350;0,0142;1,0922;1,07162;OAT€i;0,018;2040-07-25;OAT€i 1,8% 25 juillet 2040;29,684;inflation_zone_euro
adju_I;2010-11-18;2010-11-23;1100;1600;FR0010899765;OAT€i 1,1% 25 juillet 2022;1626;1040;1,56;0;1040;0,0134;0,9744;1,01501;OAT€i;0,011;2022-07-25;OAT€i 1,1% 25 juillet 2022;11,682;inflation_zone_euro
adju_MT;2010-11-18;2010-11-23;7000;8000;FR0113087466;BTAN 3,75% 12 janvier 2013;5545;2470;2,24;0;2470;0,0118;1,0539;;BTAN;0,0375;2013-01-12;BTAN 3,75% 12 janvier 2013;2,152;
adju_MT;2010-11-18;2010-11-23;7000;8000;FR0116843535;BTAN 3% 12 juillet 2014;5115;2465;2,08;0;2465;0,0164;1,0476;;BTAN;0,03;2014-07-12;BTAN 3% 12 juillet 2014;3,647;
adju_MT;2010-11-18;2010-11-23;7000;8000;FR0118462128;BTAN 2% 12 juillet 2015;7400;3036;2,44;0;3036;0,02;1,0001;;BTAN;0,02;2015-07-12;BTAN 2% 12 juillet 2015;4,646;
adju_MLT;2010-12-02;2010-12-07;4500;5500;FR0000571150;OAT 6% 25 octobre 2025;3855;1830;2,11;187;2017;0,0357;1,2764;;OAT;0,06;2025-10-25;OAT 6% 25 octobre 2025;14,897;
adju_MLT;2010-12-02;2010-12-07;4500;5500;FR0010415331;OAT 3,75% 25 avril 2017;6760;2535;2,67;530;3065;0,0262;1,0653;;OAT;0,0375;2017-04-25;OAT 3,75% 25 avril 2017;6,396;
adju_MLT;2010-12-02;2010-12-07;4500;5500;FR0010670737;OAT 4,25% 25 octobre 2018;5215;1030;5,06;32;1062;0,0292;1,0927;;OAT;0,0425;2018-10-25;OAT 4,25% 25 octobre 2018;7,896;
adju_LT;2011-01-06;2011-01-11;7500;9000;FR0000571218;OAT 5,5% 25 avril 2029;2575;1075;2,4;163;1238;0,0384;1,2151;;OAT;0,055;2029-04-25;OAT 5,5% 25 avril 2029;18,3;
adju_LT;2011-01-06;2011-01-11;7500;9000;FR0010916924;OAT 3,5% 25 avril 2026;6030;3420;1,76;583;4003;0,0376;0,9706;;OAT;0,035;2026-04-25;OAT 3,5% 25 avril 2026;15,299;
adju_LT;2011-01-06;2011-01-11;7500;9000;FR0010949651;OAT 2,5% 25 octobre 2020;8940;4480;2;487;4967;0,0336;0,9292;;OAT;0,025;2020-10-25;OAT 2,5% 25 octobre 2020;9,802;
adju_MT;2011-01-20;2011-01-25;7500;9000;FR0010112052;OAT 4% 25 octobre 2014;5440;1000;5,44;0;1000;0,0201;1,0709;;OAT;0,04;2014-10-25;OAT 4% 25 octobre 2014;3,762;
adju_MT;2011-01-20;2011-01-25;7500;9000;FR0114683842;BTAN 4,5% 12 juillet 2013;7675;2925;2,62;0;2925;0,0149;1,0722;;BTAN;0,045;2013-07-12;BTAN 4,5% 12 juillet 2013;2,475;
adju_I;2011-01-20;2011-01-25;2000;3000;FR0119105791;BTANi 0,45% 25 juillet 2016;6330;2995;2,11;0;2995;0,0055;0,9948;1,00057;BTANi;0,0045;2016-07-25;BTANi 0,45% 25 juillet 2016;5,511;inflation_france
adju_MT;2011-01-20;2011-01-25;7500;9000;FR0119105809;BTAN 2,25% 25 février 2016;12080;5056;2,39;0;5056;0,0254;0,9862;;BTAN;0,0225;2016-02-25;BTAN 2,25% 25 février 2016;5,098;
adju_LT;2011-02-03;2011-02-08;7500;8500;FR0010192997;OAT 3,75% 25 avril 2021;5425;1725;3,14;0;1725;0,0361;1,0113;;OAT;0,0375;2021-04-25;OAT 3,75% 25 avril 2021;10,223;
adju_LT;2011-02-03;2011-02-08;7500;8500;FR0010288357;OAT 3,25% 25 avril 2016;5835;1080;5,4;323;1403;0,0276;1,0235;;OAT;0,0325;2016-04-25;OAT 3,25% 25 avril 2016;5,224;
adju_LT;2011-02-03;2011-02-08;7500;8500;FR0010466938;OAT 4,25% 25 octobre 2023;5170;3110;1,66;25;3135;0,038;1,045;;OAT;0,0425;2023-10-25;OAT 4,25% 25 octobre 2023;12,723;
adju_LT;2011-02-03;2011-02-08;7500;8500;FR0010949651;OAT 2,5% 25 octobre 2020;7305;2580;2,83;78;2658;0,0361;0,9105;;OAT;0,025;2020-10-25;OAT 2,5% 25 octobre 2020;9,725;
adju_MT;2011-02-17;2011-02-22;7000;8500;FR0113087466;BTAN 3,75% 12 janvier 2013;7440;2687;2,77;0;2687;0,0153;1,041;;BTAN;0,0375;2013-01-12;BTAN 3,75% 12 janvier 2013;1,903;
adju_MT;2011-02-17;2011-02-22;7000;8500;FR0116114978;BTAN 2,5% 12 janvier 2014;5720;1985;2,88;91;2076;0,0189;1,017;;BTAN;0,025;2014-01-12;BTAN 2,5% 12 janvier 2014;2,902;
adju_MT;2011-02-17;2011-02-22;7000;8500;FR0119105809;BTAN 2,25% 25 février 2016;6880;3730;1,84;1006;4736;0,0269;0,9798;;BTAN;0,0225;2016-02-25;BTAN 2,25% 25 février 2016;5,021;
adju_LT;2011-03-03;2011-03-08;8000;9000;FR0010517417;OAT 4,25% 25 octobre 2017;4575;2115;2,16;0;2115;0,0308;1,069;;OAT;0,0425;2017-10-25;OAT 4,25% 25 octobre 2017;6,648;
adju_LT;2011-03-03;2011-03-08;8000;9000;FR0010670737;OAT 4,25% 25 octobre 2018;3870;1475;2,62;0;1475;0,0327;1,0653;;OAT;0,0425;2018-10-25;OAT 4,25% 25 octobre 2018;7,647;
adju_LT;2011-03-03;2011-03-08;8000;9000;FR0010916924;OAT 3,5% 25 avril 2026;5780;2111;2,74;0;2111;0,0397;0,9473;;OAT;0,035;2026-04-25;OAT 3,5% 25 avril 2026;15,146;
adju_LT;2011-03-03;2011-03-08;8000;9000;FR0010949651;OAT 2,5% 25 octobre 2020;7240;3220;2,25;0;3220;0,0361;0,9111;;OAT;0,025;2020-10-25;OAT 2,5% 25 octobre 2020;9,648;
adju_MT;2011-03-17;2011-03-22;7000;8500;FR0010011130;OAT 4% 25 octobre 2013;7085;3735;1,9;0;3735;0,0181;1,0549;;OAT;0,04;2013-10-25;OAT 4% 25 octobre 2013;2,609;
adju_I;2011-03-17;2011-03-22;1300;1800;FR0010899765;OAT€i 1,1% 25 juillet 2022;2200;750;2,93;0;750;0,014;0,9682;1,02117;OAT€i;0,011;2022-07-25;OAT€i 1,1% 25 juillet 2022;11,357;inflation_zone_euro
adju_MT;2011-03-17;2011-03-22;7000;8500;FR0114683842;BTAN 4,5% 12 juillet 2013;6010;1848;3,25;0;1848;0,0173;1,0619;;BTAN;0,045;2013-07-12;BTAN 4,5% 12 juillet 2013;2,322;
adju_I;2011-03-17;2011-03-22;1300;1800;FR0119105791;BTANi 0,45% 25 juillet 2016;2830;1010;2,8;0;1010;0,0054;0,9951;1,00338;BTANi;0,0045;2016-07-25;BTANi 0,45% 25 juillet 2016;5,358;inflation_france
adju_MT;2011-03-17;2011-03-22;7000;8500;FR0119105809;BTAN 2,25% 25 février 2016;7505;2905;2,58;0;2905;0,0263;0,9824;;BTAN;0,0225;2016-02-25;BTAN 2,25% 25 février 2016;4,945;
adju_LT;2011-04-07;2011-04-12;8000;9500;FR0010466938;OAT 4,25% 25 octobre 2023;4235;1470;2,88;68;1538;0,0395;1,0292;;OAT;0,0425;2023-10-25;OAT 4,25% 25 octobre 2023;12,55;
adju_LT;2011-04-07;2011-04-12;8000;9500;FR0010773192;OAT 4,5% 25 avril 2041;3030;1390;2,18;153;1543;0,0431;1,0324;;OAT;0,045;2041-04-25;OAT 4,5% 25 avril 2041;30,051;
adju_LT;2011-04-07;2011-04-12;8000;9500;FR0010916924;OAT 3,5% 25 avril 2026;5675;2185;2,6;5;2190;0,0413;0,9308;;OAT;0,035;2026-04-25;OAT 3,5% 25 avril 2026;15,05;
adju_LT;2011-04-07;2011-04-12;8000;9500;FR0010949651;OAT 2,5% 25 octobre 2020;11220;4440;2,53;257;4697;0,0377;0,8995;;OAT;0,025;2020-10-25;OAT 2,5% 25 octobre 2020;9,552;
adju_MT;2011-04-21;2011-04-27;7000;8500;FR0000188989;OAT 4% 25 avril 2013;6030;1580;3,82;0;1580;0,0193;1,0402;;OAT;0,04;2013-04-25;OAT 4% 25 avril 2013;2,012;
adju_MT;2011-04-21;2011-04-27;7000;8500;FR0010163543;OAT 3,5% 25 avril 2015;5710;2005;2,85;134;2139;0,0268;1,0308;;OAT;0,035;2015-04-25;OAT 3,5% 25 avril 2015;4,011;
adju_I;2011-04-21;2011-04-27;1500;2000;FR0010447367;OAT€i 1,8% 25 juillet 2040;1085;385;2,82;14;399;0,0168;1,0268;1,07943;OAT€i;0,018;2040-07-25;OAT€i 1,8% 25 juillet 2040;29,262;inflation_zone_euro
adju_I;2011-04-21;2011-04-27;1500;2000;FR0010850032;OATi 1,3% 25 juillet 2019;1802;784;2,3;1;785;0,011;1,0153;1,02271;OATi;0,013;2019-07-25;OATi 1,3% 25 juillet 2019;8,26;inflation_france
adju_I;2011-04-21;2011-04-27;1500;2000;FR0010899765;OAT€i 1,1% 25 juillet 2022;1819;756;2,41;0;756;0,0146;0,9631;1,02241;OAT€i;0,011;2022-07-25;OAT€i 1,1% 25 juillet 2022;11,261;inflation_zone_euro
adju_MT;2011-04-21;2011-04-27;7000;8500;FR0119105809;BTAN 2,25% 25 février 2016;9940;4889;2,03;1148;6037;0,0294;0,9694;;BTAN;0,0225;2016-02-25;BTAN 2,25% 25 février 2016;4,849;
adju_LT;2011-05-05;2011-05-10;8000;9500;FR0000187635;OAT 5,75% 25 octobre 2032;4030;1930;2,09;588;2518;0,0415;1,2235;;OAT;0,0575;2032-10-25;OAT 5,75% 25 octobre 2032;21,476;
adju_LT;2011-05-05;2011-05-10;8000;9500;FR0010776161;OAT 3,75% 25 octobre 2019;5860;2810;2,09;134;2944;0,0351;1,0169;;OAT;0,0375;2019-10-25;OAT 3,75% 25 octobre 2019;8,474;
adju_LT;2011-05-05;2011-05-10;8000;9500;FR0010916924;OAT 3,5% 25 avril 2026;4664;1749;2,67;527;2276;0,0403;0,9417;;OAT;0,035;2026-04-25;OAT 3,5% 25 avril 2026;14,973;
adju_LT;2011-05-05;2011-05-10;8000;9500;FR0010949651;OAT 2,5% 25 octobre 2020;10005;2999;3,34;185;3184;0,0364;0,9098;;OAT;0,025;2020-10-25;OAT 2,5% 25 octobre 2020;9,476;
adju_MT;2011-05-19;2011-05-24;7000;8500;FR0010216481;OAT 3% 25 octobre 2015;5420;2720;1,99;826;3546;0,0267;1,0136;;OAT;0,03;2015-10-25;OAT 3% 25 octobre 2015;4,435;
adju_MT;2011-05-19;2011-05-24;7000;8500;FR0010288357;OAT 3,25% 25 avril 2016;5755;1280;4,5;390;1670;0,028;1,0205;;OAT;0,0325;2016-04-25;OAT 3,25% 25 avril 2016;4,936;
adju_I;2011-05-19;2011-05-24;1500;2000;FR0010850032;OATi 1,3% 25 juillet 2019;1455;405;3,59;44;449;0,0098;1,0246;1,02965;OATi;0,013;2019-07-25;OATi 1,3% 25 juillet 2019;8,183;inflation_france
adju_I;2011-05-19;2011-05-24;1500;2000;FR0011008705;OAT€i 1,85% 25 juillet 2027;1440;375;3,84;43;418;0,0157;1,0396;1,01853;OAT€i;0,0185;2027-07-25;OAT€i 1,85% 25 juillet 2027;16,183;inflation_zone_euro
adju_I;2011-05-19;2011-05-24;1500;2000;FR0119105791;BTANi 0,45% 25 juillet 2016;2730;1195;2,28;119;1314;0,0064;0,9902;1,01361;BTANi;0,0045;2016-07-25;BTANi 0,45% 25 juillet 2016;5,185;inflation_france
adju_MT;2011-05-19;2011-05-24;7000;8500;FR0119580019;BTAN 2% 25 septembre 2013;9055;4484;2,02;68;4552;0,0204;0,999;;BTAN;0,02;2013-09-25;BTAN 2% 25 septembre 2013;2,355;
adju_LT;2011-06-01;2011-06-07;7500;8500;FR0010466938;OAT 4,25% 25 octobre 2023;3800;1930;1,97;547;2477;0,0363;1,0607;;OAT;0,0425;2023-10-25;OAT 4,25% 25 octobre 2023;12,4;
adju_LT;2011-06-01;2011-06-07;7500;8500;FR0010604983;OAT 4% 25 avril 2018;4575;1550;2,95;0;1550;0,0302;1,0598;;OAT;0,04;2018-04-25;OAT 4% 25 avril 2018;6,899;
adju_LT;2011-06-01;2011-06-07;7500;8500;FR0011059088;OAT 3,25% 25 octobre 2021;12685;5000;2,54;682;5682;0,035;0,9788;;OAT;0,0325;2021-10-25;OAT 3,25% 25 octobre 2021;10,401;
adju_I;2011-06-16;2011-06-21;1500;2000;FR0010850032;OATi 1,3% 25 juillet 2019;1287;632;2,04;0;632;0,0106;1,0183;1,0342;OATi;0,013;2019-07-25;OATi 1,3% 25 juillet 2019;8,107;inflation_france
adju_I;2011-06-16;2011-06-21;1500;2000;FR0010899765;OAT€i 1,1% 25 juillet 2022;1316;711;1,85;0;711;0,0147;0,9623;1,04117;OAT€i;0,011;2022-07-25;OAT€i 1,1% 25 juillet 2022;11,107;inflation_zone_euro
adju_MT;2011-06-16;2011-06-21;7000;8000;FR0116114978;BTAN 2,5% 12 janvier 2014;5930;2770;2,14;773;3543;0,0184;1,0163;;BTAN;0,025;2014-01-12;BTAN 2,5% 12 janvier 2014;2,576;
adju_I;2011-06-16;2011-06-21;1500;2000;FR0119105791;BTANi 0,45% 25 juillet 2016;1440;595;2,42;0;595;0,0067;0,9892;1,0181;BTANi;0,0045;2016-07-25;BTANi 0,45% 25 juillet 2016;5,109;inflation_france
adju_MT;2011-06-16;2011-06-21;7000;8000;FR0119580019;BTAN 2% 25 septembre 2013;4700;1330;3,53;215;1545;0,0177;1,0051;;BTAN;0,02;2013-09-25;BTAN 2% 25 septembre 2013;2,278;
adju_MT;2011-06-16;2011-06-21;7000;8000;FR0119580050;BTAN 2,5% 25 juillet 2016;6685;3885;1,72;167;4052;0,0261;0,9947;;BTAN;0,025;2016-07-25;BTAN 2,5% 25 juillet 2016;5,109;
adju_LT;2011-07-07;2011-07-12;7000;8500;FR0000571218;OAT 5,5% 25 avril 2029;4315;1845;2,34;557;2402;0,0394;1,196;;OAT;0,055;2029-04-25;OAT 5,5% 25 avril 2029;17,802;
adju_LT;2011-07-07;2011-07-12;7000;8500;FR0010854182;OAT 3,5% 25 avril 2020;6235;2460;2,53;93;2553;0,0329;1,0161;;OAT;0,035;2020-04-25;OAT 3,5% 25 avril 2020;8,802;
adju_LT;2011-07-07;2011-07-12;7000;8500;FR0011059088;OAT 3,25% 25 octobre 2021;7825;4050;1,93;605;4655;0,0349;0,9791;;OAT;0,0325;2021-10-25;OAT 3,25% 25 octobre 2021;10,303;
adju_I;2011-07-21;2011-07-26;1000;1500;FR0010447367;OAT€i 1,8% 25 juillet 2040;587;242;2,43;54;296;0,0145;1,0831;1,10125;OAT€i;0,018;2040-07-25;OAT€i 1,8% 25 juillet 2040;29,013;inflation_zone_euro
adju_I;2011-07-21;2011-07-26;1000;1500;FR0010899765;OAT€i 1,1% 25 juillet 2022;1801;590;3,05;111;701;0,0117;0,9926;1,04307;OAT€i;0,011;2022-07-25;OAT€i 1,1% 25 juillet 2022;11,012;inflation_zone_euro
adju_MT;2011-07-21;2011-07-26;7000;8000;FR0116843535;BTAN 3% 12 juillet 2014;5185;2805;1,85;0;2805;0,0182;1,0337;;BTAN;0,03;2014-07-12;BTAN 3% 12 juillet 2014;2,976;
adju_I;2011-07-21;2011-07-26;1000;1500;FR0119105791;BTANi 0,45% 25 juillet 2016;1547;642;2,41;4;646;0,0037;1,0039;1,0198;BTANi;0,0045;2016-07-25;BTANi 0,45% 25 juillet 2016;5,013;inflation_france
adju_MT;2011-07-21;2011-07-26;7000;8000;FR0119580019;BTAN 2% 25 septembre 2013;5990;2153;2,78;0;2153;0,016;1,0085;;BTAN;0,02;2013-09-25;BTAN 2% 25 septembre 2013;2,182;
adju_MT;2011-07-21;2011-07-26;7000;8000;FR0119580050;BTAN 2,5% 25 juillet 2016;6565;3025;2,17;338;3363;0,0252;0,9992;;BTAN;0,025;2016-07-25;BTAN 2,5% 25 juillet 2016;5,013;
adju_LT;2011-09-01;2011-09-06;6500;8000;FR0000187361;OAT 5% 25 octobre 2016;6410;3565;1,8;4;3569;0,0193;1,1489;;OAT;0,05;2016-10-25;OAT 5% 25 octobre 2016;5,15;
adju_LT;2011-09-01;2011-09-06;6500;8000;FR0010773192;OAT 4,5% 25 avril 2041;2735;1230;2,22;356;1586;0,0372;1,1377;;OAT;0,045;2041-04-25;OAT 4,5% 25 avril 2041;29,648;
adju_LT;2011-09-01;2011-09-06;6500;8000;FR0011059088;OAT 3,25% 25 octobre 2021;6975;3020;2,31;820;3840;0,029;1,0299;;OAT;0,0325;2021-10-25;OAT 3,25% 25 octobre 2021;10,149;
adju_MT;2011-09-15;2011-09-20;7000;8500;FR0010061242;OAT 4% 25 avril 2014;4080;2575;1,58;96;2671;0,0114;1,0728;;OAT;0,04;2014-04-25;OAT 4% 25 avril 2014;2,609;
adju_I;2011-09-15;2011-09-20;900;1300;FR0010850032;OATi 1,3% 25 juillet 2019;1195;380;3,14;0;380;0,0079;1,039;1,03388;OATi;0,013;2019-07-25;OATi 1,3% 25 juillet 2019;7,858;inflation_france
adju_I;2011-09-15;2011-09-20;900;1300;FR0010899765;OAT€i 1,1% 25 juillet 2022;1926;907;2,12;142;1049;0,0118;0,9922;1,03893;OAT€i;0,011;2022-07-25;OAT€i 1,1% 25 juillet 2022;10,858;inflation_zone_euro
adju_MT;2011-09-15;2011-09-20;7000;8500;FR0119580019;BTAN 2% 25 septembre 2013;6225;2342;2,66;96;2438;0,0108;1,0183;;BTAN;0,02;2013-09-25;BTAN 2% 25 septembre 2013;2,029;
adju_MT;2011-09-15;2011-09-20;7000;8500;FR0119580050;BTAN 2,5% 25 juillet 2016;5500;3573;1,54;1083;4656;0,018;1,0323;;BTAN;0,025;2016-07-25;BTAN 2,5% 25 juillet 2016;4,86;
adju_LT;2011-10-06;2011-10-11;6500;7500;FR0010415331;OAT 3,75% 25 avril 2017;4390;1685;2,61;0;1685;0,02;1,0908;;OAT;0,0375;2017-04-25;OAT 3,75% 25 avril 2017;5,552;
adju_LT;2011-10-06;2011-10-11;6500;7500;FR0010604983;OAT 4% 25 avril 2018;3840;1425;2,69;0;1425;0,0219;1,1089;;OAT;0,04;2018-04-25;OAT 4% 25 avril 2018;6,552;
adju_LT;2011-10-06;2011-10-11;6500;7500;FR0011059088;OAT 3,25% 25 octobre 2021;8876;4388;2,02;0;4388;0,0272;1,0463;;OAT;0,0325;2021-10-25;OAT 3,25% 25 octobre 2021;10,053;
adju_I;2011-10-20;2011-10-25;1200;1800;FR0010899765;OAT€i 1,1% 25 juillet 2022;1420;390;3,64;42;432;0,0148;0,962;1,03792;OAT€i;0,011;2022-07-25;OAT€i 1,1% 25 juillet 2022;10,762;inflation_zone_euro
adju_I;2011-10-20;2011-10-25;1200;1800;FR0011008705;OAT€i 1,85% 25 juillet 2027;980;295;3,32;19;314;0,0179;1,0084;1,02283;OAT€i;0,0185;2027-07-25;OAT€i 1,85% 25 juillet 2027;15,762;inflation_zone_euro
adju_MT;2011-10-20;2011-10-25;6500;7500;FR0116843535;BTAN 3% 12 juillet 2014;3620;1215;2,98;14;1229;0,0158;1,0374;;BTAN;0,03;2014-07-12;BTAN 3% 12 juillet 2014;2,727;
adju_MT;2011-10-20;2011-10-25;6500;7500;FR0118462128;BTAN 2% 12 juillet 2015;3965;2015;1,97;381;2396;0,0196;1,0012;;BTAN;0,02;2015-07-12;BTAN 2% 12 juillet 2015;3,726;
adju_I;2011-10-20;2011-10-25;1200;1800;FR0119105791;BTANi 0,45% 25 juillet 2016;2064;1114;1,85;117;1231;0,0073;0,9869;1,02029;BTANi;0,0045;2016-07-25;BTANi 0,45% 25 juillet 2016;4,764;inflation_france
adju_MT;2011-10-20;2011-10-25;6500;7500;FR0119580019;BTAN 2% 25 septembre 2013;5675;2775;2,05;96;2871;0,0131;1,0129;;BTAN;0,02;2013-09-25;BTAN 2% 25 septembre 2013;1,933;
adju_MT;2011-10-20;2011-10-25;6500;7500;FR0119580050;BTAN 2,5% 25 juillet 2016;5385;1485;3,63;458;1943;0,0231;1,0083;;BTAN;0,025;2016-07-25;BTAN 2,5% 25 juillet 2016;4,764;
adju_LT;2011-11-03;2011-11-08;6000;7000;FR0010415331;OAT 3,75% 25 avril 2017;5345;3110;1,72;0;3110;0,0234;1,0713;;OAT;0,0375;2017-04-25;OAT 3,75% 25 avril 2017;5,476;
adju_LT;2011-11-03;2011-11-08;6000;7000;FR0010916924;OAT 3,5% 25 avril 2026;2565;985;2,6;281;1266;0,0377;0,97;;OAT;0,035;2026-04-25;OAT 3,5% 25 avril 2026;14,475;
adju_LT;2011-11-03;2011-11-08;6000;7000;FR0011059088;OAT 3,25% 25 octobre 2021;6415;2865;2,24;770;3635;0,0322;1,0029;;OAT;0,0325;2021-10-25;OAT 3,25% 25 octobre 2021;9,977;
adju_I;2011-11-17;2011-11-22;800;1200;FR0010899765;OAT€i 1,1% 25 juillet 2022;1124;529;2,12;85;614;0,0232;0,8862;1,04384;OAT€i;0,011;2022-07-25;OAT€i 1,1% 25 juillet 2022;10,686;inflation_zone_euro
adju_MT;2011-11-17;2011-11-22;6000;7000;FR0118462128;BTAN 2% 12 juillet 2015;2569;1069;2,4;9;1078;0,0244;0,9848;;BTAN;0,02;2015-07-12;BTAN 2% 12 juillet 2015;3,65;
adju_I;2011-11-17;2011-11-22;800;1200;FR0119105791;BTANi 0,45% 25 juillet 2016;1310;545;2,4;30;575;0,0178;0,941;1,02093;BTANi;0,0045;2016-07-25;BTANi 0,45% 25 juillet 2016;4,687;inflation_france
adju_MT;2011-11-17;2011-11-22;6000;7000;FR0119105809;BTAN 2,25% 25 février 2016;3300;1625;2,03;100;1725;0,0271;0,9819;;BTAN;0,0225;2016-02-25;BTAN 2,25% 25 février 2016;4,274;
adju_MT;2011-11-17;2011-11-22;6000;7000;FR0119580019;BTAN 2% 25 septembre 2013;3678;950;3,87;0;950;0,0185;1,0028;;BTAN;0,02;2013-09-25;BTAN 2% 25 septembre 2013;1,856;
adju_MT;2011-11-17;2011-11-22;6000;7000;FR0119580050;BTAN 2,5% 25 juillet 2016;5592;3332;1,68;909;4241;0,0282;0,9862;;BTAN;0,025;2016-07-25;BTAN 2,5% 25 juillet 2016;4,687;
adju_MLT;2011-12-01;2011-12-06;3000;4500;FR0010517417;OAT 4,25% 25 octobre 2017;2620;595;4,4;0;595;0,0242;1,0995;;OAT;0,0425;2017-10-25;OAT 4,25% 25 octobre 2017;5,9;
adju_MLT;2011-12-01;2011-12-06;3000;4500;FR0010773192;OAT 4,5% 25 avril 2041;2438;1080;2,26;245;1325;0,0394;1,0955;;OAT;0,045;2041-04-25;OAT 4,5% 25 avril 2041;29,399;
adju_MLT;2011-12-01;2011-12-06;3000;4500;FR0010916924;OAT 3,5% 25 avril 2026;3563;1100;3,24;45;1145;0,0365;0,9834;;OAT;0,035;2026-04-25;OAT 3,5% 25 avril 2026;14,398;
adju_MLT;2011-12-01;2011-12-06;3000;4500;FR0011059088;OAT 3,25% 25 octobre 2021;4785;1571;3,05;162;1733;0,0318;1,0057;;OAT;0,0325;2021-10-25;OAT 3,25% 25 octobre 2021;9,9;
adju_LT;2012-01-05;2012-01-10;7000;8000;FR0010070060;OAT 4,75% 25 avril 2035;2193;1088;2,02;153;1241;0,0396;1,1191;;OAT;0,0475;2035-04-25;OAT 4,75% 25 avril 2035;23,302;
adju_LT;2012-01-05;2012-01-10;7000;8000;FR0010466938;OAT 4,25% 25 octobre 2023;2225;690;3,22;98;788;0,035;1,0716;;OAT;0,0425;2023-10-25;OAT 4,25% 25 octobre 2023;11,803;
adju_LT;2012-01-05;2012-01-10;7000;8000;FR0010773192;OAT 4,5% 25 avril 2041;3933;2165;1,82;205;2370;0,0397;1,0909;;OAT;0,045;2041-04-25;OAT 4,5% 25 avril 2041;29,303;
adju_LT;2012-01-05;2012-01-10;7000;8000;FR0011059088;OAT 3,25% 25 octobre 2021;6605;4020;1,64;0;4020;0,0329;0,9968;;OAT;0,0325;2021-10-25;OAT 3,25% 25 octobre 2021;9,804;
adju_I;2012-01-19;2012-01-24;1000;1500;FR0010447367;OAT€i 1,8% 25 juillet 2040;597;232;2,57;48;280;0,0145;1,0805;1,10879;OAT€i;0,018;2040-07-25;OAT€i 1,8% 25 juillet 2040;28,515;inflation_zone_euro
adju_I;2012-01-19;2012-01-24;1000;1500;FR0010899765;OAT€i 1,1% 25 juillet 2022;1570;425;3,69;94;519;0,0107;1,0027;1,05022;OAT€i;0,011;2022-07-25;OAT€i 1,1% 25 juillet 2022;10,513;inflation_zone_euro
adju_MT;2012-01-19;2012-01-24;6500;8000;FR0116843535;BTAN 3% 12 juillet 2014;6290;2961;2,12;15;2976;0,0105;1,0471;;BTAN;0,03;2014-07-12;BTAN 3% 12 juillet 2014;2,478;
adju_MT;2012-01-19;2012-01-24;6500;8000;FR0118462128;BTAN 2% 12 juillet 2015;5380;1575;3,42;307;1882;0,0151;1,0165;;BTAN;0,02;2015-07-12;BTAN 2% 12 juillet 2015;3,477;
adju_I;2012-01-19;2012-01-24;1000;1500;FR0119105791;BTANi 0,45% 25 juillet 2016;2125;841;2,53;75;916;0,0013;1,0145;1,02435;BTANi;0,0045;2016-07-25;BTANi 0,45% 25 juillet 2016;4,515;inflation_france
adju_MT;2012-01-19;2012-01-24;6500;8000;FR0119580050;BTAN 2,5% 25 juillet 2016;7275;3429;2,12;869;4298;0,0189;1,0261;;BTAN;0,025;2016-07-25;BTAN 2,5% 25 juillet 2016;4,515;
adju_LT;2012-02-02;2012-02-07;6500;8000;FR0010670737;OAT 4,25% 25 octobre 2018;4386;1011;4,34;75;1086;0,0244;1,1106;;OAT;0,0425;2018-10-25;OAT 4,25% 25 octobre 2018;6,727;
adju_LT;2012-02-02;2012-02-07;6500;8000;FR0010949651;OAT 2,5% 25 octobre 2020;4998;1253;3,99;377;1630;0,0291;0,969;;OAT;0,025;2020-10-25;OAT 2,5% 25 octobre 2020;8,728;
adju_LT;2012-02-02;2012-02-07;6500;8000;FR0011196856;OAT 3% 25 avril 2022;9730;5698;1,71;1142;6840;0,0313;0,989;;OAT;0,03;2022-04-25;OAT 3% 25 avril 2022;10,226;
adju_I;2012-02-16;2012-02-21;1300;1800;FR0010585901;OATi 2,1% 25 juillet 2023;1045;605;1,73;0;605;0,0112;1,1044;1,07557;OATi;0,021;2023-07-25;OATi 2,1% 25 juillet 2023;11,436;inflation_france
adju_I;2012-02-16;2012-02-21;1300;1800;FR0010899765;OAT€i 1,1% 25 juillet 2022;1296;630;2,06;0;630;0,0113;0,9973;1,05282;OAT€i;0,011;2022-07-25;OAT€i 1,1% 25 juillet 2022;10,437;inflation_zone_euro
adju_I;2012-02-16;2012-02-21;1300;1800;FR0011008705;OAT€i 1,85% 25 juillet 2027;980;470;2,09;0;470;0,0138;1,0645;1,03751;OAT€i;0,0185;2027-07-25;OAT€i 1,85% 25 juillet 2027;15,436;inflation_zone_euro
adju_MT;2012-02-16;2012-02-21;7000;8500;FR0116843535;BTAN 3% 12 juillet 2014;4935;2090;2,36;0;2090;0,0089;1,0497;;BTAN;0,03;2014-07-12;BTAN 3% 12 juillet 2014;2,401;
adju_MT;2012-02-16;2012-02-21;7000;8500;FR0117836652;BTAN 2,5% 15 janvier 2015;4410;1335;3,3;0;1335;0,0109;1,0401;;BTAN;0,025;2015-01-15;BTAN 2,5% 15 janvier 2015;2,913;
adju_MT;2012-02-16;2012-02-21;7000;8500;FR0120473253;BTAN 1,75% 25 février 2017;10000;5025;1,99;552;5577;0,0193;0,9913;;BTAN;0,0175;2017-02-25;BTAN 1,75% 25 février 2017;5,027;
adju_LT;2012-03-01;2012-03-06;7000;8000;FR0010517417;OAT 4,25% 25 octobre 2017;3395;825;4,12;233;1058;0,0191;1,124;;OAT;0,0425;2017-10-25;OAT 4,25% 25 octobre 2017;5,651;
adju_LT;2012-03-01;2012-03-06;7000;8000;FR0010776161;OAT 3,75% 25 octobre 2019;3425;1250;2,74;343;1593;0,0248;1,0873;;OAT;0,0375;2019-10-25;OAT 3,75% 25 octobre 2019;7,65;
adju_LT;2012-03-01;2012-03-06;7000;8000;FR0010916924;OAT 3,5% 25 avril 2026;4350;2001;2,17;292;2293;0,033;1,0227;;OAT;0,035;2026-04-25;OAT 3,5% 25 avril 2026;14,149;
adju_LT;2012-03-01;2012-03-06;7000;8000;FR0011196856;OAT 3% 25 avril 2022;8575;3915;2,19;620;4535;0,0291;1,0081;;OAT;0,03;2022-04-25;OAT 3% 25 avril 2022;10,149;
adju_MT;2012-03-15;2012-03-20;7500;8500;FR0010061242;OAT 4% 25 avril 2014;5025;2106;2,39;0;2106;0,007;1,0686;;OAT;0,04;2014-04-25;OAT 4% 25 avril 2014;2,111;
adju_MT;2012-03-15;2012-03-20;7500;8500;FR0010112052;OAT 4% 25 octobre 2014;4105;1930;2,13;0;1930;0,0086;1,0804;;OAT;0,04;2014-10-25;OAT 4% 25 octobre 2014;2,612;
adju_I;2012-03-15;2012-03-20;1200;1700;FR0010850032;OATi 1,3% 25 juillet 2019;1446;654;2,21;0;654;0,0056;1,0532;1,04313;OATi;0,013;2019-07-25;OATi 1,3% 25 juillet 2019;7,359;inflation_france
adju_I;2012-03-15;2012-03-20;1200;1700;FR0010899765;OAT€i 1,1% 25 juillet 2022;1521;619;2,46;0;619;0,0097;1,013;1,04849;OAT€i;0,011;2022-07-25;OAT€i 1,1% 25 juillet 2022;10,36;inflation_zone_euro
adju_I;2012-03-15;2012-03-20;1200;1700;FR0011008705;OAT€i 1,85% 25 juillet 2027;876;309;2,83;0;309;0,0128;1,0788;1,03325;OAT€i;0,0185;2027-07-25;OAT€i 1,85% 25 juillet 2027;15,359;inflation_zone_euro
adju_MT;2012-03-15;2012-03-20;7500;8500;FR0119105809;BTAN 2,25% 25 février 2016;4045;1165;3,47;0;1165;0,014;1,0322;;BTAN;0,0225;2016-02-25;BTAN 2,25% 25 février 2016;3,948;
adju_MT;2012-03-15;2012-03-20;7500;8500;FR0120473253;BTAN 1,75% 25 février 2017;6470;3260;1,98;0;3260;0,0178;0,9984;;BTAN;0,0175;2017-02-25;BTAN 1,75% 25 février 2017;4,95;
adju_LT;2012-04-05;2012-04-11;7000;8500;FR0010517417;OAT 4,25% 25 octobre 2017;4280;1310;3,27;0;1310;0,0196;1,1191;;OAT;0,0425;2017-10-25;OAT 4,25% 25 octobre 2017;5,555;
adju_LT;2012-04-05;2012-04-11;7000;8500;FR0010773192;OAT 4,5% 25 avril 2041;3335;1235;2,7;0;1235;0,0379;1,1244;;OAT;0,045;2041-04-25;OAT 4,5% 25 avril 2041;29,054;
adju_LT;2012-04-05;2012-04-11;7000;8500;FR0010916924;OAT 3,5% 25 avril 2026;3735;1575;2,37;94;1669;0,0346;1,0044;;OAT;0,035;2026-04-25;OAT 3,5% 25 avril 2026;14,053;
adju_LT;2012-04-05;2012-04-11;7000;8500;FR0011196856;OAT 3% 25 avril 2022;11075;4319;2,56;350;4669;0,0298;1,0015;;OAT;0,03;2022-04-25;OAT 3% 25 avril 2022;10,053;
adju_MT;2012-04-19;2012-04-24;7000;8000;FR0010163543;OAT 3,5% 25 avril 2015;5190;1730;3;0;1730;0,0106;1,0718;;OAT;0,035;2015-04-25;OAT 3,5% 25 avril 2015;3,014;
adju_I;2012-04-19;2012-04-24;2000;3000;FR0011237643;OAT€i 0,25% 25 juillet 2018;4185;2520;1,66;0;2520;0,0054;0,9824;1,00581;OAT€i;0,0025;2018-07-25;OAT€i 0,25% 25 juillet 2018;6,264;inflation_zone_euro
adju_MT;2012-04-19;2012-04-24;7000;8000;FR0120473253;BTAN 1,75% 25 février 2017;7270;2698;2,69;0;2698;0,0183;0,9963;;BTAN;0,0175;2017-02-25;BTAN 1,75% 25 février 2017;4,854;
adju_MT;2012-04-19;2012-04-24;7000;8000;FR0120634490;BTAN 0,75% 25 septembre 2014;8105;3545;2,29;0;3545;0,0085;0,9977;;BTAN;0,0075;2014-09-25;BTAN 0,75% 25 septembre 2014;2,434;
adju_LT;2012-05-03;2012-05-09;6500;7500;FR0000571150;OAT 6% 25 octobre 2025;3688;1473;2,5;434;1907;0,0331;1,2879;;OAT;0,06;2025-10-25;OAT 6% 25 octobre 2025;13,478;
adju_LT;2012-05-03;2012-05-09;6500;7500;FR0010517417;OAT 4,25% 25 octobre 2017;3870;1085;3,57;1;1086;0,0189;1,1211;;OAT;0,0425;2017-10-25;OAT 4,25% 25 octobre 2017;5,478;
adju_LT;2012-05-03;2012-05-09;6500;7500;FR0011059088;OAT 3,25% 25 octobre 2021;4500;1550;2,9;178;1728;0,0285;1,0326;;OAT;0,0325;2021-10-25;OAT 3,25% 25 octobre 2021;9,478;
adju_LT;2012-05-03;2012-05-09;6500;7500;FR0011196856;OAT 3% 25 avril 2022;6578;3323;1,98;876;4199;0,0296;1,0037;;OAT;0,03;2022-04-25;OAT 3% 25 avril 2022;9,977;
adju_MT;2012-05-16;2012-05-22;7000;8000;FR0010163543;OAT 3,5% 25 avril 2015;4330;945;4,58;210;1155;0,0095;1,0733;;OAT;0,035;2015-04-25;OAT 3,5% 25 avril 2015;2,94;
adju_MT;2012-05-16;2012-05-22;7000;8000;FR0010288357;OAT 3,25% 25 avril 2016;4445;895;4,97;194;1089;0,0137;1,0715;;OAT;0,0325;2016-04-25;OAT 3,25% 25 avril 2016;3,943;
adju_I;2012-05-16;2012-05-22;800;1200;FR0010585901;OATi 2,1% 25 juillet 2023;1152;567;2,03;107;674;0,0119;1,0951;1,08377;OATi;0,021;2023-07-25;OATi 2,1% 25 juillet 2023;11,19;inflation_france
adju_I;2012-05-16;2012-05-22;800;1200;FR0010899765;OAT€i 1,1% 25 juillet 2022;1584;384;4,13;44;428;0,0125;0,986;1,05976;OAT€i;0,011;2022-07-25;OAT€i 1,1% 25 juillet 2022;10,19;inflation_zone_euro
adju_I;2012-05-16;2012-05-22;800;1200;FR0011008705;OAT€i 1,85% 25 juillet 2027;731;231;3,16;24;255;0,0146;1,0525;1,04436;OAT€i;0,0185;2027-07-25;OAT€i 1,85% 25 juillet 2027;15,19;inflation_zone_euro
adju_MT;2012-05-16;2012-05-22;7000;8000;FR0120473253;BTAN 1,75% 25 février 2017;7455;3651;2,04;771;4422;0,0172;1,0011;;BTAN;0,0175;2017-02-25;BTAN 1,75% 25 février 2017;4,78;
adju_MT;2012-05-16;2012-05-22;7000;8000;FR0120634490;BTAN 0,75% 25 septembre 2014;7445;2505;2,97;436;2941;0,0074;1,0002;;BTAN;0,0075;2014-09-25;BTAN 0,75% 25 septembre 2014;2,36;
adju_LT;2012-06-07;2012-06-12;7000;8000;FR0000189151;OAT 4,25% 25 avril 2019;4085;1710;2,39;0;1710;0,0192;1,1488;;OAT;0,0425;2019-04-25;OAT 4,25% 25 avril 2019;6,88;
adju_LT;2012-06-07;2012-06-12;7000;8000;FR0010870956;OAT 4% 25 avril 2060;1595;685;2,33;0;685;0,0327;1,1764;;OAT;0,04;2060-04-25;OAT 4% 25 avril 2060;47,882;
adju_LT;2012-06-07;2012-06-12;7000;8000;FR0010916924;OAT 3,5% 25 avril 2026;3811;1961;1,94;0;1961;0,029;1,0679;;OAT;0,035;2026-04-25;OAT 3,5% 25 avril 2026;13,881;
adju_LT;2012-06-07;2012-06-12;7000;8000;FR0011196856;OAT 3% 25 avril 2022;7045;3480;2,02;0;3480;0,0246;1,0465;;OAT;0,03;2022-04-25;OAT 3% 25 avril 2022;9,881;
adju_I;2012-06-21;2012-06-26;1000;1500;FR0010585901;OATi 2,1% 25 juillet 2023;1250;490;2,55;0;490;0,0091;1,1249;1,08796;OATi;0,021;2023-07-25;OATi 2,1% 25 juillet 2023;11,091;inflation_france
adju_I;2012-06-21;2012-06-26;1000;1500;FR0010899765;OAT€i 1,1% 25 juillet 2022;1484;469;3,16;0;469;0,0095;1,0142;1,06833;OAT€i;0,011;2022-07-25;OAT€i 1,1% 25 juillet 2022;10,092;inflation_zone_euro
adju_I;2012-06-21;2012-06-26;1000;1500;FR0011008705;OAT€i 1,85% 25 juillet 2027;1282;482;2,66;0;482;0,0123;1,0847;1,0528;OAT€i;0,0185;2027-07-25;OAT€i 1,85% 25 juillet 2027;15,091;inflation_zone_euro
adju_MT;2012-06-21;2012-06-26;7000;8500;FR0118462128;BTAN 2% 12 juillet 2015;4040;1220;3,31;330;1550;0,0083;1,035;;BTAN;0,02;2015-07-12;BTAN 2% 12 juillet 2015;3,055;
adju_MT;2012-06-21;2012-06-26;7000;8500;FR0119105809;BTAN 2,25% 25 février 2016;3275;1100;2,98;332;1432;0,0105;1,0428;;BTAN;0,0225;2016-02-25;BTAN 2,25% 25 février 2016;3,68;
adju_MT;2012-06-21;2012-06-26;7000;8500;FR0120473253;BTAN 1,75% 25 février 2017;7252;3337;2,17;1008;4345;0,0143;1,0142;;BTAN;0,0175;2017-02-25;BTAN 1,75% 25 février 2017;4,682;
adju_MT;2012-06-21;2012-06-26;7000;8500;FR0120634490;BTAN 0,75% 25 septembre 2014;6185;2775;2,23;0;2775;0,0054;1,0047;;BTAN;0,0075;2014-09-25;BTAN 0,75% 25 septembre 2014;2,261;
adju_LT;2012-07-05;2012-07-10;7000;8000;FR0010466938;OAT 4,25% 25 octobre 2023;3580;1405;2,55;336;1741;0,027;1,1495;;OAT;0,0425;2023-10-25;OAT 4,25% 25 octobre 2023;11,305;
adju_LT;2012-07-05;2012-07-10;7000;8000;FR0010776161;OAT 3,75% 25 octobre 2019;6350;1750;3,63;125;1875;0,0202;1,116;;OAT;0,0375;2019-10-25;OAT 3,75% 25 octobre 2019;7,305;
adju_LT;2012-07-05;2012-07-10;7000;8000;FR0011196856;OAT 3% 25 avril 2022;8991;4671;1,92;1086;5757;0,0253;1,0399;;OAT;0,03;2022-04-25;OAT 3% 25 avril 2022;9,804;
adju_I;2012-07-19;2012-07-24;1000;1500;FR0010447367;OAT€i 1,8% 25 juillet 2040;655;235;2,79;0;235;0,0085;1,2365;1,12747;OAT€i;0,018;2040-07-25;OAT€i 1,8% 25 juillet 2040;28,016;inflation_zone_euro
adju_I;2012-07-19;2012-07-24;1000;1500;FR0010850032;OATi 1,3% 25 juillet 2019;1565;400;3,91;0;400;-0,0017;1,1033;1,05594;OATi;0,013;2019-07-25;OATi 1,3% 25 juillet 2019;7,014;inflation_france
adju_I;2012-07-19;2012-07-24;1000;1500;FR0010899765;OAT€i 1,1% 25 juillet 2022;1620;615;2,63;0;615;0,0035;1,0734;1,06791;OAT€i;0,011;2022-07-25;OAT€i 1,1% 25 juillet 2022;10,015;inflation_zone_euro
adju_MT;2012-07-19;2012-07-24;8000;9000;FR0117836652;BTAN 2,5% 15 janvier 2015;5455;1810;3,01;0;1810;0,0012;1,059;;BTAN;0,025;2015-01-15;BTAN 2,5% 15 janvier 2015;2,491;
adju_MT;2012-07-19;2012-07-24;8000;9000;FR0119580050;BTAN 2,5% 25 juillet 2016;5665;2648;2,14;0;2648;0,0053;1,0778;;BTAN;0,025;2016-07-25;BTAN 2,5% 25 juillet 2016;4,016;
adju_MT;2012-07-19;2012-07-24;8000;9000;FR0120746609;BTAN 1% 25 juillet 2017;8470;4500;1,88;0;4500;0,0086;1,0068;;BTAN;0,01;2017-07-25;BTAN 1% 25 juillet 2017;5,016;
adju_LT;2012-09-06;2012-09-11;7000;8000;FR0010517417;OAT 4,25% 25 octobre 2017;4180;1534;2,72;213;1747;0,0105;1,1584;;OAT;0,0425;2017-10-25;OAT 4,25% 25 octobre 2017;5,133;
adju_LT;2012-09-06;2012-09-11;7000;8000;FR0011196856;OAT 3% 25 avril 2022;6308;2998;2,1;909;3907;0,0221;1,0673;;OAT;0,03;2022-04-25;OAT 3% 25 avril 2022;9,632;
adju_LT;2012-09-06;2012-09-11;7000;8000;FR0011317783;OAT 2,75% 25 octobre 2027;5462;3452;1,58;344;3796;0,0285;0,9882;;OAT;0,0275;2027-10-25;OAT 2,75% 25 octobre 2027;15,132;
adju_I;2012-09-20;2012-09-25;1500;2000;FR0000186413;OATi 3,4% 25 juillet 2029;590;180;3,28;38;218;0,0062;1,4436;1,2359;OATi;0,034;2029-07-25;OATi 3,4% 25 juillet 2029;16,843;inflation_france
adju_I;2012-09-20;2012-09-25;1500;2000;FR0000188799;OAT€i 3,15% 25 juillet 2032;717;217;3,3;40;257;0,0076;1,4387;1,21031;OAT€i;0,0315;2032-07-25;OAT€i 3,15% 25 juillet 2032;19,844;inflation_zone_euro
adju_I;2012-09-20;2012-09-25;1500;2000;FR0010899765;OAT€i 1,1% 25 juillet 2022;1769;940;1,88;23;963;0,0028;1,0796;1,06191;OAT€i;0,011;2022-07-25;OAT€i 1,1% 25 juillet 2022;9,843;inflation_zone_euro
adju_I;2012-09-20;2012-09-25;1500;2000;FR0011008705;OAT€i 1,85% 25 juillet 2027;940;440;2,14;84;524;0,0067;1,1663;1,04647;OAT€i;0,0185;2027-07-25;OAT€i 1,85% 25 juillet 2027;14,842;inflation_zone_euro
adju_MT;2012-09-20;2012-09-25;7000;8000;FR0119105809;BTAN 2,25% 25 février 2016;4695;1295;3,63;72;1367;0,0053;1,0581;;BTAN;0,0225;2016-02-25;BTAN 2,25% 25 février 2016;3,431;
adju_MT;2012-09-20;2012-09-25;7000;8000;FR0120634490;BTAN 0,75% 25 septembre 2014;7105;3165;2,24;97;3262;0,002;1,0109;;BTAN;0,0075;2014-09-25;BTAN 0,75% 25 septembre 2014;2,012;
adju_MT;2012-09-20;2012-09-25;7000;8000;FR0120746609;BTAN 1% 25 juillet 2017;7140;3505;2,04;390;3895;0,0098;1,0009;;BTAN;0,01;2017-07-25;BTAN 1% 25 juillet 2017;4,843;
adju_LT;2012-10-04;2012-10-09;7000;8000;FR0010670737;OAT 4,25% 25 octobre 2018;5280;1381;3,82;86;1467;0,0129;1,171;;OAT;0,0425;2018-10-25;OAT 4,25% 25 octobre 2018;6,056;
adju_LT;2012-10-04;2012-10-09;7000;8000;FR0010773192;OAT 4,5% 25 avril 2041;4185;1785;2,34;508;2293;0,0317;1,2467;;OAT;0,045;2041-04-25;OAT 4,5% 25 avril 2041;28,556;
adju_LT;2012-10-04;2012-10-09;7000;8000;FR0011337880;OAT 2,25% 25 octobre 2022;10342;4805;2,15;887;5692;0,0228;0,9975;;OAT;0,0225;2022-10-25;OAT 2,25% 25 octobre 2022;10,056;
adju_I;2012-10-18;2012-10-23;1500;2500;FR0011347046;OATi 0,1% 25 juillet 2021;3580;2095;1,71;0;2095;-0,0004;1,012;1,00056;OATi;0,001;2021-07-25;OATi 0,1% 25 juillet 2021;8,767;inflation_france
adju_MT;2012-10-18;2012-10-23;7000;8000;FR0118462128;BTAN 2% 12 juillet 2015;4985;1445;3,45;7;1452;0,0034;1,0449;;BTAN;0,02;2015-07-12;BTAN 2% 12 juillet 2015;2,73;
adju_MT;2012-10-18;2012-10-23;7000;8000;FR0119580050;BTAN 2,5% 25 juillet 2016;3055;795;3,84;123;918;0,0061;1,0698;;BTAN;0,025;2016-07-25;BTAN 2,5% 25 juillet 2016;3,767;
adju_MT;2012-10-18;2012-10-23;7000;8000;FR0120634490;BTAN 0,75% 25 septembre 2014;4740;1003;4,73;0;1003;0,0019;1,0107;;BTAN;0,0075;2014-09-25;BTAN 0,75% 25 septembre 2014;1,936;
adju_MT;2012-10-18;2012-10-23;7000;8000;FR0120746609;BTAN 1% 25 juillet 2017;8740;4722;1,85;1368;6090;0,0092;1,0035;;BTAN;0,01;2017-07-25;BTAN 1% 25 juillet 2017;4,767;
adju_LT;2012-10-31;2012-11-06;6500;7500;FR0000189151;OAT 4,25% 25 avril 2019;4415;1485;2,97;281;1766;0,0139;1,1755;;OAT;0,0425;2019-04-25;OAT 4,25% 25 avril 2019;6,48;
adju_LT;2012-10-31;2012-11-06;6500;7500;FR0010070060;OAT 4,75% 25 avril 2035;3540;1640;2,16;454;2094;0,0304;1,2758;;OAT;0,0475;2035-04-25;OAT 4,75% 25 avril 2035;22,48;
adju_LT;2012-10-31;2012-11-06;6500;7500;FR0011337880;OAT 2,25% 25 octobre 2022;8535;4369;1,95;556;4925;0,0222;1,0026;;OAT;0,0225;2022-10-25;OAT 2,25% 25 octobre 2022;9,982;
adju_MT;2012-11-15;2012-11-20;6500;7500;FR0010163543;OAT 3,5% 25 avril 2015;5675;2135;2,66;0;2135;0,0016;1,0808;;OAT;0,035;2015-04-25;OAT 3,5% 25 avril 2015;2,439;
adju_I;2012-11-15;2012-11-20;1000;1500;FR0010899765;OAT€i 1,1% 25 juillet 2022;1390;445;3,12;80;525;0,002;1,0858;1,06999;OAT€i;0,011;2022-07-25;OAT€i 1,1% 25 juillet 2022;9,689;inflation_zone_euro
adju_I;2012-11-15;2012-11-20;1000;1500;FR0011008705;OAT€i 1,85% 25 juillet 2027;1055;325;3,25;10;335;0,006;1,1744;1,05443;OAT€i;0,0185;2027-07-25;OAT€i 1,85% 25 juillet 2027;14,689;inflation_zone_euro
adju_I;2012-11-15;2012-11-20;1000;1500;FR0119105791;BTANi 0,45% 25 juillet 2016;1840;560;3,29;64;624;-0,0102;1,0552;1,04041;BTANi;0,0045;2016-07-25;BTANi 0,45% 25 juillet 2016;3,691;inflation_france
adju_MT;2012-11-15;2012-11-20;6500;7500;FR0120634490;BTAN 0,75% 25 septembre 2014;7220;2537;2,85;31;2568;0,001;1,012;;BTAN;0,0075;2014-09-25;BTAN 0,75% 25 septembre 2014;1,859;
adju_MT;2012-11-15;2012-11-20;6500;7500;FR0120746609;BTAN 1% 25 juillet 2017;7200;2815;2,56;729;3544;0,0076;1,0109;;BTAN;0,01;2017-07-25;BTAN 1% 25 juillet 2017;4,69;
adju_MLT;2012-12-06;2012-12-11;3000;4000;FR0010670737;OAT 4,25% 25 octobre 2018;4650;1375;3,38;94;1469;0,0101;1,1838;;OAT;0,0425;2018-10-25;OAT 4,25% 25 octobre 2018;5,884;
adju_MLT;2012-12-06;2012-12-11;3000;4000;FR0010776161;OAT 3,75% 25 octobre 2019;4700;1695;2,77;455;2150;0,0127;1,1618;;OAT;0,0375;2019-10-25;OAT 3,75% 25 octobre 2019;6,883;
adju_MLT;2012-12-06;2012-12-11;3000;4000;FR0011317783;OAT 2,75% 25 octobre 2027;3180;900;3,53;224;1124;0,0256;1,0236;;OAT;0,0275;2027-10-25;OAT 2,75% 25 octobre 2027;14,883;
adju_LT;2013-01-03;2013-01-08;7000;8000;FR0000187635;OAT 5,75% 25 octobre 2032;2610;1165;2,24;0;1165;0,0284;1,4364;;OAT;0,0575;2032-10-25;OAT 5,75% 25 octobre 2032;19,808;
adju_LT;2013-01-03;2013-01-08;7000;8000;FR0010776161;OAT 3,75% 25 octobre 2019;3490;1630;2,14;0;1630;0,0132;1,1569;;OAT;0,0375;2019-10-25;OAT 3,75% 25 octobre 2019;6,806;
adju_LT;2013-01-03;2013-01-08;7000;8000;FR0010854182;OAT 3,5% 25 avril 2020;3310;1668;1,98;0;1668;0,0146;1,1403;;OAT;0,035;2020-04-25;OAT 3,5% 25 avril 2020;7,307;
adju_LT;2013-01-03;2013-01-08;7000;8000;FR0011337880;OAT 2,25% 25 octobre 2022;6085;3530;1,72;0;3530;0,0207;1,0155;;OAT;0,0225;2022-10-25;OAT 2,25% 25 octobre 2022;9,807;
adju_MT;2013-01-17;2013-01-22;7000;8000;FR0010415331;OAT 3,75% 25 avril 2017;4418;1585;2,79;0;1585;0,0074;1,1256;;OAT;0,0375;2017-04-25;OAT 3,75% 25 avril 2017;4,268;
adju_I;2013-01-17;2013-01-22;1300;1700;FR0010850032;OATi 1,3% 25 juillet 2019;1651;526;3,14;14;540;-0,0044;1,1151;1,05532;OATi;0,013;2019-07-25;OATi 1,3% 25 juillet 2019;6,516;inflation_france
adju_I;2013-01-17;2013-01-22;1300;1700;FR0011008705;OAT€i 1,85% 25 juillet 2027;1215;560;2,17;127;687;0,0064;1,1665;1,05805;OAT€i;0,0185;2027-07-25;OAT€i 1,85% 25 juillet 2027;14,516;inflation_zone_euro
adju_I;2013-01-17;2013-01-22;1300;1700;FR0011237643;OAT€i 0,25% 25 juillet 2018;1640;600;2,73;0;600;-0,005;1,0421;1,02932;OAT€i;0,0025;2018-07-25;OAT€i 0,25% 25 juillet 2018;5,517;inflation_zone_euro
adju_MT;2013-01-17;2013-01-22;7000;8000;FR0011394345;OAT 1% 25 mai 2018;7700;4045;1,9;0;4045;0,0106;0,9971;;OAT;0,01;2018-05-25;OAT 1% 25 mai 2018;5,35;
adju_MT;2013-01-17;2013-01-22;7000;8000;FR0117836652;BTAN 2,5% 15 janvier 2015;6730;2350;2,86;0;2350;0,0024;1,0446;;BTAN;0,025;2015-01-15;BTAN 2,5% 15 janvier 2015;1,993;
adju_LT;2013-02-07;2013-02-12;7000;8000;FR0010949651;OAT 2,5% 25 octobre 2020;6440;1770;3,64;441;2211;0,0183;1,0479;;OAT;0,025;2020-10-25;OAT 2,5% 25 octobre 2020;7,713;
adju_LT;2013-02-07;2013-02-12;7000;8000;FR0011317783;OAT 2,75% 25 octobre 2027;5707;3190;1,79;798;3988;0,0285;0,9876;;OAT;0,0275;2027-10-25;OAT 2,75% 25 octobre 2027;14,71;
adju_LT;2013-02-07;2013-02-12;7000;8000;FR0011337880;OAT 2,25% 25 octobre 2022;9340;3020;3,09;334;3354;0,023;0,996;;OAT;0,0225;2022-10-25;OAT 2,25% 25 octobre 2022;9,711;
adju_MT;2013-02-21;2013-02-26;7000;8000;FR0010517417;OAT 4,25% 25 octobre 2017;4514;1754;2,57;224;1978;0,0095;1,1496;;OAT;0,0425;2017-10-25;OAT 4,25% 25 octobre 2017;4,674;
adju_MT;2013-02-21;2013-02-26;7000;8000;FR0011394345;OAT 1% 25 mai 2018;8660;4340;2;1259;5599;0,0112;0,9938;;OAT;0,01;2018-05-25;OAT 1% 25 mai 2018;5,254;
adju_I;2013-02-21;2013-02-26;1500;2500;FR0011427848;OAT€i 0,25% 25 juillet 2024;3715;2320;1,6;0;2320;0,0054;0,9681;1,00801;OAT€i;0,0025;2024-07-25;OAT€i 0,25% 25 juillet 2024;11,422;inflation_zone_euro
adju_MT;2013-02-21;2013-02-26;7000;8000;FR0118462128;BTAN 2% 12 juillet 2015;6259;1890;3,31;89;1979;0,0041;1,0374;;BTAN;0,02;2015-07-12;BTAN 2% 12 juillet 2015;2,385;
adju_LT;2013-03-07;2013-03-12;6500;7500;FR0010670737;OAT 4,25% 25 octobre 2018;5734;2354;2,44;114;2468;0,0102;1,1754;;OAT;0,0425;2018-10-25;OAT 4,25% 25 octobre 2018;5,634;
adju_LT;2013-03-07;2013-03-12;6500;7500;FR0011317783;OAT 2,75% 25 octobre 2027;4115;1635;2,52;133;1768;0,0271;1,0043;;OAT;0,0275;2027-10-25;OAT 2,75% 25 octobre 2027;14,634;
adju_LT;2013-03-07;2013-03-12;6500;7500;FR0011337880;OAT 2,25% 25 octobre 2022;7675;3495;2,2;63;3558;0,021;1,0132;;OAT;0,0225;2022-10-25;OAT 2,25% 25 octobre 2022;9,634;
adju_I;2013-03-21;2013-03-26;1000;1500;FR0010850032;OATi 1,3% 25 juillet 2019;1125;375;3;0;375;-0,006;1,1228;1,05374;OATi;0,013;2019-07-25;OATi 1,3% 25 juillet 2019;6,344;inflation_france
adju_I;2013-03-21;2013-03-26;1000;1500;FR0011008705;OAT€i 1,85% 25 juillet 2027;1622;342;4,74;96;438;0,0064;1,1657;1,05191;OAT€i;0,0185;2027-07-25;OAT€i 1,85% 25 juillet 2027;14,344;inflation_zone_euro
adju_I;2013-03-21;2013-03-26;1000;1500;FR0011237643;OAT€i 0,25% 25 juillet 2018;2050;765;2,68;182;947;-0,0066;1,0495;1,02334;OAT€i;0,0025;2018-07-25;OAT€i 0,25% 25 juillet 2018;5,344;inflation_zone_euro
adju_MT;2013-03-21;2013-03-26;7000;8000;FR0011394345;OAT 1% 25 mai 2018;7605;2990;2,54;0;2990;0,0089;1,0054;;OAT;0,01;2018-05-25;OAT 1% 25 mai 2018;5,177;
adju_MT;2013-03-21;2013-03-26;7000;8000;FR0011452721;OAT 0,25% 25 novembre 2015;11715;5003;2,34;16;5019;0,0032;0,9981;;OAT;0,0025;2015-11-25;OAT 0,25% 25 novembre 2015;2,68;
adju_LT;2013-04-04;2013-04-09;6000;7000;FR0010192997;OAT 3,75% 25 avril 2021;7409;2470;3;620;3090;0,0154;1,1661;;OAT;0,0375;2021-04-25;OAT 3,75% 25 avril 2021;8,057;
adju_LT;2013-04-04;2013-04-09;6000;7000;FR0010854182;OAT 3,5% 25 avril 2020;7145;2495;2,86;173;2668;0,0126;1,1499;;OAT;0,035;2020-04-25;OAT 3,5% 25 avril 2020;7,058;
adju_LT;2013-04-04;2013-04-09;6000;7000;FR0011337880;OAT 2,25% 25 octobre 2022;6170;2006;3,08;612;2618;0,0194;1,0264;;OAT;0,0225;2022-10-25;OAT 2,25% 25 octobre 2022;9,558;
adju_I;2013-04-18;2013-04-23;1000;1500;FR0011008705;OAT€i 1,85% 25 juillet 2027;1165;565;2,06;90;655;0,0043;1,1967;1,05249;OAT€i;0,0185;2027-07-25;OAT€i 1,85% 25 juillet 2027;14,267;inflation_zone_euro
adju_I;2013-04-18;2013-04-23;1000;1500;FR0011347046;OATi 0,1% 25 juillet 2021;1230;525;2,34;114;639;-0,0024;1,0287;0,99902;OATi;0,001;2021-07-25;OATi 0,1% 25 juillet 2021;8,268;inflation_france
adju_MT;2013-04-18;2013-04-23;7000;8000;FR0011394345;OAT 1% 25 mai 2018;8003;3577;2,24;0;3577;0,0073;1,0137;;OAT;0,01;2018-05-25;OAT 1% 25 mai 2018;5,101;
adju_MT;2013-04-18;2013-04-23;7000;8000;FR0011452721;OAT 0,25% 25 novembre 2015;9710;4334;2,24;0;4334;0,0024;1,0004;;OAT;0,0025;2015-11-25;OAT 0,25% 25 novembre 2015;2,604;
adju_I;2013-04-18;2013-04-23;1000;1500;FR0119105791;BTANi 0,45% 25 juillet 2016;1305;400;3,26;7;407;-0,0112;1,0523;1,03846;BTANi;0,0045;2016-07-25;BTANi 0,45% 25 juillet 2016;3,269;inflation_france
adju_LT;2013-05-02;2013-05-07;7000;8000;FR0000187635;OAT 5,75% 25 octobre 2032;3150;990;3,18;0;990;0,025;1,4951;;OAT;0,0575;2032-10-25;OAT 5,75% 25 octobre 2032;19,483;
adju_LT;2013-05-02;2013-05-07;7000;8000;FR0011059088;OAT 3,25% 25 octobre 2021;7290;2920;2,5;0;2920;0,0142;1,1446;;OAT;0,0325;2021-10-25;OAT 3,25% 25 octobre 2021;8,482;
adju_LT;2013-05-02;2013-05-07;7000;8000;FR0011486067;OAT 1,75% 25 mai 2023;8045;4015;2;276;4291;0,0181;0,9945;;OAT;0,0175;2023-05-25;OAT 1,75% 25 mai 2023;10,062;
adju_MT;2013-05-16;2013-05-21;7000;8000;FR0010415331;OAT 3,75% 25 avril 2017;4000;1100;3,64;330;1430;0,0049;1,1264;;OAT;0,0375;2017-04-25;OAT 3,75% 25 avril 2017;3,943;
adju_I;2013-05-16;2013-05-21;800;1200;FR0010850032;OATi 1,3% 25 juillet 2019;1022;300;3,41;22;322;-0,0056;1,1173;1,061;OATi;0,013;2019-07-25;OATi 1,3% 25 juillet 2019;6,19;inflation_france
adju_I;2013-05-16;2013-05-21;800;1200;FR0011237643;OAT€i 0,25% 25 juillet 2018;1181;439;2,69;52;491;-0,0064;1,0472;1,03286;OAT€i;0,0025;2018-07-25;OAT€i 0,25% 25 juillet 2018;5,191;inflation_zone_euro
adju_MT;2013-05-16;2013-05-21;7000;8000;FR0011394345;OAT 1% 25 mai 2018;7120;3650;1,95;1103;4753;0,0074;1,013;;OAT;0,01;2018-05-25;OAT 1% 25 mai 2018;5,024;
adju_I;2013-05-16;2013-05-21;800;1200;FR0011427848;OAT€i 0,25% 25 juillet 2024;1080;453;2,38;89;542;0,0032;0,992;1,00889;OAT€i;0,0025;2024-07-25;OAT€i 0,25% 25 juillet 2024;11,192;inflation_zone_euro
adju_MT;2013-05-16;2013-05-21;7000;8000;FR0011452721;OAT 0,25% 25 novembre 2015;8700;3248;2,68;175;3423;0,0021;1,0011;;OAT;0,0025;2015-11-25;OAT 0,25% 25 novembre 2015;2,527;
adju_LT;2013-06-06;2013-06-11;7000;8000;FR0010854182;OAT 3,5% 25 avril 2020;4045;1825;2,22;0;1825;0,013;1,1439;;OAT;0,035;2020-04-25;OAT 3,5% 25 avril 2020;6,886;
adju_LT;2013-06-06;2013-06-11;7000;8000;FR0011317783;OAT 2,75% 25 octobre 2027;5945;2323;2,56;0;2323;0,0258;1,0198;;OAT;0,0275;2027-10-25;OAT 2,75% 25 octobre 2027;14,385;
adju_LT;2013-06-06;2013-06-11;7000;8000;FR0011486067;OAT 1,75% 25 mai 2023;6180;3840;1,61;0;3840;0,0204;0,9738;;OAT;0,0175;2023-05-25;OAT 1,75% 25 mai 2023;9,966;
adju_I;2013-06-20;2013-06-25;1000;1500;FR0011008705;OAT€i 1,85% 25 juillet 2027;945;395;2,39;0;395;0,0088;1,1284;1,06538;OAT€i;0,0185;2027-07-25;OAT€i 1,85% 25 juillet 2027;14,094;inflation_zone_euro
adju_I;2013-06-20;2013-06-25;1000;1500;FR0011427848;OAT€i 0,25% 25 juillet 2024;1470;685;2,15;0;685;0,007;0,9523;1,0124;OAT€i;0,0025;2024-07-25;OAT€i 0,25% 25 juillet 2024;11,097;inflation_zone_euro
adju_MT;2013-06-20;2013-06-25;6500;7500;FR0011452721;OAT 0,25% 25 novembre 2015;6345;3295;1,93;0;3295;0,005;0,9939;;OAT;0,0025;2015-11-25;OAT 0,25% 25 novembre 2015;2,431;
adju_MT;2013-06-20;2013-06-25;6500;7500;FR0011523257;OAT 1% 25 novembre 2018;5910;4135;1,43;0;4135;0,0124;0,9872;;OAT;0,01;2018-11-25;OAT 1% 25 novembre 2018;5,432;
adju_I;2013-06-20;2013-06-25;1000;1500;FR0119105791;BTANi 0,45% 25 juillet 2016;1175;400;2,94;0;400;-0,0056;1,0316;1,04608;BTANi;0,0045;2016-07-25;BTANi 0,45% 25 juillet 2016;3,097;inflation_france
adju_LT;2013-07-04;2013-07-09;7000;8000;FR0011317783;OAT 2,75% 25 octobre 2027;7230;2630;2,75;660;3290;0,0284;0,99;;OAT;0,0275;2027-10-25;OAT 2,75% 25 octobre 2027;14,308;
adju_LT;2013-07-04;2013-07-09;7000;8000;FR0011486067;OAT 1,75% 25 mai 2023;9110;5360;1,7;947;6307;0,0232;0,9504;;OAT;0,0175;2023-05-25;OAT 1,75% 25 mai 2023;9,889;
adju_MT;2013-07-18;2013-07-23;7000;8000;FR0010415331;OAT 3,75% 25 avril 2017;5124;1774;2,89;0;1774;0,0066;1,1144;;OAT;0,0375;2017-04-25;OAT 3,75% 25 avril 2017;3,77;
adju_I;2013-07-18;2013-07-23;1000;1500;FR0010447367;OAT€i 1,8% 25 juillet 2040;565;225;2,51;0;225;0,0107;1,1705;1,14201;OAT€i;0,018;2040-07-25;OAT€i 1,8% 25 juillet 2040;27,02;inflation_zone_euro
adju_I;2013-07-18;2013-07-23;1000;1500;FR0011347046;OATi 0,1% 25 juillet 2021;1070;465;2,3;13;478;0,0019;0,9928;1,00644;OATi;0,001;2021-07-25;OATi 0,1% 25 juillet 2021;8,019;inflation_france
adju_I;2013-07-18;2013-07-23;1000;1500;FR0011427848;OAT€i 0,25% 25 juillet 2024;1185;555;2,14;50;605;0,006;0,9629;1,01295;OAT€i;0,0025;2024-07-25;OAT€i 0,25% 25 juillet 2024;11,02;inflation_zone_euro
adju_MT;2013-07-18;2013-07-23;7000;8000;FR0011452721;OAT 0,25% 25 novembre 2015;6775;2094;3,24;0;2094;0,0031;0,9985;;OAT;0,0025;2015-11-25;OAT 0,25% 25 novembre 2015;2,355;
adju_MT;2013-07-18;2013-07-23;7000;8000;FR0011523257;OAT 1% 25 novembre 2018;9860;4120;2,39;635;4755;0,0109;0,9954;;OAT;0,01;2018-11-25;OAT 1% 25 novembre 2018;5,355;
adju_LT;2013-09-05;2013-09-10;7500;8500;FR0011059088;OAT 3,25% 25 octobre 2021;5060;2485;2,04;52;2537;0,0217;1,0799;;OAT;0,0325;2021-10-25;OAT 3,25% 25 octobre 2021;8,137;
adju_LT;2013-09-05;2013-09-10;7500;8500;FR0011461037;OAT 3,25% 25 mai 2045;3790;1660;2,28;490;2150;0,036;0,9337;;OAT;0,0325;2045-05-25;OAT 3,25% 25 mai 2045;31,718;
adju_LT;2013-09-05;2013-09-10;7500;8500;FR0011486067;OAT 1,75% 25 mai 2023;8157;4240;1,92;968;5208;0,0257;0,9306;;OAT;0,0175;2023-05-25;OAT 1,75% 25 mai 2023;9,717;
adju_I;2013-09-19;2013-09-24;1300;1700;FR0011008705;OAT€i 1,85% 25 juillet 2027;834;494;1,69;0;494;0,0095;1,1157;1,06262;OAT€i;0,0185;2027-07-25;OAT€i 1,85% 25 juillet 2027;13,845;inflation_zone_euro
adju_I;2013-09-19;2013-09-24;1300;1700;FR0011347046;OATi 0,1% 25 juillet 2021;1000;455;2,2;0;455;0,0024;0,9891;1,00565;OATi;0,001;2021-07-25;OATi 0,1% 25 juillet 2021;7,847;inflation_france
adju_I;2013-09-19;2013-09-24;1300;1700;FR0011427848;OAT€i 0,25% 25 juillet 2024;940;535;1,76;0;535;0,008;0,9429;1,00977;OAT€i;0,0025;2024-07-25;OAT€i 0,25% 25 juillet 2024;10,847;inflation_zone_euro
adju_MT;2013-09-19;2013-09-24;6500;7500;FR0011452721;OAT 0,25% 25 novembre 2015;6540;2525;2,59;0;2525;0,0039;0,9969;;OAT;0,0025;2015-11-25;OAT 0,25% 25 novembre 2015;2,182;
adju_MT;2013-09-19;2013-09-24;6500;7500;FR0011523257;OAT 1% 25 novembre 2018;5095;3050;1,67;0;3050;0,0123;0,9885;;OAT;0,01;2018-11-25;OAT 1% 25 novembre 2018;5,183;
adju_MT;2013-09-19;2013-09-24;6500;7500;FR0119105809;BTAN 2,25% 25 février 2016;4470;1915;2,33;0;1915;0,0043;1,0438;;BTAN;0,0225;2016-02-25;BTAN 2,25% 25 février 2016;2,434;
adju_LT;2013-10-03;2013-10-08;6500;7500;FR0000571218;OAT 5,5% 25 avril 2029;4920;2355;2,09;549;2904;0,0302;1,3034;;OAT;0,055;2029-04-25;OAT 5,5% 25 avril 2029;15,559;
adju_LT;2013-10-03;2013-10-08;6500;7500;FR0011486067;OAT 1,75% 25 mai 2023;9605;5105;1,88;909;6014;0,0237;0,9472;;OAT;0,0175;2023-05-25;OAT 1,75% 25 mai 2023;9,64;
adju_I;2013-10-17;2013-10-22;1000;1500;FR0010447367;OAT€i 1,8% 25 juillet 2040;750;430;1,74;92;522;0,0126;1,123;1,13781;OAT€i;0,018;2040-07-25;OAT€i 1,8% 25 juillet 2040;26,771;inflation_zone_euro
adju_I;2013-10-17;2013-10-22;1000;1500;FR0010585901;OATi 2,1% 25 juillet 2023;1160;625;1,86;102;727;0,006;1,142;1,09625;OATi;0,021;2023-07-25;OATi 2,1% 25 juillet 2023;9,769;inflation_france
adju_I;2013-10-17;2013-10-22;1000;1500;FR0011008705;OAT€i 1,85% 25 juillet 2027;1155;430;2,69;51;481;0,0097;1,1122;1,06204;OAT€i;0,0185;2027-07-25;OAT€i 1,85% 25 juillet 2027;13,769;inflation_zone_euro
adju_MT;2013-10-17;2013-10-22;6000;7000;FR0011523257;OAT 1% 25 novembre 2018;7135;4080;1,75;1197;5277;0,0124;0,988;;OAT;0,01;2018-11-25;OAT 1% 25 novembre 2018;5,106;
adju_MT;2013-10-17;2013-10-22;6000;7000;FR0119105809;BTAN 2,25% 25 février 2016;7140;2810;2,54;148;2958;0,0042;1,0425;;BTAN;0,0225;2016-02-25;BTAN 2,25% 25 février 2016;2,357;
adju_LT;2013-11-07;2013-11-12;5500;6500;FR0011461037;OAT 3,25% 25 mai 2045;4180;2210;1,89;0;2210;0,0341;0,9701;;OAT;0,0325;2045-05-25;OAT 3,25% 25 mai 2045;31,546;
adju_LT;2013-11-07;2013-11-12;5500;6500;FR0011619436;OAT 2,25% 25 mai 2024;8460;4283;1,98;0;4283;0,0241;0,985;;OAT;0,0225;2024-05-25;OAT 2,25% 25 mai 2024;10,546;
adju_MT;2013-11-21;2013-11-26;5500;6500;FR0010288357;OAT 3,25% 25 avril 2016;7570;3425;2,21;30;3455;0,0031;1,0704;;OAT;0,0325;2016-04-25;OAT 3,25% 25 avril 2016;2,426;
adju_I;2013-11-21;2013-11-26;1100;1600;FR0011237643;OAT€i 0,25% 25 juillet 2018;1720;749;2,3;102;851;-0,0026;1,0237;1,03788;OAT€i;0,0025;2018-07-25;OAT€i 0,25% 25 juillet 2018;4,674;inflation_zone_euro
adju_I;2013-11-21;2013-11-26;1100;1600;FR0011427848;OAT€i 0,25% 25 juillet 2024;1015;315;3,22;73;388;0,0079;0,9446;1,0138;OAT€i;0,0025;2024-07-25;OAT€i 0,25% 25 juillet 2024;10,675;inflation_zone_euro
adju_MT;2013-11-21;2013-11-26;5500;6500;FR0011523257;OAT 1% 25 novembre 2018;7170;3025;2,37;553;3578;0,0102;0,9992;;OAT;0,01;2018-11-25;OAT 1% 25 novembre 2018;5,01;
adju_I;2013-11-21;2013-11-26;1100;1600;FR0119105791;BTANi 0,45% 25 juillet 2016;1630;535;3,05;36;571;-0,0085;1,0351;1,04701;BTANi;0,0045;2016-07-25;BTANi 0,45% 25 juillet 2016;2,675;inflation_france
adju_MLT;2013-12-05;2013-12-10;3000;4000;FR0010604983;OAT 4% 25 avril 2018;3605;1320;2,73;0;1320;0,0083;1,1355;;OAT;0,04;2018-04-25;OAT 4% 25 avril 2018;4,386;
adju_MLT;2013-12-05;2013-12-10;3000;4000;FR0011059088;OAT 3,25% 25 octobre 2021;3180;1335;2,38;0;1335;0,0177;1,1075;;OAT;0,0325;2021-10-25;OAT 3,25% 25 octobre 2021;7,888;
adju_MLT;2013-12-05;2013-12-10;3000;4000;FR0011317783;OAT 2,75% 25 octobre 2027;3426;1335;2,57;0;1335;0,0281;0,9936;;OAT;0,0275;2027-10-25;OAT 2,75% 25 octobre 2027;13,886;
adju_LT;2014-01-09;2014-01-13;7500;8500;FR0010870956;OAT 4% 25 avril 2060;3565;1805;1,98;0;1805;0,0353;1,1062;;OAT;0,04;2060-04-25;OAT 4% 25 avril 2060;46,292;
adju_LT;2014-01-09;2014-01-13;7500;8500;FR0010949651;OAT 2,5% 25 octobre 2020;4421;1475;3;370;1845;0,0167;1,0526;;OAT;0,025;2020-10-25;OAT 2,5% 25 octobre 2020;6,793;
adju_LT;2014-01-09;2014-01-13;7500;8500;FR0011619436;OAT 2,25% 25 mai 2024;7771;5046;1,54;1129;6175;0,0251;0,9761;;OAT;0,0225;2024-05-25;OAT 2,25% 25 mai 2024;10,374;
adju_MT;2014-01-23;2014-01-28;7000;8000;FR0010288357;OAT 3,25% 25 avril 2016;6515;2225;2,93;257;2482;0,0034;1,0647;;OAT;0,0325;2016-04-25;OAT 3,25% 25 avril 2016;2,253;
adju_I;2014-01-23;2014-01-28;1200;1700;FR0011237643;OAT€i 0,25% 25 juillet 2018;1460;605;2,41;142;747;-0,002;1,0202;1,03664;OAT€i;0,0025;2018-07-25;OAT€i 0,25% 25 juillet 2018;4,501;inflation_zone_euro
adju_MT;2014-01-23;2014-01-28;7000;8000;FR0011394345;OAT 1% 25 mai 2018;4210;1885;2,23;563;2448;0,0094;1,0027;;OAT;0,01;2018-05-25;OAT 1% 25 mai 2018;4,334;
adju_I;2014-01-23;2014-01-28;1200;1700;FR0011427848;OAT€i 0,25% 25 juillet 2024;1095;335;3,27;80;415;0,0076;0,9492;1,01258;OAT€i;0,0025;2024-07-25;OAT€i 0,25% 25 juillet 2024;10,502;inflation_zone_euro
adju_MT;2014-01-23;2014-01-28;7000;8000;FR0011708080;OAT 1% 25 mai 2019;7330;3820;1,92;773;4593;0,0124;0,9876;;OAT;0,01;2019-05-25;OAT 1% 25 mai 2019;5,333;
adju_I;2014-01-23;2014-01-28;1200;1700;FR0119105791;BTANi 0,45% 25 juillet 2016;1840;758;2,43;28;786;-0,0086;1,0331;1,04482;BTANi;0,0045;2016-07-25;BTANi 0,45% 25 juillet 2016;2,502;inflation_france
adju_LT;2014-02-06;2014-02-11;7000;8000;FR0000187635;OAT 5,75% 25 octobre 2032;3255;1040;3,13;209;1249;0,0288;1,4105;;OAT;0,0575;2032-10-25;OAT 5,75% 25 octobre 2032;18,716;
adju_LT;2014-02-06;2014-02-11;7000;8000;FR0011317783;OAT 2,75% 25 octobre 2027;6216;2891;2,15;696;3587;0,0266;1,0099;;OAT;0,0275;2027-10-25;OAT 2,75% 25 octobre 2027;13,714;
adju_LT;2014-02-06;2014-02-11;7000;8000;FR0011619436;OAT 2,25% 25 mai 2024;8680;4055;2,14;670;4725;0,0225;0,9996;;OAT;0,0225;2024-05-25;OAT 2,25% 25 mai 2024;10,297;
adju_I;2014-02-20;2014-02-25;900;1400;FR0000186413;OATi 3,4% 25 juillet 2029;795;300;2,65;24;324;0,0089;1,36;1,25007;OATi;0,034;2029-07-25;OATi 3,4% 25 juillet 2029;15,425;inflation_france
adju_MT;2014-02-20;2014-02-25;7000;8000;FR0010517417;OAT 4,25% 25 octobre 2017;4550;1370;3,32;0;1370;0,0057;1,133;;OAT;0,0425;2017-10-25;OAT 4,25% 25 octobre 2017;3,677;
adju_I;2014-02-20;2014-02-25;900;1400;FR0011237643;OAT€i 0,25% 25 juillet 2018;2050;685;2,99;61;746;-0,002;1,0201;1,03972;OAT€i;0,0025;2018-07-25;OAT€i 0,25% 25 juillet 2018;4,424;inflation_zone_euro
adju_I;2014-02-20;2014-02-25;900;1400;FR0011427848;OAT€i 0,25% 25 juillet 2024;1475;410;3,6;72;482;0,0072;0,9526;1,01559;OAT€i;0,0025;2024-07-25;OAT€i 0,25% 25 juillet 2024;10,426;inflation_zone_euro
adju_MT;2014-02-20;2014-02-25;7000;8000;FR0011708080;OAT 1% 25 mai 2019;7970;4010;1,99;0;4010;0,0106;0,997;;OAT;0,01;2019-05-25;OAT 1% 25 mai 2019;5,257;
adju_MT;2014-02-20;2014-02-25;7000;8000;FR0119580050;BTAN 2,5% 25 juillet 2016;6113;2603;2,35;0;2603;0,0028;1,0531;;BTAN;0,025;2016-07-25;BTAN 2,5% 25 juillet 2016;2,426;
adju_LT;2014-03-06;2014-03-11;7000;8000;FR0011317783;OAT 2,75% 25 octobre 2027;7815;3630;2,15;1099;4729;0,0262;1,0146;;OAT;0,0275;2027-10-25;OAT 2,75% 25 octobre 2027;13,637;
adju_LT;2014-03-06;2014-03-11;7000;8000;FR0011337880;OAT 2,25% 25 octobre 2022;4625;1280;3,61;0;1280;0,0186;1,0304;;OAT;0,0225;2022-10-25;OAT 2,25% 25 octobre 2022;8,638;
adju_LT;2014-03-06;2014-03-11;7000;8000;FR0011619436;OAT 2,25% 25 mai 2024;6430;3080;2,09;174;3254;0,022;1,0044;;OAT;0,0225;2024-05-25;OAT 2,25% 25 mai 2024;10,22;
adju_I;2014-03-20;2014-03-25;1000;1500;FR0011237643;OAT€i 0,25% 25 juillet 2018;1700;761;2,23;34;795;-0,0036;1,0266;1,03098;OAT€i;0,0025;2018-07-25;OAT€i 0,25% 25 juillet 2018;4,348;inflation_zone_euro
adju_I;2014-03-20;2014-03-25;1000;1500;FR0011347046;OATi 0,1% 25 juillet 2021;1130;260;4,35;62;322;0,0024;0,9898;1,00377;OATi;0,001;2021-07-25;OATi 0,1% 25 juillet 2021;7,348;inflation_france
adju_I;2014-03-20;2014-03-25;1000;1500;FR0011427848;OAT€i 0,25% 25 juillet 2024;1295;470;2,76;130;600;0,0063;0,9621;1,00705;OAT€i;0,0025;2024-07-25;OAT€i 0,25% 25 juillet 2024;10,349;inflation_zone_euro
adju_MT;2014-03-20;2014-03-25;7000;8000;FR0011708080;OAT 1% 25 mai 2019;7160;3705;1,93;1122;4827;0,0106;0,9968;;OAT;0,01;2019-05-25;OAT 1% 25 mai 2019;5,18;
adju_MT;2014-03-20;2014-03-25;7000;8000;FR0119580050;BTAN 2,5% 25 juillet 2016;5805;2600;2,23;0;2600;0,0033;1,0502;;BTAN;0,025;2016-07-25;BTAN 2,5% 25 juillet 2016;2,349;
adju_MT;2014-03-20;2014-03-25;7000;8000;FR0120746609;BTAN 1% 25 juillet 2017;4546;1651;2,75;0;1651;0,0055;1,0149;;BTAN;0,01;2017-07-25;BTAN 1% 25 juillet 2017;3,348;
adju_LT;2014-04-03;2014-04-08;6500;7500;FR0010192997;OAT 3,75% 25 avril 2021;4615;1549;2,98;0;1549;0,0146;1,1525;;OAT;0,0375;2021-04-25;OAT 3,75% 25 avril 2021;7,061;
adju_LT;2014-04-03;2014-04-08;6500;7500;FR0011461037;OAT 3,25% 25 mai 2045;4460;1843;2,42;541;2384;0,0319;1,0126;;OAT;0,0325;2045-05-25;OAT 3,25% 25 mai 2045;31,143;
adju_LT;2014-04-03;2014-04-08;6500;7500;FR0011619436;OAT 2,25% 25 mai 2024;8053;4103;1,96;966;5069;0,0215;1,0087;;OAT;0,0225;2024-05-25;OAT 2,25% 25 mai 2024;10,144;
adju_I;2014-04-17;2014-04-23;1000;1500;FR0010585901;OATi 2,1% 25 juillet 2023;970;435;2,23;0;435;0,0028;1,166;1,09458;OATi;0,021;2023-07-25;OATi 2,1% 25 juillet 2023;9,27;inflation_france
adju_I;2014-04-17;2014-04-23;1000;1500;FR0011237643;OAT€i 0,25% 25 juillet 2018;1430;542;2,64;0;542;-0,0059;1,0362;1,03055;OAT€i;0,0025;2018-07-25;OAT€i 0,25% 25 juillet 2018;4,271;inflation_zone_euro
adju_I;2014-04-17;2014-04-23;1000;1500;FR0011427848;OAT€i 0,25% 25 juillet 2024;1050;505;2,08;0;505;0,0041;0,9844;1,00664;OAT€i;0,0025;2024-07-25;OAT€i 0,25% 25 juillet 2024;10,272;inflation_zone_euro
adju_MT;2014-04-17;2014-04-23;7000;8000;FR0011708080;OAT 1% 25 mai 2019;7595;3570;2,13;0;3570;0,0086;1,0069;;OAT;0,01;2019-05-25;OAT 1% 25 mai 2019;5,103;
adju_MT;2014-04-17;2014-04-23;7000;8000;FR0011857218;OAT 0,25% 25 novembre 2016;8170;4370;1,87;0;4370;0,0032;0,9981;;OAT;0,0025;2016-11-25;OAT 0,25% 25 novembre 2016;2,609;
adju_LT;2014-04-30;2014-05-06;7000;8000;FR0011619436;OAT 2,25% 25 mai 2024;8396;3853;2,18;769;4622;0,02;1,0227;;OAT;0,0225;2024-05-25;OAT 2,25% 25 mai 2024;10,07;
adju_LT;2014-04-30;2014-05-06;7000;8000;FR0011883966;OAT 2,5% 25 mai 2030;9130;4130;2,21;835;4965;0,0264;0,9818;;OAT;0,025;2030-05-25;OAT 2,5% 25 mai 2030;16,068;
adju_MT;2014-05-15;2014-05-20;7000;8000;FR0010415331;OAT 3,75% 25 avril 2017;5770;1713;3,37;0;1713;0,0025;1,1021;;OAT;0,0375;2017-04-25;OAT 3,75% 25 avril 2017;2,946;
adju_I;2014-05-15;2014-05-20;1000;1500;FR0010850032;OATi 1,3% 25 juillet 2019;1540;405;3,8;31;436;-0,0046;1,0928;1,06709;OATi;0,013;2019-07-25;OATi 1,3% 25 juillet 2019;5,194;inflation_france
adju_I;2014-05-15;2014-05-20;1000;1500;FR0011237643;OAT€i 0,25% 25 juillet 2018;1760;710;2,48;15;725;-0,0062;1,0371;1,03741;OAT€i;0,0025;2018-07-25;OAT€i 0,25% 25 juillet 2018;4,194;inflation_zone_euro
adju_I;2014-05-15;2014-05-20;1000;1500;FR0011427848;OAT€i 0,25% 25 juillet 2024;1462;372;3,93;90;462;0,003;0,9945;1,01334;OAT€i;0,0025;2024-07-25;OAT€i 0,25% 25 juillet 2024;10,196;inflation_zone_euro
adju_MT;2014-05-15;2014-05-20;7000;8000;FR0011708080;OAT 1% 25 mai 2019;8905;4545;1,96;0;4545;0,0068;1,0156;;OAT;0,01;2019-05-25;OAT 1% 25 mai 2019;5,027;
adju_MT;2014-05-15;2014-05-20;7000;8000;FR0011857218;OAT 0,25% 25 novembre 2016;6060;1710;3,54;0;1710;0,0022;1,0008;;OAT;0,0025;2016-11-25;OAT 0,25% 25 novembre 2016;2,533;
adju_LT;2014-06-05;2014-06-10;7500;8500;FR0011196856;OAT 3% 25 avril 2022;4150;968;4,29;0;968;0,0138;1,1198;;OAT;0,03;2022-04-25;OAT 3% 25 avril 2022;7,888;
adju_LT;2014-06-05;2014-06-10;7500;8500;FR0011883966;OAT 2,5% 25 mai 2030;6835;2140;3,19;652;2792;0,0254;0,9954;;OAT;0,025;2030-05-25;OAT 2,5% 25 mai 2030;15,97;
adju_LT;2014-06-05;2014-06-10;7500;8500;FR0011962398;OAT 1,75% 25 novembre 2024;9330;5390;1,73;1057;6447;0,0196;0,9801;;OAT;0,0175;2024-11-25;OAT 1,75% 25 novembre 2024;10,475;
adju_MT;2014-06-19;2014-06-24;7000;8000;FR0011857218;OAT 0,25% 25 novembre 2016;9175;3803;2,41;291;4094;0,0012;1,0032;;OAT;0,0025;2016-11-25;OAT 0,25% 25 novembre 2016;2,437;
adju_MT;2014-06-19;2014-06-24;7000;8000;FR0011993179;OAT 0,5% 25 novembre 2019;8400;4195;2;201;4396;0,0069;0,9902;;OAT;0,005;2019-11-25;OAT 0,5% 25 novembre 2019;5,435;
adju_LT;2014-07-03;2014-07-08;7500;8500;FR0011317783;OAT 2,75% 25 octobre 2027;7481;2599;2,88;779;3378;0,0213;1,0715;;OAT;0,0275;2027-10-25;OAT 2,75% 25 octobre 2027;13,311;
adju_LT;2014-07-03;2014-07-08;7500;8500;FR0011883966;OAT 2,5% 25 mai 2030;6554;2499;2,62;759;3258;0,0238;1,0157;;OAT;0,025;2030-05-25;OAT 2,5% 25 mai 2030;15,893;
adju_LT;2014-07-03;2014-07-08;7500;8500;FR0011962398;OAT 1,75% 25 novembre 2024;9305;3398;2,74;169;3567;0,0177;0,9985;;OAT;0,0175;2024-11-25;OAT 1,75% 25 novembre 2024;10,398;
adju_MT;2014-07-17;2014-07-22;7500;8500;FR0010604983;OAT 4% 25 avril 2018;3200;1330;2,41;0;1330;0,0022;1,1414;;OAT;0,04;2018-04-25;OAT 4% 25 avril 2018;3,773;
adju_I;2014-07-17;2014-07-22;1000;1500;FR0011237643;OAT€i 0,25% 25 juillet 2018;1760;690;2,55;0;690;-0,0065;1,0366;1,04204;OAT€i;0,0025;2018-07-25;OAT€i 0,25% 25 juillet 2018;4,022;inflation_zone_euro
adju_I;2014-07-17;2014-07-22;1000;1500;FR0011347046;OATi 0,1% 25 juillet 2021;1230;350;3,51;0;350;-0,0038;1,0343;1,01214;OATi;0,001;2021-07-25;OATi 0,1% 25 juillet 2021;7,023;inflation_france
adju_I;2014-07-17;2014-07-22;1000;1500;FR0011427848;OAT€i 0,25% 25 juillet 2024;1970;455;4,33;91;546;0;1,0254;1,01786;OAT€i;0,0025;2024-07-25;OAT€i 0,25% 25 juillet 2024;10,023;inflation_zone_euro
adju_MT;2014-07-17;2014-07-22;7500;8500;FR0011857218;OAT 0,25% 25 novembre 2016;7030;3192;2,2;0;3192;0,0009;1,0038;;OAT;0,0025;2016-11-25;OAT 0,25% 25 novembre 2016;2,36;
adju_MT;2014-07-17;2014-07-22;7500;8500;FR0011993179;OAT 0,5% 25 novembre 2019;6640;3940;1,69;0;3940;0,0055;0,9973;;OAT;0,005;2019-11-25;OAT 0,5% 25 novembre 2019;5,358;
adju_LT;2014-09-04;2014-09-09;8000;9000;FR0011461037;OAT 3,25% 25 mai 2045;2900;1150;2,52;0;1150;0,0237;1,1899;;OAT;0,0325;2045-05-25;OAT 3,25% 25 mai 2045;30,721;
adju_LT;2014-09-04;2014-09-09;8000;9000;FR0011883966;OAT 2,5% 25 mai 2030;8135;3549;2,29;646;4195;0,0192;1,0779;;OAT;0,025;2030-05-25;OAT 2,5% 25 mai 2030;15,721;
adju_LT;2014-09-04;2014-09-09;8000;9000;FR0011962398;OAT 1,75% 25 novembre 2024;12195;4297;2,84;1143;5440;0,0132;1,0408;;OAT;0,0175;2024-11-25;OAT 1,75% 25 novembre 2024;10,226;
adju_I;2014-09-18;2014-09-23;1000;1500;FR0011237643;OAT€i 0,25% 25 juillet 2018;1765;443;3,98;6;449;-0,0081;1,0416;1,03768;OAT€i;0,0025;2018-07-25;OAT€i 0,25% 25 juillet 2018;3,849;inflation_zone_euro
adju_I;2014-09-18;2014-09-23;1000;1500;FR0011347046;OATi 0,1% 25 juillet 2021;1720;660;2,61;125;785;-0,0045;1,0386;1,00941;OATi;0,001;2021-07-25;OATi 0,1% 25 juillet 2021;6,85;inflation_france
adju_I;2014-09-18;2014-09-23;1000;1500;FR0011427848;OAT€i 0,25% 25 juillet 2024;1155;395;2,92;95;490;-0,0004;1,0284;1,0136;OAT€i;0,0025;2024-07-25;OAT€i 0,25% 25 juillet 2024;9,851;inflation_zone_euro
adju_MT;2014-09-18;2014-09-23;7000;8000;FR0011708080;OAT 1% 25 mai 2019;3915;1265;3,09;285;1550;0,003;1,0325;;OAT;0,01;2019-05-25;OAT 1% 25 mai 2019;4,682;
adju_MT;2014-09-18;2014-09-23;7000;8000;FR0011857218;OAT 0,25% 25 novembre 2016;8375;2697;3,11;98;2795;0,0001;1,0053;;OAT;0,0025;2016-11-25;OAT 0,25% 25 novembre 2016;2,188;
adju_MT;2014-09-18;2014-09-23;7000;8000;FR0011993179;OAT 0,5% 25 novembre 2019;6425;4030;1,59;1015;5045;0,0039;1,0055;;OAT;0,005;2019-11-25;OAT 0,5% 25 novembre 2019;5,185;
adju_LT;2014-10-02;2014-10-07;7000;8000;FR0011317783;OAT 2,75% 25 octobre 2027;7376;2840;2,6;124;2964;0,0161;1,1332;;OAT;0,0275;2027-10-25;OAT 2,75% 25 octobre 2027;13,062;
adju_LT;2014-10-02;2014-10-07;7000;8000;FR0011486067;OAT 1,75% 25 mai 2023;4226;1611;2,62;0;1611;0,0094;1,0669;;OAT;0,0175;2023-05-25;OAT 1,75% 25 mai 2023;8,643;
adju_LT;2014-10-02;2014-10-07;7000;8000;FR0011962398;OAT 1,75% 25 novembre 2024;7062;3548;1,99;0;3548;0,0123;1,0496;;OAT;0,0175;2024-11-25;OAT 1,75% 25 novembre 2024;10,149;
adju_MT;2014-10-16;2014-10-20;6500;7500;FR0010517417;OAT 4,25% 25 octobre 2017;4980;3142;1,58;0;3142;0,0005;1,1264;;OAT;0,0425;2017-10-25;OAT 4,25% 25 octobre 2017;3,025;
adju_I;2014-10-16;2014-10-20;1000;1500;FR0010585901;OATi 2,1% 25 juillet 2023;1015;485;2,09;25;510;-0,0006;1,1896;1,10006;OATi;0,021;2023-07-25;OATi 2,1% 25 juillet 2023;8,772;inflation_france
adju_I;2014-10-16;2014-10-20;1000;1500;FR0011008705;OAT€i 1,85% 25 juillet 2027;742;292;2,54;1;293;0,0026;1,1988;1,06545;OAT€i;0,0185;2027-07-25;OAT€i 1,85% 25 juillet 2027;12,772;inflation_zone_euro
adju_MT;2014-10-16;2014-10-20;6500;7500;FR0011523257;OAT 1% 25 novembre 2018;3495;1470;2,38;0;1470;0,0017;1,0339;;OAT;0,01;2018-11-25;OAT 1% 25 novembre 2018;4,11;
adju_I;2014-10-16;2014-10-20;1000;1500;FR0011982776;OAT€i 0,7% 25 juillet 2030;807;377;2,14;52;429;0,0051;1,0284;0,99946;OAT€i;0,007;2030-07-25;OAT€i 0,7% 25 juillet 2030;15,773;inflation_zone_euro
adju_MT;2014-10-16;2014-10-20;6500;7500;FR0011993179;OAT 0,5% 25 novembre 2019;5430;2885;1,88;0;2885;0,0034;1,0082;;OAT;0,005;2019-11-25;OAT 0,5% 25 novembre 2019;5,109;
adju_LT;2014-11-06;2014-11-10;7500;8500;FR0010070060;OAT 4,75% 25 avril 2035;1681;675;2,49;39;714;0,0199;1,4593;;OAT;0,0475;2035-04-25;OAT 4,75% 25 avril 2035;20,465;
adju_LT;2014-11-06;2014-11-10;7500;8500;FR0011883966;OAT 2,5% 25 mai 2030;4701;2490;1,89;241;2731;0,0181;1,0925;;OAT;0,025;2030-05-25;OAT 2,5% 25 mai 2030;15,548;
adju_LT;2014-11-06;2014-11-10;7500;8500;FR0011962398;OAT 1,75% 25 novembre 2024;7366;5315;1,39;204;5519;0,0118;1,0536;;OAT;0,0175;2024-11-25;OAT 1,75% 25 novembre 2024;10,053;
adju_I;2014-11-20;2014-11-24;800;1300;FR0010447367;OAT€i 1,8% 25 juillet 2040;555;220;2,52;48;268;0,005;1,3111;1,14585;OAT€i;0,018;2040-07-25;OAT€i 1,8% 25 juillet 2040;25,678;inflation_zone_euro
adju_I;2014-11-20;2014-11-24;800;1300;FR0010585901;OATi 2,1% 25 juillet 2023;1340;605;2,21;159;764;-0,0024;1,2056;1,09864;OATi;0,021;2023-07-25;OATi 2,1% 25 juillet 2023;8,676;inflation_france
adju_I;2014-11-20;2014-11-24;800;1300;FR0011008705;OAT€i 1,85% 25 juillet 2027;805;290;2,78;33;323;0,0012;1,2173;1,06955;OAT€i;0,0185;2027-07-25;OAT€i 1,85% 25 juillet 2027;12,676;inflation_zone_euro
adju_MT;2014-11-20;2014-11-24;6500;7500;FR0011993179;OAT 0,5% 25 novembre 2019;5271;2520;2,09;766;3286;0,003;1,0099;;OAT;0,005;2019-11-25;OAT 0,5% 25 novembre 2019;5,013;
adju_MT;2014-11-20;2014-11-24;6500;7500;FR0120473253;BTAN 1,75% 25 février 2017;7051;3474;2,03;844;4318;0,0004;1,0386;;BTAN;0,0175;2017-02-25;BTAN 1,75% 25 février 2017;2,267;
adju_MT;2014-11-20;2014-11-24;6500;7500;FR0120746609;BTAN 1% 25 juillet 2017;4601;1498;3,07;265;1763;0,0005;1,0253;;BTAN;0,01;2017-07-25;BTAN 1% 25 juillet 2017;2,678;
adju_MLT;2014-12-04;2014-12-08;3000;4000;FR0000571150;OAT 6% 25 octobre 2025;3245;1332;2,44;44;1376;0,0111;1,4989;;OAT;0,06;2025-10-25;OAT 6% 25 octobre 2025;10,891;
adju_MLT;2014-12-04;2014-12-08;3000;4000;FR0011317783;OAT 2,75% 25 octobre 2027;2475;590;4,19;99;689;0,0139;1,1595;;OAT;0,0275;2027-10-25;OAT 2,75% 25 octobre 2027;12,89;
adju_MLT;2014-12-04;2014-12-08;3000;4000;FR0011486067;OAT 1,75% 25 mai 2023;4630;2075;2,23;0;2075;0,0076;1,0808;;OAT;0,0175;2023-05-25;OAT 1,75% 25 mai 2023;8,471;
adju_LT;2015-01-08;2015-01-12;8500;9500;FR0011461037;OAT 3,25% 25 mai 2045;2616;855;3,06;264;1119;0,0177;1,3452;;OAT;0,0325;2045-05-25;OAT 3,25% 25 mai 2045;30,376;
adju_LT;2015-01-08;2015-01-12;8500;9500;FR0011883966;OAT 2,5% 25 mai 2030;6621;3785;1,75;679;4464;0,013;1,1661;;OAT;0,025;2030-05-25;OAT 2,5% 25 mai 2030;15,376;
adju_LT;2015-01-08;2015-01-12;8500;9500;FR0011962398;OAT 1,75% 25 novembre 2024;9486;4854;1,95;860;5714;0,0079;1,0909;;OAT;0,0175;2024-11-25;OAT 1,75% 25 novembre 2024;9,881;
adju_MT;2015-01-22;2015-01-26;7500;8500;FR0011059088;OAT 3,25% 25 octobre 2021;4255;1575;2,7;482;2057;0,0032;1,195;;OAT;0,0325;2021-10-25;OAT 3,25% 25 octobre 2021;6,757;
adju_I;2015-01-22;2015-01-26;1000;1500;FR0011237643;OAT€i 0,25% 25 juillet 2018;1340;270;4,96;6;276;-0,0041;1,0232;1,03922;OAT€i;0,0025;2018-07-25;OAT€i 0,25% 25 juillet 2018;3,504;inflation_zone_euro
adju_I;2015-01-22;2015-01-26;1000;1500;FR0011347046;OATi 0,1% 25 juillet 2021;1555;765;2,03;203;968;-0,0057;1,0444;1,00799;OATi;0,001;2021-07-25;OATi 0,1% 25 juillet 2021;6,505;inflation_france
adju_I;2015-01-22;2015-01-26;1000;1500;FR0011427848;OAT€i 0,25% 25 juillet 2024;1200;465;2,58;134;599;-0,0036;1,0593;1,01511;OAT€i;0,0025;2024-07-25;OAT€i 0,25% 25 juillet 2024;9,506;inflation_zone_euro
adju_MT;2015-01-22;2015-01-26;7500;8500;FR0011993179;OAT 0,5% 25 novembre 2019;7219;4041;1,79;1200;5241;0,0012;1,0182;;OAT;0,005;2019-11-25;OAT 0,5% 25 novembre 2019;4,841;
adju_MT;2015-01-22;2015-01-26;7500;8500;FR0120473253;BTAN 1,75% 25 février 2017;7181;2879;2,49;451;3330;-0,0007;1,038;;BTAN;0,0175;2017-02-25;BTAN 1,75% 25 février 2017;2,094;
adju_LT;2015-02-05;2015-02-09;8000;9000;FR0000571150;OAT 6% 25 octobre 2025;5166;2419;2,14;0;2419;0,0062;1,5562;;OAT;0,06;2025-10-25;OAT 6% 25 octobre 2025;10,719;
adju_LT;2015-02-05;2015-02-09;8000;9000;FR0011883966;OAT 2,5% 25 mai 2030;5386;1955;2,75;0;1955;0,0094;1,2219;;OAT;0,025;2030-05-25;OAT 2,5% 25 mai 2030;15,299;
adju_LT;2015-02-05;2015-02-09;8000;9000;FR0012517027;OAT 0,5% 25 mai 2025;8641;4625;1,87;0;4625;0,0061;0,9887;;OAT;0,005;2025-05-25;OAT 0,5% 25 mai 2025;10,3;
adju_MT;2015-02-19;2015-02-23;7500;8500;FR0010517417;OAT 4,25% 25 octobre 2017;4565;2033;2,25;29;2062;-0,001;1,1162;;OAT;0,0425;2017-10-25;OAT 4,25% 25 octobre 2017;2,68;
adju_MT;2015-02-19;2015-02-23;7500;8500;FR0010776161;OAT 3,75% 25 octobre 2019;4011;1825;2,2;0;1825;0,0003;1,1736;;OAT;0,0375;2019-10-25;OAT 3,75% 25 octobre 2019;4,679;
adju_MT;2015-02-19;2015-02-23;7500;8500;FR0012557957;OAT 0% 25 mai 2020;6361;4636;1,37;0;4636;0,001;0,9946;;OAT;0;2020-05-25;OAT 0% 25 mai 2020;5,262;
adju_I;2015-02-19;2015-02-23;1000;2000;FR0012558310;OATi 0,1% 1 mars 2025;3334;1998;1,67;381;2379;-0,0037;1,048;0,99973;OATi;0,001;2025-03-01;OATi 0,1% 1 mars 2025;10,029;inflation_france
adju_LT;2015-03-05;2015-03-09;7500;8500;FR0000571218;OAT 5,5% 25 avril 2029;2786;1470;1,9;452;1922;0,0093;1,6018;;OAT;0,055;2029-04-25;OAT 5,5% 25 avril 2029;14,141;
adju_LT;2015-03-05;2015-03-09;7500;8500;FR0010466938;OAT 4,25% 25 octobre 2023;5331;2427;2,2;352;2779;0,0044;1,3215;;OAT;0,0425;2023-10-25;OAT 4,25% 25 octobre 2023;8,641;
adju_LT;2015-03-05;2015-03-09;7500;8500;FR0012517027;OAT 0,5% 25 mai 2025;7051;4600;1,53;1277;5877;0,0067;0,9831;;OAT;0,005;2025-05-25;OAT 0,5% 25 mai 2025;10,223;
adju_I;2015-03-19;2015-03-23;1000;1500;FR0010850032;OATi 1,3% 25 juillet 2019;910;365;2,49;4;369;-0,0119;1,1114;1,05724;OATi;0,013;2019-07-25;OATi 1,3% 25 juillet 2019;4,35;inflation_france
adju_MT;2015-03-19;2015-03-23;7500;8500;FR0011196856;OAT 3% 25 avril 2022;3821;1621;2,36;489;2110;0,0016;1,1999;;OAT;0,03;2022-04-25;OAT 3% 25 avril 2022;7,102;
adju_I;2015-03-19;2015-03-23;1000;1500;FR0011237643;OAT€i 0,25% 25 juillet 2018;1290;835;1,54;43;878;-0,0123;1,0506;1,02602;OAT€i;0,0025;2018-07-25;OAT€i 0,25% 25 juillet 2018;3,351;inflation_zone_euro
adju_I;2015-03-19;2015-03-23;1000;1500;FR0011427848;OAT€i 0,25% 25 juillet 2024;1530;285;5,37;51;336;-0,0103;1,1258;1,00221;OAT€i;0,0025;2024-07-25;OAT€i 0,25% 25 juillet 2024;9,352;inflation_zone_euro
adju_MT;2015-03-19;2015-03-23;7500;8500;FR0012557957;OAT 0% 25 mai 2020;6961;3370;2,07;894;4264;0,0004;0,9981;;OAT;0;2020-05-25;OAT 0% 25 mai 2020;5,185;
adju_MT;2015-03-19;2015-03-23;7500;8500;FR0012634558;OAT 0% 25 février 2018;7896;3505;2,25;620;4125;-0,0011;1,0033;;OAT;0;2018-02-25;OAT 0% 25 février 2018;2,94;
adju_LT;2015-04-02;2015-04-08;7000;8000;FR0010916924;OAT 3,5% 25 avril 2026;3331;1380;2,41;98;1478;0,0051;1,3199;;OAT;0,035;2026-04-25;OAT 3,5% 25 avril 2026;11,064;
adju_LT;2015-04-02;2015-04-08;7000;8000;FR0011461037;OAT 3,25% 25 mai 2045;2872;1908;1,51;0;1908;0,0109;1,5516;;OAT;0,0325;2045-05-25;OAT 3,25% 25 mai 2045;30,146;
adju_LT;2015-04-02;2015-04-08;7000;8000;FR0012517027;OAT 0,5% 25 mai 2025;8081;4711;1,72;628;5339;0,0046;1,0036;;OAT;0,005;2025-05-25;OAT 0,5% 25 mai 2025;10,146;
adju_I;2015-04-16;2015-04-20;1500;2000;FR0010050559;OAT€i 2,25% 25 juillet 2020;1045;335;3,12;0;335;-0,0139;1,2;1,20308;OAT€i;0,0225;2020-07-25;OAT€i 2,25% 25 juillet 2020;5,276;inflation_zone_euro
adju_I;2015-04-16;2015-04-20;1500;2000;FR0011427848;OAT€i 0,25% 25 juillet 2024;1592;1044;1,52;0;1044;-0,012;1,1433;1,00154;OAT€i;0,0025;2024-07-25;OAT€i 0,25% 25 juillet 2024;9,276;inflation_zone_euro
adju_MT;2015-04-16;2015-04-20;7000;8000;FR0011993179;OAT 0,5% 25 novembre 2019;4706;1540;3,06;0;1540;-0,0007;1,0265;;OAT;0,005;2019-11-25;OAT 0,5% 25 novembre 2019;4,611;
adju_MT;2015-04-16;2015-04-20;7000;8000;FR0012557957;OAT 0% 25 mai 2020;5721;3446;1,66;0;3446;-0,0003;1,0014;;OAT;0;2020-05-25;OAT 0% 25 mai 2020;5,109;
adju_I;2015-04-16;2015-04-20;1500;2000;FR0012558310;OATi 0,1% 1 mars 2025;940;585;1,61;0;585;-0,0111;1,1263;0,99398;OATi;0,001;2025-03-01;OATi 0,1% 1 mars 2025;9,875;inflation_france
adju_MT;2015-04-16;2015-04-20;7000;8000;FR0012634558;OAT 0% 25 février 2018;7161;3008;2,38;0;3008;-0,0016;1,0046;;OAT;0;2018-02-25;OAT 0% 25 février 2018;2,864;
adju_LT;2015-05-07;2015-05-11;7500;8500;FR0010466938;OAT 4,25% 25 octobre 2023;5041;3191;1,58;502;3693;0,0074;1,2864;;OAT;0,0425;2023-10-25;OAT 4,25% 25 octobre 2023;8,468;
adju_LT;2015-05-07;2015-05-11;7500;8500;FR0011317783;OAT 2,75% 25 octobre 2027;3006;1590;1,89;468;2058;0,0118;1,1811;;OAT;0,0275;2027-10-25;OAT 2,75% 25 octobre 2027;12,468;
adju_LT;2015-05-07;2015-05-11;7500;8500;FR0012517027;OAT 0,5% 25 mai 2025;6266;3717;1,69;1082;4799;0,0098;0,9542;;OAT;0,005;2025-05-25;OAT 0,5% 25 mai 2025;10,051;
adju_I;2015-05-21;2015-05-26;1000;1500;FR0000186413;OATi 3,4% 25 juillet 2029;938;413;2,27;63;476;-0,0028;1,533;1,25288;OATi;0,034;2029-07-25;OATi 3,4% 25 juillet 2029;14,179;inflation_france
adju_MT;2015-05-21;2015-05-26;7500;8500;FR0010604983;OAT 4% 25 avril 2018;6071;2814;2,16;0;2814;-0,0007;1,1188;;OAT;0,04;2018-04-25;OAT 4% 25 avril 2018;2,93;
adju_MT;2015-05-21;2015-05-26;7500;8500;FR0010949651;OAT 2,5% 25 octobre 2020;3461;1761;1,97;0;1761;0,0024;1,1215;;OAT;0,025;2020-10-25;OAT 2,5% 25 octobre 2020;5,432;
adju_I;2015-05-21;2015-05-26;1000;1500;FR0011008705;OAT€i 1,85% 25 juillet 2027;1235;600;2,06;17;617;-0,0041;1,2828;1,06621;OAT€i;0,0185;2027-07-25;OAT€i 1,85% 25 juillet 2027;12,178;inflation_zone_euro
adju_MT;2015-05-21;2015-05-26;7500;8500;FR0011059088;OAT 3,25% 25 octobre 2021;2821;1361;2,07;0;1361;0,0038;1,1815;;OAT;0,0325;2021-10-25;OAT 3,25% 25 octobre 2021;6,431;
adju_I;2015-05-21;2015-05-26;1000;1500;FR0011982776;OAT€i 0,7% 25 juillet 2030;885;485;1,82;3;488;-0,003;1,1549;1,00017;OAT€i;0,007;2030-07-25;OAT€i 0,7% 25 juillet 2030;15,179;inflation_zone_euro
adju_MT;2015-05-21;2015-05-26;7500;8500;FR0012557957;OAT 0% 25 mai 2020;5731;2561;2,24;101;2662;0,0021;0,9894;;OAT;0;2020-05-25;OAT 0% 25 mai 2020;5,013;
adju_LT;2015-06-04;2015-06-08;8000;9000;FR0011486067;OAT 1,75% 25 mai 2023;3656;1710;2,14;75;1785;0,0095;1,0607;;OAT;0,0175;2023-05-25;OAT 1,75% 25 mai 2023;7,973;
adju_LT;2015-06-04;2015-06-08;8000;9000;FR0011883966;OAT 2,5% 25 mai 2030;4886;3091;1,58;936;4027;0,0166;1,1101;;OAT;0,025;2030-05-25;OAT 2,5% 25 mai 2030;14,973;
adju_LT;2015-06-04;2015-06-08;8000;9000;FR0012517027;OAT 0,5% 25 mai 2025;6636;3775;1,76;1142;4917;0,0128;0,9277;;OAT;0,005;2025-05-25;OAT 0,5% 25 mai 2025;9,974;
adju_I;2015-06-18;2015-06-22;1500;2000;FR0010447367;OAT€i 1,8% 25 juillet 2040;748;348;2,15;34;382;0,002;1,3902;1,14684;OAT€i;0,018;2040-07-25;OAT€i 1,8% 25 juillet 2040;25,103;inflation_zone_euro
adju_I;2015-06-18;2015-06-22;1500;2000;FR0010585901;OATi 2,1% 25 juillet 2023;1615;815;1,98;2;817;-0,005;1,2156;1,10133;OATi;0,021;2023-07-25;OATi 2,1% 25 juillet 2023;8,101;inflation_france
adju_MT;2015-06-18;2015-06-22;7500;8500;FR0010776161;OAT 3,75% 25 octobre 2019;3581;1675;2,14;52;1727;0,0021;1,1527;;OAT;0,0375;2019-10-25;OAT 3,75% 25 octobre 2019;4,353;
adju_I;2015-06-18;2015-06-22;1500;2000;FR0010899765;OAT€i 1,1% 25 juillet 2022;1370;765;1,79;38;803;-0,0058;1,1216;1,08626;OAT€i;0,011;2022-07-25;OAT€i 1,1% 25 juillet 2022;7,102;inflation_zone_euro
adju_MT;2015-06-18;2015-06-22;7500;8500;FR0012557957;OAT 0% 25 mai 2020;5291;3072;1,72;590;3662;0,0035;0,983;;OAT;0;2020-05-25;OAT 0% 25 mai 2020;4,936;
adju_MT;2015-06-18;2015-06-22;7500;8500;FR0012634558;OAT 0% 25 février 2018;6975;3750;1,86;260;4010;-0,0004;1,001;;OAT;0;2018-02-25;OAT 0% 25 février 2018;2,691;
adju_LT;2015-07-02;2015-07-06;7000;8000;FR0010070060;OAT 4,75% 25 avril 2035;3079;1613;1,91;494;2107;0,0203;1,4399;;OAT;0,0475;2035-04-25;OAT 4,75% 25 avril 2035;19,814;
adju_LT;2015-07-02;2015-07-06;7000;8000;FR0010773192;OAT 4,5% 25 avril 2041;2459;1828;1,35;559;2387;0,0222;1,4439;;OAT;0,045;2041-04-25;OAT 4,5% 25 avril 2041;25,815;
adju_LT;2015-07-02;2015-07-06;7000;8000;FR0012517027;OAT 0,5% 25 mai 2025;9462;4554;2,08;954;5508;0,013;0,9262;;OAT;0,005;2025-05-25;OAT 0,5% 25 mai 2025;9,897;
adju_MT;2015-07-16;2015-07-20;7000;8000;FR0010192997;OAT 3,75% 25 avril 2021;3476;1375;2,53;421;1796;0,0041;1,1899;;OAT;0,0375;2021-04-25;OAT 3,75% 25 avril 2021;5,777;
adju_I;2015-07-16;2015-07-20;1000;1500;FR0011008705;OAT€i 1,85% 25 juillet 2027;895;565;1,58;160;725;-0,0004;1,2279;1,07274;OAT€i;0,0185;2027-07-25;OAT€i 1,85% 25 juillet 2027;12,025;inflation_zone_euro
adju_I;2015-07-16;2015-07-20;1000;1500;FR0011982776;OAT€i 0,7% 25 juillet 2030;661;285;2,32;93;378;0,0009;1,0903;1,0063;OAT€i;0,007;2030-07-25;OAT€i 0,7% 25 juillet 2030;15,025;inflation_zone_euro
adju_MT;2015-07-16;2015-07-20;7000;8000;FR0012557957;OAT 0% 25 mai 2020;5086;3300;1,54;999;4299;0,0028;0,9865;;OAT;0;2020-05-25;OAT 0% 25 mai 2020;4,86;
adju_I;2015-07-16;2015-07-20;1000;1500;FR0012558310;OATi 0,1% 1 mars 2025;745;395;1,89;49;444;-0,0021;1,0297;1,00567;OATi;0,001;2025-03-01;OATi 0,1% 1 mars 2025;9,626;inflation_france
adju_MT;2015-07-16;2015-07-20;7000;8000;FR0012634558;OAT 0% 25 février 2018;5700;3325;1,71;514;3839;-0,0008;1,002;;OAT;0;2018-02-25;OAT 0% 25 février 2018;2,615;
adju_LT;2015-08-06;2015-08-10;4500;5500;FR0000187635;OAT 5,75% 25 octobre 2032;2816;1520;1,85;459;1979;0,0159;1,6209;;OAT;0,0575;2032-10-25;OAT 5,75% 25 octobre 2032;17,221;
adju_LT;2015-08-06;2015-08-10;4500;5500;FR0000571150;OAT 6% 25 octobre 2025;3731;1840;2,03;553;2393;0,0102;1,4806;;OAT;0,06;2025-10-25;OAT 6% 25 octobre 2025;10,22;
adju_LT;2015-08-06;2015-08-10;4500;5500;FR0010466938;OAT 4,25% 25 octobre 2023;3906;1130;3,46;51;1181;0,0073;1,279;;OAT;0,0425;2023-10-25;OAT 4,25% 25 octobre 2023;8,219;
adju_LT;2015-08-06;2015-08-10;4500;5500;FR0010870956;OAT 4% 25 avril 2060;1474;965;1,53;296;1261;0,0217;1,5219;;OAT;0,04;2060-04-25;OAT 4% 25 avril 2060;44,72;
adju_LT;2015-09-03;2015-09-07;7500;8500;FR0011486067;OAT 1,75% 25 mai 2023;3251;940;3,46;287;1227;0,0076;1,074;;OAT;0,0175;2023-05-25;OAT 1,75% 25 mai 2023;7,723;
adju_LT;2015-09-03;2015-09-07;7500;8500;FR0011883966;OAT 2,5% 25 mai 2030;4756;2027;2,35;609;2636;0,0161;1,1159;;OAT;0,025;2030-05-25;OAT 2,5% 25 mai 2030;14,724;
adju_LT;2015-09-03;2015-09-07;7500;8500;FR0012938116;OAT 1% 25 novembre 2025;9144;5533;1,65;1100;6633;0,0121;0,9802;;OAT;0,01;2025-11-25;OAT 1% 25 novembre 2025;10,229;
adju_I;2015-09-17;2015-09-21;1000;1500;FR0010447367;OAT€i 1,8% 25 juillet 2040;479;212;2,26;72;284;0,0044;1,3187;1,14499;OAT€i;0,018;2040-07-25;OAT€i 1,8% 25 juillet 2040;24,854;inflation_zone_euro
adju_I;2015-09-17;2015-09-21;1000;1500;FR0011982776;OAT€i 0,7% 25 juillet 2030;920;510;1,8;161;671;0,0027;1,0623;1,00254;OAT€i;0,007;2030-07-25;OAT€i 0,7% 25 juillet 2030;14,853;inflation_zone_euro
adju_I;2015-09-17;2015-09-21;1000;1500;FR0012558310;OATi 0,1% 1 mars 2025;1105;555;1,99;97;652;0,0001;1,0087;1,00299;OATi;0,001;2025-03-01;OATi 0,1% 1 mars 2025;9,454;inflation_france
adju_MT;2015-09-17;2015-09-21;7000;8000;FR0012634558;OAT 0% 25 février 2018;7530;3916;1,92;1159;5075;-0,0009;1,0022;;OAT;0;2018-02-25;OAT 0% 25 février 2018;2,442;
adju_MT;2015-09-17;2015-09-21;7000;8000;FR0012968337;OAT 0,25% 25 novembre 2020;7904;4078;1,94;808;4886;0,0031;0,9967;;OAT;0,0025;2020-11-25;OAT 0,25% 25 novembre 2020;5,191;
adju_LT;2015-10-01;2015-10-05;7000;8000;FR0012938116;OAT 1% 25 novembre 2025;8611;3859;2,23;1151;5010;0,0098;1,0022;;OAT;0,01;2025-11-25;OAT 1% 25 novembre 2025;10,152;
adju_LT;2015-10-01;2015-10-05;7000;8000;FR0012993103;OAT 1,5% 25 mai 2031;7086;4136;1,71;828;4964;0,0149;1,0009;;OAT;0,015;2031-05-25;OAT 1,5% 25 mai 2031;15,647;
adju_I;2015-10-15;2015-10-19;1000;1500;FR0010585901;OATi 2,1% 25 juillet 2023;995;445;2,24;13;458;-0,0052;1,2082;1,10092;OATi;0,021;2023-07-25;OATi 2,1% 25 juillet 2023;7,775;inflation_france
adju_MT;2015-10-15;2015-10-19;7000;8000;FR0010604983;OAT 4% 25 avril 2018;6505;2234;2,91;51;2285;-0,0015;1,1048;;OAT;0,04;2018-04-25;OAT 4% 25 avril 2018;2,527;
adju_I;2015-10-15;2015-10-19;1000;1500;FR0010850032;OATi 1,3% 25 juillet 2019;1105;525;2,1;5;530;-0,0082;1,0816;1,06872;OATi;0,013;2019-07-25;OATi 1,3% 25 juillet 2019;3,775;inflation_france
adju_MT;2015-10-15;2015-10-19;7000;8000;FR0011196856;OAT 3% 25 avril 2022;5305;2585;2,05;0;2585;0,0032;1,1729;;OAT;0,03;2022-04-25;OAT 3% 25 avril 2022;6,527;
adju_I;2015-10-15;2015-10-19;1000;1500;FR0011427848;OAT€i 0,25% 25 juillet 2024;1240;515;2,41;105;620;-0,0049;1,0661;1,01339;OAT€i;0,0025;2024-07-25;OAT€i 0,25% 25 juillet 2024;8,778;inflation_zone_euro
adju_MT;2015-10-15;2015-10-19;7000;8000;FR0012968337;OAT 0,25% 25 novembre 2020;6430;3175;2,03;0;3175;0,0014;1,0056;;OAT;0,0025;2020-11-25;OAT 0,25% 25 novembre 2020;5,114;
adju_LT;2015-11-05;2015-11-09;7000;8000;FR0010916924;OAT 3,5% 25 avril 2026;5405;2330;2,32;0;2330;0,0096;1,2514;;OAT;0,035;2026-04-25;OAT 3,5% 25 avril 2026;10,47;
adju_LT;2015-11-05;2015-11-09;7000;8000;FR0012938116;OAT 1% 25 novembre 2025;7973;3146;2,53;0;3146;0,0095;1,005;;OAT;0,01;2025-11-25;OAT 1% 25 novembre 2025;10,056;
adju_LT;2015-11-05;2015-11-09;7000;8000;FR0012993103;OAT 1,5% 25 mai 2031;4750;2520;1,88;0;2520;0,0149;1,0013;;OAT;0,015;2031-05-25;OAT 1,5% 25 mai 2031;15,551;
adju_I;2015-11-19;2015-11-23;1000;1500;FR0000188799;OAT€i 3,15% 25 juillet 2032;770;420;1,83;114;534;-0,0012;1,5519;1,23544;OAT€i;0,0315;2032-07-25;OAT€i 3,15% 25 juillet 2032;16,682;inflation_zone_euro
adju_MT;2015-11-19;2015-11-23;7000;8000;FR0010670737;OAT 4,25% 25 octobre 2018;6705;2900;2,31;0;2900;-0,0025;1,1322;;OAT;0,0425;2018-10-25;OAT 4,25% 25 octobre 2018;2,932;
adju_I;2015-11-19;2015-11-23;1000;1500;FR0011008705;OAT€i 1,85% 25 juillet 2027;800;405;1,98;83;488;-0,0035;1,2626;1,0682;OAT€i;0,0185;2027-07-25;OAT€i 1,85% 25 juillet 2027;11,68;inflation_zone_euro
adju_MT;2015-11-19;2015-11-23;7000;8000;FR0011337880;OAT 2,25% 25 octobre 2022;3890;1670;2,33;0;1670;0,0027;1,1354;;OAT;0,0225;2022-10-25;OAT 2,25% 25 octobre 2022;6,932;
adju_I;2015-11-19;2015-11-23;1000;1500;FR0011427848;OAT€i 0,25% 25 juillet 2024;1180;615;1,92;50;665;-0,0062;1,078;1,01508;OAT€i;0,0025;2024-07-25;OAT€i 0,25% 25 juillet 2024;8,682;inflation_zone_euro
adju_MT;2015-11-19;2015-11-23;7000;8000;FR0012968337;OAT 0,25% 25 novembre 2020;6879;3405;2,02;0;3405;0,0001;1,0121;;OAT;0,0025;2020-11-25;OAT 0,25% 25 novembre 2020;5,018;
adju_MLT;2015-12-03;2015-12-07;3500;4500;FR0010070060;OAT 4,75% 25 avril 2035;2390;1000;2,39;0;1000;0,0154;1,5348;;OAT;0,0475;2035-04-25;OAT 4,75% 25 avril 2035;19,392;
adju_MLT;2015-12-03;2015-12-07;3500;4500;FR0010773192;OAT 4,5% 25 avril 2041;2560;1270;2,02;0;1270;0,0175;1,5591;;OAT;0,045;2041-04-25;OAT 4,5% 25 avril 2041;25,394;
adju_MLT;2015-12-03;2015-12-07;3500;4500;FR0011619436;OAT 2,25% 25 mai 2024;5109;2227;2,29;0;2227;0,005;1,1445;;OAT;0,0225;2024-05-25;OAT 2,25% 25 mai 2024;8,476;
adju_LT;2016-01-07;2016-01-11;8000;9000;FR0011461037;OAT 3,25% 25 mai 2045;3881;2286;1,7;0;2286;0,0192;1,2961;;OAT;0,0325;2045-05-25;OAT 3,25% 25 mai 2045;29,38;
adju_LT;2016-01-07;2016-01-11;8000;9000;FR0012938116;OAT 1% 25 novembre 2025;6570;4553;1,44;0;4553;0,0086;1,0136;;OAT;0,01;2025-11-25;OAT 1% 25 novembre 2025;9,884;
adju_LT;2016-01-07;2016-01-11;8000;9000;FR0012993103;OAT 1,5% 25 mai 2031;5260;2160;2,44;0;2160;0,0144;1,0086;;OAT;0,015;2031-05-25;OAT 1,5% 25 mai 2031;15,379;
adju_MT;2016-01-21;2016-01-25;7500;8500;FR0011337880;OAT 2,25% 25 octobre 2022;2487;1039;2,39;248;1287;0,0028;1,1316;;OAT;0,0225;2022-10-25;OAT 2,25% 25 octobre 2022;6,76;
adju_I;2016-01-21;2016-01-25;1000;1500;FR0011982776;OAT€i 0,7% 25 juillet 2030;1280;735;1,74;172;907;0,0013;1,0824;1,00289;OAT€i;0,007;2030-07-25;OAT€i 0,7% 25 juillet 2030;14,508;inflation_zone_euro
adju_I;2016-01-21;2016-01-25;1000;1500;FR0012558310;OATi 0,1% 1 mars 2025;1240;755;1,64;172;927;-0,0017;1,0244;0,99987;OATi;0,001;2025-03-01;OATi 0,1% 1 mars 2025;9,109;inflation_france
adju_MT;2016-01-21;2016-01-25;7500;8500;FR0012968337;OAT 0,25% 25 novembre 2020;4700;3050;1,54;879;3929;0,0001;1,0118;;OAT;0,0025;2020-11-25;OAT 0,25% 25 novembre 2020;4,846;
adju_MT;2016-01-21;2016-01-25;7500;8500;FR0013101466;OAT 0% 25 février 2019;7960;4408;1,81;899;5307;-0,002;1,0061;;OAT;0;2019-02-25;OAT 0% 25 février 2019;3,097;
adju_LT;2016-02-04;2016-02-08;7500;8500;FR0010371401;OAT 4% 25 octobre 2038;3956;2066;1,91;579;2645;0,0148;1,4821;;OAT;0,04;2038-10-25;OAT 4% 25 octobre 2038;22,721;
adju_LT;2016-02-04;2016-02-08;7500;8500;FR0010916924;OAT 3,5% 25 avril 2026;5415;1330;4,07;370;1700;0,0067;1,2784;;OAT;0,035;2026-04-25;OAT 3,5% 25 avril 2026;10,22;
adju_LT;2016-02-04;2016-02-08;7500;8500;FR0012938116;OAT 1% 25 novembre 2025;12065;5094;2,37;1136;6230;0,0064;1,0338;;OAT;0,01;2025-11-25;OAT 1% 25 novembre 2025;9,807;
adju_I;2016-02-18;2016-02-22;500;1000;FR0010447367;OAT€i 1,8% 25 juillet 2040;1183;501;2,36;111;612;0,0016;1,3921;1,14492;OAT€i;0,018;2040-07-25;OAT€i 1,8% 25 juillet 2040;24,433;inflation_zone_euro
adju_I;2016-02-18;2016-02-22;500;1000;FR0011008705;OAT€i 1,85% 25 juillet 2027;1313;498;2,64;42;540;-0,002;1,2368;1,06867;OAT€i;0,0185;2027-07-25;OAT€i 1,85% 25 juillet 2027;11,431;inflation_zone_euro
adju_MT;2016-02-18;2016-02-22;6500;7500;FR0012968337;OAT 0,25% 25 novembre 2020;6485;3960;1,64;1040;5000;-0,0015;1,0193;;OAT;0,0025;2020-11-25;OAT 0,25% 25 novembre 2020;4,769;
adju_MT;2016-02-18;2016-02-22;6500;7500;FR0013101466;OAT 0% 25 février 2019;6925;3537;1,96;636;4173;-0,0031;1,0093;;OAT;0;2019-02-25;OAT 0% 25 février 2019;3,02;
adju_LT;2016-03-03;2016-03-07;8000;9000;FR0011486067;OAT 1,75% 25 mai 2023;3660;1509;2,43;0;1509;0,0013;1,116;;OAT;0,0175;2023-05-25;OAT 1,75% 25 mai 2023;7,225;
adju_LT;2016-03-03;2016-03-07;8000;9000;FR0012993103;OAT 1,5% 25 mai 2031;4449;2389;1,86;187;2576;0,0112;1,0532;;OAT;0,015;2031-05-25;OAT 1,5% 25 mai 2031;15,225;
adju_LT;2016-03-03;2016-03-07;8000;9000;FR0013131877;OAT 0,5% 25 mai 2026;8185;5100;1,6;0;5100;0,0063;0,9869;;OAT;0,005;2026-05-25;OAT 0,5% 25 mai 2026;10,226;
adju_MT;2016-03-17;2016-03-21;6000;7000;FR0010854182;OAT 3,5% 25 avril 2020;4564;1850;2,47;45;1895;-0,0023;1,1538;;OAT;0,035;2020-04-25;OAT 3,5% 25 avril 2020;4,107;
adju_MT;2016-03-17;2016-03-21;6000;7000;FR0011337880;OAT 2,25% 25 octobre 2022;3710;1685;2,2;453;2138;0,0004;1,1453;;OAT;0,0225;2022-10-25;OAT 2,25% 25 octobre 2022;6,606;
adju_MT;2016-03-17;2016-03-21;6000;7000;FR0012968337;OAT 0,25% 25 novembre 2020;6090;3465;1,76;922;4387;-0,0016;1,0193;;OAT;0,0025;2020-11-25;OAT 0,25% 25 novembre 2020;4,693;
adju_I;2016-03-17;2016-03-21;1500;2000;FR0013140035;OAT€i 0,1% 1 mars 2021;3472;1847;1,88;443;2290;-0,0085;1,048;0,9904;OAT€i;0,001;2021-03-01;OAT€i 0,1% 1 mars 2021;4,956;inflation_zone_euro
adju_LT;2016-04-07;2016-04-11;7000;8000;FR0012517027;OAT 0,5% 25 mai 2025;3930;1805;2,18;0;1805;0,0029;1,0192;;OAT;0,005;2025-05-25;OAT 0,5% 25 mai 2025;9,131;
adju_LT;2016-04-07;2016-04-11;7000;8000;FR0012993103;OAT 1,5% 25 mai 2031;4980;1705;2,92;0;1705;0,0087;1,0882;;OAT;0,015;2031-05-25;OAT 1,5% 25 mai 2031;15,129;
adju_LT;2016-04-07;2016-04-11;7000;8000;FR0013131877;OAT 0,5% 25 mai 2026;7475;4487;1,67;0;4487;0,0043;1,0065;;OAT;0,005;2026-05-25;OAT 0,5% 25 mai 2026;10,13;
adju_MT;2016-04-21;2016-04-25;5500;6500;FR0011196856;OAT 3% 25 avril 2022;4615;1890;2,44;0;1890;-0,0006;1,1842;;OAT;0,03;2022-04-25;OAT 3% 25 avril 2022;6,01;
adju_I;2016-04-21;2016-04-25;1000;1500;FR0011427848;OAT€i 0,25% 25 juillet 2024;2010;1050;1,91;0;1050;-0,008;1,0901;1,00169;OAT€i;0,0025;2024-07-25;OAT€i 0,25% 25 juillet 2024;8,26;inflation_zone_euro
adju_I;2016-04-21;2016-04-25;1000;1500;FR0011982776;OAT€i 0,7% 25 juillet 2030;1060;430;2,47;0;430;-0,0033;1,1498;0,98882;OAT€i;0,007;2030-07-25;OAT€i 0,7% 25 juillet 2030;14,259;inflation_zone_euro
adju_MT;2016-04-21;2016-04-25;5500;6500;FR0013157096;OAT 0% 25 mai 2021;7970;4095;1,95;0;4095;-0,0015;1,0074;;OAT;0;2021-05-25;OAT 0% 25 mai 2021;5,092;
adju_LT;2016-05-04;2016-05-09;7000;8000;FR0000571150;OAT 6% 25 octobre 2025;3380;1845;1,83;226;2071;0,0039;1,5205;;OAT;0,06;2025-10-25;OAT 6% 25 octobre 2025;9,476;
adju_LT;2016-05-04;2016-05-09;7000;8000;FR0012993103;OAT 1,5% 25 mai 2031;3605;1965;1,83;563;2528;0,0102;1,0663;;OAT;0,015;2031-05-25;OAT 1,5% 25 mai 2031;15,055;
adju_LT;2016-05-04;2016-05-09;7000;8000;FR0013131877;OAT 0,5% 25 mai 2026;7095;4120;1,72;1206;5326;0,0057;0,9935;;OAT;0,005;2026-05-25;OAT 0,5% 25 mai 2026;10,056;
adju_I;2016-05-19;2016-05-23;1200;1700;FR0011982776;OAT€i 0,7% 25 juillet 2030;1095;425;2,58;49;474;-0,0037;1,1552;0,99795;OAT€i;0,007;2030-07-25;OAT€i 0,7% 25 juillet 2030;14,182;inflation_zone_euro
adju_I;2016-05-19;2016-05-23;1200;1700;FR0012558310;OATi 0,1% 1 mars 2025;1215;345;3,52;36;381;-0,0061;1,0646;0,99943;OATi;0,001;2025-03-01;OATi 0,1% 1 mars 2025;8,783;inflation_france
adju_MT;2016-05-19;2016-05-23;5500;6500;FR0013101466;OAT 0% 25 février 2019;6882;2982;2,31;519;3501;-0,0036;1,0101;;OAT;0;2019-02-25;OAT 0% 25 février 2019;2,771;
adju_I;2016-05-19;2016-05-23;1200;1700;FR0013140035;OAT€i 0,1% 1 mars 2021;1685;845;1,99;0;845;-0,0099;1,0536;0,99551;OAT€i;0,001;2021-03-01;OAT€i 0,1% 1 mars 2021;4,783;inflation_zone_euro
adju_MT;2016-05-19;2016-05-23;5500;6500;FR0013157096;OAT 0% 25 mai 2021;6409;3234;1,98;807;4041;-0,0015;1,0076;;OAT;0;2021-05-25;OAT 0% 25 mai 2021;5,016;
adju_LT;2016-06-02;2016-06-06;8000;9000;FR0011461037;OAT 3,25% 25 mai 2045;3390;2225;1,52;666;2891;0,0144;1,4255;;OAT;0,0325;2045-05-25;OAT 3,25% 25 mai 2045;28,977;
adju_LT;2016-06-02;2016-06-06;8000;9000;FR0011619436;OAT 2,25% 25 mai 2024;4405;2480;1,78;300;2780;0,0016;1,1651;;OAT;0,0225;2024-05-25;OAT 2,25% 25 mai 2024;7,978;
adju_LT;2016-06-02;2016-06-06;8000;9000;FR0013131877;OAT 0,5% 25 mai 2026;7340;4140;1,77;1252;5392;0,0049;1,0011;;OAT;0,005;2026-05-25;OAT 0,5% 25 mai 2026;9,977;
adju_I;2016-06-16;2016-06-20;750;1250;FR0011008705;OAT€i 1,85% 25 juillet 2027;1195;510;2,34;33;543;-0,0052;1,2712;1,06796;OAT€i;0,0185;2027-07-25;OAT€i 1,85% 25 juillet 2027;11,105;inflation_zone_euro
adju_I;2016-06-16;2016-06-20;750;1250;FR0011347046;OATi 0,1% 25 juillet 2021;1575;739;2,13;19;758;-0,0087;1,0506;1,01054;OATi;0,001;2021-07-25;OATi 0,1% 25 juillet 2021;5,106;inflation_france
adju_MT;2016-06-16;2016-06-20;5000;6000;FR0011486067;OAT 1,75% 25 mai 2023;2170;1370;1,58;0;1370;-0,0001;1,1218;;OAT;0,0175;2023-05-25;OAT 1,75% 25 mai 2023;6,938;
adju_MT;2016-06-16;2016-06-20;5000;6000;FR0011993179;OAT 0,5% 25 novembre 2019;4141;2116;1,96;288;2404;-0,0033;1,0288;;OAT;0,005;2019-11-25;OAT 0,5% 25 novembre 2019;3,441;
adju_MT;2016-06-16;2016-06-20;5000;6000;FR0013157096;OAT 0% 25 mai 2021;5030;2365;2,13;132;2497;-0,0019;1,0096;;OAT;0;2021-05-25;OAT 0% 25 mai 2021;4,939;
adju_LT;2016-07-07;2016-07-11;9000;10000;FR0010773192;OAT 4,5% 25 avril 2041;2533;1523;1,66;460;1983;0,0079;1,8313;;OAT;0,045;2041-04-25;OAT 4,5% 25 avril 2041;24,799;
adju_LT;2016-07-07;2016-07-11;9000;10000;FR0012993103;OAT 1,5% 25 mai 2031;5332;3215;1,66;913;4128;0,0048;1,146;;OAT;0,015;2031-05-25;OAT 1,5% 25 mai 2031;14,88;
adju_LT;2016-07-07;2016-07-11;9000;10000;FR0013131877;OAT 0,5% 25 mai 2026;7670;3109;2,47;457;3566;0,0016;1,0335;;OAT;0,005;2026-05-25;OAT 0,5% 25 mai 2026;9,881;
adju_LT;2016-07-07;2016-07-11;9000;10000;FR0013154044;OAT 1,25% 25 mai 2036;3808;2147;1,77;642;2789;0,0073;1,0962;;OAT;0,0125;2036-05-25;OAT 1,25% 25 mai 2036;19,882;
adju_I;2016-07-21;2016-07-25;1000;1500;FR0010447367;OAT€i 1,8% 25 juillet 2040;665;265;2,51;54;319;-0,0036;1,5426;1,1475;OAT€i;0,018;2040-07-25;OAT€i 1,8% 25 juillet 2040;24,011;inflation_zone_euro
adju_MT;2016-07-21;2016-07-25;6000;7000;FR0010466938;OAT 4,25% 25 octobre 2023;3460;1775;1,95;528;2303;-0,0014;1,3205;;OAT;0,0425;2023-10-25;OAT 4,25% 25 octobre 2023;7,261;
adju_I;2016-07-21;2016-07-25;1000;1500;FR0011982776;OAT€i 0,7% 25 juillet 2030;815;365;2,23;21;386;-0,0056;1,1847;1,00474;OAT€i;0,007;2030-07-25;OAT€i 0,7% 25 juillet 2030;14,01;inflation_zone_euro
adju_I;2016-07-21;2016-07-25;1000;1500;FR0012558310;OATi 0,1% 1 mars 2025;1521;778;1,96;86;864;-0,0074;1,0748;1,00543;OATi;0,001;2025-03-01;OATi 0,1% 1 mars 2025;8,611;inflation_france
adju_MT;2016-07-21;2016-07-25;6000;7000;FR0013101466;OAT 0% 25 février 2019;6710;2511;2,67;388;2899;-0,0048;1,0125;;OAT;0;2019-02-25;OAT 0% 25 février 2019;2,598;
adju_MT;2016-07-21;2016-07-25;6000;7000;FR0013157096;OAT 0% 25 mai 2021;5115;2710;1,89;800;3510;-0,0033;1,0159;;OAT;0;2021-05-25;OAT 0% 25 mai 2021;4,843;
adju_I;2016-08-04;2016-08-08;500;750;FR0000186413;OATi 3,4% 25 juillet 2029;558;223;2,5;42;265;-0,0079;1,5734;1,25904;OATi;0,034;2029-07-25;OATi 3,4% 25 juillet 2029;12,972;inflation_france
adju_LT;2016-08-04;2016-08-08;5000;6000;FR0000187635;OAT 5,75% 25 octobre 2032;2475;1665;1,49;505;2170;0,0052;1,8122;;OAT;0,0575;2032-10-25;OAT 5,75% 25 octobre 2032;16,225;
adju_LT;2016-08-04;2016-08-08;5000;6000;FR0010070060;OAT 4,75% 25 avril 2035;2167;1292;1,68;382;1674;0,0064;1,722;;OAT;0,0475;2035-04-25;OAT 4,75% 25 avril 2035;18,721;
adju_I;2016-08-04;2016-08-08;500;750;FR0011008705;OAT€i 1,85% 25 juillet 2027;853;387;2,2;91;478;-0,0075;1,2987;1,07234;OAT€i;0,0185;2027-07-25;OAT€i 1,85% 25 juillet 2027;10,971;inflation_zone_euro
adju_LT;2016-08-04;2016-08-08;5000;6000;FR0013131877;OAT 0,5% 25 mai 2026;8570;3038;2,82;613;3651;0,0019;1,03;;OAT;0,005;2026-05-25;OAT 0,5% 25 mai 2026;9,804;
adju_LT;2016-09-01;2016-09-05;8000;9000;FR0011461037;OAT 3,25% 25 mai 2045;2789;1799;1,55;3;1802;0,0101;1,5562;;OAT;0,0325;2045-05-25;OAT 3,25% 25 mai 2045;28,728;
adju_LT;2016-09-01;2016-09-05;8000;9000;FR0013154044;OAT 1,25% 25 mai 2036;2870;1935;1,48;431;2366;0,0082;1,0775;;OAT;0,0125;2036-05-25;OAT 1,25% 25 mai 2036;19,729;
adju_LT;2016-09-01;2016-09-05;8000;9000;FR0013200813;OAT 0,25% 25 novembre 2026;10857;5265;2,06;305;5570;0,0026;0,9994;;OAT;0,0025;2026-11-25;OAT 0,25% 25 novembre 2026;10,231;
adju_I;2016-09-15;2016-09-19;750;1250;FR0012558310;OATi 0,1% 1 mars 2025;1135;470;2,41;126;596;-0,0083;1,0815;1,00539;OATi;0,001;2025-03-01;OATi 0,1% 1 mars 2025;8,457;inflation_france
adju_MT;2016-09-15;2016-09-19;5000;6000;FR0013101466;OAT 0% 25 février 2019;8220;3154;2,61;279;3433;-0,0055;1,0135;;OAT;0;2019-02-25;OAT 0% 25 février 2019;2,445;
adju_I;2016-09-15;2016-09-19;750;1250;FR0013140035;OAT€i 0,1% 1 mars 2021;1540;776;1,98;171;947;-0,0116;1,0577;1,00128;OAT€i;0,001;2021-03-01;OAT€i 0,1% 1 mars 2021;4,457;inflation_zone_euro
adju_MT;2016-09-15;2016-09-19;5000;6000;FR0013157096;OAT 0% 25 mai 2021;7725;2845;2,72;625;3470;-0,0037;1,0177;;OAT;0;2021-05-25;OAT 0% 25 mai 2021;4,69;
adju_LT;2016-10-06;2016-10-10;6500;7500;FR0012993103;OAT 1,5% 25 mai 2031;5165;2932;1,76;0;2932;0,006;1,1263;;OAT;0,015;2031-05-25;OAT 1,5% 25 mai 2031;14,631;
adju_LT;2016-10-06;2016-10-10;6500;7500;FR0013154028;OAT 1,75% 25 mai 2066;3094;1407;2,2;32;1439;0,0143;1,1114;;OAT;0,0175;2066-05-25;OAT 1,75% 25 mai 2066;49,632;
adju_LT;2016-10-06;2016-10-10;6500;7500;FR0013200813;OAT 0,25% 25 novembre 2026;9695;3160;3,07;0;3160;0,0028;0,9969;;OAT;0,0025;2026-11-25;OAT 0,25% 25 novembre 2026;10,136;
adju_I;2016-10-20;2016-10-24;500;1000;FR0011008705;OAT€i 1,85% 25 juillet 2027;880;405;2,17;120;525;-0,0089;1,3103;1,06821;OAT€i;0,0185;2027-07-25;OAT€i 1,85% 25 juillet 2027;10,76;inflation_zone_euro
adju_MT;2016-10-20;2016-10-24;5000;6000;FR0011196856;OAT 3% 25 avril 2022;4800;1990;2,41;98;2088;-0,0032;1,1846;;OAT;0,03;2022-04-25;OAT 3% 25 avril 2022;5,511;
adju_I;2016-10-20;2016-10-24;500;1000;FR0011427848;OAT€i 0,25% 25 juillet 2024;1166;593;1,97;136;729;-0,0112;1,1116;1,01509;OAT€i;0,0025;2024-07-25;OAT€i 0,25% 25 juillet 2024;7,762;inflation_zone_euro
adju_MT;2016-10-20;2016-10-24;5000;6000;FR0013157096;OAT 0% 25 mai 2021;8596;4005;2,15;234;4239;-0,0038;1,0177;;OAT;0;2021-05-25;OAT 0% 25 mai 2021;4,594;
adju_LT;2016-11-03;2016-11-07;7000;8000;FR0013154044;OAT 1,25% 25 mai 2036;5771;2499;2,31;757;3256;0,0105;1,0345;;OAT;0,0125;2036-05-25;OAT 1,25% 25 mai 2036;19,556;
adju_LT;2016-11-03;2016-11-07;7000;8000;FR0013200813;OAT 0,25% 25 novembre 2026;10954;5499;1,99;1104;6603;0,0046;0,9796;;OAT;0,0025;2026-11-25;OAT 0,25% 25 novembre 2026;10,059;
adju_MT;2016-11-17;2016-11-21;4500;5500;FR0010192997;OAT 3,75% 25 avril 2021;4155;1298;3,2;217;1515;-0,0021;1,1761;;OAT;0,0375;2021-04-25;OAT 3,75% 25 avril 2021;4,435;
adju_I;2016-11-17;2016-11-21;1250;1750;FR0010585901;OATi 2,1% 25 juillet 2023;1210;635;1,91;44;679;-0,0084;1,2028;1,10321;OATi;0,021;2023-07-25;OATi 2,1% 25 juillet 2023;6,683;inflation_france
adju_I;2016-11-17;2016-11-21;1250;1750;FR0011982776;OAT€i 0,7% 25 juillet 2030;699;363;1,93;1;364;-0,0036;1,1494;1,00492;OAT€i;0,007;2030-07-25;OAT€i 0,7% 25 juillet 2030;13,684;inflation_zone_euro
adju_I;2016-11-17;2016-11-21;1250;1750;FR0013209871;OAT€i 0,1% 25 juillet 2047;794;481;1,65;75;556;0,0002;1,0244;1,00018;OAT€i;0,001;2047-07-25;OAT€i 0,1% 25 juillet 2047;30,683;inflation_zone_euro
adju_MT;2016-11-17;2016-11-21;4500;5500;FR0013219177;OAT 0% 25 mai 2022;8466;4197;2,02;34;4231;-0,0003;1,0015;;OAT;0;2022-05-25;OAT 0% 25 mai 2022;5,517;
adju_MLT;2016-12-01;2016-12-05;2500;3500;FR0010773192;OAT 4,5% 25 avril 2041;3149;1399;2,25;422;1821;0,015;1,6079;;OAT;0,045;2041-04-25;OAT 4,5% 25 avril 2041;24,397;
adju_MLT;2016-12-01;2016-12-05;2500;3500;FR0012993103;OAT 1,5% 25 mai 2031;5334;2098;2,54;460;2558;0,0114;1,048;;OAT;0,015;2031-05-25;OAT 1,5% 25 mai 2031;14,478;
adju_LT;2017-01-05;2017-01-09;8500;9500;FR0011461037;OAT 3,25% 25 mai 2045;3913;2024;1,93;484;2508;0,0176;1,3302;;OAT;0,0325;2045-05-25;OAT 3,25% 25 mai 2045;28,383;
adju_LT;2017-01-05;2017-01-09;8500;9500;FR0013154028;OAT 1,75% 25 mai 2066;2049;1102;1,86;276;1378;0,0202;0,9163;;OAT;0,0175;2066-05-25;OAT 1,75% 25 mai 2066;49,383;
adju_LT;2017-01-05;2017-01-09;8500;9500;FR0013154044;OAT 1,25% 25 mai 2036;4400;2198;2;0;2198;0,0149;0,9601;;OAT;0,0125;2036-05-25;OAT 1,25% 25 mai 2036;19,384;
adju_LT;2017-01-05;2017-01-09;8500;9500;FR0013200813;OAT 0,25% 25 novembre 2026;8495;4175;2,03;0;4175;0,0078;0,9494;;OAT;0,0025;2026-11-25;OAT 0,25% 25 novembre 2026;9,886;
adju_I;2017-01-19;2017-01-23;1500;2000;FR0011008705;OAT€i 1,85% 25 juillet 2027;1085;750;1,45;0;750;-0,0051;1,2552;1,07472;OAT€i;0,0185;2027-07-25;OAT€i 1,85% 25 juillet 2027;10,511;inflation_zone_euro
adju_I;2017-01-19;2017-01-23;1500;2000;FR0011347046;OATi 0,1% 25 juillet 2021;1515;950;1,59;0;950;-0,0138;1,0691;1,01356;OATi;0,001;2021-07-25;OATi 0,1% 25 juillet 2021;4,512;inflation_france
adju_I;2017-01-19;2017-01-23;1500;2000;FR0013209871;OAT€i 0,1% 25 juillet 2047;593;295;2,01;0;295;0,0017;0,9788;1,00339;OAT€i;0,001;2047-07-25;OAT€i 0,1% 25 juillet 2047;30,511;inflation_zone_euro
adju_MT;2017-01-19;2017-01-23;7000;8000;FR0013219177;OAT 0% 25 mai 2022;5148;3148;1,64;0;3148;-0,0004;1,002;;OAT;0;2022-05-25;OAT 0% 25 mai 2022;5,344;
adju_MT;2017-01-19;2017-01-23;7000;8000;FR0013232485;OAT 0% 25 février 2020;7650;4846;1,58;0;4846;-0,0043;1,0133;;OAT;0;2020-02-25;OAT 0% 25 février 2020;3,099;
adju_LT;2017-02-02;2017-02-06;6000;7000;FR0012993103;OAT 1,5% 25 mai 2031;5451;2998;1,82;658;3656;0,0148;1,0022;;OAT;0,015;2031-05-25;OAT 1,5% 25 mai 2031;14,305;
adju_LT;2017-02-02;2017-02-06;6000;7000;FR0013200813;OAT 0,25% 25 novembre 2026;8340;3996;2,09;1098;5094;0,0107;0,9242;;OAT;0,0025;2026-11-25;OAT 0,25% 25 novembre 2026;9,81;
adju_MT;2017-02-16;2017-02-20;6000;7000;FR0013219177;OAT 0% 25 mai 2022;7685;3750;2,05;420;4170;0,0009;0,9951;;OAT;0;2022-05-25;OAT 0% 25 mai 2022;5,268;
adju_MT;2017-02-16;2017-02-20;6000;7000;FR0013232485;OAT 0% 25 février 2020;6690;3248;2,06;0;3248;-0,0034;1,0102;;OAT;0;2020-02-25;OAT 0% 25 février 2020;3,023;
adju_I;2017-02-16;2017-02-20;1500;2500;FR0013238268;OATi 0,1% 1 mars 2028;3714;2075;1,79;510;2585;-0,0027;1,0418;1,00523;OATi;0,001;2028-03-01;OATi 0,1% 1 mars 2028;11,036;inflation_france
adju_LT;2017-03-02;2017-03-06;6000;7000;FR0013154028;OAT 1,75% 25 mai 2066;2048;1028;1,99;0;1028;0,0214;0,8807;;OAT;0,0175;2066-05-25;OAT 1,75% 25 mai 2066;49,229;
adju_LT;2017-03-02;2017-03-06;6000;7000;FR0013154044;OAT 1,25% 25 mai 2036;4250;2345;1,81;0;2345;0,0161;0,9411;;OAT;0,0125;2036-05-25;OAT 1,25% 25 mai 2036;19,231;
adju_LT;2017-03-02;2017-03-06;6000;7000;FR0013200813;OAT 0,25% 25 novembre 2026;9967;3622;2,75;0;3622;0,0091;0,9385;;OAT;0,0025;2026-11-25;OAT 0,25% 25 novembre 2026;9,733;
adju_I;2017-03-16;2017-03-20;1500;2000;FR0010447367;OAT€i 1,8% 25 juillet 2040;705;400;1,76;87;487;0,0015;1,3795;1,15137;OAT€i;0,018;2040-07-25;OAT€i 1,8% 25 juillet 2040;23,359;inflation_zone_euro
adju_I;2017-03-16;2017-03-20;1500;2000;FR0010585901;OATi 2,1% 25 juillet 2023;1450;800;1,81;33;833;-0,0088;1,1955;1,10406;OATi;0,021;2023-07-25;OATi 2,1% 25 juillet 2023;6,357;inflation_france
adju_MT;2017-03-16;2017-03-20;6000;7000;FR0011337880;OAT 2,25% 25 octobre 2022;2095;920;2,28;0;920;0,0025;1,1111;;OAT;0,0225;2022-10-25;OAT 2,25% 25 octobre 2022;5,61;
adju_I;2017-03-16;2017-03-20;1500;2000;FR0011982776;OAT€i 0,7% 25 juillet 2030;955;615;1,55;77;692;-0,0012;1,1108;1,00813;OAT€i;0,007;2030-07-25;OAT€i 0,7% 25 juillet 2030;13,358;inflation_zone_euro
adju_MT;2017-03-16;2017-03-20;6000;7000;FR0013219177;OAT 0% 25 mai 2022;4335;2104;2,06;0;2104;0,0018;0,9908;;OAT;0;2022-05-25;OAT 0% 25 mai 2022;5,191;
adju_MT;2017-03-16;2017-03-20;6000;7000;FR0013232485;OAT 0% 25 février 2020;6675;3975;1,68;0;3975;-0,0029;1,0087;;OAT;0;2020-02-25;OAT 0% 25 février 2020;2,946;
adju_LT;2017-04-06;2017-04-10;7000;8000;FR0012993103;OAT 1,5% 25 mai 2031;5908;3088;1,91;934;4022;0,0131;1,0243;;OAT;0,015;2031-05-25;OAT 1,5% 25 mai 2031;14,133;
adju_LT;2017-04-06;2017-04-10;7000;8000;FR0013250560;OAT 1% 25 mai 2027;9945;4908;2,03;1072;5980;0,0097;1,0029;;OAT;0,01;2027-05-25;OAT 1% 25 mai 2027;10,133;
adju_I;2017-04-20;2017-04-24;750;1250;FR0012558310;OATi 0,1% 1 mars 2025;910;430;2,12;116;546;-0,0067;1,0621;1,00622;OATi;0,001;2025-03-01;OATi 0,1% 1 mars 2025;7,863;inflation_france
adju_I;2017-04-20;2017-04-24;750;1250;FR0013140035;OAT€i 0,1% 1 mars 2021;1150;505;2,28;91;596;-0,012;1,0517;1,0052;OAT€i;0,001;2021-03-01;OAT€i 0,1% 1 mars 2021;3,863;inflation_zone_euro
adju_I;2017-04-20;2017-04-24;750;1250;FR0013209871;OAT€i 0,1% 25 juillet 2047;594;314;1,89;104;418;0,0026;0,9541;1,00291;OAT€i;0,001;2047-07-25;OAT€i 0,1% 25 juillet 2047;30,261;inflation_zone_euro
adju_MT;2017-04-20;2017-04-24;4500;5500;FR0013219177;OAT 0% 25 mai 2022;4074;2074;1,96;0;2074;0,0009;0,9955;;OAT;0;2022-05-25;OAT 0% 25 mai 2022;5,095;
adju_MT;2017-04-20;2017-04-24;4500;5500;FR0013232485;OAT 0% 25 février 2020;5712;3425;1,67;44;3469;-0,0032;1,0091;;OAT;0;2020-02-25;OAT 0% 25 février 2020;2,85;
adju_LT;2017-05-04;2017-05-08;7000;8000;FR0011883966;OAT 2,5% 25 mai 2030;4715;2185;2,16;0;2185;0,0107;1,1729;;OAT;0,025;2030-05-25;OAT 2,5% 25 mai 2030;13,057;
adju_LT;2017-05-04;2017-05-08;7000;8000;FR0013154044;OAT 1,25% 25 mai 2036;4310;1930;2,23;10;1940;0,0149;0,9604;;OAT;0,0125;2036-05-25;OAT 1,25% 25 mai 2036;19,058;
adju_LT;2017-05-04;2017-05-08;7000;8000;FR0013250560;OAT 1% 25 mai 2027;7860;3885;2,02;0;3885;0,0081;1,0179;;OAT;0,01;2027-05-25;OAT 1% 25 mai 2027;10,056;
adju_I;2017-05-18;2017-05-22;1500;2000;FR0011982776;OAT€i 0,7% 25 juillet 2030;985;500;1,97;15;515;-0,0028;1,1311;1,01412;OAT€i;0,007;2030-07-25;OAT€i 0,7% 25 juillet 2030;13,185;inflation_zone_euro
adju_I;2017-05-18;2017-05-22;1500;2000;FR0013209871;OAT€i 0,1% 25 juillet 2047;720;385;1,87;0;385;0,0015;0,9842;1,00933;OAT€i;0,001;2047-07-25;OAT€i 0,1% 25 juillet 2047;30,185;inflation_zone_euro
adju_MT;2017-05-18;2017-05-22;6500;7500;FR0013219177;OAT 0% 25 mai 2022;6135;3302;1,86;219;3521;-0,0012;1,006;;OAT;0;2022-05-25;OAT 0% 25 mai 2022;5,018;
adju_MT;2017-05-18;2017-05-22;6500;7500;FR0013232485;OAT 0% 25 février 2020;8814;4197;2,1;585;4782;-0,0045;1,0125;;OAT;0;2020-02-25;OAT 0% 25 février 2020;2,773;
adju_I;2017-05-18;2017-05-22;1500;2000;FR0013238268;OATi 0,1% 1 mars 2028;1387;817;1,7;0;817;-0,0034;1,0484;1,009;OATi;0,001;2028-03-01;OATi 0,1% 1 mars 2028;10,787;inflation_france
adju_LT;2017-06-01;2017-06-05;7500;8500;FR0000187635;OAT 5,75% 25 octobre 2032;3195;1720;1,86;158;1878;0,011;1,6555;;OAT;0,0575;2032-10-25;OAT 5,75% 25 octobre 2032;15,4;
adju_LT;2017-06-01;2017-06-05;7500;8500;FR0013234333;OAT 1,75% 25 juin 2039;2758;1473;1,87;159;1632;0,0151;1,0444;;OAT;0,0175;2039-06-25;OAT 1,75% 25 juin 2039;22,064;
adju_LT;2017-06-01;2017-06-05;7500;8500;FR0013250560;OAT 1% 25 mai 2027;8950;5080;1,76;1494;6574;0,0072;1,0272;;OAT;0,01;2027-05-25;OAT 1% 25 mai 2027;9,979;
adju_MT;2017-06-15;2017-06-19;7000;8000;FR0010466938;OAT 4,25% 25 octobre 2023;3468;1733;2;0;1733;-0,0006;1,2744;;OAT;0,0425;2023-10-25;OAT 4,25% 25 octobre 2023;6,36;
adju_I;2017-06-15;2017-06-19;1000;1500;FR0011008705;OAT€i 1,85% 25 juillet 2027;965;585;1,65;52;637;-0,0056;1,2517;1,08627;OAT€i;0,0185;2027-07-25;OAT€i 1,85% 25 juillet 2027;10,108;inflation_zone_euro
adju_MT;2017-06-15;2017-06-19;7000;8000;FR0011196856;OAT 3% 25 avril 2022;3156;1656;1,91;0;1656;-0,0026;1,1596;;OAT;0,03;2022-04-25;OAT 3% 25 avril 2022;4,86;
adju_I;2017-06-15;2017-06-19;1000;1500;FR0012558310;OATi 0,1% 1 mars 2025;970;525;1,85;25;550;-0,0074;1,0666;1,01322;OATi;0,001;2025-03-01;OATi 0,1% 1 mars 2025;7,71;inflation_france
adju_I;2017-06-15;2017-06-19;1000;1500;FR0013209871;OAT€i 0,1% 25 juillet 2047;684;312;2,19;0;312;0,0006;1,012;1,01418;OAT€i;0,001;2047-07-25;OAT€i 0,1% 25 juillet 2047;30,108;inflation_zone_euro
adju_MT;2017-06-15;2017-06-19;7000;8000;FR0013219177;OAT 0% 25 mai 2022;3516;2166;1,62;0;2166;-0,0022;1,0111;;OAT;0;2022-05-25;OAT 0% 25 mai 2022;4,942;
adju_MT;2017-06-15;2017-06-19;7000;8000;FR0013232485;OAT 0% 25 février 2020;6360;2400;2,65;115;2515;-0,0048;1,0131;;OAT;0;2020-02-25;OAT 0% 25 février 2020;2,697;
adju_LT;2017-07-06;2017-07-10;7500;8500;FR0011317783;OAT 2,75% 25 octobre 2027;4710;2425;1,94;0;2425;0,0085;1,186;;OAT;0,0275;2027-10-25;OAT 2,75% 25 octobre 2027;10,303;
adju_LT;2017-07-06;2017-07-10;7500;8500;FR0013250560;OAT 1% 25 mai 2027;7405;3789;1,95;0;3789;0,0082;1,0168;;OAT;0,01;2027-05-25;OAT 1% 25 mai 2027;9,884;
adju_LT;2017-07-06;2017-07-10;7500;8500;FR0013257524;OAT 2% 25 mai 2048;3500;2285;1,53;0;2285;0,0187;1,0301;;OAT;0,02;2048-05-25;OAT 2% 25 mai 2048;30,886;
adju_I;2017-07-20;2017-07-24;1250;1750;FR0011008705;OAT€i 1,85% 25 juillet 2027;1547;1048;1,48;280;1328;-0,0046;1,2367;1,0869;OAT€i;0,0185;2027-07-25;OAT€i 1,85% 25 juillet 2027;10,012;inflation_zone_euro
adju_MT;2017-07-20;2017-07-24;6500;7500;FR0011337880;OAT 2,25% 25 octobre 2022;2838;1128;2,52;345;1473;0,0001;1,1179;;OAT;0,0225;2022-10-25;OAT 2,25% 25 octobre 2022;5,265;
adju_I;2017-07-20;2017-07-24;1250;1750;FR0013209871;OAT€i 0,1% 25 juillet 2047;512;277;1,85;69;346;0,0012;0,9949;1,01477;OAT€i;0,001;2047-07-25;OAT€i 0,1% 25 juillet 2047;30,012;inflation_zone_euro
adju_MT;2017-07-20;2017-07-24;6500;7500;FR0013219177;OAT 0% 25 mai 2022;5405;2835;1,91;856;3691;-0,0004;1,002;;OAT;0;2022-05-25;OAT 0% 25 mai 2022;4,846;
adju_MT;2017-07-20;2017-07-24;6500;7500;FR0013232485;OAT 0% 25 février 2020;6527;3534;1,85;505;4039;-0,0041;1,0107;;OAT;0;2020-02-25;OAT 0% 25 février 2020;2,601;
adju_I;2017-07-20;2017-07-24;1250;1750;FR0013238268;OATi 0,1% 1 mars 2028;823;423;1,95;74;497;-0,0033;1,0466;1,01227;OATi;0,001;2028-03-01;OATi 0,1% 1 mars 2028;10,615;inflation_france
adju_LT;2017-08-03;2017-08-07;5500;6500;FR0000571150;OAT 6% 25 octobre 2025;2681;1521;1,76;48;1569;0,0039;1,4532;;OAT;0,06;2025-10-25;OAT 6% 25 octobre 2025;8,227;
adju_LT;2017-08-03;2017-08-07;5500;6500;FR0013250560;OAT 1% 25 mai 2027;7724;3598;2,15;939;4537;0,0075;1,0234;;OAT;0,01;2027-05-25;OAT 1% 25 mai 2027;9,807;
adju_LT;2017-08-03;2017-08-07;5500;6500;FR0013257524;OAT 2% 25 mai 2048;2159;1379;1,57;342;1721;0,0179;1,0495;;OAT;0,02;2048-05-25;OAT 2% 25 mai 2048;30,809;
adju_LT;2017-09-07;2017-09-11;8000;9000;FR0010773192;OAT 4,5% 25 avril 2041;2500;1280;1,95;389;1669;0,0149;1,5964;;OAT;0,045;2041-04-25;OAT 4,5% 25 avril 2041;23,63;
adju_LT;2017-09-07;2017-09-11;8000;9000;FR0010870956;OAT 4% 25 avril 2060;1980;930;2,13;207;1137;0,0184;1,6337;;OAT;0,04;2060-04-25;OAT 4% 25 avril 2060;42,631;
adju_LT;2017-09-07;2017-09-11;8000;9000;FR0013154044;OAT 1,25% 25 mai 2036;2765;1575;1,76;188;1763;0,0138;0,9782;;OAT;0,0125;2036-05-25;OAT 1,25% 25 mai 2036;18,713;
adju_LT;2017-09-07;2017-09-11;8000;9000;FR0013250560;OAT 1% 25 mai 2027;10394;5214;1,99;1472;6686;0,0067;1,031;;OAT;0,01;2027-05-25;OAT 1% 25 mai 2027;9,711;
adju_MT;2017-09-21;2017-09-25;6000;7000;FR0011962398;OAT 1,75% 25 novembre 2024;5187;2446;2,12;720;3166;0,0028;1,1042;;OAT;0,0175;2024-11-25;OAT 1,75% 25 novembre 2024;7,179;
adju_I;2017-09-21;2017-09-25;1500;2000;FR0011982776;OAT€i 0,7% 25 juillet 2030;1260;675;1,87;208;883;-0,0036;1,1395;1,01523;OAT€i;0,007;2030-07-25;OAT€i 0,7% 25 juillet 2030;12,841;inflation_zone_euro
adju_I;2017-09-21;2017-09-25;1500;2000;FR0013140035;OAT€i 0,1% 1 mars 2021;1520;750;2,03;34;784;-0,0152;1,0574;1,01274;OAT€i;0,001;2021-03-01;OAT€i 0,1% 1 mars 2021;3,441;inflation_zone_euro
adju_MT;2017-09-21;2017-09-25;6000;7000;FR0013232485;OAT 0% 25 février 2020;5167;993;5,2;142;1135;-0,0048;1,0117;;OAT;0;2020-02-25;OAT 0% 25 février 2020;2,428;
adju_I;2017-09-21;2017-09-25;1500;2000;FR0013238268;OATi 0,1% 1 mars 2028;1201;429;2,8;133;562;-0,0043;1,0567;1,00972;OATi;0,001;2028-03-01;OATi 0,1% 1 mars 2028;10,442;inflation_france
adju_MT;2017-09-21;2017-09-25;6000;7000;FR0013283686;OAT 0% 25 mars 2023;5850;3550;1,65;788;4338;0;1;;OAT;0;2023-03-25;OAT 0% 25 mars 2023;5,506;
adju_LT;2017-10-05;2017-10-09;7500;8500;FR0012938116;OAT 1% 25 novembre 2025;5450;2735;1,99;0;2735;0,0046;1,0432;;OAT;0,01;2025-11-25;OAT 1% 25 novembre 2025;8,14;
adju_LT;2017-10-05;2017-10-09;7500;8500;FR0013257524;OAT 2% 25 mai 2048;3140;1765;1,78;0;1765;0,0182;1,0416;;OAT;0,02;2048-05-25;OAT 2% 25 mai 2048;30,637;
adju_LT;2017-10-05;2017-10-09;7500;8500;FR0013286192;OAT 0,75% 25 mai 2028;7405;3998;1,85;0;3998;0,0088;0,9864;;OAT;0,0075;2028-05-25;OAT 0,75% 25 mai 2028;10,637;
adju_I;2017-10-19;2017-10-23;1250;1750;FR0000188799;OAT€i 3,15% 25 juillet 2032;890;425;2,09;0;425;-0,0043;1,5469;1,25276;OAT€i;0,0315;2032-07-25;OAT€i 3,15% 25 juillet 2032;14,765;inflation_zone_euro
adju_I;2017-10-19;2017-10-23;1250;1750;FR0011008705;OAT€i 1,85% 25 juillet 2027;1490;610;2,44;0;610;-0,0074;1,2627;1,08318;OAT€i;0,0185;2027-07-25;OAT€i 1,85% 25 juillet 2027;9,763;inflation_zone_euro
adju_MT;2017-10-19;2017-10-23;6000;7000;FR0011962398;OAT 1,75% 25 novembre 2024;5340;2625;2,03;0;2625;0,0018;1,1103;;OAT;0,0175;2024-11-25;OAT 1,75% 25 novembre 2024;7,102;
adju_I;2017-10-19;2017-10-23;1250;1750;FR0012558310;OATi 0,1% 1 mars 2025;1525;711;2,14;0;711;-0,0089;1,0755;1,01445;OATi;0,001;2025-03-01;OATi 0,1% 1 mars 2025;7,365;inflation_france
adju_MT;2017-10-19;2017-10-23;6000;7000;FR0013157096;OAT 0% 25 mai 2021;3731;1801;2,07;0;1801;-0,0039;1,0143;;OAT;0;2021-05-25;OAT 0% 25 mai 2021;3,598;
adju_MT;2017-10-19;2017-10-23;6000;7000;FR0013283686;OAT 0% 25 mars 2023;5395;2570;2,1;0;2570;-0,0007;1,0036;;OAT;0;2023-03-25;OAT 0% 25 mars 2023;5,429;
adju_LT;2017-11-02;2017-11-06;7500;8500;FR0012993103;OAT 1,5% 25 mai 2031;3095;1915;1,62;170;2085;0,0101;1,0624;;OAT;0,015;2031-05-25;OAT 1,5% 25 mai 2031;13,558;
adju_LT;2017-11-02;2017-11-06;7500;8500;FR0013257524;OAT 2% 25 mai 2048;2571;1816;1,42;553;2369;0,0174;1,062;;OAT;0,02;2048-05-25;OAT 2% 25 mai 2048;30,56;
adju_LT;2017-11-02;2017-11-06;7500;8500;FR0013286192;OAT 0,75% 25 mai 2028;6821;4341;1,57;1248;5589;0,0076;0,999;;OAT;0,0075;2028-05-25;OAT 0,75% 25 mai 2028;10,56;
adju_MT;2017-11-16;2017-11-20;4000;5000;FR0010854182;OAT 3,5% 25 avril 2020;4554;1016;4,48;3;1019;-0,006;1,1005;;OAT;0,035;2020-04-25;OAT 3,5% 25 avril 2020;2,439;
adju_I;2017-11-16;2017-11-20;1500;2000;FR0011427848;OAT€i 0,25% 25 juillet 2024;1637;742;2,21;225;967;-0,0122;1,1027;1,03293;OAT€i;0,0025;2024-07-25;OAT€i 0,25% 25 juillet 2024;6,689;inflation_zone_euro
adju_MT;2017-11-16;2017-11-20;4000;5000;FR0012517027;OAT 0,5% 25 mai 2025;3311;1455;2,28;377;1832;0,002;1,0221;;OAT;0,005;2025-05-25;OAT 0,5% 25 mai 2025;7,521;
adju_I;2017-11-16;2017-11-20;1500;2000;FR0013140035;OAT€i 0,1% 1 mars 2021;1775;858;2,07;102;960;-0,0165;1,0593;1,01716;OAT€i;0,001;2021-03-01;OAT€i 0,1% 1 mars 2021;3,288;inflation_zone_euro
adju_I;2017-11-16;2017-11-20;1500;2000;FR0013209871;OAT€i 0,1% 25 juillet 2047;788;398;1,98;124;522;-0,0004;1,0426;1,01484;OAT€i;0,001;2047-07-25;OAT€i 0,1% 25 juillet 2047;29,687;inflation_zone_euro
adju_MT;2017-11-16;2017-11-20;4000;5000;FR0013283686;OAT 0% 25 mars 2023;5735;2523;2,27;420;2943;-0,0013;1,0068;;OAT;0;2023-03-25;OAT 0% 25 mars 2023;5,352;
adju_MLT;2017-12-07;2017-12-11;3000;4000;FR0000571218;OAT 5,5% 25 avril 2029;1686;942;1,79;0;942;0,006;1,5372;;OAT;0,055;2029-04-25;OAT 5,5% 25 avril 2029;11,381;
adju_MLT;2017-12-07;2017-12-11;3000;4000;FR0013200813;OAT 0,25% 25 novembre 2026;3692;1990;1,86;0;1990;0,0036;0,9904;;OAT;0,0025;2026-11-25;OAT 0,25% 25 novembre 2026;8,966;
adju_MLT;2017-12-07;2017-12-11;3000;4000;FR0013234333;OAT 1,75% 25 juin 2039;1795;1065;1,69;0;1065;0,0127;1,0906;;OAT;0,0175;2039-06-25;OAT 1,75% 25 juin 2039;21,547;
adju_LT;2018-01-04;2018-01-08;8000;9000;FR0013154044;OAT 1,25% 25 mai 2036;2530;1335;1,9;291;1626;0,0135;0,9833;;OAT;0,0125;2036-05-25;OAT 1,25% 25 mai 2036;18,387;
adju_LT;2018-01-04;2018-01-08;8000;9000;FR0013257524;OAT 2% 25 mai 2048;3128;1565;2;477;2042;0,0175;1,0574;;OAT;0,02;2048-05-25;OAT 2% 25 mai 2048;30,387;
adju_LT;2018-01-04;2018-01-08;8000;9000;FR0013286192;OAT 0,75% 25 mai 2028;7501;5211;1,44;1265;6476;0,0079;0,9957;;OAT;0,0075;2028-05-25;OAT 0,75% 25 mai 2028;10,387;
adju_I;2018-01-18;2018-01-22;1250;1750;FR0011427848;OAT€i 0,25% 25 juillet 2024;1590;783;2,03;126;909;-0,0112;1,0933;1,03599;OAT€i;0,0025;2024-07-25;OAT€i 0,25% 25 juillet 2024;6,516;inflation_zone_euro
adju_MT;2018-01-18;2018-01-22;6500;7500;FR0011619436;OAT 2,25% 25 mai 2024;3186;1287;2,48;388;1675;0,0023;1,1267;;OAT;0,0225;2024-05-25;OAT 2,25% 25 mai 2024;6,349;
adju_I;2018-01-18;2018-01-22;1250;1750;FR0011982776;OAT€i 0,7% 25 juillet 2030;1180;585;2,02;171;756;-0,0052;1,1577;1,02268;OAT€i;0,007;2030-07-25;OAT€i 0,7% 25 juillet 2030;12,515;inflation_zone_euro
adju_I;2018-01-18;2018-01-22;1250;1750;FR0013238268;OATi 0,1% 1 mars 2028;1097;377;2,91;117;494;-0,0058;1,071;1,01407;OATi;0,001;2028-03-01;OATi 0,1% 1 mars 2028;10,116;inflation_france
adju_MT;2018-01-18;2018-01-22;6500;7500;FR0013283686;OAT 0% 25 mars 2023;5746;2680;2,14;799;3479;0,001;0,9948;;OAT;0;2023-03-25;OAT 0% 25 mars 2023;5,18;
adju_MT;2018-01-18;2018-01-22;6500;7500;FR0013311016;OAT 0% 25 février 2021;7228;3530;2,05;667;4197;-0,0024;1,0075;;OAT;0;2021-02-25;OAT 0% 25 février 2021;3,105;
adju_LT;2018-02-01;2018-02-05;8000;9000;FR0013154028;OAT 1,75% 25 mai 2066;2413;1943;1,24;319;2262;0,0191;0,9506;;OAT;0,0175;2066-05-25;OAT 1,75% 25 mai 2066;48,309;
adju_LT;2018-02-01;2018-02-05;8000;9000;FR0013286192;OAT 0,75% 25 mai 2028;7312;3621;2,02;0;3621;0,0098;0,9779;;OAT;0,0075;2028-05-25;OAT 0,75% 25 mai 2028;10,311;
adju_LT;2018-02-01;2018-02-05;8000;9000;FR0013313582;OAT 1,25% 25 mai 2034;4440;3310;1,34;0;3310;0,0133;0,9879;;OAT;0,0125;2034-05-25;OAT 1,25% 25 mai 2034;16,309;
adju_MT;2018-02-15;2018-02-19;7000;8000;FR0000571150;OAT 6% 25 octobre 2025;4166;1523;2,74;462;1985;0,0057;1,4071;;OAT;0,06;2025-10-25;OAT 6% 25 octobre 2025;7,691;
adju_I;2018-02-15;2018-02-19;1500;2000;FR0011008705;OAT€i 1,85% 25 juillet 2027;1754;762;2,3;217;979;-0,0062;1,2404;1,09295;OAT€i;0,0185;2027-07-25;OAT€i 1,85% 25 juillet 2027;9,437;inflation_zone_euro
adju_I;2018-02-15;2018-02-19;1500;2000;FR0012558310;OATi 0,1% 1 mars 2025;1686;911;1,85;177;1088;-0,0077;1,0633;1,01785;OATi;0,001;2025-03-01;OATi 0,1% 1 mars 2025;7,039;inflation_france
adju_I;2018-02-15;2018-02-19;1500;2000;FR0013209871;OAT€i 0,1% 25 juillet 2047;670;325;2,06;102;427;-0,0004;1,0422;1,02041;OAT€i;0,001;2047-07-25;OAT€i 0,1% 25 juillet 2047;29,437;inflation_zone_euro
adju_MT;2018-02-15;2018-02-19;7000;8000;FR0013283686;OAT 0% 25 mars 2023;7051;3199;2,2;959;4158;0,0023;0,9884;;OAT;0;2023-03-25;OAT 0% 25 mars 2023;5,103;
adju_MT;2018-02-15;2018-02-19;7000;8000;FR0013311016;OAT 0% 25 février 2021;8082;3275;2,47;571;3846;-0,0018;1,0054;;OAT;0;2021-02-25;OAT 0% 25 février 2021;3,028;
adju_LT;2018-03-01;2018-03-05;7000;8000;FR0010773192;OAT 4,5% 25 avril 2041;2010;890;2,26;0;890;0,0147;1,5911;;OAT;0,045;2041-04-25;OAT 4,5% 25 avril 2041;23,151;
adju_LT;2018-03-01;2018-03-05;7000;8000;FR0013131877;OAT 0,5% 25 mai 2026;3479;1954;1,78;0;1954;0,0061;0,9913;;OAT;0,005;2026-05-25;OAT 0,5% 25 mai 2026;8,233;
adju_LT;2018-03-01;2018-03-05;7000;8000;FR0013257524;OAT 2% 25 mai 2048;2457;1256;1,96;15;1271;0,0171;1,0676;;OAT;0,02;2048-05-25;OAT 2% 25 mai 2048;30,234;
adju_LT;2018-03-01;2018-03-05;7000;8000;FR0013286192;OAT 0,75% 25 mai 2028;5421;2921;1,86;884;3805;0,009;0,9855;;OAT;0,0075;2028-05-25;OAT 0,75% 25 mai 2028;10,234;
adju_I;2018-03-15;2018-03-19;1250;1750;FR0010447367;OAT€i 1,8% 25 juillet 2040;858;376;2,28;98;474;-0,0023;1,4673;1,16626;OAT€i;0,018;2040-07-25;OAT€i 1,8% 25 juillet 2040;22,363;inflation_zone_euro
adju_I;2018-03-15;2018-03-19;1250;1750;FR0010585901;OATi 2,1% 25 juillet 2023;1485;625;2,38;85;710;-0,0112;1,1784;1,11725;OATi;0,021;2023-07-25;OATi 2,1% 25 juillet 2023;5,361;inflation_france
adju_MT;2018-03-15;2018-03-19;6500;7500;FR0012517027;OAT 0,5% 25 mai 2025;5393;1113;4,85;341;1454;0,0042;1,0058;;OAT;0,005;2025-05-25;OAT 0,5% 25 mai 2025;7,195;
adju_MT;2018-03-15;2018-03-19;6500;7500;FR0013157096;OAT 0% 25 mai 2021;10196;4795;2,13;1056;5851;-0,0024;1,0077;;OAT;0;2021-05-25;OAT 0% 25 mai 2021;3,195;
adju_I;2018-03-15;2018-03-19;1250;1750;FR0013238268;OATi 0,1% 1 mars 2028;1300;655;1,98;105;760;-0,0056;1,068;1,01667;OATi;0,001;2028-03-01;OATi 0,1% 1 mars 2028;9,963;inflation_france
adju_MT;2018-03-15;2018-03-19;6500;7500;FR0013283686;OAT 0% 25 mars 2023;6566;1582;4,15;478;2060;0,0011;0,9944;;OAT;0;2023-03-25;OAT 0% 25 mars 2023;5,027;
adju_LT;2018-04-05;2018-04-09;7500;8500;FR0013234333;OAT 1,75% 25 juin 2039;1931;1096;1,76;0;1096;0,0134;1,0756;;OAT;0,0175;2039-06-25;OAT 1,75% 25 juin 2039;21,221;
adju_LT;2018-04-05;2018-04-09;7500;8500;FR0013257524;OAT 2% 25 mai 2048;2366;1281;1,85;9;1290;0,0158;1,0993;;OAT;0,02;2048-05-25;OAT 2% 25 mai 2048;30,138;
adju_LT;2018-04-05;2018-04-09;7500;8500;FR0013286192;OAT 0,75% 25 mai 2028;8122;4197;1,94;888;5085;0,0074;1,0011;;OAT;0,0075;2028-05-25;OAT 0,75% 25 mai 2028;10,138;
adju_LT;2018-04-05;2018-04-09;7500;8500;FR0013313582;OAT 1,25% 25 mai 2034;1961;1091;1,8;0;1091;0,0114;1,0164;;OAT;0,0125;2034-05-25;OAT 1,25% 25 mai 2034;16,137;
adju_I;2018-04-19;2018-04-23;1250;1750;FR0011427848;OAT€i 0,25% 25 juillet 2024;1719;673;2,55;0;673;-0,0128;1,1003;1,032;OAT€i;0,0025;2024-07-25;OAT€i 0,25% 25 juillet 2024;6,267;inflation_zone_euro
adju_MT;2018-04-19;2018-04-23;6000;7000;FR0011962398;OAT 1,75% 25 novembre 2024;4668;999;4,67;0;999;0,003;1,0948;;OAT;0,0175;2024-11-25;OAT 1,75% 25 novembre 2024;6,604;
adju_I;2018-04-19;2018-04-23;1250;1750;FR0013140035;OAT€i 0,1% 1 mars 2021;1860;494;3,77;0;494;-0,0189;1,0589;1,01624;OAT€i;0,001;2021-03-01;OAT€i 0,1% 1 mars 2021;2,867;inflation_zone_euro
adju_I;2018-04-19;2018-04-23;1250;1750;FR0013238268;OATi 0,1% 1 mars 2028;1295;580;2,23;0;580;-0,0067;1,0782;1,01607;OATi;0,001;2028-03-01;OATi 0,1% 1 mars 2028;9,867;inflation_france
adju_MT;2018-04-19;2018-04-23;6000;7000;FR0013283686;OAT 0% 25 mars 2023;6622;3194;2,07;0;3194;0,0006;0,997;;OAT;0;2023-03-25;OAT 0% 25 mars 2023;4,931;
adju_MT;2018-04-19;2018-04-23;6000;7000;FR0013311016;OAT 0% 25 février 2021;7485;2798;2,68;790;3588;-0,0032;1,0091;;OAT;0;2021-02-25;OAT 0% 25 février 2021;2,856;
adju_LT;2018-05-03;2018-05-07;7500;8500;FR0013131877;OAT 0,5% 25 mai 2026;3911;2071;1,89;323;2394;0,0053;0,9979;;OAT;0,005;2026-05-25;OAT 0,5% 25 mai 2026;8,06;
adju_LT;2018-05-03;2018-05-07;7500;8500;FR0013257524;OAT 2% 25 mai 2048;2501;1851;1,35;424;2275;0,0165;1,0816;;OAT;0,02;2048-05-25;OAT 2% 25 mai 2048;30,062;
adju_LT;2018-05-03;2018-05-07;7500;8500;FR0013286192;OAT 0,75% 25 mai 2028;6796;3611;1,88;1087;4698;0,0081;0,9945;;OAT;0,0075;2028-05-25;OAT 0,75% 25 mai 2028;10,062;
adju_LT;2018-05-03;2018-05-07;7500;8500;FR0013313582;OAT 1,25% 25 mai 2034;2015;955;2,11;288;1243;0,0122;1,0046;;OAT;0,0125;2034-05-25;OAT 1,25% 25 mai 2034;16,06;
adju_I;2018-05-17;2018-05-21;1250;1750;FR0010899765;OAT€i 1,1% 25 juillet 2022;1732;907;1,91;177;1084;-0,0163;1,1191;1,10951;OAT€i;0,011;2022-07-25;OAT€i 1,1% 25 juillet 2022;4,189;inflation_zone_euro
adju_I;2018-05-17;2018-05-21;1250;1750;FR0011008705;OAT€i 1,85% 25 juillet 2027;1204;619;1,95;110;729;-0,0083;1,2567;1,09339;OAT€i;0,0185;2027-07-25;OAT€i 1,85% 25 juillet 2027;9,188;inflation_zone_euro
adju_I;2018-05-17;2018-05-21;1250;1750;FR0013209871;OAT€i 0,1% 25 juillet 2047;546;220;2,48;0;220;-0,0011;1,0619;1,02082;OAT€i;0,001;2047-07-25;OAT€i 0,1% 25 juillet 2047;29,188;inflation_zone_euro
adju_MT;2018-05-17;2018-05-21;6500;7500;FR0013283686;OAT 0% 25 mars 2023;5921;2446;2,42;673;3119;0,001;0,9954;;OAT;0;2023-03-25;OAT 0% 25 mars 2023;4,854;
adju_MT;2018-05-17;2018-05-21;6500;7500;FR0013311016;OAT 0% 25 février 2021;9937;5051;1,97;1208;6259;-0,003;1,0085;;OAT;0;2021-02-25;OAT 0% 25 février 2021;2,779;
adju_LT;2018-06-07;2018-06-11;8000;9000;FR0000571218;OAT 5,5% 25 avril 2029;4097;1999;2,05;581;2580;0,0086;1,4802;;OAT;0,055;2029-04-25;OAT 5,5% 25 avril 2029;10,883;
adju_LT;2018-06-07;2018-06-11;8000;9000;FR0012993103;OAT 1,5% 25 mai 2031;3974;2164;1,84;537;2701;0,0108;1,0501;;OAT;0,015;2031-05-25;OAT 1,5% 25 mai 2031;12,964;
adju_LT;2018-06-07;2018-06-11;8000;9000;FR0013154044;OAT 1,25% 25 mai 2036;3090;1447;2,14;413;1860;0,0137;0,9816;;OAT;0,0125;2036-05-25;OAT 1,25% 25 mai 2036;17,966;
adju_LT;2018-06-07;2018-06-11;8000;9000;FR0013341682;OAT 0,75% 25 novembre 2028;6507;3387;1,92;718;4105;0,009;0,9849;;OAT;0,0075;2028-11-25;OAT 0,75% 25 novembre 2028;10,47;
adju_I;2018-06-21;2018-06-25;1500;2000;FR0011008705;OAT€i 1,85% 25 juillet 2027;1635;814;2,01;159;973;-0,01;1,2719;1,09953;OAT€i;0,0185;2027-07-25;OAT€i 1,85% 25 juillet 2027;9,092;inflation_zone_euro
adju_MT;2018-06-21;2018-06-25;7500;8500;FR0011196856;OAT 3% 25 avril 2022;5124;1889;2,71;174;2063;-0,0034;1,1292;;OAT;0,03;2022-04-25;OAT 3% 25 avril 2022;3,844;
adju_I;2018-06-21;2018-06-25;1500;2000;FR0013209871;OAT€i 0,1% 25 juillet 2047;699;376;1,86;0;376;-0,0018;1,0835;1,02655;OAT€i;0,001;2047-07-25;OAT€i 0,1% 25 juillet 2047;29,092;inflation_zone_euro
adju_I;2018-06-21;2018-06-25;1500;2000;FR0013238268;OATi 0,1% 1 mars 2028;1094;519;2,11;73;592;-0,0081;1,0924;1,02515;OATi;0,001;2028-03-01;OATi 0,1% 1 mars 2028;9,695;inflation_france
adju_MT;2018-06-21;2018-06-25;7500;8500;FR0013311016;OAT 0% 25 février 2021;7833;2409;3,25;91;2500;-0,0046;1,0124;;OAT;0;2021-02-25;OAT 0% 25 février 2021;2,683;
adju_MT;2018-06-21;2018-06-25;7500;8500;FR0013344751;OAT 0% 25 mars 2024;8250;4196;1,97;866;5062;0,0003;0,9985;;OAT;0;2024-03-25;OAT 0% 25 mars 2024;5,76;
adju_LT;2018-07-05;2018-07-09;7000;8000;FR0012993103;OAT 1,5% 25 mai 2031;3345;2405;1,39;656;3061;0,0086;1,0775;;OAT;0,015;2031-05-25;OAT 1,5% 25 mai 2031;12,887;
adju_LT;2018-07-05;2018-07-09;7000;8000;FR0013313582;OAT 1,25% 25 mai 2034;3000;1345;2,23;270;1615;0,0104;1,03;;OAT;0,0125;2034-05-25;OAT 1,25% 25 mai 2034;15,888;
adju_LT;2018-07-05;2018-07-09;7000;8000;FR0013341682;OAT 0,75% 25 novembre 2028;8118;4248;1,91;1048;5296;0,0067;1,0078;;OAT;0,0075;2028-11-25;OAT 0,75% 25 novembre 2028;10,393;
adju_I;2018-07-19;2018-07-23;1250;1750;FR0011982776;OAT€i 0,7% 25 juillet 2030;1445;795;1,82;215;1010;-0,007;1,1757;1,03575;OAT€i;0,007;2030-07-25;OAT€i 0,7% 25 juillet 2030;12,016;inflation_zone_euro
adju_I;2018-07-19;2018-07-23;1250;1750;FR0012558310;OATi 0,1% 1 mars 2025;1050;490;2,14;44;534;-0,011;1,083;1,03054;OATi;0,001;2025-03-01;OATi 0,1% 1 mars 2025;6,617;inflation_france
adju_I;2018-07-19;2018-07-23;1250;1750;FR0013209871;OAT€i 0,1% 25 juillet 2047;720;330;2,18;92;422;-0,0024;1,1023;1,03085;OAT€i;0,001;2047-07-25;OAT€i 0,1% 25 juillet 2047;29,016;inflation_zone_euro
adju_MT;2018-07-19;2018-07-23;6500;7500;FR0013311016;OAT 0% 25 février 2021;7901;3291;2,4;746;4037;-0,0044;1,0115;;OAT;0;2021-02-25;OAT 0% 25 février 2021;2,606;
adju_MT;2018-07-19;2018-07-23;6500;7500;FR0013344751;OAT 0% 25 mars 2024;8200;4196;1,95;0;4196;0,0001;0,9995;;OAT;0;2024-03-25;OAT 0% 25 mars 2024;5,684;
adju_MLT;2018-08-02;2018-08-06;5500;6500;FR0000571218;OAT 5,5% 25 avril 2029;4762;2410;1,98;621;3031;0,0074;1,4884;;OAT;0,055;2029-04-25;OAT 5,5% 25 avril 2029;10,73;
adju_MLT;2018-08-02;2018-08-06;5500;6500;FR0012993103;OAT 1,5% 25 mai 2031;2691;1581;1,7;258;1839;0,0098;1,0624;;OAT;0,015;2031-05-25;OAT 1,5% 25 mai 2031;12,81;
adju_MLT;2018-08-02;2018-08-06;5500;6500;FR0013154044;OAT 1,25% 25 mai 2036;3095;2365;1,31;718;3083;0,0128;0,9957;;OAT;0,0125;2036-05-25;OAT 1,25% 25 mai 2036;17,812;
adju_LT;2018-09-06;2018-09-10;7500;8500;FR0012993103;OAT 1,5% 25 mai 2031;3479;2513;1,38;0;2513;0,0092;1,0693;;OAT;0,015;2031-05-25;OAT 1,5% 25 mai 2031;12,715;
adju_LT;2018-09-06;2018-09-10;7500;8500;FR0013154028;OAT 1,75% 25 mai 2066;2112;1252;1,69;222;1474;0,0181;0,9812;;OAT;0,0175;2066-05-25;OAT 1,75% 25 mai 2066;47,715;
adju_LT;2018-09-06;2018-09-10;7500;8500;FR0013313582;OAT 1,25% 25 mai 2034;2195;1375;1,6;0;1375;0,0111;1,0198;;OAT;0,0125;2034-05-25;OAT 1,25% 25 mai 2034;15,715;
adju_LT;2018-09-06;2018-09-10;7500;8500;FR0013341682;OAT 0,75% 25 novembre 2028;6543;3360;1,95;0;3360;0,0071;1,0038;;OAT;0,0075;2028-11-25;OAT 0,75% 25 novembre 2028;10,22;
adju_I;2018-09-20;2018-09-24;1000;1500;FR0011982776;OAT€i 0,7% 25 juillet 2030;1215;685;1,77;212;897;-0,0057;1,1558;1,0358;OAT€i;0,007;2030-07-25;OAT€i 0,7% 25 juillet 2030;11,844;inflation_zone_euro
adju_MT;2018-09-20;2018-09-24;6500;7500;FR0013131877;OAT 0,5% 25 mai 2026;3899;1076;3,62;328;1404;0,0044;1,0046;;OAT;0,005;2026-05-25;OAT 0,5% 25 mai 2026;7,677;
adju_I;2018-09-20;2018-09-24;1000;1500;FR0013238268;OATi 0,1% 1 mars 2028;976;376;2,6;52;428;-0,0065;1,0729;1,02944;OATi;0,001;2028-03-01;OATi 0,1% 1 mars 2028;9,446;inflation_france
adju_MT;2018-09-20;2018-09-24;6500;7500;FR0013311016;OAT 0% 25 février 2021;10260;3221;3,19;620;3841;-0,0037;1,009;;OAT;0;2021-02-25;OAT 0% 25 février 2021;2,434;
adju_I;2018-09-20;2018-09-24;1000;1500;FR0013327491;OAT€i 0,1% 25 juillet 2036;733;327;2,24;89;416;-0,0028;1,07;1,01595;OAT€i;0,001;2036-07-25;OAT€i 0,1% 25 juillet 2036;17,845;inflation_zone_euro
adju_MT;2018-09-20;2018-09-24;6500;7500;FR0013344751;OAT 0% 25 mars 2024;6920;3197;2,16;934;4131;0,0014;0,9922;;OAT;0;2024-03-25;OAT 0% 25 mars 2024;5,511;
adju_LT;2018-10-04;2018-10-08;8000;9000;FR0013257524;OAT 2% 25 mai 2048;3882;2797;1,39;0;2797;0,017;1,0682;;OAT;0,02;2048-05-25;OAT 2% 25 mai 2048;29,64;
adju_LT;2018-10-04;2018-10-08;8000;9000;FR0013313582;OAT 1,25% 25 mai 2034;2260;1420;1,59;0;1420;0,0123;1,0024;;OAT;0,0125;2034-05-25;OAT 1,25% 25 mai 2034;15,639;
adju_LT;2018-10-04;2018-10-08;8000;9000;FR0013341682;OAT 0,75% 25 novembre 2028;7399;4645;1,59;0;4645;0,0086;0,9893;;OAT;0,0075;2028-11-25;OAT 0,75% 25 novembre 2028;10,144;
adju_I;2018-10-18;2018-10-22;1250;1750;FR0011008705;OAT€i 1,85% 25 juillet 2027;1782;956;1,86;70;1026;-0,0085;1,2466;1,10455;OAT€i;0,0185;2027-07-25;OAT€i 1,85% 25 juillet 2027;8,767;inflation_zone_euro
adju_MT;2018-10-18;2018-10-22;7000;8000;FR0012938116;OAT 1% 25 novembre 2025;3181;1758;1,81;408;2166;0,0039;1,0424;;OAT;0,01;2025-11-25;OAT 1% 25 novembre 2025;7,105;
adju_I;2018-10-18;2018-10-22;1250;1750;FR0013140035;OAT€i 0,1% 1 mars 2021;1625;650;2,5;0;650;-0,0183;1,0469;1,0336;OAT€i;0,001;2021-03-01;OAT€i 0,1% 1 mars 2021;2,368;inflation_zone_euro
adju_I;2018-10-18;2018-10-22;1250;1750;FR0013209871;OAT€i 0,1% 25 juillet 2047;500;140;3,57;49;189;-0,0009;1,0559;1,03124;OAT€i;0,001;2047-07-25;OAT€i 0,1% 25 juillet 2047;28,767;inflation_zone_euro
adju_MT;2018-10-18;2018-10-22;7000;8000;FR0013311016;OAT 0% 25 février 2021;6970;2950;2,36;57;3007;-0,0042;1,0098;;OAT;0;2021-02-25;OAT 0% 25 février 2021;2,357;
adju_MT;2018-10-18;2018-10-22;7000;8000;FR0013344751;OAT 0% 25 mars 2024;5966;3291;1,81;476;3767;0,0016;0,9916;;OAT;0;2024-03-25;OAT 0% 25 mars 2024;5,435;
adju_LT;2018-11-08;2018-11-12;8000;9000;FR0010773192;OAT 4,5% 25 avril 2041;3004;1926;1,56;556;2482;0,0143;1,5858;;OAT;0,045;2041-04-25;OAT 4,5% 25 avril 2041;22,461;
adju_LT;2018-11-08;2018-11-12;8000;9000;FR0011883966;OAT 2,5% 25 mai 2030;3005;1465;2,05;446;1911;0,0092;1,1719;;OAT;0,025;2030-05-25;OAT 2,5% 25 mai 2030;11,543;
adju_LT;2018-11-08;2018-11-12;8000;9000;FR0013200813;OAT 0,25% 25 novembre 2026;3530;1720;2,05;90;1810;0,0054;0,9775;;OAT;0,0025;2026-11-25;OAT 0,25% 25 novembre 2026;8,047;
adju_LT;2018-11-08;2018-11-12;8000;9000;FR0013341682;OAT 0,75% 25 novembre 2028;6820;3760;1,81;1134;4894;0,0082;0,9934;;OAT;0,0075;2028-11-25;OAT 0,75% 25 novembre 2028;10,048;
adju_I;2018-11-22;2018-11-26;750;1250;FR0011427848;OAT€i 0,25% 25 juillet 2024;937;407;2,3;0;407;-0,0109;1,0784;1,05415;OAT€i;0,0025;2024-07-25;OAT€i 0,25% 25 juillet 2024;5,673;inflation_zone_euro
adju_I;2018-11-22;2018-11-26;750;1250;FR0011982776;OAT€i 0,7% 25 juillet 2030;620;220;2,82;0;220;-0,0045;1,1379;1,0406;OAT€i;0,007;2030-07-25;OAT€i 0,7% 25 juillet 2030;11,671;inflation_zone_euro
adju_MT;2018-11-22;2018-11-26;6500;7500;FR0013219177;OAT 0% 25 mai 2022;4897;2352;2,08;0;2352;-0,0029;1,0102;;OAT;0;2022-05-25;OAT 0% 25 mai 2022;3,504;
adju_I;2018-11-22;2018-11-26;750;1250;FR0013238268;OATi 0,1% 1 mars 2028;795;360;2,21;0;360;-0,0048;1,0548;1,03247;OATi;0,001;2028-03-01;OATi 0,1% 1 mars 2028;9,273;inflation_france
adju_MT;2018-11-22;2018-11-26;6500;7500;FR0013283686;OAT 0% 25 mars 2023;5260;2555;2,06;643;3198;-0,0013;1,0055;;OAT;0;2023-03-25;OAT 0% 25 mars 2023;4,337;
adju_MT;2018-11-22;2018-11-26;6500;7500;FR0013344751;OAT 0% 25 mars 2024;5720;2410;2,37;730;3140;0,0006;0,9968;;OAT;0;2024-03-25;OAT 0% 25 mars 2024;5,339;
adju_MLT;2018-12-06;2018-12-10;3000;4000;FR0010916924;OAT 3,5% 25 avril 2026;2723;1053;2,59;0;1053;0,0023;1,2388;;OAT;0,035;2026-04-25;OAT 3,5% 25 avril 2026;7,384;
adju_MLT;2018-12-06;2018-12-10;3000;4000;FR0011486067;OAT 1,75% 25 mai 2023;2590;935;2,77;0;935;-0,0018;1,0863;;OAT;0,0175;2023-05-25;OAT 1,75% 25 mai 2023;4,465;
adju_MLT;2018-12-06;2018-12-10;3000;4000;FR0012517027;OAT 0,5% 25 mai 2025;2540;910;2,79;0;910;0,0015;1,0225;;OAT;0,005;2025-05-25;OAT 0,5% 25 mai 2025;6,467;
adju_MLT;2018-12-06;2018-12-10;3000;4000;FR0013200813;OAT 0,25% 25 novembre 2026;2355;1100;2,14;0;1100;0,0038;0,9902;;OAT;0,0025;2026-11-25;OAT 0,25% 25 novembre 2026;7,97;
adju_LT;2019-01-10;2019-01-14;8000;9000;FR0013257524;OAT 2% 25 mai 2048;2586;1501;1,72;93;1594;0,016;1,0927;;OAT;0,02;2048-05-25;OAT 2% 25 mai 2048;29,372;
adju_LT;2019-01-10;2019-01-14;8000;9000;FR0013313582;OAT 1,25% 25 mai 2034;3230;1880;1,72;530;2410;0,0111;1,0198;;OAT;0,0125;2034-05-25;OAT 1,25% 25 mai 2034;15,37;
adju_LT;2019-01-10;2019-01-14;8000;9000;FR0013341682;OAT 0,75% 25 novembre 2028;8302;4855;1,71;1443;6298;0,0068;1,0067;;OAT;0,0075;2028-11-25;OAT 0,75% 25 novembre 2028;9,875;
adju_I;2019-01-24;2019-01-28;1000;1500;FR0011427848;OAT€i 0,25% 25 juillet 2024;1440;535;2,69;12;547;-0,0107;1,0748;1,05571;OAT€i;0,0025;2024-07-25;OAT€i 0,25% 25 juillet 2024;5,5;inflation_zone_euro
adju_MT;2019-01-24;2019-01-28;8000;9000;FR0012517027;OAT 0,5% 25 mai 2025;3879;948;4,09;283;1231;0,001;1,0252;;OAT;0,005;2025-05-25;OAT 0,5% 25 mai 2025;6,333;
adju_I;2019-01-24;2019-01-28;1000;1500;FR0013209871;OAT€i 0,1% 25 juillet 2047;486;161;3,02;46;207;-0,0004;1,0396;1,03723;OAT€i;0,001;2047-07-25;OAT€i 0,1% 25 juillet 2047;28,498;inflation_zone_euro
adju_MT;2019-01-24;2019-01-28;8000;9000;FR0013219177;OAT 0% 25 mai 2022;3445;1455;2,37;0;1455;-0,0035;1,0117;;OAT;0;2022-05-25;OAT 0% 25 mai 2022;3,332;
adju_I;2019-01-24;2019-01-28;1000;1500;FR0013238268;OATi 0,1% 1 mars 2028;1495;803;1,86;196;999;-0,0048;1,0542;1,03128;OATi;0,001;2028-03-01;OATi 0,1% 1 mars 2028;9,101;inflation_france
adju_MT;2019-01-24;2019-01-28;8000;9000;FR0013344751;OAT 0% 25 mars 2024;5687;2700;2,11;0;2700;-0,0006;1,0031;;OAT;0;2024-03-25;OAT 0% 25 mars 2024;5,166;
adju_MT;2019-01-24;2019-01-28;8000;9000;FR0013398583;OAT 0% 25 février 2022;7814;3854;2,03;237;4091;-0,0035;1,0109;;OAT;0;2022-02-25;OAT 0% 25 février 2022;3,088;
adju_LT;2019-02-07;2019-02-11;8000;9000;FR0011883966;OAT 2,5% 25 mai 2030;5550;2884;1,92;873;3757;0,007;1,195;;OAT;0,025;2030-05-25;OAT 2,5% 25 mai 2030;11,294;
adju_LT;2019-02-07;2019-02-11;8000;9000;FR0013234333;OAT 1,75% 25 juin 2039;3474;1664;2,09;73;1737;0,0125;1,0894;;OAT;0,0175;2039-06-25;OAT 1,75% 25 juin 2039;20,378;
adju_LT;2019-02-07;2019-02-11;8000;9000;FR0013341682;OAT 0,75% 25 novembre 2028;9585;4450;2,15;1310;5760;0,0057;1,0169;;OAT;0,0075;2028-11-25;OAT 0,75% 25 novembre 2028;9,799;
adju_MT;2019-02-21;2019-02-25;8000;9000;FR0000571150;OAT 6% 25 octobre 2025;3175;810;3,92;250;1060;0,0006;1,3947;;OAT;0,06;2025-10-25;OAT 6% 25 octobre 2025;6,675;
adju_I;2019-02-21;2019-02-25;1000;1500;FR0010585901;OATi 2,1% 25 juillet 2023;1595;860;1,85;0;860;-0,0098;1,1397;1,13317;OATi;0,021;2023-07-25;OATi 2,1% 25 juillet 2023;4,422;inflation_france
adju_I;2019-02-21;2019-02-25;1000;1500;FR0011008705;OAT€i 1,85% 25 juillet 2027;1058;308;3,44;31;339;-0,0076;1,2271;1,11069;OAT€i;0,0185;2027-07-25;OAT€i 1,85% 25 juillet 2027;8,422;inflation_zone_euro
adju_MT;2019-02-21;2019-02-25;8000;9000;FR0011337880;OAT 2,25% 25 octobre 2022;4785;1620;2,95;433;2053;-0,0029;1,0939;;OAT;0,0225;2022-10-25;OAT 2,25% 25 octobre 2022;3,674;
adju_I;2019-02-21;2019-02-25;1000;1500;FR0013327491;OAT€i 0,1% 25 juillet 2036;867;332;2,61;0;332;-0,0019;1,0511;1,02192;OAT€i;0,001;2036-07-25;OAT€i 0,1% 25 juillet 2036;17,424;inflation_zone_euro
adju_MT;2019-02-21;2019-02-25;8000;9000;FR0013344751;OAT 0% 25 mars 2024;7658;3067;2,5;322;3389;-0,0009;1,0046;;OAT;0;2024-03-25;OAT 0% 25 mars 2024;5,09;
adju_MT;2019-02-21;2019-02-25;8000;9000;FR0013398583;OAT 0% 25 février 2022;9350;3499;2,67;1052;4551;-0,0034;1,0103;;OAT;0;2022-02-25;OAT 0% 25 février 2022;3,012;
adju_LT;2019-03-07;2019-03-11;8000;9500;FR0011461037;OAT 3,25% 25 mai 2045;1860;700;2,66;216;916;0,0142;1,3988;;OAT;0,0325;2045-05-25;OAT 3,25% 25 mai 2045;26,218;
adju_LT;2019-03-07;2019-03-11;8000;9500;FR0013313582;OAT 1,25% 25 mai 2034;4458;2299;1,94;697;2996;0,0099;1,0367;;OAT;0,0125;2034-05-25;OAT 1,25% 25 mai 2034;15,217;
adju_LT;2019-03-07;2019-03-11;8000;9500;FR0013407236;OAT 0,5% 25 mai 2029;12195;6494;1,88;1467;7961;0,0057;0,9932;;OAT;0,005;2029-05-25;OAT 0,5% 25 mai 2029;10,218;
adju_MT;2019-03-21;2019-03-25;7500;9000;FR0012938116;OAT 1% 25 novembre 2025;4779;1659;2,88;506;2165;-0,0002;1,0678;;OAT;0,01;2025-11-25;OAT 1% 25 novembre 2025;6,683;
adju_MT;2019-03-21;2019-03-25;7500;9000;FR0013219177;OAT 0% 25 mai 2022;6712;2339;2,87;415;2754;-0,0038;1,0121;;OAT;0;2022-05-25;OAT 0% 25 mai 2022;3,179;
adju_MT;2019-03-21;2019-03-25;7500;9000;FR0013344751;OAT 0% 25 mars 2024;7430;2996;2,48;907;3903;-0,0017;1,0088;;OAT;0;2024-03-25;OAT 0% 25 mars 2024;5,013;
adju_MT;2019-03-21;2019-03-25;7500;9000;FR0013398583;OAT 0% 25 février 2022;10255;1997;5,14;427;2424;-0,0038;1,0111;;OAT;0;2022-02-25;OAT 0% 25 février 2022;2,935;
adju_I;2019-03-21;2019-03-25;1500;2500;FR0013410552;OAT€i 0,1% 1 mars 2029;4078;2040;2;88;2128;-0,0081;1,0948;0,98981;OAT€i;0,001;2029-03-01;OAT€i 0,1% 1 mars 2029;9,947;inflation_zone_euro
adju_LT;2019-04-04;2019-04-08;7500;9000;FR0013313582;OAT 1,25% 25 mai 2034;5398;1643;3,29;501;2144;0,008;1,0632;;OAT;0,0125;2034-05-25;OAT 1,25% 25 mai 2034;15,14;
adju_LT;2019-04-04;2019-04-08;7500;9000;FR0013404969;OAT 1,5% 25 mai 2050;3614;1864;1,94;566;2430;0,0146;1,011;;OAT;0,015;2050-05-25;OAT 1,5% 25 mai 2050;31,14;
adju_LT;2019-04-04;2019-04-08;7500;9000;FR0013407236;OAT 0,5% 25 mai 2029;11295;5491;2,06;1189;6680;0,0039;1,011;;OAT;0,005;2029-05-25;OAT 0,5% 25 mai 2029;10,141;
adju_I;2019-04-18;2019-04-24;1000;1500;FR0010899765;OAT€i 1,1% 25 juillet 2022;1905;668;2,85;172;840;-0,0174;1,0957;1,11497;OAT€i;0,011;2022-07-25;OAT€i 1,1% 25 juillet 2022;3,269;inflation_zone_euro
adju_MT;2019-04-18;2019-04-24;7750;9250;FR0011486067;OAT 1,75% 25 mai 2023;3926;1290;3,04;176;1466;-0,0033;1,0858;;OAT;0,0175;2023-05-25;OAT 1,75% 25 mai 2023;4,101;
adju_I;2019-04-18;2019-04-24;1000;1500;FR0013209871;OAT€i 0,1% 25 juillet 2047;625;228;2,74;46;274;-0,0013;1,0672;1,02584;OAT€i;0,001;2047-07-25;OAT€i 0,1% 25 juillet 2047;28,268;inflation_zone_euro
adju_I;2019-04-18;2019-04-24;1000;1500;FR0013238268;OATi 0,1% 1 mars 2028;1345;600;2,24;157;757;-0,0079;1,0816;1,02675;OATi;0,001;2028-03-01;OATi 0,1% 1 mars 2028;8,871;inflation_france
adju_MT;2019-04-18;2019-04-24;7750;9250;FR0013398583;OAT 0% 25 février 2022;15795;4204;3,76;1215;5419;-0,0043;1,0122;;OAT;0;2022-02-25;OAT 0% 25 février 2022;2,858;
adju_MT;2019-04-18;2019-04-24;7750;9250;FR0013415627;OAT 0% 25 mars 2025;10005;3755;2,66;929;4684;-0,0008;1,0048;;OAT;0;2025-03-25;OAT 0% 25 mars 2025;5,936;
adju_LT;2019-05-02;2019-05-06;7000;8500;FR0013234333;OAT 1,75% 25 juin 2039;3807;1896;2,01;575;2471;0,0104;1,1278;;OAT;0,0175;2039-06-25;OAT 1,75% 25 juin 2039;20,148;
adju_LT;2019-05-02;2019-05-06;7000;8500;FR0013313582;OAT 1,25% 25 mai 2034;6019;2633;2,29;777;3410;0,0078;1,0662;;OAT;0,0125;2034-05-25;OAT 1,25% 25 mai 2034;15,064;
adju_LT;2019-05-02;2019-05-06;7000;8500;FR0013407236;OAT 0,5% 25 mai 2029;12322;3957;3,11;776;4733;0,0037;1,0123;;OAT;0,005;2029-05-25;OAT 0,5% 25 mai 2029;10,064;
adju_I;2019-05-16;2019-05-20;1000;1500;FR0010585901;OATi 2,1% 25 juillet 2023;1445;643;2,25;140;783;-0,0122;1,1432;1,13319;OATi;0,021;2023-07-25;OATi 2,1% 25 juillet 2023;4,192;inflation_france
adju_I;2019-05-16;2019-05-20;1000;1500;FR0013327491;OAT€i 0,1% 25 juillet 2036;1113;378;2,94;24;402;-0,0034;1,0782;1,01791;OAT€i;0,001;2036-07-25;OAT€i 0,1% 25 juillet 2036;17,194;inflation_zone_euro
adju_MT;2019-05-16;2019-05-20;8000;9000;FR0013398583;OAT 0% 25 février 2022;13900;3900;3,56;87;3987;-0,0052;1,0144;;OAT;0;2022-02-25;OAT 0% 25 février 2022;2,782;
adju_I;2019-05-16;2019-05-20;1000;1500;FR0013410552;OAT€i 0,1% 1 mars 2029;1165;475;2,45;125;600;-0,0074;1,0856;0,99607;OAT€i;0,001;2029-03-01;OAT€i 0,1% 1 mars 2029;9,793;inflation_zone_euro
adju_MT;2019-05-16;2019-05-20;8000;9000;FR0013415627;OAT 0% 25 mars 2025;10720;5098;2,1;0;5098;-0,0019;1,011;;OAT;0;2025-03-25;OAT 0% 25 mars 2025;5,859;
adju_LT;2019-06-06;2019-06-10;7500;9000;FR0011317783;OAT 2,75% 25 octobre 2027;5050;875;5,77;12;887;-0,0008;1,2381;;OAT;0,0275;2027-10-25;OAT 2,75% 25 octobre 2027;8,386;
adju_LT;2019-06-06;2019-06-10;7500;9000;FR0013154044;OAT 1,25% 25 mai 2036;4173;1578;2,64;482;2060;0,0066;1,0937;;OAT;0,0125;2036-05-25;OAT 1,25% 25 mai 2036;16,969;
adju_LT;2019-06-06;2019-06-10;7500;9000;FR0013404969;OAT 1,5% 25 mai 2050;4152;2546;1,63;772;3318;0,0116;1,0881;;OAT;0,015;2050-05-25;OAT 1,5% 25 mai 2050;30,968;
adju_LT;2019-06-06;2019-06-10;7500;9000;FR0013407236;OAT 0,5% 25 mai 2029;10270;3998;2,57;992;4990;0,0014;1,0353;;OAT;0,005;2029-05-25;OAT 0,5% 25 mai 2029;9,969;
adju_I;2019-06-20;2019-06-24;750;1250;FR0011427848;OAT€i 0,25% 25 juillet 2024;1470;235;6,26;0;235;-0,0134;1,0842;1,06126;OAT€i;0,0025;2024-07-25;OAT€i 0,25% 25 juillet 2024;5,098;inflation_zone_euro
adju_I;2019-06-20;2019-06-24;750;1250;FR0011982776;OAT€i 0,7% 25 juillet 2030;1605;555;2,89;2;557;-0,0089;1,1867;1,04762;OAT€i;0,007;2030-07-25;OAT€i 0,7% 25 juillet 2030;11,097;inflation_zone_euro
adju_I;2019-06-20;2019-06-24;750;1250;FR0013209871;OAT€i 0,1% 25 juillet 2047;872;283;3,08;28;311;-0,0043;1,1583;1,04267;OAT€i;0,001;2047-07-25;OAT€i 0,1% 25 juillet 2047;28,096;inflation_zone_euro
adju_MT;2019-06-20;2019-06-24;7500;9000;FR0013283686;OAT 0% 25 mars 2023;9780;3017;3,24;0;3017;-0,006;1,0227;;OAT;0;2023-03-25;OAT 0% 25 mars 2023;3,762;
adju_MT;2019-06-20;2019-06-24;7500;9000;FR0013398583;OAT 0% 25 février 2022;7830;2980;2,63;0;2980;-0,0065;1,0176;;OAT;0;2022-02-25;OAT 0% 25 février 2022;2,686;
adju_MT;2019-06-20;2019-06-24;7500;9000;FR0013415627;OAT 0% 25 mars 2025;7612;2995;2,54;0;2995;-0,0038;1,0219;;OAT;0;2025-03-25;OAT 0% 25 mars 2025;5,763;
adju_LT;2019-07-04;2019-07-08;8500;10000;FR0013313582;OAT 1,25% 25 mai 2034;4546;2050;2,22;0;2050;0,0023;1,1491;;OAT;0,0125;2034-05-25;OAT 1,25% 25 mai 2034;14,891;
adju_LT;2019-07-04;2019-07-08;8500;10000;FR0013404969;OAT 1,5% 25 mai 2050;4370;2974;1,47;0;2974;0,008;1,1916;;OAT;0,015;2050-05-25;OAT 1,5% 25 mai 2050;30,891;
adju_LT;2019-07-04;2019-07-08;8500;10000;FR0013407236;OAT 0,5% 25 mai 2029;9740;4972;1,96;0;4972;-0,0013;1,0623;;OAT;0,005;2029-05-25;OAT 0,5% 25 mai 2029;9,892;
adju_MT;2019-07-18;2019-07-22;7250;8750;FR0011337880;OAT 2,25% 25 octobre 2022;7580;3220;2,35;864;4084;-0,0069;1,0973;;OAT;0,0225;2022-10-25;OAT 2,25% 25 octobre 2022;3,272;
adju_I;2019-07-18;2019-07-22;1000;1500;FR0013238268;OATi 0,1% 1 mars 2028;1150;320;3,59;14;334;-0,0102;1,1018;1,03786;OATi;0,001;2028-03-01;OATi 0,1% 1 mars 2028;8,621;inflation_france
adju_I;2019-07-18;2019-07-22;1000;1500;FR0013327491;OAT€i 0,1% 25 juillet 2036;1317;388;3,39;125;513;-0,0069;1,1425;1,03015;OAT€i;0,001;2036-07-25;OAT€i 0,1% 25 juillet 2036;17,021;inflation_zone_euro
adju_MT;2019-07-18;2019-07-22;7250;8750;FR0013398583;OAT 0% 25 février 2022;8650;2748;3,15;408;3156;-0,0069;1,0182;;OAT;0;2022-02-25;OAT 0% 25 février 2022;2,609;
adju_I;2019-07-18;2019-07-22;1000;1500;FR0013410552;OAT€i 0,1% 1 mars 2029;2959;786;3,76;243;1029;-0,0101;1,1131;1,00805;OAT€i;0,001;2029-03-01;OAT€i 0,1% 1 mars 2029;9,621;inflation_zone_euro
adju_MT;2019-07-18;2019-07-22;7250;8750;FR0013415627;OAT 0% 25 mars 2025;6855;2777;2,47;840;3617;-0,0044;1,0256;;OAT;0;2025-03-25;OAT 0% 25 mars 2025;5,687;
adju_MLT;2019-08-01;2019-08-05;5000;6000;FR0010070060;OAT 4,75% 25 avril 2035;4269;1783;2,39;543;2326;0,0018;1,7084;;OAT;0,0475;2035-04-25;OAT 4,75% 25 avril 2035;15,732;
adju_MLT;2019-08-01;2019-08-05;5000;6000;FR0011317783;OAT 2,75% 25 octobre 2027;4377;2089;2,1;323;2412;-0,0035;1,2586;;OAT;0,0275;2027-10-25;OAT 2,75% 25 octobre 2027;8,233;
adju_MLT;2019-08-01;2019-08-05;5000;6000;FR0011883966;OAT 2,5% 25 mai 2030;5352;2125;2,52;641;2766;-0,001;1,2821;;OAT;0,025;2030-05-25;OAT 2,5% 25 mai 2030;10,815;
adju_LT;2019-09-05;2019-09-09;9000;10500;FR0013234333;OAT 1,75% 25 juin 2039;3250;1676;1,94;0;1676;0,0019;1,3035;;OAT;0,0175;2039-06-25;OAT 1,75% 25 juin 2039;19,803;
adju_LT;2019-09-05;2019-09-09;9000;10500;FR0013313582;OAT 1,25% 25 mai 2034;2947;1513;1,95;0;1513;-0,0003;1,1891;;OAT;0,0125;2034-05-25;OAT 1,25% 25 mai 2034;14,719;
adju_LT;2019-09-05;2019-09-09;9000;10500;FR0013404969;OAT 1,5% 25 mai 2050;4048;3005;1,35;0;3005;0,0052;1,2772;;OAT;0,015;2050-05-25;OAT 1,5% 25 mai 2050;30,719;
adju_LT;2019-09-05;2019-09-09;9000;10500;FR0013407236;OAT 0,5% 25 mai 2029;6450;3945;1,63;0;3945;-0,0036;1,0847;;OAT;0,005;2029-05-25;OAT 0,5% 25 mai 2029;9,719;
adju_MT;2019-09-19;2019-09-23;7500;9000;FR0010916924;OAT 3,5% 25 avril 2026;3745;1470;2,55;258;1728;-0,0048;1,2672;;OAT;0,035;2026-04-25;OAT 3,5% 25 avril 2026;6,598;
adju_MT;2019-09-19;2019-09-23;7500;9000;FR0011486067;OAT 1,75% 25 mai 2023;5935;3582;1,66;0;3582;-0,0066;1,09;;OAT;0,0175;2023-05-25;OAT 1,75% 25 mai 2023;3,68;
adju_I;2019-09-19;2019-09-23;1250;1750;FR0013238268;OATi 0,1% 1 mars 2028;1313;433;3,03;41;474;-0,0107;1,104;1,03924;OATi;0,001;2028-03-01;OATi 0,1% 1 mars 2028;8,449;inflation_france
adju_I;2019-09-19;2019-09-23;1250;1750;FR0013327491;OAT€i 0,1% 25 juillet 2036;1275;404;3,16;128;532;-0,009;1,1823;1,02856;OAT€i;0,001;2036-07-25;OAT€i 0,1% 25 juillet 2036;16,849;inflation_zone_euro
adju_I;2019-09-19;2019-09-23;1250;1750;FR0013410552;OAT€i 0,1% 1 mars 2029;2173;910;2,39;262;1172;-0,0116;1,1265;1,00649;OAT€i;0,001;2029-03-01;OAT€i 0,1% 1 mars 2029;9,448;inflation_zone_euro
adju_MT;2019-09-19;2019-09-23;7500;9000;FR0013415627;OAT 0% 25 mars 2025;7656;3946;1,94;0;3946;-0,005;1,0281;;OAT;0;2025-03-25;OAT 0% 25 mars 2025;5,514;
adju_LT;2019-10-03;2019-10-07;8000;9500;FR0010171975;OAT 4% 25 avril 2055;2169;1323;1,64;334;1657;0,006;2,0833;;OAT;0,04;2055-04-25;OAT 4% 25 avril 2055;35,559;
adju_LT;2019-10-03;2019-10-07;8000;9500;FR0013404969;OAT 1,5% 25 mai 2050;3629;2368;1,53;670;3038;0,0055;1,2685;;OAT;0,015;2050-05-25;OAT 1,5% 25 mai 2050;30,642;
adju_LT;2019-10-03;2019-10-07;8000;9500;FR0013451507;OAT 0% 25 novembre 2029;9750;5807;1,68;1335;7142;-0,0024;1,0248;;OAT;0;2029-11-25;OAT 0% 25 novembre 2029;10,146;
adju_I;2019-10-17;2019-10-21;1000;1500;FR0000186413;OATi 3,4% 25 juillet 2029;1237;355;3,48;96;451;-0,0103;1,457;1,30521;OATi;0,034;2029-07-25;OATi 3,4% 25 juillet 2029;9,771;inflation_france
adju_I;2019-10-17;2019-10-21;1000;1500;FR0011427848;OAT€i 0,25% 25 juillet 2024;1783;563;3,17;0;563;-0,0136;1,0797;1,06191;OAT€i;0,0025;2024-07-25;OAT€i 0,25% 25 juillet 2024;4,772;inflation_zone_euro
adju_I;2019-10-17;2019-10-21;1000;1500;FR0012558310;OATi 0,1% 1 mars 2025;947;251;3,77;0;251;-0,0109;1,0663;1,04358;OATi;0,001;2025-03-01;OATi 0,1% 1 mars 2025;5,372;inflation_france
adju_MT;2019-10-17;2019-10-21;7500;9000;FR0013131877;OAT 0,5% 25 mai 2026;5436;2261;2,4;15;2276;-0,0037;1,0581;;OAT;0,005;2026-05-25;OAT 0,5% 25 mai 2026;6,604;
adju_MT;2019-10-17;2019-10-21;7500;9000;FR0013398583;OAT 0% 25 février 2022;6574;2645;2,49;0;2645;-0,0063;1,0151;;OAT;0;2022-02-25;OAT 0% 25 février 2022;2,36;
adju_MT;2019-10-17;2019-10-21;7500;9000;FR0013415627;OAT 0% 25 mars 2025;7805;4093;1,91;17;4110;-0,0043;1,0237;;OAT;0;2025-03-25;OAT 0% 25 mars 2025;5,437;
adju_LT;2019-11-07;2019-11-11;8500;10000;FR0013154028;OAT 1,75% 25 mai 2066;2592;1131;2,29;0;1131;0,0095;1,2986;;OAT;0,0175;2066-05-25;OAT 1,75% 25 mai 2066;46,546;
adju_LT;2019-11-07;2019-11-11;8500;10000;FR0013313582;OAT 1,25% 25 mai 2034;3353;1182;2,84;0;1182;0,0024;1,1447;;OAT;0,0125;2034-05-25;OAT 1,25% 25 mai 2034;14,546;
adju_LT;2019-11-07;2019-11-11;8500;10000;FR0013404969;OAT 1,5% 25 mai 2050;3771;2500;1,51;0;2500;0,0079;1,1918;;OAT;0,015;2050-05-25;OAT 1,5% 25 mai 2050;30,546;
adju_LT;2019-11-07;2019-11-11;8500;10000;FR0013451507;OAT 0% 25 novembre 2029;11008;5185;2,12;0;5185;-0,0003;1,0027;;OAT;0;2029-11-25;OAT 0% 25 novembre 2029;10,051;
adju_I;2019-11-21;2019-11-25;1000;1500;FR0013209871;OAT€i 0,1% 25 juillet 2047;704;179;3,93;21;200;-0,0062;1,2175;1,04568;OAT€i;0,001;2047-07-25;OAT€i 0,1% 25 juillet 2047;27,674;inflation_zone_euro
adju_I;2019-11-21;2019-11-25;1000;1500;FR0013238268;OATi 0,1% 1 mars 2028;1658;543;3,05;75;618;-0,01;1,0957;1,0407;OATi;0,001;2028-03-01;OATi 0,1% 1 mars 2028;8,277;inflation_france
adju_MT;2019-11-21;2019-11-25;7000;8500;FR0013283686;OAT 0% 25 mars 2023;5212;2217;2,35;194;2411;-0,0058;1,0195;;OAT;0;2023-03-25;OAT 0% 25 mars 2023;3,34;
adju_MT;2019-11-21;2019-11-25;7000;8500;FR0013344751;OAT 0% 25 mars 2024;7114;3539;2,01;241;3780;-0,0049;1,0217;;OAT;0;2024-03-25;OAT 0% 25 mars 2024;4,342;
adju_I;2019-11-21;2019-11-25;1000;1500;FR0013410552;OAT€i 0,1% 1 mars 2029;2259;776;2,91;209;985;-0,0103;1,1105;1,0084;OAT€i;0,001;2029-03-01;OAT€i 0,1% 1 mars 2029;9,276;inflation_zone_euro
adju_MT;2019-11-21;2019-11-25;7000;8500;FR0013415627;OAT 0% 25 mars 2025;7277;2742;2,65;605;3347;-0,0039;1,021;;OAT;0;2025-03-25;OAT 0% 25 mars 2025;5,342;
adju_MLT;2019-12-05;2019-12-09;4000;5000;FR0000571218;OAT 5,5% 25 avril 2029;4056;2036;1,99;0;2036;-0,0008;1,5258;;OAT;0,055;2029-04-25;OAT 5,5% 25 avril 2029;9,388;
adju_MLT;2019-12-05;2019-12-09;4000;5000;FR0010870956;OAT 4% 25 avril 2060;2082;891;2,34;194;1085;0,0088;2,0548;;OAT;0,04;2060-04-25;OAT 4% 25 avril 2060;40,389;
adju_MLT;2019-12-05;2019-12-09;4000;5000;FR0013286192;OAT 0,75% 25 mai 2028;4980;2072;2,4;0;2072;-0,0012;1,0741;;OAT;0,0075;2028-05-25;OAT 0,75% 25 mai 2028;8,471;
adju_LT;2020-01-09;2020-01-13;8000;9500;FR0013154044;OAT 1,25% 25 mai 2036;3653;1545;2,36;469;2014;0,0044;1,1272;;OAT;0,0125;2036-05-25;OAT 1,25% 25 mai 2036;16,375;
adju_LT;2020-01-09;2020-01-13;8000;9500;FR0013404969;OAT 1,5% 25 mai 2050;4166;1750;2,38;500;2250;0,0087;1,1672;;OAT;0,015;2050-05-25;OAT 1,5% 25 mai 2050;30,374;
adju_LT;2020-01-09;2020-01-13;8000;9500;FR0013451507;OAT 0% 25 novembre 2029;10442;6202;1,68;289;6491;0,0004;0,9956;;OAT;0;2029-11-25;OAT 0% 25 novembre 2029;9,878;
adju_I;2020-01-23;2020-01-27;1250;1750;FR0013209871;OAT€i 0,1% 25 juillet 2047;851;172;4,95;60;232;-0,0068;1,2383;1,04444;OAT€i;0,001;2047-07-25;OAT€i 0,1% 25 juillet 2047;27,502;inflation_zone_euro
adju_I;2020-01-23;2020-01-27;1250;1750;FR0013238268;OATi 0,1% 1 mars 2028;1636;648;2,52;103;751;-0,0109;1,1011;1,0389;OATi;0,001;2028-03-01;OATi 0,1% 1 mars 2028;8,104;inflation_france
adju_MT;2020-01-23;2020-01-27;7000;8500;FR0013250560;OAT 1% 25 mai 2027;3624;1904;1,9;569;2473;-0,0023;1,091;;OAT;0,01;2027-05-25;OAT 1% 25 mai 2027;7,335;
adju_I;2020-01-23;2020-01-27;1250;1750;FR0013410552;OAT€i 0,1% 1 mars 2029;2620;929;2,82;280;1209;-0,0113;1,1188;1,0072;OAT€i;0,001;2029-03-01;OAT€i 0,1% 1 mars 2029;9,103;inflation_zone_euro
adju_MT;2020-01-23;2020-01-27;7000;8500;FR0013415627;OAT 0% 25 mars 2025;7007;2995;2,34;905;3900;-0,0038;1,0199;;OAT;0;2025-03-25;OAT 0% 25 mars 2025;5,169;
adju_MT;2020-01-23;2020-01-27;7000;8500;FR0013479102;OAT 0% 25 février 2023;9535;3592;2,65;652;4244;-0,0053;1,0165;;OAT;0;2023-02-25;OAT 0% 25 février 2023;3,091;
adju_LT;2020-02-06;2020-02-10;7500;9000;FR0013154028;OAT 1,75% 25 mai 2066;1653;982;1,68;303;1285;0,0083;1,351;;OAT;0,0175;2066-05-25;OAT 1,75% 25 mai 2066;46,297;
adju_LT;2020-02-06;2020-02-10;7500;9000;FR0013234333;OAT 1,75% 25 juin 2039;2606;1520;1,71;462;1982;0,0038;1,2557;;OAT;0,0175;2039-06-25;OAT 1,75% 25 juin 2039;19,381;
adju_LT;2020-02-06;2020-02-10;7500;9000;FR0013313582;OAT 1,25% 25 mai 2034;3166;1565;2,02;478;2043;0,0016;1,1546;;OAT;0,0125;2034-05-25;OAT 1,25% 25 mai 2034;14,297;
adju_LT;2020-02-06;2020-02-10;7500;9000;FR0013451507;OAT 0% 25 novembre 2029;10667;4931;2,16;1013;5944;-0,0011;1,0103;;OAT;0;2029-11-25;OAT 0% 25 novembre 2029;9,802;
adju_I;2020-02-20;2020-02-24;1000;1500;FR0012558310;OATi 0,1% 1 mars 2025;1935;548;3,53;35;583;-0,0116;1,0657;1,04425;OATi;0,001;2025-03-01;OATi 0,1% 1 mars 2025;5,027;inflation_france
adju_MT;2020-02-20;2020-02-24;7250;8750;FR0013200813;OAT 0,25% 25 novembre 2026;4389;2880;1,52;871;3751;-0,004;1,0444;;OAT;0,0025;2026-11-25;OAT 0,25% 25 novembre 2026;6,762;
adju_I;2020-02-20;2020-02-24;1000;1500;FR0013327491;OAT€i 0,1% 25 juillet 2036;1893;459;4,12;144;603;-0,0097;1,1915;1,03134;OAT€i;0,001;2036-07-25;OAT€i 0,1% 25 juillet 2036;16,427;inflation_zone_euro
adju_I;2020-02-20;2020-02-24;1000;1500;FR0013410552;OAT€i 0,1% 1 mars 2029;2397;490;4,89;155;645;-0,0121;1,1251;1,00922;OAT€i;0,001;2029-03-01;OAT€i 0,1% 1 mars 2029;9,027;inflation_zone_euro
adju_MT;2020-02-20;2020-02-24;7250;8750;FR0013415627;OAT 0% 25 mars 2025;5825;2575;2,26;627;3202;-0,005;1,0258;;OAT;0;2025-03-25;OAT 0% 25 mars 2025;5,092;
adju_MT;2020-02-20;2020-02-24;7250;8750;FR0013479102;OAT 0% 25 février 2023;7530;3292;2,29;132;3424;-0,0059;1,018;;OAT;0;2023-02-25;OAT 0% 25 février 2023;3,014;
adju_LT;2020-03-05;2020-03-09;8000;9500;FR0013313582;OAT 1,25% 25 mai 2034;5744;3054;1,88;918;3972;-0,0009;1,1919;;OAT;0,0125;2034-05-25;OAT 1,25% 25 mai 2034;14,22;
adju_LT;2020-03-05;2020-03-09;8000;9500;FR0013451507;OAT 0% 25 novembre 2029;11096;5109;2,17;1057;6166;-0,0032;1,0316;;OAT;0;2029-11-25;OAT 0% 25 novembre 2029;9,725;
adju_LT;2020-03-05;2020-03-09;8000;9500;FR0013480613;OAT 0,75% 25 mai 2052;3016;1335;2,26;409;1744;0,0045;1,0898;;OAT;0,0075;2052-05-25;OAT 0,75% 25 mai 2052;32,222;
adju_MT;2020-03-19;2020-03-23;6250;7750;FR0011317783;OAT 2,75% 25 octobre 2027;2382;1857;1,28;410;2267;-0,0005;1,2128;;OAT;0,0275;2027-10-25;OAT 2,75% 25 octobre 2027;7,6;
adju_I;2020-03-19;2020-03-23;500;1000;FR0011982776;OAT€i 0,7% 25 juillet 2030;715;339;2,11;0;339;-0,0025;1,1;1,04453;OAT€i;0,007;2030-07-25;OAT€i 0,7% 25 juillet 2030;10,349;inflation_zone_euro
adju_I;2020-03-19;2020-03-23;500;1000;FR0013238268;OATi 0,1% 1 mars 2028;550;220;2,5;0;220;-0,0008;1,0147;1,04029;OATi;0,001;2028-03-01;OATi 0,1% 1 mars 2028;7,951;inflation_france
adju_MT;2020-03-19;2020-03-23;6250;7750;FR0013283686;OAT 0% 25 mars 2023;5262;3161;1,66;65;3226;-0,0043;1,013;;OAT;0;2023-03-25;OAT 0% 25 mars 2023;3,014;
adju_MT;2020-03-19;2020-03-23;6250;7750;FR0013415627;OAT 0% 25 mars 2025;4026;2426;1,66;0;2426;-0,0022;1,0112;;OAT;0;2025-03-25;OAT 0% 25 mars 2025;5,016;
adju_LT;2020-04-02;2020-04-06;7500;9500;FR0013234333;OAT 1,75% 25 juin 2039;3806;2000;1,9;607;2607;0,0051;1,2265;;OAT;0,0175;2039-06-25;OAT 1,75% 25 juin 2039;19,228;
adju_LT;2020-04-02;2020-04-06;7500;9500;FR0013341682;OAT 0,75% 25 novembre 2028;7273;4928;1,48;906;5834;-0,0004;1,068;;OAT;0,0075;2028-11-25;OAT 0,75% 25 novembre 2028;8,649;
adju_LT;2020-04-02;2020-04-06;7500;9500;FR0013451507;OAT 0% 25 novembre 2029;6849;2562;2,67;624;3186;0,0004;0,9958;;OAT;0;2029-11-25;OAT 0% 25 novembre 2029;9,648;
adju_MT;2020-04-16;2020-04-20;8000;10000;FR0010916924;OAT 3,5% 25 avril 2026;6281;2319;2,71;703;3022;-0,0017;1,2219;;OAT;0,035;2026-04-25;OAT 3,5% 25 avril 2026;6,023;
adju_I;2020-04-16;2020-04-20;750;1250;FR0013209871;OAT€i 0,1% 25 juillet 2047;432;197;2,19;48;245;-0,0032;1,1197;1,03761;OAT€i;0,001;2047-07-25;OAT€i 0,1% 25 juillet 2047;27,272;inflation_zone_euro
adju_I;2020-04-16;2020-04-20;750;1250;FR0013238268;OATi 0,1% 1 mars 2028;1105;260;4,25;69;329;-0,0035;1,0362;1,03892;OATi;0,001;2028-03-01;OATi 0,1% 1 mars 2028;7,874;inflation_france
adju_MT;2020-04-16;2020-04-20;8000;10000;FR0013283686;OAT 0% 25 mars 2023;4898;1868;2,62;234;2102;-0,0043;1,0126;;OAT;0;2023-03-25;OAT 0% 25 mars 2023;2,938;
adju_MT;2020-04-16;2020-04-20;8000;10000;FR0013344751;OAT 0% 25 mars 2024;4797;2036;2,36;617;2653;-0,0036;1,0142;;OAT;0;2024-03-25;OAT 0% 25 mars 2024;3,94;
adju_I;2020-04-16;2020-04-20;750;1250;FR0013410552;OAT€i 0,1% 1 mars 2029;1985;630;3,15;159;789;-0,0054;1,0586;1,00061;OAT€i;0,001;2029-03-01;OAT€i 0,1% 1 mars 2029;8,873;inflation_zone_euro
adju_MT;2020-04-16;2020-04-20;8000;10000;FR0013508470;OAT 0% 25 février 2026;9799;3772;2,6;950;4722;-0,0016;1,0095;;OAT;0;2026-02-25;OAT 0% 25 février 2026;5,862;
adju_LT;2020-05-07;2020-05-11;9500;11500;FR0010870956;OAT 4% 25 avril 2060;2270;988;2,3;304;1292;0,0086;2,0596;;OAT;0,04;2060-04-25;OAT 4% 25 avril 2060;39,967;
adju_LT;2020-05-07;2020-05-11;9500;11500;FR0013286192;OAT 0,75% 25 mai 2028;6000;3746;1,6;655;4401;-0,001;1,0684;;OAT;0,0075;2028-05-25;OAT 0,75% 25 mai 2028;8,049;
adju_LT;2020-05-07;2020-05-11;9500;11500;FR0013451507;OAT 0% 25 novembre 2029;10070;4958;2,03;1393;6351;0,0003;0,9975;;OAT;0;2029-11-25;OAT 0% 25 novembre 2029;9,552;
adju_LT;2020-05-07;2020-05-11;9500;11500;FR0013480613;OAT 0,75% 25 mai 2052;4103;1386;2,96;424;1810;0,0082;0,9808;;OAT;0,0075;2052-05-25;OAT 0,75% 25 mai 2052;32,049;
adju_MT;2020-05-20;2020-05-25;8500;10000;FR0011486067;OAT 1,75% 25 mai 2023;5566;1985;2,8;229;2214;-0,0053;1,0692;;OAT;0,0175;2023-05-25;OAT 1,75% 25 mai 2023;3,012;
adju_I;2020-05-20;2020-05-25;750;1250;FR0011982776;OAT€i 0,7% 25 juillet 2030;1924;746;2,58;222;968;-0,0057;1,1338;1,04737;OAT€i;0,007;2030-07-25;OAT€i 0,7% 25 juillet 2030;10,179;inflation_zone_euro
adju_I;2020-05-20;2020-05-25;750;1250;FR0012558310;OATi 0,1% 1 mars 2025;1555;204;7,62;56;260;-0,0046;1,0269;1,04;OATi;0,001;2025-03-01;OATi 0,1% 1 mars 2025;4,78;inflation_france
adju_MT;2020-05-20;2020-05-25;8500;10000;FR0012938116;OAT 1% 25 novembre 2025;6269;2051;3,06;622;2673;-0,0033;1,0739;;OAT;0,01;2025-11-25;OAT 1% 25 novembre 2025;5,517;
adju_I;2020-05-20;2020-05-25;750;1250;FR0013327491;OAT€i 0,1% 25 juillet 2036;1092;297;3,68;40;337;-0,0039;1,0817;1,0273;OAT€i;0,001;2036-07-25;OAT€i 0,1% 25 juillet 2036;16,181;inflation_zone_euro
adju_MT;2020-05-20;2020-05-25;8500;10000;FR0013479102;OAT 0% 25 février 2023;6876;2480;2,77;564;3044;-0,0051;1,0141;;OAT;0;2023-02-25;OAT 0% 25 février 2023;2,768;
adju_MT;2020-05-20;2020-05-25;8500;10000;FR0013508470;OAT 0% 25 février 2026;7927;3479;2,28;1051;4530;-0,0028;1,016;;OAT;0;2026-02-25;OAT 0% 25 février 2026;5,769;
adju_LT;2020-06-04;2020-06-08;9500;11000;FR0011883966;OAT 2,5% 25 mai 2030;8988;3718;2,42;0;3718;0,0002;1,2465;;OAT;0,025;2030-05-25;OAT 2,5% 25 mai 2030;9,971;
adju_LT;2020-06-04;2020-06-08;9500;11000;FR0013480613;OAT 0,75% 25 mai 2052;4721;2185;2,16;0;2185;0,0079;0,9889;;OAT;0,0075;2052-05-25;OAT 0,75% 25 mai 2052;31,973;
adju_LT;2020-06-04;2020-06-08;9500;11000;FR0013516549;OAT 0% 25 novembre 2030;9711;5095;1,91;0;5095;0,0007;0,9922;;OAT;0;2030-11-25;OAT 0% 25 novembre 2030;10,475;
adju_MT;2020-06-18;2020-06-22;9500;11000;FR0013286192;OAT 0,75% 25 mai 2028;5163;2625;1,97;765;3390;-0,0025;1,0797;;OAT;0,0075;2028-05-25;OAT 0,75% 25 mai 2028;7,934;
adju_MT;2020-06-18;2020-06-22;9500;11000;FR0013415627;OAT 0% 25 mars 2025;6451;2984;2,16;867;3851;-0,0048;1,0233;;OAT;0;2025-03-25;OAT 0% 25 mars 2025;4,767;
adju_MT;2020-06-18;2020-06-22;9500;11000;FR0013479102;OAT 0% 25 février 2023;6696;2220;3,02;84;2304;-0,0056;1,0151;;OAT;0;2023-02-25;OAT 0% 25 février 2023;2,689;
adju_MT;2020-06-18;2020-06-22;9500;11000;FR0013508470;OAT 0% 25 février 2026;7866;3170;2,48;924;4094;-0,004;1,0228;;OAT;0;2026-02-25;OAT 0% 25 février 2026;5,689;
adju_I;2020-06-18;2020-06-22;1500;2500;FR0013519253;OAT€i 0,1% 1 mars 2026;6368;2430;2,62;614;3044;-0,008;1,0527;0,99851;OAT€i;0,001;2026-03-01;OAT€i 0,1% 1 mars 2026;5,7;inflation_zone_euro
adju_LT;2020-07-02;2020-07-06;10250;11750;FR0013234333;OAT 1,75% 25 juin 2039;4055;1618;2,51;491;2109;0,0031;1,2652;;OAT;0,0175;2039-06-25;OAT 1,75% 25 juin 2039;18,979;
adju_LT;2020-07-02;2020-07-06;10250;11750;FR0013313582;OAT 1,25% 25 mai 2034;4721;2205;2,14;605;2810;0,0011;1,1575;;OAT;0,0125;2034-05-25;OAT 1,25% 25 mai 2034;13,895;
adju_LT;2020-07-02;2020-07-06;10250;11750;FR0013480613;OAT 0,75% 25 mai 2052;4324;2371;1,82;720;3091;0,0064;1,0314;;OAT;0,0075;2052-05-25;OAT 0,75% 25 mai 2052;31,896;
adju_LT;2020-07-02;2020-07-06;10250;11750;FR0013516549;OAT 0% 25 novembre 2030;15140;5554;2,73;1128;6682;-0,0009;1,0091;;OAT;0;2030-11-25;OAT 0% 25 novembre 2030;10,398;
adju_MT;2020-07-16;2020-07-20;9500;11000;FR0010916924;OAT 3,5% 25 avril 2026;4801;1990;2,41;595;2585;-0,0047;1,2327;;OAT;0,035;2026-04-25;OAT 3,5% 25 avril 2026;5,774;
adju_MT;2020-07-16;2020-07-20;9500;11000;FR0011317783;OAT 2,75% 25 octobre 2027;4046;1800;2,25;406;2206;-0,0038;1,231;;OAT;0,0275;2027-10-25;OAT 2,75% 25 octobre 2027;7,274;
adju_I;2020-07-16;2020-07-20;500;1000;FR0013209871;OAT€i 0,1% 25 juillet 2047;496;149;3,33;43;192;-0,0075;1,2549;1,0458;OAT€i;0,001;2047-07-25;OAT€i 0,1% 25 juillet 2047;27,023;inflation_zone_euro
adju_MT;2020-07-16;2020-07-20;9500;11000;FR0013344751;OAT 0% 25 mars 2024;6150;2739;2,25;379;3118;-0,0058;1,0215;;OAT;0;2024-03-25;OAT 0% 25 mars 2024;3,691;
adju_I;2020-07-16;2020-07-20;500;1000;FR0013410552;OAT€i 0,1% 1 mars 2029;1275;390;3,27;122;512;-0,0096;1,0958;1,00852;OAT€i;0,001;2029-03-01;OAT€i 0,1% 1 mars 2029;8,624;inflation_zone_euro
adju_MT;2020-07-16;2020-07-20;9500;11000;FR0013508470;OAT 0% 25 février 2026;9118;4307;2,12;1300;5607;-0,0045;1,0256;;OAT;0;2026-02-25;OAT 0% 25 février 2026;5,613;
adju_I;2020-07-16;2020-07-20;500;1000;FR0013519253;OAT€i 0,1% 1 mars 2026;1559;459;3,4;91;550;-0,0098;1,0624;0,99863;OAT€i;0,001;2026-03-01;OAT€i 0,1% 1 mars 2026;5,624;inflation_zone_euro
adju_LT;2020-08-06;2020-08-10;7500;9000;FR0000571218;OAT 5,5% 25 avril 2029;3351;1740;1,93;198;1938;-0,0036;1,5196;;OAT;0,055;2029-04-25;OAT 5,5% 25 avril 2029;8,717;
adju_LT;2020-08-06;2020-08-10;7500;9000;FR0011883966;OAT 2,5% 25 mai 2030;6476;3019;2,15;854;3873;-0,0027;1,2756;;OAT;0,025;2030-05-25;OAT 2,5% 25 mai 2030;9,799;
adju_LT;2020-08-06;2020-08-10;7500;9000;FR0012993103;OAT 1,5% 25 mai 2031;4502;2515;1,79;644;3159;-0,0021;1,1873;;OAT;0,015;2031-05-25;OAT 1,5% 25 mai 2031;10,798;
adju_LT;2020-08-06;2020-08-10;7500;9000;FR0013404969;OAT 1,5% 25 mai 2050;4387;1725;2,54;513;2238;0,0041;1,3046;;OAT;0,015;2050-05-25;OAT 1,5% 25 mai 2050;29,799;
adju_I;2020-08-20;2020-08-24;500;1000;FR0000188799;OAT€i 3,15% 25 juillet 2032;577;231;2,5;0;231;-0,011;1,5449;1,29815;OAT€i;0,0315;2032-07-25;OAT€i 3,15% 25 juillet 2032;11,929;inflation_zone_euro
adju_MT;2020-08-20;2020-08-24;5500;7000;FR0011962398;OAT 1,75% 25 novembre 2024;4161;1505;2,76;6;1511;-0,0059;1,1013;;OAT;0,0175;2024-11-25;OAT 1,75% 25 novembre 2024;4,266;
adju_I;2020-08-20;2020-08-24;500;1000;FR0013238268;OATi 0,1% 1 mars 2028;865;395;2,19;0;395;-0,0097;1,084;1,03975;OATi;0,001;2028-03-01;OATi 0,1% 1 mars 2028;7,529;inflation_france
adju_MT;2020-08-20;2020-08-24;5500;7000;FR0013250560;OAT 1% 25 mai 2027;4884;2106;2,32;266;2372;-0,0045;1,0994;;OAT;0,01;2027-05-25;OAT 1% 25 mai 2027;6,76;
adju_I;2020-08-20;2020-08-24;500;1000;FR0013327491;OAT€i 0,1% 25 juillet 2036;727;330;2,2;0;330;-0,0099;1,1895;1,03271;OAT€i;0,001;2036-07-25;OAT€i 0,1% 25 juillet 2036;15,929;inflation_zone_euro
adju_MT;2020-08-20;2020-08-24;5500;7000;FR0013415627;OAT 0% 25 mars 2025;6074;3387;1,79;55;3442;-0,0057;1,0265;;OAT;0;2025-03-25;OAT 0% 25 mars 2025;4,594;
adju_LT;2020-09-03;2020-09-07;9500;11000;FR0010870956;OAT 4% 25 avril 2060;1791;1055;1,7;209;1264;0,0057;2,2109;;OAT;0,04;2060-04-25;OAT 4% 25 avril 2060;39,641;
adju_LT;2020-09-03;2020-09-07;9500;11000;FR0013154044;OAT 1,25% 25 mai 2036;3756;1960;1,92;0;1960;0,0009;1,1807;;OAT;0,0125;2036-05-25;OAT 1,25% 25 mai 2036;15,723;
adju_LT;2020-09-03;2020-09-07;9500;11000;FR0013480613;OAT 0,75% 25 mai 2052;3524;1773;1,99;458;2231;0,0053;1,0645;;OAT;0,0075;2052-05-25;OAT 0,75% 25 mai 2052;31,723;
adju_LT;2020-09-03;2020-09-07;9500;11000;FR0013516549;OAT 0% 25 novembre 2030;9441;5725;1,65;0;5725;-0,0019;1,0194;;OAT;0;2030-11-25;OAT 0% 25 novembre 2030;10,226;
adju_I;2020-09-17;2020-09-21;725;1250;FR0011982776;OAT€i 0,7% 25 juillet 2030;1571;448;3,51;0;448;-0,0114;1,1924;1,0512;OAT€i;0,007;2030-07-25;OAT€i 0,7% 25 juillet 2030;9,851;inflation_zone_euro
adju_MT;2020-09-17;2020-09-21;7500;8500;FR0013131877;OAT 0,5% 25 mai 2026;7311;3800;1,92;1087;4887;-0,0053;1,0595;;OAT;0,005;2026-05-25;OAT 0,5% 25 mai 2026;5,684;
adju_I;2020-09-17;2020-09-21;725;1250;FR0013209871;OAT€i 0,1% 25 juillet 2047;712;177;4,02;19;196;-0,0091;1,3102;1,04623;OAT€i;0,001;2047-07-25;OAT€i 0,1% 25 juillet 2047;26,85;inflation_zone_euro
adju_MT;2020-09-17;2020-09-21;7500;8500;FR0013286192;OAT 0,75% 25 mai 2028;5511;1998;2,76;574;2572;-0,004;1,0895;;OAT;0,0075;2028-05-25;OAT 0,75% 25 mai 2028;7,685;
adju_MT;2020-09-17;2020-09-21;7500;8500;FR0013479102;OAT 0% 25 février 2023;8042;2696;2,98;358;3054;-0,0064;1,0157;;OAT;0;2023-02-25;OAT 0% 25 février 2023;2,439;
adju_I;2020-09-17;2020-09-21;725;1250;FR0013519253;OAT€i 0,1% 1 mars 2026;2222;624;3,56;96;720;-0,0112;1,0688;0,99905;OAT€i;0,001;2026-03-01;OAT€i 0,1% 1 mars 2026;5,451;inflation_zone_euro
adju_LT;2020-10-01;2020-10-05;10000;11500;FR0013313582;OAT 1,25% 25 mai 2034;3573;1680;2,13;277;1957;-0,0009;1,1832;;OAT;0,0125;2034-05-25;OAT 1,25% 25 mai 2034;13,645;
adju_LT;2020-10-01;2020-10-05;10000;11500;FR0013480613;OAT 0,75% 25 mai 2052;3748;2067;1,81;608;2675;0,0043;1,0945;;OAT;0,0075;2052-05-25;OAT 0,75% 25 mai 2052;31,647;
adju_LT;2020-10-01;2020-10-05;10000;11500;FR0013515806;OAT 0,5% 25 mai 2040;4466;2245;1,99;660;2905;0,0017;1,0639;;OAT;0,005;2040-05-25;OAT 0,5% 25 mai 2040;19,647;
adju_LT;2020-10-01;2020-10-05;10000;11500;FR0013516549;OAT 0% 25 novembre 2030;10002;5508;1,82;1253;6761;-0,0025;1,0254;;OAT;0;2030-11-25;OAT 0% 25 novembre 2030;10,149;
adju_MT;2020-10-15;2020-10-19;6500;7500;FR0011317783;OAT 2,75% 25 octobre 2027;3362;2185;1,54;0;2185;-0,0059;1,2399;;OAT;0,0275;2027-10-25;OAT 2,75% 25 octobre 2027;7,025;
adju_I;2020-10-15;2020-10-19;500;1000;FR0011982776;OAT€i 0,7% 25 juillet 2030;1831;570;3,21;122;692;-0,012;1,1984;1,04728;OAT€i;0,007;2030-07-25;OAT€i 0,7% 25 juillet 2030;9,774;inflation_zone_euro
adju_MT;2020-10-15;2020-10-19;6500;7500;FR0012517027;OAT 0,5% 25 mai 2025;3262;1900;1,72;0;1900;-0,007;1,0564;;OAT;0,005;2025-05-25;OAT 0,5% 25 mai 2025;4,608;
adju_MT;2020-10-15;2020-10-19;6500;7500;FR0013508470;OAT 0% 25 février 2026;5417;3155;1,72;0;3155;-0,0064;1,0351;;OAT;0;2026-02-25;OAT 0% 25 février 2026;5,363;
adju_I;2020-10-15;2020-10-19;500;1000;FR0013524014;OATi 0,1% 1 mars 2036;1279;430;2,97;126;556;-0,0091;1,1681;0,99992;OATi;0,001;2036-03-01;OATi 0,1% 1 mars 2036;15,376;inflation_france
adju_LT;2020-11-05;2020-11-09;9500;11000;FR0010171975;OAT 4% 25 avril 2055;2620;1478;1,77;0;1478;0,0032;2,2002;;OAT;0,04;2055-04-25;OAT 4% 25 avril 2055;34,467;
adju_LT;2020-11-05;2020-11-09;9500;11000;FR0013404969;OAT 1,5% 25 mai 2050;4052;2521;1,61;0;2521;0,0027;1,3503;;OAT;0,015;2050-05-25;OAT 1,5% 25 mai 2050;29,55;
adju_LT;2020-11-05;2020-11-09;9500;11000;FR0013407236;OAT 0,5% 25 mai 2029;6346;3497;1,81;0;3497;-0,005;1,0871;;OAT;0,005;2029-05-25;OAT 0,5% 25 mai 2029;8,55;
adju_LT;2020-11-05;2020-11-09;9500;11000;FR0013516549;OAT 0% 25 novembre 2030;8241;3498;2,36;0;3498;-0,0038;1,039;;OAT;0;2030-11-25;OAT 0% 25 novembre 2030;10,053;
adju_MT;2020-11-19;2020-11-23;7500;8500;FR0011317783;OAT 2,75% 25 octobre 2027;3266;1485;2,2;418;1903;-0,0057;1,2348;;OAT;0,0275;2027-10-25;OAT 2,75% 25 octobre 2027;6,93;
adju_MT;2020-11-19;2020-11-23;7500;8500;FR0011486067;OAT 1,75% 25 mai 2023;5928;2890;2,05;424;3314;-0,0071;1,0622;;OAT;0,0175;2023-05-25;OAT 1,75% 25 mai 2023;2,511;
adju_I;2020-11-19;2020-11-23;1000;1500;FR0013327491;OAT€i 0,1% 25 juillet 2036;1350;424;3,18;0;424;-0,0114;1,2141;1,026;OAT€i;0,001;2036-07-25;OAT€i 0,1% 25 juillet 2036;15,68;inflation_zone_euro
adju_MT;2020-11-19;2020-11-23;7500;8500;FR0013508470;OAT 0% 25 février 2026;7787;4120;1,89;1207;5327;-0,0062;1,033;;OAT;0;2026-02-25;OAT 0% 25 février 2026;5,268;
adju_I;2020-11-19;2020-11-23;1000;1500;FR0013519253;OAT€i 0,1% 1 mars 2026;2450;644;3,8;193;837;-0,0129;1,0765;0,99416;OAT€i;0,001;2026-03-01;OAT€i 0,1% 1 mars 2026;5,279;inflation_zone_euro
adju_I;2020-11-19;2020-11-23;1000;1500;FR0013524014;OATi 0,1% 1 mars 2036;1788;432;4,14;54;486;-0,0094;1,1714;0,99573;OATi;0,001;2036-03-01;OATi 0,1% 1 mars 2036;15,28;inflation_france
adju_LT;2020-12-03;2020-12-07;5500;6500;FR0000187635;OAT 5,75% 25 octobre 2032;3312;1590;2,08;307;1897;-0,0026;1,7262;;OAT;0,0575;2032-10-25;OAT 5,75% 25 octobre 2032;11,893;
adju_LT;2020-12-03;2020-12-07;5500;6500;FR0010773192;OAT 4,5% 25 avril 2041;3060;1085;2,82;321;1406;0,001;1,8885;;OAT;0,045;2041-04-25;OAT 4,5% 25 avril 2041;20,392;
adju_LT;2020-12-03;2020-12-07;5500;6500;FR0013154044;OAT 1,25% 25 mai 2036;4677;1991;2,35;350;2341;-0,0004;1,2002;;OAT;0,0125;2036-05-25;OAT 1,25% 25 mai 2036;15,474;
adju_LT;2020-12-03;2020-12-07;5500;6500;FR0013257524;OAT 2% 25 mai 2048;3420;1833;1,87;517;2350;0,0029;1,4501;;OAT;0,02;2048-05-25;OAT 2% 25 mai 2048;27,474;
adju_LT;2021-01-07;2021-01-11;9500;11000;FR0013480613;OAT 0,75% 25 mai 2052;7184;2998;2,4;881;3879;0,0037;1,111;;OAT;0,0075;2052-05-25;OAT 0,75% 25 mai 2052;31,379;
adju_LT;2021-01-07;2021-01-11;9500;11000;FR0013515806;OAT 0,5% 25 mai 2040;6015;2999;2,01;881;3880;0,001;1,0764;;OAT;0,005;2040-05-25;OAT 0,5% 25 mai 2040;19,379;
adju_LT;2021-01-07;2021-01-11;9500;11000;FR0013516549;OAT 0% 25 novembre 2030;9607;4998;1,92;40;5038;-0,0033;1,0327;;OAT;0;2030-11-25;OAT 0% 25 novembre 2030;9,881;
adju_MT;2021-01-21;2021-01-25;8500;10000;FR0013341682;OAT 0,75% 25 novembre 2028;4676;2247;2,08;0;2247;-0,0046;1,0967;;OAT;0,0075;2028-11-25;OAT 0,75% 25 novembre 2028;7,844;
adju_MT;2021-01-21;2021-01-25;8500;10000;FR0013508470;OAT 0% 25 février 2026;8416;4005;2,1;0;4005;-0,006;1,0309;;OAT;0;2026-02-25;OAT 0% 25 février 2026;5,095;
adju_I;2021-01-21;2021-01-25;1500;2500;FR0014001N38;OAT€i 0,1% 25 juillet 2031;4585;2370;1,93;0;2370;-0,0144;1,1755;0,99494;OAT€i;0,001;2031-07-25;OAT€i 0,1% 25 juillet 2031;10,505;inflation_zone_euro
adju_MT;2021-01-21;2021-01-25;8500;10000;FR0014001N46;OAT 0% 25 février 2024;8771;3741;2,34;0;3741;-0,0066;1,0206;;OAT;0;2024-02-25;OAT 0% 25 février 2024;3,094;
adju_LT;2021-02-04;2021-02-08;10000;11000;FR0013154044;OAT 1,25% 25 mai 2036;4298;1587;2,71;0;1587;0,0005;1,1828;;OAT;0,0125;2036-05-25;OAT 1,25% 25 mai 2036;15,302;
adju_LT;2021-02-04;2021-02-08;10000;11000;FR0013234333;OAT 1,75% 25 juin 2039;3812;1499;2,54;0;1499;0,0014;1,2929;;OAT;0,0175;2039-06-25;OAT 1,75% 25 juin 2039;18,385;
adju_LT;2021-02-04;2021-02-08;10000;11000;FR0013480613;OAT 0,75% 25 mai 2052;3877;1756;2,21;0;1756;0,005;1,0712;;OAT;0,0075;2052-05-25;OAT 0,75% 25 mai 2052;31,302;
adju_LT;2021-02-04;2021-02-08;10000;11000;FR0013516549;OAT 0% 25 novembre 2030;13448;6154;2,19;0;6154;-0,0025;1,0249;;OAT;0;2030-11-25;OAT 0% 25 novembre 2030;9,804;
adju_I;2021-02-18;2021-02-22;1250;1750;FR0013209871;OAT€i 0,1% 25 juillet 2047;1118;498;2,24;0;498;-0,0088;1,2919;1,04207;OAT€i;0,001;2047-07-25;OAT€i 0,1% 25 juillet 2047;26,428;inflation_zone_euro
adju_MT;2021-02-18;2021-02-22;9500;10500;FR0013407236;OAT 0,5% 25 mai 2029;5692;3040;1,87;0;3040;-0,0025;1,0629;;OAT;0,005;2029-05-25;OAT 0,5% 25 mai 2029;8,263;
adju_MT;2021-02-18;2021-02-22;9500;10500;FR0013508470;OAT 0% 25 février 2026;6910;2658;2,6;0;2658;-0,005;1,0254;;OAT;0;2026-02-25;OAT 0% 25 février 2026;5,018;
adju_I;2021-02-18;2021-02-22;1250;1750;FR0013519253;OAT€i 0,1% 1 mars 2026;2158;883;2,44;0;883;-0,0151;1,0844;0,99508;OAT€i;0,001;2026-03-01;OAT€i 0,1% 1 mars 2026;5,029;inflation_zone_euro
adju_I;2021-02-18;2021-02-22;1250;1750;FR0013524014;OATi 0,1% 1 mars 2036;985;275;3,58;0;275;-0,0098;1,1749;0,99658;OATi;0,001;2036-03-01;OATi 0,1% 1 mars 2036;15,031;inflation_france
adju_MT;2021-02-18;2021-02-22;9500;10500;FR0014001N46;OAT 0% 25 février 2024;10097;4340;2,33;0;4340;-0,006;1,0184;;OAT;0;2024-02-25;OAT 0% 25 février 2024;3,017;
adju_LT;2021-03-04;2021-03-08;10000;11000;FR0013480613;OAT 0,75% 25 mai 2052;4999;2383;2,1;0;2383;0,0072;1,0074;;OAT;0,0075;2052-05-25;OAT 0,75% 25 mai 2052;31,225;
adju_LT;2021-03-04;2021-03-08;10000;11000;FR0013515806;OAT 0,5% 25 mai 2040;5395;2344;2,3;0;2344;0,0043;1,0125;;OAT;0,005;2040-05-25;OAT 0,5% 25 mai 2040;19,225;
adju_LT;2021-03-04;2021-03-08;10000;11000;FR0013516549;OAT 0% 25 novembre 2030;12789;6272;2,04;0;6272;-0,0007;1,007;;OAT;0;2030-11-25;OAT 0% 25 novembre 2030;9,728;
adju_I;2021-03-18;2021-03-22;1500;2000;FR0011982776;OAT€i 0,7% 25 juillet 2030;1699;609;2,79;0;609;-0,0141;1,2128;1,04911;OAT€i;0,007;2030-07-25;OAT€i 0,7% 25 juillet 2030;9,352;inflation_zone_euro
adju_I;2021-03-18;2021-03-22;1500;2000;FR0013238268;OATi 0,1% 1 mars 2028;1110;360;3,08;0;360;-0,013;1,1025;1,0415;OATi;0,001;2028-03-01;OATi 0,1% 1 mars 2028;6,954;inflation_france
adju_MT;2021-03-18;2021-03-22;8500;9500;FR0013286192;OAT 0,75% 25 mai 2028;3526;1405;2,51;388;1793;-0,0028;1,075;;OAT;0,0075;2028-05-25;OAT 0,75% 25 mai 2028;7,187;
adju_MT;2021-03-18;2021-03-22;8500;9500;FR0013508470;OAT 0% 25 février 2026;6490;3098;2,09;851;3949;-0,0048;1,0239;;OAT;0;2026-02-25;OAT 0% 25 février 2026;4,942;
adju_I;2021-03-18;2021-03-22;1500;2000;FR0013519253;OAT€i 0,1% 1 mars 2026;2485;1028;2,42;0;1028;-0,017;1,0937;0,99707;OAT€i;0,001;2026-03-01;OAT€i 0,1% 1 mars 2026;4,953;inflation_zone_euro
adju_MT;2021-03-18;2021-03-22;8500;9500;FR0014001N46;OAT 0% 25 février 2024;10092;4994;2,02;1034;6028;-0,0061;1,0182;;OAT;0;2024-02-25;OAT 0% 25 février 2024;2,94;
adju_LT;2021-04-08;2021-04-12;10000;11000;FR0013451507;OAT 0% 25 novembre 2029;5916;2235;2,65;0;2235;-0,0018;1,0155;;OAT;0;2029-11-25;OAT 0% 25 novembre 2029;8,632;
adju_LT;2021-04-08;2021-04-12;10000;11000;FR0013480613;OAT 0,75% 25 mai 2052;4726;2030;2,33;0;2030;0,0078;0,9917;;OAT;0,0075;2052-05-25;OAT 0,75% 25 mai 2052;31,129;
adju_LT;2021-04-08;2021-04-12;10000;11000;FR0014002WK3;OAT 0% 25 novembre 2031;10850;6569;1,65;0;6569;0;0,9997;;OAT;0;2031-11-25;OAT 0% 25 novembre 2031;10,631;
adju_I;2021-04-22;2021-04-26;1500;2000;FR0013209871;OAT€i 0,1% 25 juillet 2047;870;406;2,14;0;406;-0,009;1,299;1,04657;OAT€i;0,001;2047-07-25;OAT€i 0,1% 25 juillet 2047;26,256;inflation_zone_euro
adju_MT;2021-04-22;2021-04-26;10000;11000;FR0013407236;OAT 0,5% 25 mai 2029;6938;3655;1,9;0;3655;-0,0018;1,055;;OAT;0,005;2029-05-25;OAT 0,5% 25 mai 2029;8,09;
adju_I;2021-04-22;2021-04-26;1500;2000;FR0013519253;OAT€i 0,1% 1 mars 2026;2612;1197;2,18;289;1486;-0,0177;1,0954;0,99937;OAT€i;0,001;2026-03-01;OAT€i 0,1% 1 mars 2026;4,857;inflation_zone_euro
adju_I;2021-04-22;2021-04-26;1500;2000;FR0013524014;OATi 0,1% 1 mars 2036;903;393;2,3;0;393;-0,011;1,1949;0,99856;OATi;0,001;2036-03-01;OATi 0,1% 1 mars 2036;14,858;inflation_france
adju_MT;2021-04-22;2021-04-26;10000;11000;FR0014001N46;OAT 0% 25 février 2024;8186;3035;2,7;0;3035;-0,0061;1,0174;;OAT;0;2024-02-25;OAT 0% 25 février 2024;2,845;
adju_MT;2021-04-22;2021-04-26;10000;11000;FR0014003513;OAT 0% 25 février 2027;9511;4304;2,21;0;4304;-0,0036;1,0215;;OAT;0;2027-02-25;OAT 0% 25 février 2027;5,845;
adju_LT;2021-05-06;2021-05-10;10000;11000;FR0013480613;OAT 0,75% 25 mai 2052;3931;1745;2,25;0;1745;0,0093;0,9525;;OAT;0,0075;2052-05-25;OAT 0,75% 25 mai 2052;31,053;
adju_LT;2021-05-06;2021-05-10;10000;11000;FR0013515806;OAT 0,5% 25 mai 2040;4521;1800;2,51;0;1800;0,0062;0,9789;;OAT;0,005;2040-05-25;OAT 0,5% 25 mai 2040;19,053;
adju_LT;2021-05-06;2021-05-10;10000;11000;FR0014002WK3;OAT 0% 25 novembre 2031;11748;6810;1,73;0;6810;0,0013;0,9867;;OAT;0;2031-11-25;OAT 0% 25 novembre 2031;10,554;
adju_I;2021-05-20;2021-05-24;2000;3000;FR0013327491;OAT€i 0,1% 25 juillet 2036;2205;950;2,32;286;1236;-0,0096;1,1734;1,03895;OAT€i;0,001;2036-07-25;OAT€i 0,1% 25 juillet 2036;15,181;inflation_zone_euro
adju_MT;2021-05-20;2021-05-24;9500;10500;FR0013341682;OAT 0,75% 25 novembre 2028;5486;2405;2,28;720;3125;-0,0003;1,0586;;OAT;0,0075;2028-11-25;OAT 0,75% 25 novembre 2028;7,518;
adju_MT;2021-05-20;2021-05-24;9500;10500;FR0014001N46;OAT 0% 25 février 2024;11904;4789;2,49;919;5708;-0,0053;1,0147;;OAT;0;2024-02-25;OAT 0% 25 février 2024;2,768;
adju_MT;2021-05-20;2021-05-24;9500;10500;FR0014003513;OAT 0% 25 février 2027;7634;3297;2,32;990;4287;-0,0019;1,0108;;OAT;0;2027-02-25;OAT 0% 25 février 2027;5,769;
adju_I;2021-05-20;2021-05-24;2000;3000;FR0014003N51;OATi 0,1% 1 mars 2032;3838;2029;1,89;468;2497;-0,0101;1,1268;1,00607;OATi;0,001;2032-03-01;OATi 0,1% 1 mars 2032;10,782;inflation_france
adju_LT;2021-06-03;2021-06-07;10000;11000;FR0010171975;OAT 4% 25 avril 2055;3333;1612;2,07;445;2057;0,0095;1,8779;;OAT;0,04;2055-04-25;OAT 4% 25 avril 2055;33,892;
adju_LT;2021-06-03;2021-06-07;10000;11000;FR0014001NN8;OAT 0,5% 25 mai 2072;2452;1308;1,87;229;1537;0,0111;0,7622;;OAT;0,005;2072-05-25;OAT 0,5% 25 mai 2072;50,976;
adju_LT;2021-06-03;2021-06-07;10000;11000;FR0014002JM6;OAT 0,5% 25 juin 2044;3224;1803;1,79;477;2280;0,0074;0,9491;;OAT;0,005;2044-06-25;OAT 0,5% 25 juin 2044;23,061;
adju_LT;2021-06-03;2021-06-07;10000;11000;FR0014002WK3;OAT 0% 25 novembre 2031;12420;6270;1,98;1604;7874;0,0016;0,983;;OAT;0;2031-11-25;OAT 0% 25 novembre 2031;10,478;
adju_MT;2021-06-17;2021-06-21;9000;10000;FR0012517027;OAT 0,5% 25 mai 2025;7923;3134;2,53;0;3134;-0,0051;1,0401;;OAT;0,005;2025-05-25;OAT 0,5% 25 mai 2025;3,937;
adju_I;2021-06-17;2021-06-21;1750;2250;FR0012558310;OATi 0,1% 1 mars 2025;2086;751;2,78;36;787;-0,0154;1,0629;1,05096;OATi;0,001;2025-03-01;OATi 0,1% 1 mars 2025;3,704;inflation_france
adju_I;2021-06-17;2021-06-21;1750;2250;FR0013209871;OAT€i 0,1% 25 juillet 2047;1236;576;2,15;175;751;-0,0076;1,2484;1,06078;OAT€i;0,001;2047-07-25;OAT€i 0,1% 25 juillet 2047;26,103;inflation_zone_euro
adju_MT;2021-06-17;2021-06-21;9000;10000;FR0013286192;OAT 0,75% 25 mai 2028;4642;1880;2,47;0;1880;-0,0021;1,0671;;OAT;0,0075;2028-05-25;OAT 0,75% 25 mai 2028;6,938;
adju_MT;2021-06-17;2021-06-21;9000;10000;FR0013407236;OAT 0,5% 25 mai 2029;4242;1835;2,31;183;2018;-0,001;1,0475;;OAT;0,005;2029-05-25;OAT 0,5% 25 mai 2029;7,937;
adju_I;2021-06-17;2021-06-21;1750;2250;FR0014001N38;OAT€i 0,1% 25 juillet 2031;1969;897;2,2;0;897;-0,0127;1,1481;1,01451;OAT€i;0,001;2031-07-25;OAT€i 0,1% 25 juillet 2031;10,103;inflation_zone_euro
adju_MT;2021-06-17;2021-06-21;9000;10000;FR0014003513;OAT 0% 25 février 2027;7134;3150;2,26;0;3150;-0,003;1,0175;;OAT;0;2027-02-25;OAT 0% 25 février 2027;5,692;
adju_LT;2021-07-01;2021-07-05;10000;11000;FR0013154044;OAT 1,25% 25 mai 2036;4961;2023;2,45;612;2635;0,0042;1,1198;;OAT;0,0125;2036-05-25;OAT 1,25% 25 mai 2036;14,899;
adju_LT;2021-07-01;2021-07-05;10000;11000;FR0013515806;OAT 0,5% 25 mai 2040;4666;1999;2,33;608;2607;0,0062;0,9795;;OAT;0,005;2040-05-25;OAT 0,5% 25 mai 2040;18,899;
adju_LT;2021-07-01;2021-07-05;10000;11000;FR0013516549;OAT 0% 25 novembre 2030;6650;2794;2,38;291;3085;0,0003;0,9971;;OAT;0;2030-11-25;OAT 0% 25 novembre 2030;9,402;
adju_LT;2021-07-01;2021-07-05;10000;11000;FR0014002WK3;OAT 0% 25 novembre 2031;8925;4176;2,14;1244;5420;0,0013;0,9866;;OAT;0;2031-11-25;OAT 0% 25 novembre 2031;10,401;
adju_MT;2021-07-15;2021-07-19;9500;10500;FR0011317783;OAT 2,75% 25 octobre 2027;4357;1820;2,39;553;2373;-0,0042;1,2015;;OAT;0,0275;2027-10-25;OAT 2,75% 25 octobre 2027;6,278;
adju_I;2021-07-15;2021-07-19;1250;1750;FR0013327491;OAT€i 0,1% 25 juillet 2036;1663;735;2,26;213;948;-0,0121;1,2179;1,04894;OAT€i;0,001;2036-07-25;OAT€i 0,1% 25 juillet 2036;15,028;inflation_zone_euro
adju_MT;2021-07-15;2021-07-19;9500;10500;FR0013341682;OAT 0,75% 25 novembre 2028;4497;1650;2,73;503;2153;-0,003;1,0784;;OAT;0,0075;2028-11-25;OAT 0,75% 25 novembre 2028;7,365;
adju_MT;2021-07-15;2021-07-19;9500;10500;FR0013508470;OAT 0% 25 février 2026;6291;2570;2,45;779;3349;-0,0052;1,0245;;OAT;0;2026-02-25;OAT 0% 25 février 2026;4,616;
adju_I;2021-07-15;2021-07-19;1250;1750;FR0014001N38;OAT€i 0,1% 25 juillet 2031;2198;995;2,21;198;1193;-0,0143;1,1661;1,01796;OAT€i;0,001;2031-07-25;OAT€i 0,1% 25 juillet 2031;10,026;inflation_zone_euro
adju_MT;2021-07-15;2021-07-19;9500;10500;FR0014001N46;OAT 0% 25 février 2024;10300;4457;2,31;788;5245;-0,0063;1,0165;;OAT;0;2024-02-25;OAT 0% 25 février 2024;2,615;
adju_LT;2021-08-05;2021-08-09;6500;7500;FR0000187635;OAT 5,75% 25 octobre 2032;3159;1133;2,79;0;1133;-0,0017;1,671;;OAT;0,0575;2032-10-25;OAT 5,75% 25 octobre 2032;11,222;
adju_LT;2021-08-05;2021-08-09;6500;7500;FR0012993103;OAT 1,5% 25 mai 2031;7354;4160;1,77;0;4160;-0,0023;1,1716;;OAT;0,015;2031-05-25;OAT 1,5% 25 mai 2031;9,802;
adju_LT;2021-08-05;2021-08-09;6500;7500;FR0013313582;OAT 1,25% 25 mai 2034;5096;2205;2,31;0;2205;0,0001;1,1586;;OAT;0,0125;2034-05-25;OAT 1,25% 25 mai 2034;12,802;
adju_MT;2021-08-19;2021-08-23;6000;7000;FR0013131877;OAT 0,5% 25 mai 2026;6755;2506;2,7;115;2621;-0,0062;1,0542;;OAT;0,005;2026-05-25;OAT 0,5% 25 mai 2026;4,764;
adju_I;2021-08-19;2021-08-23;500;1000;FR0013238268;OATi 0,1% 1 mars 2028;1151;349;3,3;14;363;-0,0171;1,1262;1,05397;OATi;0,001;2028-03-01;OATi 0,1% 1 mars 2028;6,533;inflation_france
adju_MT;2021-08-19;2021-08-23;6000;7000;FR0013250560;OAT 1% 25 mai 2027;5227;1994;2,62;524;2518;-0,0054;1,0904;;OAT;0,01;2027-05-25;OAT 1% 25 mai 2027;5,763;
adju_MT;2021-08-19;2021-08-23;6000;7000;FR0013344751;OAT 0% 25 mars 2024;8429;2497;3,38;197;2694;-0,0071;1,0187;;OAT;0;2024-03-25;OAT 0% 25 mars 2024;2,598;
adju_I;2021-08-19;2021-08-23;500;1000;FR0013410552;OAT€i 0,1% 1 mars 2029;1678;642;2,61;186;828;-0,0178;1,1523;1,02955;OAT€i;0,001;2029-03-01;OAT€i 0,1% 1 mars 2029;7,532;inflation_zone_euro
adju_LT;2021-09-02;2021-09-06;10000;11000;FR0013404969;OAT 1,5% 25 mai 2050;3887;1921;2,02;0;1921;0,007;1,2079;;OAT;0,015;2050-05-25;OAT 1,5% 25 mai 2050;28,726;
adju_LT;2021-09-02;2021-09-06;10000;11000;FR0014002JM6;OAT 0,5% 25 juin 2044;4543;2122;2,14;0;2122;0,0055;0,9884;;OAT;0,005;2044-06-25;OAT 0,5% 25 juin 2044;22,812;
adju_LT;2021-09-02;2021-09-06;10000;11000;FR0014002WK3;OAT 0% 25 novembre 2031;11407;6315;1,81;0;6315;-0,0005;1,0051;;OAT;0;2031-11-25;OAT 0% 25 novembre 2031;10,229;
adju_I;2021-09-16;2021-09-20;1500;2000;FR0010447367;OAT€i 1,8% 25 juillet 2040;716;333;2,15;0;333;-0,0129;1,6651;1,22532;OAT€i;0,018;2040-07-25;OAT€i 1,8% 25 juillet 2040;18,856;inflation_zone_euro
adju_MT;2021-09-16;2021-09-20;8000;9000;FR0011619436;OAT 2,25% 25 mai 2024;10070;3138;3,21;0;3138;-0,0066;1,0787;;OAT;0,0225;2024-05-25;OAT 2,25% 25 mai 2024;2,689;
adju_MT;2021-09-16;2021-09-20;8000;9000;FR0013200813;OAT 0,25% 25 novembre 2026;6008;2652;2,27;0;2652;-0,0048;1,0381;;OAT;0,0025;2026-11-25;OAT 0,25% 25 novembre 2026;5,191;
adju_I;2021-09-16;2021-09-20;1500;2000;FR0013519253;OAT€i 0,1% 1 mars 2026;2002;988;2,03;0;988;-0,0218;1,1074;1,01966;OAT€i;0,001;2026-03-01;OAT€i 0,1% 1 mars 2026;4,454;inflation_zone_euro
adju_I;2021-09-16;2021-09-20;1500;2000;FR0014001N38;OAT€i 0,1% 25 juillet 2031;1300;541;2,4;0;541;-0,0168;1,1928;1,02124;OAT€i;0,001;2031-07-25;OAT€i 0,1% 25 juillet 2031;9,854;inflation_zone_euro
adju_MT;2021-09-16;2021-09-20;8000;9000;FR0014003513;OAT 0% 25 février 2027;8050;3208;2,51;0;3208;-0,0042;1,0234;;OAT;0;2027-02-25;OAT 0% 25 février 2027;5,443;
adju_LT;2021-10-07;2021-10-11;10000;11000;FR0011883966;OAT 2,5% 25 mai 2030;7302;2956;2,47;0;2956;-0,0005;1,22;;OAT;0,025;2030-05-25;OAT 2,5% 25 mai 2030;8,63;
adju_LT;2021-10-07;2021-10-11;10000;11000;FR0013154028;OAT 1,75% 25 mai 2066;2997;1078;2,78;0;1078;0,0104;1,2513;;OAT;0,0175;2066-05-25;OAT 1,75% 25 mai 2066;44,63;
adju_LT;2021-10-07;2021-10-11;10000;11000;FR0014002WK3;OAT 0% 25 novembre 2031;10466;4930;2,12;0;4930;0,0015;0,9851;;OAT;0;2031-11-25;OAT 0% 25 novembre 2031;10,133;
adju_LT;2021-10-07;2021-10-11;10000;11000;FR0014004J31;OAT 0,75% 25 mai 2053;4354;2035;2,14;0;2035;0,0096;0,9419;;OAT;0,0075;2053-05-25;OAT 0,75% 25 mai 2053;31,63;
adju_MT;2021-10-21;2021-10-25;6500;7500;FR0012938116;OAT 1% 25 novembre 2025;7517;2611;2,88;0;2611;-0,0044;1,0594;;OAT;0,01;2025-11-25;OAT 1% 25 novembre 2025;4,096;
adju_MT;2021-10-21;2021-10-25;6500;7500;FR0013131877;OAT 0,5% 25 mai 2026;6498;1685;3,86;0;1685;-0,0038;1,0408;;OAT;0,005;2026-05-25;OAT 0,5% 25 mai 2026;4,591;
adju_I;2021-10-21;2021-10-25;1250;1750;FR0013209871;OAT€i 0,1% 25 juillet 2047;1378;625;2,2;194;819;-0,0122;1,4037;1,07038;OAT€i;0,001;2047-07-25;OAT€i 0,1% 25 juillet 2047;25,758;inflation_zone_euro
adju_MT;2021-10-21;2021-10-25;6500;7500;FR0013415627;OAT 0% 25 mars 2025;9043;3196;2,83;0;3196;-0,005;1,0173;;OAT;0;2025-03-25;OAT 0% 25 mars 2025;3,425;
adju_I;2021-10-21;2021-10-25;1250;1750;FR0013519253;OAT€i 0,1% 1 mars 2026;2774;824;3,37;160;984;-0,0229;1,1107;1,02211;OAT€i;0,001;2026-03-01;OAT€i 0,1% 1 mars 2026;4,359;inflation_zone_euro
adju_I;2021-10-21;2021-10-25;1250;1750;FR0014003N51;OATi 0,1% 1 mars 2032;1005;299;3,36;90;389;-0,0141;1,1693;1,01894;OATi;0,001;2032-03-01;OATi 0,1% 1 mars 2032;10,36;inflation_france
adju_LT;2021-11-04;2021-11-08;9000;10000;FR0013234333;OAT 1,75% 25 juin 2039;4377;1584;2,76;483;2067;0,0044;1,2224;;OAT;0,0175;2039-06-25;OAT 1,75% 25 juin 2039;17,637;
adju_LT;2021-11-04;2021-11-08;9000;10000;FR0014002WK3;OAT 0% 25 novembre 2031;11628;6520;1,78;1458;7978;0,0016;0,9845;;OAT;0;2031-11-25;OAT 0% 25 novembre 2031;10,056;
adju_LT;2021-11-04;2021-11-08;9000;10000;FR0014004J31;OAT 0,75% 25 mai 2053;4244;1659;2,56;505;2164;0,0083;0,9773;;OAT;0,0075;2053-05-25;OAT 0,75% 25 mai 2053;31,554;
adju_MT;2021-11-18;2021-11-22;6500;7500;FR0011317783;OAT 2,75% 25 octobre 2027;5396;1849;2,92;563;2412;-0,0037;1,1873;;OAT;0,0275;2027-10-25;OAT 2,75% 25 octobre 2027;5,933;
adju_I;2021-11-18;2021-11-22;1250;1750;FR0011982776;OAT€i 0,7% 25 juillet 2030;1387;608;2,28;11;619;-0,0199;1,2573;1,07996;OAT€i;0,007;2030-07-25;OAT€i 0,7% 25 juillet 2030;8,682;inflation_zone_euro
adju_I;2021-11-18;2021-11-22;1250;1750;FR0013238268;OATi 0,1% 1 mars 2028;1421;573;2,48;0;573;-0,0179;1,1266;1,06;OATi;0,001;2028-03-01;OATi 0,1% 1 mars 2028;6,283;inflation_france
adju_I;2021-11-18;2021-11-22;1250;1750;FR0013519253;OAT€i 0,1% 1 mars 2026;1925;565;3,41;0;565;-0,0238;1,113;1,02639;OAT€i;0,001;2026-03-01;OAT€i 0,1% 1 mars 2026;4,282;inflation_zone_euro
adju_MT;2021-11-18;2021-11-22;6500;7500;FR0014001N46;OAT 0% 25 février 2024;8716;3047;2,86;532;3579;-0,0069;1,0158;;OAT;0;2024-02-25;OAT 0% 25 février 2024;2,27;
adju_MT;2021-11-18;2021-11-22;6500;7500;FR0014003513;OAT 0% 25 février 2027;6658;2598;2,56;785;3383;-0,0037;1,0197;;OAT;0;2027-02-25;OAT 0% 25 février 2027;5,27;
adju_LT;2021-12-02;2021-12-06;3000;4000;FR0010773192;OAT 4,5% 25 avril 2041;2009;677;2,97;211;888;0,0038;1,7674;;OAT;0,045;2041-04-25;OAT 4,5% 25 avril 2041;19,395;
adju_LT;2021-12-02;2021-12-06;3000;4000;FR0011461037;OAT 3,25% 25 mai 2045;2969;1099;2,7;337;1436;0,005;1,6082;;OAT;0,0325;2045-05-25;OAT 3,25% 25 mai 2045;23,477;
adju_LT;2021-12-02;2021-12-06;3000;4000;FR0011883966;OAT 2,5% 25 mai 2030;5915;2220;2,66;446;2666;-0,0019;1,2293;;OAT;0,025;2030-05-25;OAT 2,5% 25 mai 2030;8,476;
adju_LT;2022-01-06;2022-01-10;10000;11000;FR0013515806;OAT 0,5% 25 mai 2040;4109;1796;2,29;0;1796;0,0069;0,9674;;OAT;0,005;2040-05-25;OAT 0,5% 25 mai 2040;18,382;
adju_LT;2022-01-06;2022-01-10;10000;11000;FR0014004J31;OAT 0,75% 25 mai 2053;5245;3331;1,57;0;3331;0,0099;0,9359;;OAT;0,0075;2053-05-25;OAT 0,75% 25 mai 2053;31,381;
adju_LT;2022-01-06;2022-01-10;10000;11000;FR0014007L00;OAT 0% 25 mai 2032;12436;5870;2,12;0;5870;0,003;0,9698;;OAT;0;2032-05-25;OAT 0% 25 mai 2032;10,382;
adju_MT;2022-01-20;2022-01-24;9500;10500;FR0013341682;OAT 0,75% 25 novembre 2028;6245;2138;2,92;650;2788;-0,0001;1,0519;;OAT;0,0075;2028-11-25;OAT 0,75% 25 novembre 2028;6,847;
adju_I;2022-01-20;2022-01-24;1250;1750;FR0013519253;OAT€i 0,1% 1 mars 2026;2074;684;3,03;131;815;-0,0208;1,0941;1,04025;OAT€i;0,001;2026-03-01;OAT€i 0,1% 1 mars 2026;4,11;inflation_zone_euro
adju_I;2022-01-20;2022-01-24;1250;1750;FR0014001N38;OAT€i 0,1% 25 juillet 2031;1692;602;2,81;174;776;-0,015;1,1646;1,04186;OAT€i;0,001;2031-07-25;OAT€i 0,1% 25 juillet 2031;9,509;inflation_zone_euro
adju_MT;2022-01-20;2022-01-24;9500;10500;FR0014003513;OAT 0% 25 février 2027;9192;3962;2,32;1195;5157;-0,0015;1,0075;;OAT;0;2027-02-25;OAT 0% 25 février 2027;5,098;
adju_I;2022-01-20;2022-01-24;1250;1750;FR0014003N51;OATi 0,1% 1 mars 2032;1318;460;2,87;130;590;-0,0133;1,1561;1,02524;OATi;0,001;2032-03-01;OATi 0,1% 1 mars 2032;10,111;inflation_france
adju_MT;2022-01-20;2022-01-24;9500;10500;FR0014007TY9;OAT 0% 25 février 2025;14286;4397;3,25;787;5184;-0,0035;1,011;;OAT;0;2025-02-25;OAT 0% 25 février 2025;3,099;
adju_LT;2022-02-03;2022-02-07;10500;11500;FR0013516549;OAT 0% 25 novembre 2030;8542;3296;2,59;0;3296;0,003;0,9738;;OAT;0;2030-11-25;OAT 0% 25 novembre 2030;8,808;
adju_LT;2022-02-03;2022-02-07;10500;11500;FR0014002JM6;OAT 0,5% 25 juin 2044;5476;2784;1,97;0;2784;0,0085;0,9284;;OAT;0,005;2044-06-25;OAT 0,5% 25 juin 2044;22,39;
adju_LT;2022-02-03;2022-02-07;10500;11500;FR0014004J31;OAT 0,75% 25 mai 2053;3955;1981;2;0;1981;0,0105;0,9199;;OAT;0,0075;2053-05-25;OAT 0,75% 25 mai 2053;31,305;
adju_LT;2022-02-03;2022-02-07;10500;11500;FR0014007L00;OAT 0% 25 mai 2032;9007;3435;2,62;0;3435;0,0045;0,9549;;OAT;0;2032-05-25;OAT 0% 25 mai 2032;10,305;
adju_MT;2022-02-17;2022-02-21;10000;11000;FR0013286192;OAT 0,75% 25 mai 2028;5000;2493;2,01;754;3247;0,0033;1,0262;;OAT;0,0075;2028-05-25;OAT 0,75% 25 mai 2028;6,267;
adju_I;2022-02-17;2022-02-21;1000;1500;FR0013524014;OATi 0,1% 1 mars 2036;1075;270;3,98;40;310;-0,0087;1,1456;1,02472;OATi;0,001;2036-03-01;OATi 0,1% 1 mars 2036;14,034;inflation_france
adju_I;2022-02-17;2022-02-21;1000;1500;FR0014001N38;OAT€i 0,1% 25 juillet 2031;1798;729;2,47;216;945;-0,012;1,131;1,04636;OAT€i;0,001;2031-07-25;OAT€i 0,1% 25 juillet 2031;9,432;inflation_zone_euro
adju_MT;2022-02-17;2022-02-21;10000;11000;FR0014003513;OAT 0% 25 février 2027;8999;4498;2;1358;5856;0,0023;0,9886;;OAT;0;2027-02-25;OAT 0% 25 février 2027;5,021;
adju_I;2022-02-17;2022-02-21;1000;1500;FR0014003N51;OATi 0,1% 1 mars 2032;1294;499;2,59;126;625;-0,0101;1,1177;1,02767;OATi;0,001;2032-03-01;OATi 0,1% 1 mars 2032;10,034;inflation_france
adju_MT;2022-02-17;2022-02-21;10000;11000;FR0014007TY9;OAT 0% 25 février 2025;10106;4005;2,52;645;4650;-0,0008;1,0024;;OAT;0;2025-02-25;OAT 0% 25 février 2025;3,023;
adju_LT;2022-03-03;2022-03-07;8500;10000;FR0011461037;OAT 3,25% 25 mai 2045;3338;1874;1,78;568;2442;0,01;1,4645;;OAT;0,0325;2045-05-25;OAT 3,25% 25 mai 2045;23,228;
adju_LT;2022-03-03;2022-03-07;8500;10000;FR0014004J31;OAT 0,75% 25 mai 2053;3681;1786;2,06;544;2330;0,0118;0,8883;;OAT;0,0075;2053-05-25;OAT 0,75% 25 mai 2053;31,228;
adju_LT;2022-03-03;2022-03-07;8500;10000;FR0014007L00;OAT 0% 25 mai 2032;11078;6339;1,75;1395;7734;0,0052;0,9484;;OAT;0;2032-05-25;OAT 0% 25 mai 2032;10,229;
adju_MT;2022-03-17;2022-03-21;9000;10000;FR0013131877;OAT 0,5% 25 mai 2026;6449;2930;2,2;493;3423;0,002;1,0125;;OAT;0,005;2026-05-25;OAT 0,5% 25 mai 2026;4,189;
adju_I;2022-03-17;2022-03-21;1000;1500;FR0013327491;OAT€i 0,1% 25 juillet 2036;1212;531;2,28;160;691;-0,0119;1,2036;1,08163;OAT€i;0,001;2036-07-25;OAT€i 0,1% 25 juillet 2036;14,357;inflation_zone_euro
adju_MT;2022-03-17;2022-03-21;9000;10000;FR0013407236;OAT 0,5% 25 mai 2029;5850;3170;1,85;959;4129;0,005;0,9998;;OAT;0,005;2029-05-25;OAT 0,5% 25 mai 2029;7,19;
adju_I;2022-03-17;2022-03-21;1000;1500;FR0014001N38;OAT€i 0,1% 25 juillet 2031;1651;788;2,1;167;955;-0,0159;1,1721;1,04969;OAT€i;0,001;2031-07-25;OAT€i 0,1% 25 juillet 2031;9,355;inflation_zone_euro
adju_MT;2022-03-17;2022-03-21;9000;10000;FR0014003513;OAT 0% 25 février 2027;9495;3897;2,44;1055;4952;0,0031;0,9846;;OAT;0;2027-02-25;OAT 0% 25 février 2027;4,945;
adju_I;2022-03-17;2022-03-21;1000;1500;FR0014008181;OAT€i 0,1% 25 juillet 2053;452;164;2,76;53;217;-0,0098;1,3984;1,03064;OAT€i;0,001;2053-07-25;OAT€i 0,1% 25 juillet 2053;31,357;inflation_zone_euro
adju_LT;2022-04-07;2022-04-11;10000;11500;FR0014001NN8;OAT 0,5% 25 mai 2072;2942;1600;1,84;15;1615;0,0177;0,5807;;OAT;0,005;2072-05-25;OAT 0,5% 25 mai 2072;50,133;
adju_LT;2022-04-07;2022-04-11;10000;11500;FR0014007L00;OAT 0% 25 mai 2032;11732;6433;1,82;0;6433;0,0117;0,8891;;OAT;0;2032-05-25;OAT 0% 25 mai 2032;10,133;
adju_LT;2022-04-07;2022-04-11;10000;11500;FR0014009O62;OAT 1,25% 25 mai 2038;6063;3466;1,75;0;3466;0,0142;0,9758;;OAT;0,0125;2038-05-25;OAT 1,25% 25 mai 2038;16,131;
adju_MT;2022-04-21;2022-04-25;10000;11000;FR0011883966;OAT 2,5% 25 mai 2030;6122;2894;2,12;0;2894;0,0111;1,1065;;OAT;0,025;2030-05-25;OAT 2,5% 25 mai 2030;8,093;
adju_I;2022-04-21;2022-04-25;1000;1500;FR0013524014;OATi 0,1% 1 mars 2036;1293;507;2,55;43;550;-0,0106;1,1746;1,03431;OATi;0,001;2036-03-01;OATi 0,1% 1 mars 2036;13,862;inflation_france
adju_I;2022-04-21;2022-04-25;1000;1500;FR0014001N38;OAT€i 0,1% 25 juillet 2031;1808;732;2,47;0;732;-0,0163;1,1744;1,05881;OAT€i;0,001;2031-07-25;OAT€i 0,1% 25 juillet 2031;9,259;inflation_zone_euro
adju_MT;2022-04-21;2022-04-25;10000;11000;FR0014003513;OAT 0% 25 février 2027;11083;4450;2,49;0;4450;0,0088;0,9586;;OAT;0;2027-02-25;OAT 0% 25 février 2027;4,849;
adju_MT;2022-04-21;2022-04-25;10000;11000;FR0014007TY9;OAT 0% 25 février 2025;13964;3645;3,83;0;3645;0,0058;0,9837;;OAT;0;2025-02-25;OAT 0% 25 février 2025;2,85;
adju_I;2022-04-21;2022-04-25;1000;1500;FR0014008181;OAT€i 0,1% 25 juillet 2053;648;259;2,5;78;337;-0,0083;1,3322;1,0396;OAT€i;0,001;2053-07-25;OAT€i 0,1% 25 juillet 2053;31,261;inflation_zone_euro
adju_LT;2022-05-05;2022-05-09;10000;11000;FR0013515806;OAT 0,5% 25 mai 2040;4549;2268;2,01;0;2268;0,0183;0,7966;;OAT;0,005;2040-05-25;OAT 0,5% 25 mai 2040;18,056;
adju_LT;2022-05-05;2022-05-09;10000;11000;FR0014004J31;OAT 0,75% 25 mai 2053;4837;2452;1,97;0;2452;0,0196;0,7197;;OAT;0,0075;2053-05-25;OAT 0,75% 25 mai 2053;31,055;
adju_LT;2022-05-05;2022-05-09;10000;11000;FR0014007L00;OAT 0% 25 mai 2032;11159;6279;1,78;0;6279;0,0151;0,8603;;OAT;0;2032-05-25;OAT 0% 25 mai 2032;10,056;
adju_MT;2022-05-19;2022-05-23;10000;11500;FR0013508470;OAT 0% 25 février 2026;7209;3435;2,1;759;4194;0,0077;0,9716;;OAT;0;2026-02-25;OAT 0% 25 février 2026;3,773;
adju_I;2022-05-19;2022-05-23;1000;1500;FR0013524014;OATi 0,1% 1 mars 2036;653;232;2,81;0;232;-0,0085;1,1391;1,04653;OATi;0,001;2036-03-01;OATi 0,1% 1 mars 2036;13,785;inflation_france
adju_I;2022-05-19;2022-05-23;1000;1500;FR0014001N38;OAT€i 0,1% 25 juillet 2031;2049;738;2,78;0;738;-0,0118;1,1248;1,07954;OAT€i;0,001;2031-07-25;OAT€i 0,1% 25 juillet 2031;9,183;inflation_zone_euro
adju_I;2022-05-19;2022-05-23;1000;1500;FR0014003N51;OATi 0,1% 1 mars 2032;1300;527;2,47;37;564;-0,0111;1,1255;1,04954;OATi;0,001;2032-03-01;OATi 0,1% 1 mars 2032;9,785;inflation_france
adju_MT;2022-05-19;2022-05-23;10000;11500;FR0014007TY9;OAT 0% 25 février 2025;8574;3445;2,49;777;4222;0,0063;0,9827;;OAT;0;2025-02-25;OAT 0% 25 février 2025;2,773;
adju_MT;2022-05-19;2022-05-23;10000;11500;FR001400AIN5;OAT 0,75% 25 février 2028;11379;4617;2,46;1161;5778;0,0106;0,9825;;OAT;0,0075;2028-02-25;OAT 0,75% 25 février 2028;5,771;
adju_LT;2022-06-02;2022-06-06;9500;10500;FR0013154044;OAT 1,25% 25 mai 2036;3989;2588;1,54;0;2588;0,0198;0,9115;;OAT;0,0125;2036-05-25;OAT 1,25% 25 mai 2036;13,979;
adju_LT;2022-06-02;2022-06-06;9500;10500;FR0013480613;OAT 0,75% 25 mai 2052;3719;1797;2,07;0;1797;0,0227;0,6716;;OAT;0,0075;2052-05-25;OAT 0,75% 25 mai 2052;29,979;
adju_LT;2022-06-02;2022-06-06;9500;10500;FR0014007L00;OAT 0% 25 mai 2032;12354;6114;2,02;0;6114;0,0172;0,8434;;OAT;0;2032-05-25;OAT 0% 25 mai 2032;9,979;
adju_I;2022-06-16;2022-06-20;1000;1500;FR0010447367;OAT€i 1,8% 25 juillet 2040;1391;500;2,78;149;649;0,0038;1,248;1,30924;OAT€i;0,018;2040-07-25;OAT€i 1,8% 25 juillet 2040;18,108;inflation_zone_euro
adju_I;2022-06-16;2022-06-20;1000;1500;FR0011008705;OAT€i 1,85% 25 juillet 2027;1866;730;2,56;131;861;-0,0079;1,1378;1,22205;OAT€i;0,0185;2027-07-25;OAT€i 1,85% 25 juillet 2027;5,106;inflation_zone_euro
adju_MT;2022-06-16;2022-06-20;10500;11500;FR0013341682;OAT 0,75% 25 novembre 2028;5968;3189;1,87;964;4153;0,0201;0,9249;;OAT;0,0075;2028-11-25;OAT 0,75% 25 novembre 2028;6,445;
adju_MT;2022-06-16;2022-06-20;10500;11500;FR0013407236;OAT 0,5% 25 mai 2029;3894;2094;1,86;636;2730;0,0202;0,9028;;OAT;0,005;2029-05-25;OAT 0,5% 25 mai 2029;6,94;
adju_I;2022-06-16;2022-06-20;1000;1500;FR0013524014;OATi 0,1% 1 mars 2036;873;270;3,23;85;355;0,0021;0,985;1,05384;OATi;0,001;2036-03-01;OATi 0,1% 1 mars 2036;13,708;inflation_france
adju_MT;2022-06-16;2022-06-20;10500;11500;FR0014007TY9;OAT 0% 25 février 2025;7312;2725;2,68;230;2955;0,0159;0,9586;;OAT;0;2025-02-25;OAT 0% 25 février 2025;2,697;
adju_MT;2022-06-16;2022-06-20;10500;11500;FR001400AIN5;OAT 0,75% 25 février 2028;7395;3491;2,12;1054;4545;0,0201;0,933;;OAT;0,0075;2028-02-25;OAT 0,75% 25 février 2028;5,695;
adju_LT;2022-07-07;2022-07-11;11000;12000;FR0013257524;OAT 2% 25 mai 2048;2922;1455;2,01;430;1885;0,0244;0,917;;OAT;0,02;2048-05-25;OAT 2% 25 mai 2048;25,884;
adju_LT;2022-07-07;2022-07-11;11000;12000;FR0014002JM6;OAT 0,5% 25 juin 2044;4186;2229;1,88;83;2312;0,0238;0,6816;;OAT;0,005;2044-06-25;OAT 0,5% 25 juin 2044;21,969;
adju_LT;2022-07-07;2022-07-11;11000;12000;FR0014004J31;OAT 0,75% 25 mai 2053;4265;2692;1,58;811;3503;0,0252;0,6239;;OAT;0,0075;2053-05-25;OAT 0,75% 25 mai 2053;30,883;
adju_LT;2022-07-07;2022-07-11;11000;12000;FR001400BKZ3;OAT 2% 25 novembre 2032;10863;5622;1,93;1406;7028;0,0192;1,0071;;OAT;0,02;2032-11-25;OAT 2% 25 novembre 2032;10,387;
adju_I;2022-07-21;2022-07-25;1000;1500;FR0013238268;OATi 0,1% 1 mars 2028;1221;415;2,94;45;460;-0,0098;1,0626;1,10734;OATi;0,001;2028-03-01;OATi 0,1% 1 mars 2028;5,613;inflation_france
adju_MT;2022-07-21;2022-07-25;9500;10500;FR0013286192;OAT 0,75% 25 mai 2028;6773;3701;1,83;1109;4810;0,0142;0,9627;;OAT;0,0075;2028-05-25;OAT 0,75% 25 mai 2028;5,845;
adju_I;2022-07-21;2022-07-25;1000;1500;FR0014001N38;OAT€i 0,1% 25 juillet 2031;1636;768;2,13;234;1002;-0,0052;1,057;1,10057;OAT€i;0,001;2031-07-25;OAT€i 0,1% 25 juillet 2031;9,01;inflation_zone_euro
adju_MT;2022-07-21;2022-07-25;9500;10500;FR0014007TY9;OAT 0% 25 février 2025;7571;3285;2,3;461;3746;0,01;0,9746;;OAT;0;2025-02-25;OAT 0% 25 février 2025;2,601;
adju_I;2022-07-21;2022-07-25;1000;1500;FR0014008181;OAT€i 0,1% 25 juillet 2053;769;310;2,48;98;408;0,0007;1,0093;1,0806;OAT€i;0,001;2053-07-25;OAT€i 0,1% 25 juillet 2053;31,012;inflation_zone_euro
adju_MT;2022-07-21;2022-07-25;9500;10500;FR001400AIN5;OAT 0,75% 25 février 2028;9433;3510;2,69;1060;4570;0,0147;0,9618;;OAT;0,0075;2028-02-25;OAT 0,75% 25 février 2028;5,599;
adju_LT;2022-08-04;2022-08-08;5000;6000;FR0013313582;OAT 1,25% 25 mai 2034;4321;1867;2,31;0;1867;0,0157;0,9661;;OAT;0,0125;2034-05-25;OAT 1,25% 25 mai 2034;11,806;
adju_LT;2022-08-04;2022-08-08;5000;6000;FR001400BKZ3;OAT 2% 25 novembre 2032;10192;4131;2,47;0;4131;0,0143;1,0539;;OAT;0,02;2032-11-25;OAT 2% 25 novembre 2032;10,311;
adju_I;2022-08-18;2022-08-22;500;1000;FR0000188799;OAT€i 3,15% 25 juillet 2032;705;249;2,83;0;249;-0,0102;1,4376;1,43624;OAT€i;0,0315;2032-07-25;OAT€i 3,15% 25 juillet 2032;9,936;inflation_zone_euro
adju_I;2022-08-18;2022-08-22;500;1000;FR0011008705;OAT€i 1,85% 25 juillet 2027;1390;650;2,14;0;650;-0,0187;1,1937;1,24182;OAT€i;0,0185;2027-07-25;OAT€i 1,85% 25 juillet 2027;4,934;inflation_zone_euro
adju_MT;2022-08-18;2022-08-22;5000;6000;FR0012517027;OAT 0,5% 25 mai 2025;7922;2199;3,6;0;2199;0,0098;0,9871;;OAT;0,005;2025-05-25;OAT 0,5% 25 mai 2025;2,768;
adju_I;2022-08-18;2022-08-22;500;1000;FR0014003N51;OATi 0,1% 1 mars 2032;464;101;4,59;0;101;-0,0093;1,1033;1,07144;OATi;0,001;2032-03-01;OATi 0,1% 1 mars 2032;9,536;inflation_france
adju_MT;2022-08-18;2022-08-22;5000;6000;FR001400AIN5;OAT 0,75% 25 février 2028;9770;3800;2,57;0;3800;0,0127;0,9724;;OAT;0,0075;2028-02-25;OAT 0,75% 25 février 2028;5,522;
adju_LT;2022-09-01;2022-09-05;9000;10000;FR0012993103;OAT 1,5% 25 mai 2031;9030;4407;2,05;1313;5720;0,0194;0,9649;;OAT;0,015;2031-05-25;OAT 1,5% 25 mai 2031;8,728;
adju_LT;2022-09-01;2022-09-05;9000;10000;FR0014009O62;OAT 1,25% 25 mai 2038;4203;2096;2,01;148;2244;0,0252;0,8364;;OAT;0,0125;2038-05-25;OAT 1,25% 25 mai 2038;15,729;
adju_LT;2022-09-01;2022-09-05;9000;10000;FR001400BKZ3;OAT 2% 25 novembre 2032;6918;3495;1,98;1045;4540;0,0221;0,9807;;OAT;0,02;2032-11-25;OAT 2% 25 novembre 2032;10,234;
adju_I;2022-09-15;2022-09-19;750;1250;FR0012558310;OATi 0,1% 1 mars 2025;2931;655;4,47;0;655;-0,0114;1,0311;1,12128;OATi;0,001;2025-03-01;OATi 0,1% 1 mars 2025;2,459;inflation_france
adju_MT;2022-09-15;2022-09-19;9000;10000;FR0013451507;OAT 0% 25 novembre 2029;5710;2775;2,06;0;2775;0,0201;0,8671;;OAT;0;2029-11-25;OAT 0% 25 novembre 2029;7,195;
adju_MT;2022-09-15;2022-09-19;9000;10000;FR0014003513;OAT 0% 25 février 2027;7221;2699;2,68;0;2699;0,0184;0,9222;;OAT;0;2027-02-25;OAT 0% 25 février 2027;4,446;
adju_I;2022-09-15;2022-09-19;750;1250;FR0014008181;OAT€i 0,1% 25 juillet 2053;843;178;4,74;60;238;0,0012;0,9938;1,09233;OAT€i;0,001;2053-07-25;OAT€i 0,1% 25 juillet 2053;30,858;inflation_zone_euro
adju_MT;2022-09-15;2022-09-19;9000;10000;FR001400AIN5;OAT 0,75% 25 février 2028;11968;4524;2,65;0;4524;0,0196;0,9382;;OAT;0,0075;2028-02-25;OAT 0,75% 25 février 2028;5,446;
adju_I;2022-09-15;2022-09-19;750;1250;FR001400AQH0;OAT€i 0,1% 25 juillet 2038;1431;417;3,43;132;549;0,0015;0,9927;1,09233;OAT€i;0,001;2038-07-25;OAT€i 0,1% 25 juillet 2038;15,858;inflation_zone_euro
adju_LT;2022-10-06;2022-10-10;9000;10000;FR0013154028;OAT 1,75% 25 mai 2066;2299;1188;1,94;0;1188;0,0274;0,7496;;OAT;0,0175;2066-05-25;OAT 1,75% 25 mai 2066;43,633;
adju_LT;2022-10-06;2022-10-10;9000;10000;FR0014004J31;OAT 0,75% 25 mai 2053;5510;2884;1,91;0;2884;0,0284;0,5765;;OAT;0,0075;2053-05-25;OAT 0,75% 25 mai 2053;30,634;
adju_LT;2022-10-06;2022-10-10;9000;10000;FR001400BKZ3;OAT 2% 25 novembre 2032;13946;5926;2,35;0;5926;0,0259;0,9482;;OAT;0,02;2032-11-25;OAT 2% 25 novembre 2032;10,138;
adju_MT;2022-10-20;2022-10-24;9000;10000;FR0013131877;OAT 0,5% 25 mai 2026;6217;2302;2,7;645;2947;0,0246;0,9334;;OAT;0,005;2026-05-25;OAT 0,5% 25 mai 2026;3,595;
adju_I;2022-10-20;2022-10-24;1000;1500;FR0013327491;OAT€i 0,1% 25 juillet 2036;1491;646;2,31;70;716;0,0076;0,9139;1,15213;OAT€i;0,001;2036-07-25;OAT€i 0,1% 25 juillet 2036;13,763;inflation_zone_euro
adju_I;2022-10-20;2022-10-24;1000;1500;FR0013524014;OATi 0,1% 1 mars 2036;1279;509;2,51;11;520;0,0061;0,9352;1,07765;OATi;0,001;2036-03-01;OATi 0,1% 1 mars 2036;13,363;inflation_france
adju_MT;2022-10-20;2022-10-24;9000;10000;FR0014007TY9;OAT 0% 25 février 2025;8824;3268;2,7;522;3790;0,0238;0,9466;;OAT;0;2025-02-25;OAT 0% 25 février 2025;2,352;
adju_I;2022-10-20;2022-10-24;1000;1500;FR0014008181;OAT€i 0,1% 25 juillet 2053;838;345;2,43;1;346;0,0061;0,8562;1,09782;OAT€i;0,001;2053-07-25;OAT€i 0,1% 25 juillet 2053;30,762;inflation_zone_euro
adju_MT;2022-10-20;2022-10-24;9000;10000;FR001400AIN5;OAT 0,75% 25 février 2028;9977;4427;2,25;1337;5764;0,0265;0,9065;;OAT;0,0075;2028-02-25;OAT 0,75% 25 février 2028;5,35;
adju_LT;2022-11-03;2022-11-07;9000;10000;FR0013154044;OAT 1,25% 25 mai 2036;5544;2640;2,1;0;2640;0,03;0,8077;;OAT;0,0125;2036-05-25;OAT 1,25% 25 mai 2036;13,558;
adju_LT;2022-11-03;2022-11-07;9000;10000;FR0014004J31;OAT 0,75% 25 mai 2053;4458;2300;1,94;0;2300;0,03;0,5534;;OAT;0,0075;2053-05-25;OAT 0,75% 25 mai 2053;30,557;
adju_LT;2022-11-03;2022-11-07;9000;10000;FR001400BKZ3;OAT 2% 25 novembre 2032;10424;5058;2,06;0;5058;0,0276;0,9343;;OAT;0,02;2032-11-25;OAT 2% 25 novembre 2032;10,062;
adju_I;2022-11-17;2022-11-21;1000;1500;FR0000188799;OAT€i 3,15% 25 juillet 2032;1338;462;2,9;0;462;-0,0005;1,3108;1,46239;OAT€i;0,0315;2032-07-25;OAT€i 3,15% 25 juillet 2032;9,687;inflation_zone_euro
adju_I;2022-11-17;2022-11-21;1000;1500;FR0013209871;OAT€i 0,1% 25 juillet 2047;700;199;3,52;29;228;0,0033;0,9467;1,18051;OAT€i;0,001;2047-07-25;OAT€i 0,1% 25 juillet 2047;24,684;inflation_zone_euro
adju_MT;2022-11-17;2022-11-21;7000;8000;FR0013341682;OAT 0,75% 25 novembre 2028;5001;2285;2,19;0;2285;0,0221;0,9189;;OAT;0,0075;2028-11-25;OAT 0,75% 25 novembre 2028;6,023;
adju_MT;2022-11-17;2022-11-21;7000;8000;FR0013407236;OAT 0,5% 25 mai 2029;4871;1630;2,99;0;1630;0,022;0,8977;;OAT;0,005;2029-05-25;OAT 0,5% 25 mai 2029;6,519;
adju_I;2022-11-17;2022-11-21;1000;1500;FR0014001N38;OAT€i 0,1% 25 juillet 2031;1787;837;2,14;0;837;-0,001;1,0173;1,12902;OAT€i;0,001;2031-07-25;OAT€i 0,1% 25 juillet 2031;8,684;inflation_zone_euro
adju_MT;2022-11-17;2022-11-21;7000;8000;FR001400AIN5;OAT 0,75% 25 février 2028;10096;4084;2,47;0;4084;0,0221;0,9284;;OAT;0,0075;2028-02-25;OAT 0,75% 25 février 2028;5,273;
adju_LT;2022-12-01;2022-12-05;5000;6000;FR0011461037;OAT 3,25% 25 mai 2045;1812;855;2,12;0;855;0,0256;1,116;;OAT;0,0325;2045-05-25;OAT 3,25% 25 mai 2045;22,48;
adju_LT;2022-12-01;2022-12-05;5000;6000;FR0013480613;OAT 0,75% 25 mai 2052;2513;1241;2,02;55;1296;0,0245;0,6466;;OAT;0,0075;2052-05-25;OAT 0,75% 25 mai 2052;29,481;
adju_LT;2022-12-01;2022-12-05;5000;6000;FR0013515806;OAT 0,5% 25 mai 2040;2222;1060;2,1;0;1060;0,0255;0,7143;;OAT;0,005;2040-05-25;OAT 0,5% 25 mai 2040;17,481;
adju_LT;2022-12-01;2022-12-05;5000;6000;FR0014002WK3;OAT 0% 25 novembre 2031;6126;2844;2,15;0;2844;0,0219;0,8231;;OAT;0;2031-11-25;OAT 0% 25 novembre 2031;8,983;
adju_LT;2023-01-05;2023-01-09;10500;12000;FR0013154028;OAT 1,75% 25 mai 2066;2256;1208;1,87;357;1565;0,0279;0,7398;;OAT;0,0175;2066-05-25;OAT 1,75% 25 mai 2066;43,384;
adju_LT;2023-01-05;2023-01-09;10500;12000;FR0014004J31;OAT 0,75% 25 mai 2053;4011;2563;1,56;626;3189;0,0295;0,562;;OAT;0,0075;2053-05-25;OAT 0,75% 25 mai 2053;30,385;
adju_LT;2023-01-05;2023-01-09;10500;12000;FR0014009O62;OAT 1,25% 25 mai 2038;3791;2115;1,79;206;2321;0,0302;0,7844;;OAT;0,0125;2038-05-25;OAT 1,25% 25 mai 2038;15,384;
adju_LT;2023-01-05;2023-01-09;10500;12000;FR001400BKZ3;OAT 2% 25 novembre 2032;11765;6113;1,92;1814;7927;0,0277;0,9342;;OAT;0,02;2032-11-25;OAT 2% 25 novembre 2032;9,889;
adju_I;2023-01-19;2023-01-23;1250;1750;FR0013327491;OAT€i 0,1% 25 juillet 2036;1173;422;2,78;0;422;0,0041;0,9599;1,18513;OAT€i;0,001;2036-07-25;OAT€i 0,1% 25 juillet 2036;13,514;inflation_zone_euro
adju_MT;2023-01-19;2023-01-23;9000;10000;FR0013407236;OAT 0,5% 25 mai 2029;5981;2472;2,42;0;2472;0,0229;0,8956;;OAT;0,005;2029-05-25;OAT 0,5% 25 mai 2029;6,346;
adju_I;2023-01-19;2023-01-23;1250;1750;FR0013410552;OAT€i 0,1% 1 mars 2029;2204;840;2,62;0;840;0,0024;0,9913;1,15971;OAT€i;0,001;2029-03-01;OAT€i 0,1% 1 mars 2029;6,114;inflation_zone_euro
adju_I;2023-01-19;2023-01-23;1250;1750;FR0014003N51;OATi 0,1% 1 mars 2032;1393;485;2,87;0;485;-0,0003;1,012;1,08966;OATi;0,001;2032-03-01;OATi 0,1% 1 mars 2032;9,114;inflation_france
adju_MT;2023-01-19;2023-01-23;9000;10000;FR0014007TY9;OAT 0% 25 février 2025;10940;3768;2,9;0;3768;0,0256;0,9485;;OAT;0;2025-02-25;OAT 0% 25 février 2025;2,103;
adju_MT;2023-01-19;2023-01-23;9000;10000;FR001400AIN5;OAT 0,75% 25 février 2028;8577;3755;2,28;0;3755;0,0232;0,9255;;OAT;0,0075;2028-02-25;OAT 0,75% 25 février 2028;5,101;
adju_LT;2023-02-02;2023-02-06;10000;11500;FR0014002JM6;OAT 0,5% 25 juin 2044;5503;2775;1,98;0;2775;0,0294;0,6167;;OAT;0,005;2044-06-25;OAT 0,5% 25 juin 2044;21,394;
adju_LT;2023-02-02;2023-02-06;10000;11500;FR0014002WK3;OAT 0% 25 novembre 2031;7193;4144;1,74;1250;5394;0,0259;0,7983;;OAT;0;2031-11-25;OAT 0% 25 novembre 2031;8,81;
adju_LT;2023-02-02;2023-02-06;10000;11500;FR001400BKZ3;OAT 2% 25 novembre 2032;9567;4568;2,09;1378;5946;0,0268;0,9418;;OAT;0,02;2032-11-25;OAT 2% 25 novembre 2032;9,812;
adju_MT;2023-02-16;2023-02-20;10000;11500;FR0011883966;OAT 2,5% 25 mai 2030;5909;2545;2,32;0;2545;0,0273;0,9847;;OAT;0,025;2030-05-25;OAT 2,5% 25 mai 2030;7,269;
adju_I;2023-02-16;2023-02-20;1250;1750;FR0013410552;OAT€i 0,1% 1 mars 2029;2032;618;3,29;0;618;0,003;0,988;1,15646;OAT€i;0,001;2029-03-01;OAT€i 0,1% 1 mars 2029;6,037;inflation_zone_euro
adju_I;2023-02-16;2023-02-20;1250;1750;FR0014003N51;OATi 0,1% 1 mars 2032;1601;640;2,5;0;640;0,0015;0,9952;1,08997;OATi;0,001;2032-03-01;OATi 0,1% 1 mars 2032;9,038;inflation_france
adju_MT;2023-02-16;2023-02-20;10000;11500;FR001400AIN5;OAT 0,75% 25 février 2028;9251;4256;2,17;0;4256;0,0276;0,9072;;OAT;0,0075;2028-02-25;OAT 0,75% 25 février 2028;5,024;
adju_I;2023-02-16;2023-02-20;1250;1750;FR001400AQH0;OAT€i 0,1% 25 juillet 2038;1563;492;3,18;0;492;0,006;0,9266;1,1261;OAT€i;0,001;2038-07-25;OAT€i 0,1% 25 juillet 2038;15,436;inflation_zone_euro
adju_MT;2023-02-16;2023-02-20;10000;11500;FR001400FYQ4;OAT 2,5% 24 septembre 2026;10627;4625;2,3;0;4625;0,0282;0,989;;OAT;0,025;2026-09-24;OAT 2,5% 24 septembre 2026;3,603;
adju_LT;2023-03-02;2023-03-06;10500;12000;FR0010870956;OAT 4% 25 avril 2060;3113;1239;2,51;377;1616;0,0349;1,1047;;OAT;0,04;2060-04-25;OAT 4% 25 avril 2060;37,15;
adju_LT;2023-03-02;2023-03-06;10500;12000;FR0013313582;OAT 1,25% 25 mai 2034;6900;3162;2,18;509;3671;0,0331;0,8091;;OAT;0,0125;2034-05-25;OAT 1,25% 25 mai 2034;11,231;
adju_LT;2023-03-02;2023-03-06;10500;12000;FR0014009O62;OAT 1,25% 25 mai 2038;6174;2543;2,43;771;3314;0,0347;0,7408;;OAT;0,0125;2038-05-25;OAT 1,25% 25 mai 2038;15,231;
adju_LT;2023-03-02;2023-03-06;10500;12000;FR001400BKZ3;OAT 2% 25 novembre 2032;11483;5055;2,27;895;5950;0,032;0,9009;;OAT;0,02;2032-11-25;OAT 2% 25 novembre 2032;9,736;
adju_I;2023-03-16;2023-03-20;1000;1500;FR0013410552;OAT€i 0,1% 1 mars 2029;1429;756;1,89;0;756;0,0014;0,9974;1,15339;OAT€i;0,001;2029-03-01;OAT€i 0,1% 1 mars 2029;5,96;inflation_zone_euro
adju_MT;2023-03-16;2023-03-20;10500;12000;FR0013516549;OAT 0% 25 novembre 2030;8100;4366;1,86;1307;5673;0,0267;0,8168;;OAT;0;2030-11-25;OAT 0% 25 novembre 2030;7,696;
adju_I;2023-03-16;2023-03-20;1000;1500;FR0013524014;OATi 0,1% 1 mars 2036;1112;450;2,47;0;450;0,0032;0,9716;1,08909;OATi;0,001;2036-03-01;OATi 0,1% 1 mars 2036;12,961;inflation_france
adju_I;2023-03-16;2023-03-20;1000;1500;FR0014008181;OAT€i 0,1% 25 juillet 2053;641;270;2,37;0;270;0,0045;0,9007;1,12311;OAT€i;0,001;2053-07-25;OAT€i 0,1% 25 juillet 2053;30,36;inflation_zone_euro
adju_MT;2023-03-16;2023-03-20;10500;12000;FR001400AIN5;OAT 0,75% 25 février 2028;9768;4173;2,34;1243;5416;0,0266;0,9129;;OAT;0,0075;2028-02-25;OAT 0,75% 25 février 2028;4,947;
adju_MT;2023-03-16;2023-03-20;10500;12000;FR001400FYQ4;OAT 2,5% 24 septembre 2026;8758;3459;2,53;458;3917;0,027;0,9933;;OAT;0,025;2026-09-24;OAT 2,5% 24 septembre 2026;3,526;
adju_LT;2023-04-06;2023-04-12;10000;11000;FR001400CMX2;OAT 2,5% 25 mai 2043;4599;2068;2,22;0;2068;0,0306;0,9164;;OAT;0,025;2043-05-25;OAT 2,5% 25 mai 2043;20,134;
adju_LT;2023-04-06;2023-04-12;10000;11000;FR001400FTH3;OAT 3% 25 mai 2054;4566;2268;2,01;0;2268;0,0312;0,9769;;OAT;0,03;2054-05-25;OAT 3% 25 mai 2054;31,135;
adju_LT;2023-04-06;2023-04-12;10000;11000;FR001400H7V7;OAT 3% 25 mai 2033;13525;6664;2,03;0;6664;0,027;1,0264;;OAT;0,03;2033-05-25;OAT 3% 25 mai 2033;10,136;
adju_I;2023-04-20;2023-04-24;1250;1750;FR0013238268;OATi 0,1% 1 mars 2028;1784;802;2,22;17;819;0,0003;1,0035;1,14734;OATi;0,001;2028-03-01;OATi 0,1% 1 mars 2028;4,865;inflation_france
adju_MT;2023-04-20;2023-04-24;10000;11500;FR0013451507;OAT 0% 25 novembre 2029;6113;2055;2,97;0;2055;0,0283;0,832;;OAT;0;2029-11-25;OAT 0% 25 novembre 2029;6,601;
adju_I;2023-04-20;2023-04-24;1250;1750;FR0014008181;OAT€i 0,1% 25 juillet 2053;875;244;3,59;0;244;0,0059;0,8649;1,12913;OAT€i;0,001;2053-07-25;OAT€i 0,1% 25 juillet 2053;30,264;inflation_zone_euro
adju_I;2023-04-20;2023-04-24;1250;1750;FR001400AQH0;OAT€i 0,1% 25 juillet 2038;2036;702;2,9;0;702;0,0063;0,9228;1,12913;OAT€i;0,001;2038-07-25;OAT€i 0,1% 25 juillet 2038;15,264;inflation_zone_euro
adju_MT;2023-04-20;2023-04-24;10000;11500;FR001400FYQ4;OAT 2,5% 24 septembre 2026;12881;4656;2,77;166;4822;0,0293;0,9861;;OAT;0,025;2026-09-24;OAT 2,5% 24 septembre 2026;3,431;
adju_MT;2023-04-20;2023-04-24;10000;11500;FR001400HI98;OAT 2,75% 25 février 2029;11210;4787;2,34;0;4787;0,0288;0,9929;;OAT;0,0275;2029-02-25;OAT 2,75% 25 février 2029;5,854;
adju_LT;2023-05-04;2023-05-08;10000;11500;FR0013234333;OAT 1,75% 25 juin 2039;4700;1911;2,46;0;1911;0,031;0,8308;;OAT;0,0175;2039-06-25;OAT 1,75% 25 juin 2039;16,142;
adju_LT;2023-05-04;2023-05-08;10000;11500;FR0014001NN8;OAT 0,5% 25 mai 2072;2976;1513;1,97;0;1513;0,0282;0,3875;;OAT;0,005;2072-05-25;OAT 0,5% 25 mai 2072;49,06;
adju_LT;2023-05-04;2023-05-08;10000;11500;FR001400FTH3;OAT 3% 25 mai 2054;4390;2248;1,95;0;2248;0,0333;0,9367;;OAT;0,03;2054-05-25;OAT 3% 25 mai 2054;31,058;
adju_LT;2023-05-04;2023-05-08;10000;11500;FR001400H7V7;OAT 3% 25 mai 2033;9739;5075;1,92;0;5075;0,0283;1,0146;;OAT;0,03;2033-05-25;OAT 3% 25 mai 2033;10,059;
adju_MT;2023-05-17;2023-05-22;10000;11000;FR0013250560;OAT 1% 25 mai 2027;8105;2720;2,98;0;2720;0,0263;0,9388;;OAT;0,01;2027-05-25;OAT 1% 25 mai 2027;4,022;
adju_I;2023-05-17;2023-05-22;1500;2000;FR0013327491;OAT€i 0,1% 25 juillet 2036;1300;421;3,09;0;421;0,006;0,9373;1,19428;OAT€i;0,001;2036-07-25;OAT€i 0,1% 25 juillet 2036;13,191;inflation_zone_euro
adju_I;2023-05-17;2023-05-22;1500;2000;FR0013410552;OAT€i 0,1% 1 mars 2029;2632;1105;2,38;0;1105;0,0028;0,9896;1,16867;OAT€i;0,001;2029-03-01;OAT€i 0,1% 1 mars 2029;5,791;inflation_zone_euro
adju_I;2023-05-17;2023-05-22;1500;2000;FR0014008181;OAT€i 0,1% 25 juillet 2053;1048;470;2,23;0;470;0,006;0,8634;1,13798;OAT€i;0,001;2053-07-25;OAT€i 0,1% 25 juillet 2053;30,19;inflation_zone_euro
adju_MT;2023-05-17;2023-05-22;10000;11000;FR001400FYQ4;OAT 2,5% 24 septembre 2026;12212;5216;2,34;0;5216;0,0269;0,9939;;OAT;0,025;2026-09-24;OAT 2,5% 24 septembre 2026;3,357;
adju_MT;2023-05-17;2023-05-22;10000;11000;FR001400HI98;OAT 2,75% 25 février 2029;9189;3060;3;0;3060;0,0268;1,0038;;OAT;0,0275;2029-02-25;OAT 2,75% 25 février 2029;5,78;
adju_LT;2023-06-01;2023-06-05;9500;11000;FR001400CMX2;OAT 2,5% 25 mai 2043;3860;1989;1,94;0;1989;0,0329;0,8858;;OAT;0,025;2043-05-25;OAT 2,5% 25 mai 2043;19,981;
adju_LT;2023-06-01;2023-06-05;9500;11000;FR001400FTH3;OAT 3% 25 mai 2054;4939;2621;1,88;0;2621;0,0337;0,9294;;OAT;0,03;2054-05-25;OAT 3% 25 mai 2054;30,982;
adju_LT;2023-06-01;2023-06-05;9500;11000;FR001400H7V7;OAT 3% 25 mai 2033;11912;6388;1,86;0;6388;0,0285;1,0129;;OAT;0,03;2033-05-25;OAT 3% 25 mai 2033;9,982;
adju_MT;2023-06-15;2023-06-19;11000;12000;FR0013341682;OAT 0,75% 25 novembre 2028;8401;2195;3,83;30;2225;0,0285;0,8957;;OAT;0,0075;2028-11-25;OAT 0,75% 25 novembre 2028;5,448;
adju_I;2023-06-15;2023-06-19;1000;1500;FR0013410552;OAT€i 0,1% 1 mars 2029;2099;669;3,14;149;818;0,0052;0,9766;1,1765;OAT€i;0,001;2029-03-01;OAT€i 0,1% 1 mars 2029;5,711;inflation_zone_euro
adju_I;2023-06-15;2023-06-19;1000;1500;FR0014001N38;OAT€i 0,1% 25 juillet 2031;1468;600;2,45;155;755;0,0046;0,9717;1,16678;OAT€i;0,001;2031-07-25;OAT€i 0,1% 25 juillet 2031;8,11;inflation_zone_euro
adju_I;2023-06-15;2023-06-19;1000;1500;FR0014008181;OAT€i 0,1% 25 juillet 2053;718;230;3,12;71;301;0,0062;0,8566;1,14562;OAT€i;0,001;2053-07-25;OAT€i 0,1% 25 juillet 2053;30,111;inflation_zone_euro
adju_MT;2023-06-15;2023-06-19;11000;12000;FR001400FYQ4;OAT 2,5% 24 septembre 2026;14197;4106;3,46;208;4314;0,0303;0,9836;;OAT;0,025;2026-09-24;OAT 2,5% 24 septembre 2026;3,277;
adju_MT;2023-06-15;2023-06-19;11000;12000;FR001400HI98;OAT 2,75% 25 février 2029;14663;5695;2,57;76;5771;0,0289;0,9927;;OAT;0,0275;2029-02-25;OAT 2,75% 25 février 2029;5,7;
adju_LT;2023-07-06;2023-07-10;10500;12000;FR001400CMX2;OAT 2,5% 25 mai 2043;5208;2624;1,98;0;2624;0,0335;0,8783;;OAT;0,025;2043-05-25;OAT 2,5% 25 mai 2043;19,885;
adju_LT;2023-07-06;2023-07-10;10500;12000;FR001400FTH3;OAT 3% 25 mai 2054;4965;2700;1,84;0;2700;0,0337;0,9294;;OAT;0,03;2054-05-25;OAT 3% 25 mai 2054;30,886;
adju_LT;2023-07-06;2023-07-10;10500;12000;FR001400H7V7;OAT 3% 25 mai 2033;11332;5952;1,9;0;5952;0,0304;0,9967;;OAT;0,03;2033-05-25;OAT 3% 25 mai 2033;9,886;
adju_MT;2023-07-20;2023-07-24;11000;12000;FR0013286192;OAT 0,75% 25 mai 2028;6076;2480;2,45;0;2480;0,0285;0,9065;;OAT;0,0075;2028-05-25;OAT 0,75% 25 mai 2028;4,849;
adju_MT;2023-07-20;2023-07-24;11000;12000;FR001400FYQ4;OAT 2,5% 24 septembre 2026;15822;6168;2,57;0;6168;0,0305;0,9836;;OAT;0,025;2026-09-24;OAT 2,5% 24 septembre 2026;3,181;
adju_MT;2023-07-20;2023-07-24;11000;12000;FR001400HI98;OAT 2,75% 25 février 2029;8537;3349;2,55;0;3349;0,0286;0,9944;;OAT;0,0275;2029-02-25;OAT 2,75% 25 février 2029;5,604;
adju_I;2023-07-20;2023-07-24;1750;2250;FR001400JI88;OAT€i 0,6% 25 juillet 2034;4858;2248;2,16;568;2816;0,0065;0,9944;1,06303;OAT€i;0,006;2034-07-25;OAT€i 0,6% 25 juillet 2034;11,014;inflation_zone_euro
adju_LT;2023-08-03;2023-08-07;8000;9000;FR0010870956;OAT 4% 25 avril 2060;2870;1325;2,17;392;1717;0,0351;1,0992;;OAT;0,04;2060-04-25;OAT 4% 25 avril 2060;36,728;
adju_LT;2023-08-03;2023-08-07;8000;9000;FR0014009O62;OAT 1,25% 25 mai 2038;4794;1860;2,58;535;2395;0,0337;0,7565;;OAT;0,0125;2038-05-25;OAT 1,25% 25 mai 2038;14,809;
adju_LT;2023-08-03;2023-08-07;8000;9000;FR001400H7V7;OAT 3% 25 mai 2033;10657;5814;1,83;615;6429;0,0309;0,9923;;OAT;0,03;2033-05-25;OAT 3% 25 mai 2033;9,81;
adju_I;2023-08-17;2023-08-21;500;1000;FR0011008705;OAT€i 1,85% 25 juillet 2027;1746;617;2,83;145;762;0,0043;1,055;1,31238;OAT€i;0,0185;2027-07-25;OAT€i 1,85% 25 juillet 2027;3,937;inflation_zone_euro
adju_MT;2023-08-17;2023-08-21;7500;8500;FR0012993103;OAT 1,5% 25 mai 2031;4755;2247;2,12;681;2928;0,0305;0,8946;;OAT;0,015;2031-05-25;OAT 1,5% 25 mai 2031;7,77;
adju_I;2023-08-17;2023-08-21;500;1000;FR001400AQH0;OAT€i 0,1% 25 juillet 2038;1029;381;2,7;99;480;0,0075;0,9083;1,15057;OAT€i;0,001;2038-07-25;OAT€i 0,1% 25 juillet 2038;14,938;inflation_zone_euro
adju_MT;2023-08-17;2023-08-21;7500;8500;FR001400FYQ4;OAT 2,5% 24 septembre 2026;7843;3280;2,39;555;3835;0,0312;0,982;;OAT;0,025;2026-09-24;OAT 2,5% 24 septembre 2026;3,105;
adju_MT;2023-08-17;2023-08-21;7500;8500;FR001400HI98;OAT 2,75% 25 février 2029;6421;2909;2,21;879;3788;0,0304;0,9855;;OAT;0,0275;2029-02-25;OAT 2,75% 25 février 2029;5,528;
adju_LT;2023-09-07;2023-09-11;10000;11000;FR0014009O62;OAT 1,25% 25 mai 2038;4285;2336;1,83;426;2762;0,0342;0,7522;;OAT;0,0125;2038-05-25;OAT 1,25% 25 mai 2038;14,713;
adju_LT;2023-09-07;2023-09-11;10000;11000;FR001400FTH3;OAT 3% 25 mai 2054;4125;1901;2,17;578;2479;0,0361;0,8885;;OAT;0,03;2054-05-25;OAT 3% 25 mai 2054;30,713;
adju_LT;2023-09-07;2023-09-11;10000;11000;FR001400H7V7;OAT 3% 25 mai 2033;9941;5785;1,72;1511;7296;0,0315;0,9879;;OAT;0,03;2033-05-25;OAT 3% 25 mai 2033;9,714;
adju_MT;2023-09-21;2023-09-25;10000;11000;FR0013286192;OAT 0,75% 25 mai 2028;5533;2785;1,99;573;3358;0,0312;0,8985;;OAT;0,0075;2028-05-25;OAT 0,75% 25 mai 2028;4,676;
adju_I;2023-09-21;2023-09-25;1250;1750;FR0013410552;OAT€i 0,1% 1 mars 2029;1995;651;3,06;195;846;0,0057;0,9747;1,18161;OAT€i;0,001;2029-03-01;OAT€i 0,1% 1 mars 2029;5,443;inflation_zone_euro
adju_I;2023-09-21;2023-09-25;1250;1750;FR0014003N51;OATi 0,1% 1 mars 2032;1707;609;2,8;163;772;0,0058;0,9604;1,12209;OATi;0,001;2032-03-01;OATi 0,1% 1 mars 2032;8,444;inflation_france
adju_I;2023-09-21;2023-09-25;1250;1750;FR001400AQH0;OAT€i 0,1% 25 juillet 2038;1677;488;3,44;0;488;0,0082;0,9001;1,15059;OAT€i;0,001;2038-07-25;OAT€i 0,1% 25 juillet 2038;14,842;inflation_zone_euro
adju_MT;2023-09-21;2023-09-25;10000;11000;FR001400FYQ4;OAT 2,5% 24 septembre 2026;10954;4703;2,33;1369;6072;0,0327;0,9784;;OAT;0,025;2026-09-24;OAT 2,5% 24 septembre 2026;3,009;
adju_MT;2023-09-21;2023-09-25;10000;11000;FR001400HI98;OAT 2,75% 25 février 2029;7943;3510;2,26;625;4135;0,0314;0,9809;;OAT;0,0275;2029-02-25;OAT 2,75% 25 février 2029;5,432;
adju_LT;2023-10-05;2023-10-09;9000;10500;FR001400CMX2;OAT 2,5% 25 mai 2043;3915;1671;2,34;241;1912;0,0396;0,8032;;OAT;0,025;2043-05-25;OAT 2,5% 25 mai 2043;19,636;
adju_LT;2023-10-05;2023-10-09;9000;10500;FR001400FTH3;OAT 3% 25 mai 2054;4528;1871;2,42;0;1871;0,0406;0,816;;OAT;0,03;2054-05-25;OAT 3% 25 mai 2054;30,637;
adju_LT;2023-10-05;2023-10-09;9000;10500;FR001400L834;OAT 3,5% 25 novembre 2033;11994;6400;1,87;1607;8007;0,0356;0,9948;;OAT;0,035;2033-11-25;OAT 3,5% 25 novembre 2033;10,141;
adju_MT;2023-10-19;2023-10-23;10000;11500;FR0011317783;OAT 2,75% 25 octobre 2027;6702;2310;2,9;703;3013;0,0325;0,9817;;OAT;0,0275;2027-10-25;OAT 2,75% 25 octobre 2027;4,016;
adju_MT;2023-10-19;2023-10-23;10000;11500;FR0011883966;OAT 2,5% 25 mai 2030;4528;1660;2,73;505;2165;0,033;0,9532;;OAT;0,025;2030-05-25;OAT 2,5% 25 mai 2030;6,598;
adju_I;2023-10-19;2023-10-23;1250;1750;FR0013410552;OAT€i 0,1% 1 mars 2029;1873;515;3,64;159;674;0,0074;0,9666;1,186;OAT€i;0,001;2029-03-01;OAT€i 0,1% 1 mars 2029;5,366;inflation_zone_euro
adju_I;2023-10-19;2023-10-23;1250;1750;FR0013519253;OAT€i 0,1% 1 mars 2026;2412;675;3,57;161;836;0,0066;0,9869;1,17438;OAT€i;0,001;2026-03-01;OAT€i 0,1% 1 mars 2026;2,366;inflation_zone_euro
adju_I;2023-10-19;2023-10-23;1250;1750;FR0013524014;OATi 0,1% 1 mars 2036;1291;558;2,31;124;682;0,0119;0,8752;1,12707;OATi;0,001;2036-03-01;OATi 0,1% 1 mars 2036;12,367;inflation_france
adju_MT;2023-10-19;2023-10-23;10000;11500;FR001400FYQ4;OAT 2,5% 24 septembre 2026;11881;4295;2,77;708;5003;0,0332;0,9776;;OAT;0,025;2026-09-24;OAT 2,5% 24 septembre 2026;2,932;
adju_MT;2023-10-19;2023-10-23;10000;11500;FR001400HI98;OAT 2,75% 25 février 2029;7730;2984;2,59;903;3887;0,033;0,9735;;OAT;0,0275;2029-02-25;OAT 2,75% 25 février 2029;5,355;
adju_LT;2023-11-02;2023-11-06;9500;11000;FR0014001NN8;OAT 0,5% 25 mai 2072;3577;1197;2,99;356;1553;0,0336;0,3201;;OAT;0,005;2072-05-25;OAT 0,5% 25 mai 2072;48,561;
adju_LT;2023-11-02;2023-11-06;9500;11000;FR0014002JM6;OAT 0,5% 25 juin 2044;4516;2335;1,93;702;3037;0,0377;0,5368;;OAT;0,005;2044-06-25;OAT 0,5% 25 juin 2044;20,646;
adju_LT;2023-11-02;2023-11-06;9500;11000;FR001400FTH3;OAT 3% 25 mai 2054;4427;2175;2,04;660;2835;0,0392;0,8377;;OAT;0,03;2054-05-25;OAT 3% 25 mai 2054;30,56;
adju_LT;2023-11-02;2023-11-06;9500;11000;FR001400L834;OAT 3,5% 25 novembre 2033;10679;5290;2,02;1038;6328;0,0332;1,0153;;OAT;0,035;2033-11-25;OAT 3,5% 25 novembre 2033;10,064;
adju_I;2023-11-16;2023-11-20;1250;1750;FR0013327491;OAT€i 0,1% 25 juillet 2036;2140;850;2,52;74;924;0,0099;0,8942;1,21642;OAT€i;0,001;2036-07-25;OAT€i 0,1% 25 juillet 2036;12,69;inflation_zone_euro
adju_I;2023-11-16;2023-11-20;1250;1750;FR0013410552;OAT€i 0,1% 1 mars 2029;1739;635;2,74;67;702;0,007;0,9692;1,19033;OAT€i;0,001;2029-03-01;OAT€i 0,1% 1 mars 2029;5,29;inflation_zone_euro
adju_I;2023-11-16;2023-11-20;1250;1750;FR0014008181;OAT€i 0,1% 25 juillet 2053;742;263;2,82;4;267;0,0101;0,7668;1,15908;OAT€i;0,001;2053-07-25;OAT€i 0,1% 25 juillet 2053;29,689;inflation_zone_euro
adju_MT;2023-11-16;2023-11-20;9000;10000;FR001400AIN5;OAT 0,75% 25 février 2028;5030;2433;2,07;676;3109;0,0289;0,9154;;OAT;0,0075;2028-02-25;OAT 0,75% 25 février 2028;4,277;
adju_MT;2023-11-16;2023-11-20;9000;10000;FR001400FYQ4;OAT 2,5% 24 septembre 2026;8037;3145;2,56;544;3689;0,0298;0,987;;OAT;0,025;2026-09-24;OAT 2,5% 24 septembre 2026;2,856;
adju_MT;2023-11-16;2023-11-20;9000;10000;FR001400HI98;OAT 2,75% 25 février 2029;7229;3498;2,07;1057;4555;0,0292;0,992;;OAT;0,0275;2029-02-25;OAT 2,75% 25 février 2029;5,279;
adju_MT;2023-12-07;2023-12-11;4000;5000;FR0011317783;OAT 2,75% 25 octobre 2027;4331;988;4,38;0;988;0,0245;1,0108;;OAT;0,0275;2027-10-25;OAT 2,75% 25 octobre 2027;3,882;
adju_LT;2023-12-07;2023-12-11;4000;5000;FR0013313582;OAT 1,25% 25 mai 2034;5931;2010;2,95;0;2010;0,0275;0,865;;OAT;0,0125;2034-05-25;OAT 1,25% 25 mai 2034;10,464;
adju_I;2023-12-07;2023-12-11;4000;5000;FR0013410552;OAT€i 0,1% 1 mars 2029;2118;680;3,11;0;680;0,0044;0,9824;1,19208;OAT€i;0,001;2029-03-01;OAT€i 0,1% 1 mars 2029;5,232;inflation_zone_euro
adju_LT;2023-12-07;2023-12-11;4000;5000;FR0014007L00;OAT 0% 25 mai 2032;3672;1318;2,79;0;1318;0,0259;0,8056;;OAT;0;2032-05-25;OAT 0% 25 mai 2032;8,465;
adju_LT;2024-01-04;2024-01-08;10500;12000;FR0014009O62;OAT 1,25% 25 mai 2038;4859;2643;1,84;0;2643;0,0288;0,8104;;OAT;0,0125;2038-05-25;OAT 1,25% 25 mai 2038;14,387;
adju_LT;2024-01-04;2024-01-08;10500;12000;FR001400FTH3;OAT 3% 25 mai 2054;4855;2093;2,32;0;2093;0,0313;0,9742;;OAT;0,03;2054-05-25;OAT 3% 25 mai 2054;30,387;
adju_LT;2024-01-04;2024-01-08;10500;12000;FR001400L834;OAT 3,5% 25 novembre 2033;12884;7239;1,78;0;7239;0,0259;1,0787;;OAT;0,035;2033-11-25;OAT 3,5% 25 novembre 2033;9,892;
adju_I;2024-01-18;2024-01-22;1500;2000;FR0000186413;OATi 3,4% 25 juillet 2029;1617;596;2,71;0;596;0,0049;1,1579;1,47015;OATi;0,034;2029-07-25;OATi 3,4% 25 juillet 2029;5,517;inflation_france
adju_MT;2024-01-18;2024-01-22;10500;12000;FR0013407236;OAT 0,5% 25 mai 2029;7071;2353;3,01;0;2353;0,0253;0,8997;;OAT;0,005;2029-05-25;OAT 0,5% 25 mai 2029;5,35;
adju_I;2024-01-18;2024-01-22;1500;2000;FR0013524014;OATi 0,1% 1 mars 2036;1620;561;2,89;0;561;0,0076;0,9235;1,12461;OATi;0,001;2036-03-01;OATi 0,1% 1 mars 2036;12,118;inflation_france
adju_I;2024-01-18;2024-01-22;1500;2000;FR001400AQH0;OAT€i 0,1% 25 juillet 2038;1113;378;2,94;0;378;0,0075;0,9105;1,15698;OAT€i;0,001;2038-07-25;OAT€i 0,1% 25 juillet 2038;14,516;inflation_zone_euro
adju_MT;2024-01-18;2024-01-22;10500;12000;FR001400HI98;OAT 2,75% 25 février 2029;8608;4030;2,14;0;4030;0,0255;1,0094;;OAT;0,0275;2029-02-25;OAT 2,75% 25 février 2029;5,106;
adju_I;2024-01-18;2024-01-22;1500;2000;FR001400JI88;OAT€i 0,6% 25 juillet 2034;1340;463;2,89;0;463;0,0067;0,9929;1,07069;OAT€i;0,006;2034-07-25;OAT€i 0,6% 25 juillet 2034;10,516;inflation_zone_euro
adju_MT;2024-01-18;2024-01-22;10500;12000;FR001400NBC6;OAT 2,5% 24 septembre 2027;11505;5616;2,05;0;5616;0,0256;0,9979;;OAT;0,025;2027-09-24;OAT 2,5% 24 septembre 2027;3,682;
adju_LT;2024-02-01;2024-02-05;11500;13000;FR0013515806;OAT 0,5% 25 mai 2040;4558;2296;1,99;0;2296;0,0307;0,6741;;OAT;0,005;2040-05-25;OAT 0,5% 25 mai 2040;16,312;
adju_LT;2024-02-01;2024-02-05;11500;13000;FR001400CMX2;OAT 2,5% 25 mai 2043;3847;1812;2,12;97;1909;0,0316;0,906;;OAT;0,025;2043-05-25;OAT 2,5% 25 mai 2043;19,31;
adju_LT;2024-02-01;2024-02-05;11500;13000;FR001400FTH3;OAT 3% 25 mai 2054;4128;1426;2,89;437;1863;0,0327;0,9479;;OAT;0,03;2054-05-25;OAT 3% 25 mai 2054;30,311;
adju_LT;2024-02-01;2024-02-05;11500;13000;FR001400L834;OAT 3,5% 25 novembre 2033;14457;7454;1,94;0;7454;0,027;1,0682;;OAT;0,035;2033-11-25;OAT 3,5% 25 novembre 2033;9,815;
adju_I;2024-02-15;2024-02-19;1750;2500;FR0000188799;OAT€i 3,15% 25 juillet 2032;1339;571;2,35;0;571;0,0052;1,2162;1,52501;OAT€i;0,0315;2032-07-25;OAT€i 3,15% 25 juillet 2032;8,441;inflation_zone_euro
adju_I;2024-02-15;2024-02-19;1750;2500;FR0013238268;OATi 0,1% 1 mars 2028;2076;732;2,84;0;732;0,0058;0,9809;1,17389;OATi;0,001;2028-03-01;OATi 0,1% 1 mars 2028;4,041;inflation_france
adju_I;2024-02-15;2024-02-19;1750;2500;FR0013410552;OAT€i 0,1% 1 mars 2029;1960;836;2,34;0;836;0,0048;0,9812;1,18717;OAT€i;0,001;2029-03-01;OAT€i 0,1% 1 mars 2029;5,04;inflation_zone_euro
adju_MT;2024-02-15;2024-02-19;10500;12000;FR0014002WK3;OAT 0% 25 novembre 2031;8541;2294;3,72;0;2294;0,0265;0,816;;OAT;0;2031-11-25;OAT 0% 25 novembre 2031;7,775;
adju_I;2024-02-15;2024-02-19;1750;2500;FR0014008181;OAT€i 0,1% 25 juillet 2053;952;349;2,73;0;349;0,0073;0,8344;1,156;OAT€i;0,001;2053-07-25;OAT€i 0,1% 25 juillet 2053;29,44;inflation_zone_euro
adju_MT;2024-02-15;2024-02-19;10500;12000;FR001400HI98;OAT 2,75% 25 février 2029;11650;4995;2,33;0;4995;0,0262;1,0062;;OAT;0,0275;2029-02-25;OAT 2,75% 25 février 2029;5,029;
adju_MT;2024-02-15;2024-02-19;10500;12000;FR001400NBC6;OAT 2,5% 24 septembre 2027;12512;4703;2,66;0;4703;0,0267;0,9941;;OAT;0,025;2027-09-24;OAT 2,5% 24 septembre 2027;3,606;
adju_LT;2024-03-07;2024-03-11;11500;13000;FR0011461037;OAT 3,25% 25 mai 2045;3939;842;4,68;258;1100;0,0315;1,015;;OAT;0,0325;2045-05-25;OAT 3,25% 25 mai 2045;21,216;
adju_LT;2024-03-07;2024-03-11;11500;13000;FR0013313582;OAT 1,25% 25 mai 2034;6960;2851;2,44;509;3360;0,0281;0,863;;OAT;0,0125;2034-05-25;OAT 1,25% 25 mai 2034;10,215;
adju_LT;2024-03-07;2024-03-11;11500;13000;FR0014009O62;OAT 1,25% 25 mai 2038;7868;4623;1,7;1121;5744;0,0302;0,7976;;OAT;0,0125;2038-05-25;OAT 1,25% 25 mai 2038;14,215;
adju_LT;2024-03-07;2024-03-11;11500;13000;FR001400L834;OAT 3,5% 25 novembre 2033;13463;4681;2,88;1369;6050;0,0279;1,0596;;OAT;0,035;2033-11-25;OAT 3,5% 25 novembre 2033;9,719;
adju_I;2024-03-21;2024-03-25;1500;2000;FR0010447367;OAT€i 1,8% 25 juillet 2040;1157;301;3,84;92;393;0,0073;1,1637;1,40908;OAT€i;0,018;2040-07-25;OAT€i 1,8% 25 juillet 2040;16,345;inflation_zone_euro
adju_MT;2024-03-21;2024-03-25;11000;12500;FR0012993103;OAT 1,5% 25 mai 2031;7032;2619;2,68;736;3355;0,0265;0,9261;;OAT;0,015;2031-05-25;OAT 1,5% 25 mai 2031;7,176;
adju_I;2024-03-21;2024-03-25;1500;2000;FR0013410552;OAT€i 0,1% 1 mars 2029;2683;1099;2,44;250;1349;0,0046;0,9824;1,18418;OAT€i;0,001;2029-03-01;OAT€i 0,1% 1 mars 2029;4,945;inflation_zone_euro
adju_I;2024-03-21;2024-03-25;1500;2000;FR0013524014;OATi 0,1% 1 mars 2036;1446;598;2,42;165;763;0,0069;0,9327;1,12307;OATi;0,001;2036-03-01;OATi 0,1% 1 mars 2036;11,945;inflation_france
adju_MT;2024-03-21;2024-03-25;11000;12500;FR001400HI98;OAT 2,75% 25 février 2029;9893;4642;2,13;1069;5711;0,0264;1,0049;;OAT;0,0275;2029-02-25;OAT 2,75% 25 février 2029;4,934;
adju_MT;2024-03-21;2024-03-25;11000;12500;FR001400NBC6;OAT 2,5% 24 septembre 2027;12544;5237;2,4;1310;6547;0,0271;0,993;;OAT;0,025;2027-09-24;OAT 2,5% 24 septembre 2027;3,51;
adju_LT;2024-04-04;2024-04-08;11000;12500;FR0010870956;OAT 4% 25 avril 2060;4012;1456;2,76;0;1456;0,0333;1,1392;;OAT;0,04;2060-04-25;OAT 4% 25 avril 2060;36,057;
adju_LT;2024-04-04;2024-04-08;11000;12500;FR0013234333;OAT 1,75% 25 juin 2039;5439;2258;2,41;0;2258;0,0309;0,8391;;OAT;0,0175;2039-06-25;OAT 1,75% 25 juin 2039;15,222;
adju_LT;2024-04-04;2024-04-08;11000;12500;FR001400L834;OAT 3,5% 25 novembre 2033;12328;6571;1,88;0;6571;0,0287;1,0525;;OAT;0,035;2033-11-25;OAT 3,5% 25 novembre 2033;9,643;
adju_LT;2024-04-04;2024-04-08;11000;12500;FR001400OHF4;OAT 3,25% 25 mai 2055;4611;1670;2,76;0;1670;0,0338;0,9749;;OAT;0,0325;2055-05-25;OAT 3,25% 25 mai 2055;31,138;
adju_I;2024-04-18;2024-04-22;1500;2000;FR0013410552;OAT€i 0,1% 1 mars 2029;1521;573;2,65;0;573;0,0044;0,9839;1,18814;OAT€i;0,001;2029-03-01;OAT€i 0,1% 1 mars 2029;4,868;inflation_zone_euro
adju_MT;2024-04-18;2024-04-22;11000;12500;FR0014003513;OAT 0% 25 février 2027;6765;2637;2,57;0;2637;0,0285;0,9231;;OAT;0;2027-02-25;OAT 0% 25 février 2027;2,856;
adju_MT;2024-04-18;2024-04-22;11000;12500;FR0014007L00;OAT 0% 25 mai 2032;4031;1371;2,94;0;1371;0,0283;0,7978;;OAT;0;2032-05-25;OAT 0% 25 mai 2032;8,101;
adju_I;2024-04-18;2024-04-22;1500;2000;FR0014008181;OAT€i 0,1% 25 juillet 2053;775;287;2,7;0;287;0,0073;0,835;1,15694;OAT€i;0,001;2053-07-25;OAT€i 0,1% 25 juillet 2053;29,268;inflation_zone_euro
adju_I;2024-04-18;2024-04-22;1500;2000;FR001400IKW5;OATi 0,55% 1 mars 2039;1012;445;2,27;0;445;0,0084;0,96;1,03908;OATi;0,0055;2039-03-01;OATi 0,55% 1 mars 2039;14,867;inflation_france
adju_I;2024-04-18;2024-04-22;1500;2000;FR001400JI88;OAT€i 0,6% 25 juillet 2034;1613;680;2,37;0;680;0,006;0,9998;1,07065;OAT€i;0,006;2034-07-25;OAT€i 0,6% 25 juillet 2034;10,267;inflation_zone_euro
adju_MT;2024-04-18;2024-04-22;11000;12500;FR001400NBC6;OAT 2,5% 24 septembre 2027;7875;3238;2,43;0;3238;0,0283;0,9893;;OAT;0,025;2027-09-24;OAT 2,5% 24 septembre 2027;3,433;
adju_MT;2024-04-18;2024-04-22;11000;12500;FR001400PM68;OAT 2,75% 25 février 2030;10747;5171;2,08;0;5171;0,0279;0,9978;;OAT;0,0275;2030-02-25;OAT 2,75% 25 février 2030;5,856;
adju_LT;2024-05-02;2024-05-06;10500;12000;FR0013313582;OAT 1,25% 25 mai 2034;7005;3215;2,18;493;3708;0,0303;0,8475;;OAT;0,0125;2034-05-25;OAT 1,25% 25 mai 2034;10,062;
adju_LT;2024-05-02;2024-05-06;10500;12000;FR001400CMX2;OAT 2,5% 25 mai 2043;6620;2623;2,52;795;3418;0,0336;0,88;;OAT;0,025;2043-05-25;OAT 2,5% 25 mai 2043;19,061;
adju_LT;2024-05-02;2024-05-06;10500;12000;FR001400L834;OAT 3,5% 25 novembre 2033;10155;4324;2,35;1277;5601;0,0301;1,0396;;OAT;0,035;2033-11-25;OAT 3,5% 25 novembre 2033;9,566;
adju_LT;2024-05-02;2024-05-06;10500;12000;FR001400OHF4;OAT 3,25% 25 mai 2055;4860;1764;2,76;426;2190;0,0347;0,9591;;OAT;0,0325;2055-05-25;OAT 3,25% 25 mai 2055;31,061;
adju_MT;2024-05-16;2024-05-20;10500;12000;FR0011883966;OAT 2,5% 25 mai 2030;5250;1842;2,85;0;1842;0,0273;0,9873;;OAT;0,025;2030-05-25;OAT 2,5% 25 mai 2030;6,023;
adju_I;2024-05-16;2024-05-20;1500;2000;FR0013238268;OATi 0,1% 1 mars 2028;1651;520;3,18;0;520;0,0086;0,9718;1,18256;OATi;0,001;2028-03-01;OATi 0,1% 1 mars 2028;3,792;inflation_france
adju_I;2024-05-16;2024-05-20;1500;2000;FR0013410552;OAT€i 0,1% 1 mars 2029;2045;798;2,56;0;798;0,0057;0,9779;1,19583;OAT€i;0,001;2029-03-01;OAT€i 0,1% 1 mars 2029;4,791;inflation_zone_euro
adju_I;2024-05-16;2024-05-20;1500;2000;FR0014003N51;OATi 0,1% 1 mars 2032;1576;493;3,2;0;493;0,0064;0,9594;1,13655;OATi;0,001;2032-03-01;OATi 0,1% 1 mars 2032;7,792;inflation_france
adju_I;2024-05-16;2024-05-20;1500;2000;FR0014008181;OAT€i 0,1% 25 juillet 2053;669;185;3,62;0;185;0,0074;0,833;1,16444;OAT€i;0,001;2053-07-25;OAT€i 0,1% 25 juillet 2053;29,191;inflation_zone_euro
adju_MT;2024-05-16;2024-05-20;10500;12000;FR001400HI98;OAT 2,75% 25 février 2029;7440;2757;2,7;0;2757;0,0276;0,9994;;OAT;0,0275;2029-02-25;OAT 2,75% 25 février 2029;4,78;
adju_MT;2024-05-16;2024-05-20;10500;12000;FR001400NBC6;OAT 2,5% 24 septembre 2027;10411;4209;2,47;0;4209;0,0284;0,9891;;OAT;0,025;2027-09-24;OAT 2,5% 24 septembre 2027;3,357;
adju_MT;2024-05-16;2024-05-20;10500;12000;FR001400PM68;OAT 2,75% 25 février 2030;8459;3190;2,65;0;3190;0,0277;0,999;;OAT;0,0275;2030-02-25;OAT 2,75% 25 février 2030;5,78;
adju_LT;2024-06-06;2024-06-10;10500;12000;FR0014009O62;OAT 1,25% 25 mai 2038;6694;2870;2,33;0;2870;0,0321;0,7823;;OAT;0,0125;2038-05-25;OAT 1,25% 25 mai 2038;13,966;
adju_LT;2024-06-06;2024-06-10;10500;12000;FR001400OHF4;OAT 3,25% 25 mai 2055;5595;1956;2,86;0;1956;0,0346;0,9603;;OAT;0,0325;2055-05-25;OAT 3,25% 25 mai 2055;30,965;
adju_LT;2024-06-06;2024-06-10;10500;12000;FR001400QMF9;OAT 3% 25 novembre 2034;14118;7174;1,97;0;7174;0,0305;0,9951;;OAT;0,03;2034-11-25;OAT 3% 25 novembre 2034;10,47;
adju_MT;2024-06-20;2024-06-24;8000;10500;FR0000571218;OAT 5,5% 25 avril 2029;6372;2379;2,68;721;3100;0,0303;1,1093;;OAT;0,055;2029-04-25;OAT 5,5% 25 avril 2029;4,846;
adju_I;2024-06-20;2024-06-24;1500;2250;FR0011008705;OAT€i 1,85% 25 juillet 2027;2049;902;2,27;227;1129;0,009;1,0289;1,33797;OAT€i;0,0185;2027-07-25;OAT€i 1,85% 25 juillet 2027;3,094;inflation_zone_euro
adju_MT;2024-06-20;2024-06-24;8000;10500;FR0011317783;OAT 2,75% 25 octobre 2027;6788;3308;2,05;455;3763;0,0304;0,991;;OAT;0,0275;2027-10-25;OAT 2,75% 25 octobre 2027;3,346;
adju_I;2024-06-20;2024-06-24;1500;2250;FR0013327491;OAT€i 0,1% 25 juillet 2036;1643;553;2,97;27;580;0,0103;0,8953;1,23104;OAT€i;0,001;2036-07-25;OAT€i 0,1% 25 juillet 2036;12,096;inflation_zone_euro
adju_I;2024-06-20;2024-06-24;1500;2250;FR0013524014;OATi 0,1% 1 mars 2036;1371;492;2,79;0;492;0,0102;0,8991;1,13869;OATi;0,001;2036-03-01;OATi 0,1% 1 mars 2036;11,696;inflation_france
adju_MT;2024-06-20;2024-06-24;8000;10500;FR0014007L00;OAT 0% 25 mai 2032;4490;1782;2,52;542;2324;0,0305;0,7882;;OAT;0;2032-05-25;OAT 0% 25 mai 2032;7,929;
adju_I;2024-06-20;2024-06-24;1500;2250;FR0014008181;OAT€i 0,1% 25 juillet 2053;1017;300;3,39;0;300;0,0101;0,7717;1,173;OAT€i;0,001;2053-07-25;OAT€i 0,1% 25 juillet 2053;29,095;inflation_zone_euro
adju_MT;2024-06-20;2024-06-24;8000;10500;FR001400PM68;OAT 2,75% 25 février 2030;7595;3026;2,51;913;3939;0,0301;0,9865;;OAT;0,0275;2030-02-25;OAT 2,75% 25 février 2030;5,684;
adju_LT;2024-07-04;2024-07-08;8000;10500;FR0013154028;OAT 1,75% 25 mai 2066;3136;1199;2,62;367;1566;0,0348;0,6215;;OAT;0,0175;2066-05-25;OAT 1,75% 25 mai 2066;41,889;
adju_LT;2024-07-04;2024-07-08;8000;10500;FR0013313582;OAT 1,25% 25 mai 2034;8644;3592;2,41;1016;4608;0,0323;0,8348;;OAT;0,0125;2034-05-25;OAT 1,25% 25 mai 2034;9,889;
adju_LT;2024-07-04;2024-07-08;8000;10500;FR0014004J31;OAT 0,75% 25 mai 2053;4533;1725;2,63;522;2247;0,0361;0,4925;;OAT;0,0075;2053-05-25;OAT 0,75% 25 mai 2053;28,89;
adju_LT;2024-07-04;2024-07-08;8000;10500;FR001400H7V7;OAT 3% 25 mai 2033;10756;3984;2,7;716;4700;0,0317;0,987;;OAT;0,03;2033-05-25;OAT 3% 25 mai 2033;8,89;
adju_I;2024-07-18;2024-07-22;1750;2500;FR0013238268;OATi 0,1% 1 mars 2028;2146;516;4,16;3;519;0,0111;0,9645;1,1899;OATi;0,001;2028-03-01;OATi 0,1% 1 mars 2028;3,619;inflation_france
adju_MT;2024-07-18;2024-07-22;9500;11500;FR0013250560;OAT 1% 25 mai 2027;7856;3177;2,47;628;3805;0,0286;0,95;;OAT;0,01;2027-05-25;OAT 1% 25 mai 2027;2,85;
adju_I;2024-07-18;2024-07-22;1750;2500;FR0013410552;OAT€i 0,1% 1 mars 2029;2482;812;3,06;0;812;0,0084;0,9667;1,208;OAT€i;0,001;2029-03-01;OAT€i 0,1% 1 mars 2029;4,619;inflation_zone_euro
adju_I;2024-07-18;2024-07-22;1750;2500;FR0014008181;OAT€i 0,1% 25 juillet 2053;1290;400;3,23;0;400;0,0098;0,7796;1,17629;OAT€i;0,001;2053-07-25;OAT€i 0,1% 25 juillet 2053;29,018;inflation_zone_euro
adju_MT;2024-07-18;2024-07-22;9500;11500;FR001400BKZ3;OAT 2% 25 novembre 2032;5362;2088;2,57;0;2088;0,0296;0,9298;;OAT;0,02;2032-11-25;OAT 2% 25 novembre 2032;8,356;
adju_I;2024-07-18;2024-07-22;1750;2500;FR001400JI88;OAT€i 0,6% 25 juillet 2034;2250;768;2,93;0;768;0,0088;0,9736;1,08855;OAT€i;0,006;2034-07-25;OAT€i 0,6% 25 juillet 2034;10,018;inflation_zone_euro
adju_MT;2024-07-18;2024-07-22;9500;11500;FR001400NBC6;OAT 2,5% 24 septembre 2027;7857;3310;2,37;130;3440;0,0286;0,9893;;OAT;0,025;2027-09-24;OAT 2,5% 24 septembre 2027;3,184;
adju_MT;2024-07-18;2024-07-22;9500;11500;FR001400PM68;OAT 2,75% 25 février 2030;7435;2922;2,54;0;2922;0,0287;0,9938;;OAT;0,0275;2030-02-25;OAT 2,75% 25 février 2030;5,607;
adju_LT;2024-08-01;2024-08-05;9000;10500;FR0010171975;OAT 4% 25 avril 2055;4066;2009;2,02;513;2522;0,0349;1,0949;;OAT;0,04;2055-04-25;OAT 4% 25 avril 2055;30,73;
adju_LT;2024-08-01;2024-08-05;9000;10500;FR0014009O62;OAT 1,25% 25 mai 2038;4358;1856;2,35;295;2151;0,0321;0,7841;;OAT;0,0125;2038-05-25;OAT 1,25% 25 mai 2038;13,812;
adju_LT;2024-08-01;2024-08-05;9000;10500;FR001400CMX2;OAT 2,5% 25 mai 2043;4548;1676;2,71;503;2179;0,0336;0,8811;;OAT;0,025;2043-05-25;OAT 2,5% 25 mai 2043;18,812;
adju_LT;2024-08-01;2024-08-05;9000;10500;FR001400QMF9;OAT 3% 25 novembre 2034;11150;4956;2,25;1309;6265;0,0301;0,999;;OAT;0,03;2034-11-25;OAT 3% 25 novembre 2034;10,316;
adju_I;2024-08-14;2024-08-19;1250;2000;FR0013327491;OAT€i 0,1% 25 juillet 2036;1164;297;3,92;0;297;0,0094;0,9055;1,23665;OAT€i;0,001;2036-07-25;OAT€i 0,1% 25 juillet 2036;11,945;inflation_zone_euro
adju_I;2024-08-14;2024-08-19;1250;2000;FR0013410552;OAT€i 0,1% 1 mars 2029;2055;737;2,79;0;737;0,0075;0,9713;1,21012;OAT€i;0,001;2029-03-01;OAT€i 0,1% 1 mars 2029;4,545;inflation_zone_euro
adju_I;2024-08-14;2024-08-19;1250;2000;FR0013524014;OATi 0,1% 1 mars 2036;1649;665;2,48;0;665;0,0101;0,9014;1,14094;OATi;0,001;2036-03-01;OATi 0,1% 1 mars 2036;11,546;inflation_france
adju_MT;2024-08-14;2024-08-19;7500;9000;FR0014002WK3;OAT 0% 25 novembre 2031;4150;1698;2,44;0;1698;0,027;0,82413869;;OAT;0;2031-11-25;OAT 0% 25 novembre 2031;7,28;
adju_MT;2024-08-14;2024-08-19;7500;9000;FR0014003513;OAT 0% 25 février 2027;5030;1832;2,75;0;1832;0,0257;0,93819181;;OAT;0;2027-02-25;OAT 0% 25 février 2027;2,533;
adju_I;2024-08-14;2024-08-19;1250;2000;FR0014008181;OAT€i 0,1% 25 juillet 2053;728;300;2,43;0;300;0,0101;0,7737;1,17835;OAT€i;0,001;2053-07-25;OAT€i 0,1% 25 juillet 2053;28,945;inflation_zone_euro
adju_MT;2024-08-14;2024-08-19;7500;9000;FR001400HI98;OAT 2,75% 25 février 2029;6071;2662;2,28;0;2662;0,026;1,00618377;;OAT;0,0275;2029-02-25;OAT 2,75% 25 février 2029;4,534;
adju_MT;2024-08-14;2024-08-19;7500;9000;FR001400PM68;OAT 2,75% 25 février 2030;7022;2806;2,5;0;2806;0,0265;1,00507038;;OAT;0,0275;2030-02-25;OAT 2,75% 25 février 2030;5,533;
adju_LT;2024-09-05;2024-09-09;10000;12000;FR0013154044;OAT 1,25% 25 mai 2036;5561;1400;3,97;301;1701;0,0304;0,8259;;OAT;0,0125;2036-05-25;OAT 1,25% 25 mai 2036;11,718;
adju_LT;2024-09-05;2024-09-09;10000;12000;FR0013515806;OAT 0,5% 25 mai 2040;4950;1779;2,78;454;2233;0,0323;0,6683;;OAT;0,005;2040-05-25;OAT 0,5% 25 mai 2040;15,718;
adju_LT;2024-09-05;2024-09-09;10000;12000;FR001400OHF4;OAT 3,25% 25 mai 2055;4911;1848;2,66;563;2411;0,0349;0,9543;;OAT;0,0325;2055-05-25;OAT 3,25% 25 mai 2055;30,716;
adju_LT;2024-09-05;2024-09-09;10000;12000;FR001400QMF9;OAT 3% 25 novembre 2034;15282;6969;2,19;1689;8658;0,0295;1,0046;;OAT;0,03;2034-11-25;OAT 3% 25 novembre 2034;10,22;
adju_I;2024-09-19;2024-09-23;1500;2000;FR0000188799;OAT€i 3,15% 25 juillet 2032;1334;330;4,04;0;330;0,0076;1,1807;1,55514;OAT€i;0,0315;2032-07-25;OAT€i 3,15% 25 juillet 2032;7,847;inflation_zone_euro
adju_I;2024-09-19;2024-09-23;1500;2000;FR0010447367;OAT€i 1,8% 25 juillet 2040;1408;530;2,66;0;530;0,0113;1,0967;1,44055;OAT€i;0,018;2040-07-25;OAT€i 1,8% 25 juillet 2040;15,847;inflation_zone_euro
adju_I;2024-09-19;2024-09-23;1500;2000;FR0014003N51;OATi 0,1% 1 mars 2032;2353;816;2,88;0;816;0,0092;0,941;1,14621;OATi;0,001;2032-03-01;OATi 0,1% 1 mars 2032;7,447;inflation_france
adju_I;2024-09-19;2024-09-23;1500;2000;FR0014008181;OAT€i 0,1% 25 juillet 2053;870;323;2,69;0;323;0,011;0,7533;1,17884;OAT€i;0,001;2053-07-25;OAT€i 0,1% 25 juillet 2053;28,846;inflation_zone_euro
adju_MT;2024-09-19;2024-09-23;10000;12000;FR001400AIN5;OAT 0,75% 25 février 2028;5752;1952;2,95;0;1952;0,0246;0,9443;;OAT;0,0075;2028-02-25;OAT 0,75% 25 février 2028;3,433;
adju_MT;2024-09-19;2024-09-23;10000;12000;FR001400BKZ3;OAT 2% 25 novembre 2032;6459;2407;2,68;0;2407;0,0277;0,9442;;OAT;0,02;2032-11-25;OAT 2% 25 novembre 2032;8,183;
adju_MT;2024-09-19;2024-09-23;10000;12000;FR001400NBC6;OAT 2,5% 24 septembre 2027;10100;4070;2,48;0;4070;0,0245;1,0013;;OAT;0,025;2027-09-24;OAT 2,5% 24 septembre 2027;3,012;
adju_MT;2024-09-19;2024-09-23;10000;12000;FR001400PM68;OAT 2,75% 25 février 2030;9125;3567;2,56;0;3567;0,0262;1,0064;;OAT;0,0275;2030-02-25;OAT 2,75% 25 février 2030;5,435;
adju_LT;2024-10-03;2024-10-07;10000;12000;FR0013313582;OAT 1,25% 25 mai 2034;6328;2485;2,55;0;2485;0,0286;0,8658;;OAT;0,0125;2034-05-25;OAT 1,25% 25 mai 2034;9,64;
adju_LT;2024-10-03;2024-10-07;10000;12000;FR001400NEF3;OAT 3% 25 juin 2049;5540;1917;2,89;0;1917;0,0342;0,9306;;OAT;0,03;2049-06-25;OAT 3% 25 juin 2049;24,726;
adju_LT;2024-10-03;2024-10-07;10000;12000;FR001400OHF4;OAT 3,25% 25 mai 2055;4823;1415;3,41;0;1415;0,0355;0,9449;;OAT;0,0325;2055-05-25;OAT 3,25% 25 mai 2055;30,639;
adju_LT;2024-10-03;2024-10-07;10000;12000;FR001400QMF9;OAT 3% 25 novembre 2034;13231;6165;2,15;0;6165;0,0292;1,0072;;OAT;0,03;2034-11-25;OAT 3% 25 novembre 2034;10,144;
adju_I;2024-10-17;2024-10-21;1750;2500;FR0010447367;OAT€i 1,8% 25 juillet 2040;892;351;2,54;2;353;0,0106;1,1075;1,44162;OAT€i;0,018;2040-07-25;OAT€i 1,8% 25 juillet 2040;15,77;inflation_zone_euro
adju_MT;2024-10-17;2024-10-21;10000;12000;FR0013286192;OAT 0,75% 25 mai 2028;4917;1396;3,52;426;1822;0,0245;0,9422;;OAT;0,0075;2028-05-25;OAT 0,75% 25 mai 2028;3,603;
adju_I;2024-10-17;2024-10-21;1750;2500;FR0013410552;OAT€i 0,1% 1 mars 2029;1897;843;2,25;213;1056;0,0069;0,9746;1,21152;OAT€i;0,001;2029-03-01;OAT€i 0,1% 1 mars 2029;4,37;inflation_zone_euro
adju_I;2024-10-17;2024-10-21;1750;2500;FR0013524014;OATi 0,1% 1 mars 2036;1373;513;2,68;128;641;0,0103;0,9006;1,14746;OATi;0,001;2036-03-01;OATi 0,1% 1 mars 2036;11,37;inflation_france
adju_MT;2024-10-17;2024-10-21;10000;12000;FR001400HI98;OAT 2,75% 25 février 2029;8886;3640;2,44;1098;4738;0,0253;1,0089;;OAT;0,0275;2029-02-25;OAT 2,75% 25 février 2029;4,359;
adju_I;2024-10-17;2024-10-21;1750;2500;FR001400JI88;OAT€i 0,6% 25 juillet 2034;1300;548;2,37;50;598;0,0086;0,9762;1,09173;OAT€i;0,006;2034-07-25;OAT€i 0,6% 25 juillet 2034;9,769;inflation_zone_euro
adju_MT;2024-10-17;2024-10-21;10000;12000;FR001400NBC6;OAT 2,5% 24 septembre 2027;9670;3932;2,46;600;4532;0,0242;1,0023;;OAT;0,025;2027-09-24;OAT 2,5% 24 septembre 2027;2,935;
adju_MT;2024-10-17;2024-10-21;10000;12000;FR001400PM68;OAT 2,75% 25 février 2030;7811;3027;2,58;881;3908;0,0261;1,0068;;OAT;0,0275;2030-02-25;OAT 2,75% 25 février 2030;5,358;
adju_LT;2024-11-07;2024-11-11;10500;12500;FR0010070060;OAT 4.75% 25 avril 2035;4636;2350;1,97;666;3016;0,0324;1,1315;;OAT;0,0475;2035-04-25;OAT 4,75% 25 avril 2035;10,461;
adju_LT;2024-11-07;2024-11-11;10500;12500;FR0014002JM6;OAT 0.5% 25 juin 2044;3984;1195;3,33;365;1560;0,0355;0,5745;;OAT;0,005;2044-06-25;OAT 0,5% 25 juin 2044;19,63;
adju_LT;2024-11-07;2024-11-11;10500;12500;FR001400OHF4;OAT 3.25% 25 mai 2055;5710;2014;2,84;608;2622;0,0378;0,9048;;OAT;0,0325;2055-05-25;OAT 3,25% 25 mai 2055;30,543;
adju_LT;2024-11-07;2024-11-11;10500;12500;FR001400QMF9;OAT 3% 25 novembre 2034;13769;6938;1,98;1492;8430;0,0324;0,9794;;OAT;0,03;2034-11-25;OAT 3% 25 novembre 2034;10,048;
adju_I;2024-11-21;2024-11-25;1500;2250;FR0000188799;OAT€i 3.15% 25 juillet 2032;2327;821;2,83;241;1062;0,0088;1,1676;1,55576;OAT€i;0,0315;2032-07-25;OAT€i 3,15% 25 juillet 2032;7,674;inflation_zone_euro
adju_I;2024-11-21;2024-11-25;1500;2250;FR0010447367;OAT€i 1.8% 25 juillet 2040;957;324;2,95;0;324;0,0119;1,086;1,44112;OAT€i;0,018;2040-07-25;OAT€i 1,8% 25 juillet 2040;15,674;inflation_zone_euro
adju_MT;2024-11-21;2024-11-25;9000;11000;FR0013341682;OAT 0.75% 25 novembre 2028;6602;2255;2,93;672;2927;0,026;0,9307;;OAT;0,0075;2028-11-25;OAT 0,75% 25 novembre 2028;4,011;
adju_MT;2024-11-21;2024-11-25;9000;11000;FR0013516549;OAT 0% 25 novembre 2030;3696;1223;3,02;355;1578;0,0276;0,8493;;OAT;0;2030-11-25;OAT 0% 25 novembre 2030;6,01;
adju_I;2024-11-21;2024-11-25;1500;2250;FR0013524014;OATi 0.1% 1 mars 2036;1113;398;2,8;120;518;0,0118;0,8868;1,13806;OATi;0,001;2036-03-01;OATi 0,1% 1 mars 2036;11,274;inflation_france
adju_I;2024-11-21;2024-11-25;1500;2250;FR001400JI88;OAT€i 0.6% 25 juillet 2034;1943;705;2,76;204;909;0,0103;0,9605;1,09135;OAT€i;0,006;2034-07-25;OAT€i 0,6% 25 juillet 2034;9,673;inflation_zone_euro
adju_MT;2024-11-21;2024-11-25;9000;11000;FR001400NBC6;OAT 2.5% 24 septembre 2027;9413;3811;2,47;613;4424;0,0245;1,0013;;OAT;0,025;2027-09-24;OAT 2,5% 24 septembre 2027;2,839;
adju_MT;2024-11-21;2024-11-25;9000;11000;FR001400PM68;OAT 2.75% 25 février 2030;10053;3708;2,71;1116;4824;0,0274;1,0005;;OAT;0,0275;2030-02-25;OAT 2,75% 25 février 2030;5,262;
adju_MLT;2024-12-05;2024-12-09;3000;5000;FR0010371401;OAT 4% 25 octobre 2038;3013;1056;2,85;323;1379;0,031;1,1002;;OAT;0,04;2038-10-25;OAT 4% 25 octobre 2038;13,886;
adju_MLT;2024-12-05;2024-12-09;3000;5000;FR0013404969;OAT 1,5% 25 mai 2050;2669;882;3,03;271;1153;0,033;0,6926;;OAT;0,015;2050-05-25;OAT 1,5% 25 mai 2050;25,467;
adju_MLT;2024-12-05;2024-12-09;3000;5000;FR0013515806;OAT 0,5% 25 mai 2040;3629;1573;2,31;393;1966;0,0317;0,6778;;OAT;0,005;2040-05-25;OAT 0,5% 25 mai 2040;15,469;
adju_MLT;2024-12-05;2024-12-09;3000;5000;FR0014001NN8;OAT 0,5% 25 mai 2072;3730;1086;3,43;168;1254;0,0293;0,3815;;OAT;0,005;2072-05-25;OAT 0,5% 25 mai 2072;47,469;
adju_LT;2025-01-09;2025-01-13;11000;13000;FR0013154044;OAT 1,25% 25 mai 2036;5246;1840;2,85;0;1840;0,0349;0,7924;;OAT;0,0125;2036-05-25;OAT 1,25% 25 mai 2036;11,373;
adju_LT;2025-01-09;2025-01-13;11000;13000;FR001400CMX2;OAT 2,5% 25 mai 2043;5685;1945;2,92;375;2320;0,0377;0,8338;;OAT;0,025;2043-05-25;OAT 2,5% 25 mai 2043;18,371;
adju_LT;2025-01-09;2025-01-13;11000;13000;FR001400OHF4;OAT 3,25% 25 mai 2055;5100;2153;2,37;592;2745;0,0393;0,88;;OAT;0,0325;2055-05-25;OAT 3,25% 25 mai 2055;30,371;
adju_LT;2025-01-09;2025-01-13;11000;13000;FR001400QMF9;OAT 3% 25 novembre 2034;13997;7059;1,98;0;7059;0,034;0,9669;;OAT;0,03;2034-11-25;OAT 3% 25 novembre 2034;9,875;
adju_MT;2025-01-23;2025-01-27;11000;13000;FR0000571218;OAT 5,5% 25 avril 2029;9487;1796;5,28;0;1796;0,0274;1,1089;;OAT;0,055;2029-04-25;OAT 5,5% 25 avril 2029;4,252;
adju_I;2025-01-23;2025-01-27;1500;2250;FR0010447367;OAT€i 1,8% 25 juillet 2040;1213;473;2,56;5;478;0,0138;1,0579;1,4416;OAT€i;0,018;2040-07-25;OAT€i 1,8% 25 juillet 2040;15,502;inflation_zone_euro
adju_I;2025-01-23;2025-01-27;1500;2250;FR0014008181;OAT€i 0,1% 25 juillet 2053;782;243;3,22;15;258;0,0135;0,7057;1,1797;OAT€i;0,001;2053-07-25;OAT€i 0,1% 25 juillet 2053;28,501;inflation_zone_euro
adju_I;2025-01-23;2025-01-27;1500;2250;FR001400IKW5;OATi 0,55% 1 mars 2039;1807;719;2,51;47;766;0,0141;0,8903;1,04644;OATi;0,0055;2039-03-01;OATi 0,55% 1 mars 2039;14,1;inflation_france
adju_I;2025-01-23;2025-01-27;1500;2250;FR001400JI88;OAT€i 0,6% 25 juillet 2034;2097;814;2,58;0;814;0,0114;0,9519;1,09171;OAT€i;0,006;2034-07-25;OAT€i 0,6% 25 juillet 2034;9,5;inflation_zone_euro
adju_MT;2025-01-23;2025-01-27;11000;13000;FR001400NBC6;OAT 2,5% 24 septembre 2027;11469;3522;3,26;0;3522;0,0251;0,9997;;OAT;0,025;2027-09-24;OAT 2,5% 24 septembre 2027;2,667;
adju_MT;2025-01-23;2025-01-27;11000;13000;FR001400PM68;OAT 2,75% 25 février 2030;19952;7674;2,6;0;7674;0,0284;0,9955;;OAT;0,0275;2030-02-25;OAT 2,75% 25 février 2030;5,09;
adju_LT;2025-02-06;2025-02-10;11000;13000;FR0013154044;OAT 1,25% 25 mai 2036;9103;1589;5,73;0;1589;0,032;0,8177;;OAT;0,0125;2036-05-25;OAT 1,25% 25 mai 2036;11,296;
adju_LT;2025-02-06;2025-02-10;11000;13000;FR0014009O62;OAT 1,25% 25 mai 2038;7742;1604;4,83;0;1604;0,0333;0,7797;;OAT;0,0125;2038-05-25;OAT 1,25% 25 mai 2038;13,295;
adju_LT;2025-02-06;2025-02-10;11000;13000;FR001400OHF4;OAT 3,25% 25 mai 2055;4996;1165;4,29;0;1165;0,0366;0,9258;;OAT;0,0325;2055-05-25;OAT 3,25% 25 mai 2055;30,294;
adju_LT;2025-02-06;2025-02-10;11000;13000;FR001400X8V5;OAT 3,2% 25 mai 2035;19264;8641;2,23;0;8641;0,0315;1,0047;;OAT;0,032;2035-05-25;OAT 3,2% 25 mai 2035;10,294;
adju_I;2025-02-20;2025-02-24;1500;2250;FR0013327491;OAT€i 0,1% 25 juillet 2036;1180;316;3,73;38;354;0,012;0,8833;1,24103;OAT€i;0,001;2036-07-25;OAT€i 0,1% 25 juillet 2036;11,425;inflation_zone_euro
adju_MT;2025-02-20;2025-02-24;11500;13500;FR0013451507;OAT 0% 25 novembre 2029;9740;1796;5,42;605;2401;0,027;0,881;;OAT;0;2029-11-25;OAT 0% 25 novembre 2029;4,761;
adju_I;2025-02-20;2025-02-24;1500;2250;FR0014001N38;OAT€i 0,1% 25 juillet 2031;1686;524;3,22;132;656;0,0083;0,9543;1,20437;OAT€i;0,001;2031-07-25;OAT€i 0,1% 25 juillet 2031;6,423;inflation_zone_euro
adju_I;2025-02-20;2025-02-24;1500;2250;FR0014003N51;OATi 0,1% 1 mars 2032;2486;926;2,68;306;1232;0,0115;0,9295;1,14171;OATi;0,001;2032-03-01;OATi 0,1% 1 mars 2032;7,025;inflation_france
adju_MT;2025-02-20;2025-02-24;11500;13500;FR001400PM68;OAT 2,75% 25 février 2030;21732;7498;2,9;2597;10095;0,0275;1,0001;;OAT;0,0275;2030-02-25;OAT 2,75% 25 février 2030;5,013;
adju_I;2025-02-20;2025-02-24;1500;2250;FR001400QCA1;OAT€i 0,95% 25 juillet 2043;1644;465;3,54;170;635;0,0141;0,9251;1,02943;OAT€i;0,0095;2043-07-25;OAT€i 0,95% 25 juillet 2043;18,423;inflation_zone_euro
adju_MT;2025-02-20;2025-02-24;11500;13500;FR001400XLW2;OAT 2,4% 24 septembre 2028;14594;4195;3,48;853;5048;0,0257;0,9941;;OAT;0,024;2028-09-24;OAT 2,4% 24 septembre 2028;3,592;
adju_LT;2025-03-06;2025-03-10;11000;13000;FR0010070060;OAT 4,75% 25 avril 2035;7895;2898;2,72;1018;3916;0,0351;1,1037;;OAT;0,0475;2035-04-25;OAT 4,75% 25 avril 2035;10,136;
adju_LT;2025-03-06;2025-03-10;11000;13000;FR0013234333;OAT 1,75% 25 juin 2039;4013;1194;3,36;0;1194;0,0371;0,7855;;OAT;0,0175;2039-06-25;OAT 1,75% 25 juin 2039;14,303;
adju_LT;2025-03-06;2025-03-10;11000;13000;FR001400CMX2;OAT 2,5% 25 mai 2043;5991;2520;2,38;0;2520;0,0388;0,8217;;OAT;0,025;2043-05-25;OAT 2,5% 25 mai 2043;18,218;
adju_LT;2025-03-06;2025-03-10;11000;13000;FR001400X8V5;OAT 3,2% 25 mai 2035;18301;6383;2,87;2242;8625;0,0354;0,9708;;OAT;0,032;2035-05-25;OAT 3,2% 25 mai 2035;10,218;
adju_I;2025-03-20;2025-03-24;1500;2000;FR0010447367;OAT€i 1,8% 25 juillet 2040;859;208;4,13;0;208;0,0148;1,0438;1,44266;OAT€i;0,018;2040-07-25;OAT€i 1,8% 25 juillet 2040;15,348;inflation_zone_euro
adju_I;2025-03-20;2025-03-24;1500;2000;FR0013524014;OATi 0,1% 1 mars 2036;2170;781;2,78;0;781;0,0145;0,8643;1,13973;OATi;0,001;2036-03-01;OATi 0,1% 1 mars 2036;10,949;inflation_france
adju_MT;2025-03-20;2025-03-24;11500;13500;FR0014007L00;OAT 0% 25 mai 2032;12447;3481;3,58;64;3545;0,031;0,8032;;OAT;0;2032-05-25;OAT 0% 25 mai 2032;7,181;
adju_I;2025-03-20;2025-03-24;1500;2000;FR0014008181;OAT€i 0,1% 25 juillet 2053;1020;360;2,83;0;360;0,0157;0,6662;1,18057;OAT€i;0,001;2053-07-25;OAT€i 0,1% 25 juillet 2053;28,348;inflation_zone_euro
adju_MT;2025-03-20;2025-03-24;11500;13500;FR001400H7V7;OAT 3% 25 mai 2033;10196;3216;3,17;0;3216;0,0323;0,9836;;OAT;0,03;2033-05-25;OAT 3% 25 mai 2033;8,181;
adju_I;2025-03-20;2025-03-24;1500;2000;FR001400JI88;OAT€i 0,6% 25 juillet 2034;1400;415;3,37;0;415;0,012;0,9473;1,09251;OAT€i;0,006;2034-07-25;OAT€i 0,6% 25 juillet 2034;9,347;inflation_zone_euro
adju_MT;2025-03-20;2025-03-24;11500;13500;FR001400PM68;OAT 2,75% 25 février 2030;11103;3300;3,36;1165;4465;0,028;0,9976;;OAT;0,0275;2030-02-25;OAT 2,75% 25 février 2030;4,936;
adju_MT;2025-03-20;2025-03-24;11500;13500;FR001400XLW2;OAT 2,4% 24 septembre 2028;12204;3497;3,49;1231;4728;0,0259;0,9935;;OAT;0,024;2028-09-24;OAT 2,4% 24 septembre 2028;3,515;
adju_LT;2025-04-03;2025-04-07;10000;12000;FR001400L834;OAT 3,5% 25 novembre 2033;10849;2620;4,14;608;3228;0,0319;1,0228;;OAT;0,035;2033-11-25;OAT 3,5% 25 novembre 2033;8,646;
adju_LT;2025-04-03;2025-04-07;10000;12000;FR001400X8V5;OAT 3,2% 25 mai 2035;18041;5930;3,04;2039;7969;0,0337;0,9855;;OAT;0,032;2035-05-25;OAT 3,2% 25 mai 2035;10,141;
adju_LT;2025-04-03;2025-04-07;10000;12000;FR001400XJJ3;OAT 3,75% 25 mai 2056;9732;3446;2,82;961;4407;0,0404;0,9484;;OAT;0,0375;2056-05-25;OAT 3,75% 25 mai 2056;31,143;
adju_I;2025-04-17;2025-04-23;1500;2000;FR0013327491;OAT€i 0,1% 25 juillet 2036;977;186;5,25;27;213;0,014;0,8658;1,24187;OAT€i;0,001;2036-07-25;OAT€i 0,1% 25 juillet 2036;11,272;inflation_zone_euro
adju_I;2025-04-17;2025-04-23;1500;2000;FR0014008181;OAT€i 0,1% 25 juillet 2053;951;294;3,23;92;386;0,0168;0,6477;1,18333;OAT€i;0,001;2053-07-25;OAT€i 0,1% 25 juillet 2053;28,271;inflation_zone_euro
adju_MT;2025-04-17;2025-04-23;10000;12000;FR001400BKZ3;OAT 2% 25 novembre 2032;14243;3999;3,56;1408;5407;0,0298;0,9341;;OAT;0,02;2032-11-25;OAT 2% 25 novembre 2032;7,608;
adju_I;2025-04-17;2025-04-23;1500;2000;FR001400IKW5;OATi 0,55% 1 mars 2039;1832;693;2,64;238;931;0,0156;0,8748;1,04935;OATi;0,0055;2039-03-01;OATi 0,55% 1 mars 2039;13,87;inflation_france
adju_I;2025-04-17;2025-04-23;1500;2000;FR001400JI88;OAT€i 0,6% 25 juillet 2034;1953;824;2,37;251;1075;0,0125;0,9432;1,09507;OAT€i;0,006;2034-07-25;OAT€i 0,6% 25 juillet 2034;9,27;inflation_zone_euro
adju_MT;2025-04-17;2025-04-23;10000;12000;FR001400XLW2;OAT 2,4% 24 septembre 2028;12333;3596;3,43;896;4492;0,0232;1,0027;;OAT;0,024;2028-09-24;OAT 2,4% 24 septembre 2028;3,439;
adju_MT;2025-04-17;2025-04-23;10000;12000;FR001400Z2L7;OAT 2,7% 25 février 2031;13852;4396;3,15;1301;5697;0,0273;0,9983;;OAT;0,027;2031-02-25;OAT 2,7% 25 février 2031;5,859;
adju_LT;2025-05-07;2025-05-12;10000;12000;FR0010773192;OAT 4,5% 25 avril 2041;5643;2030;2,78;0;2030;0,0362;1,105;;OAT;0,045;2041-04-25;OAT 4,5% 25 avril 2041;15,967;
adju_LT;2025-05-07;2025-05-12;10000;12000;FR0014009O62;OAT 1,25% 25 mai 2038;8290;2198;3,77;0;2198;0,0351;0,7664;;OAT;0,0125;2038-05-25;OAT 1,25% 25 mai 2038;13,049;
adju_LT;2025-05-07;2025-05-12;10000;12000;FR001400X8V5;OAT 3,2% 25 mai 2035;21785;7768;2,8;0;7768;0,0324;0,9965;;OAT;0,032;2035-05-25;OAT 3,2% 25 mai 2035;10,048;
adju_I;2025-05-22;2025-05-26;1500;2000;FR0000188799;OAT€i 3,15% 25 juillet 2032;1243;379;3,28;60;439;0,0091;1,1547;1,5706;OAT€i;0,0315;2032-07-25;OAT€i 3,15% 25 juillet 2032;7,176;inflation_zone_euro
adju_I;2025-05-22;2025-05-26;1500;2000;FR0010447367;OAT€i 1,8% 25 juillet 2040;763;255;2,99;86;341;0,0158;1,0297;1,45488;OAT€i;0,018;2040-07-25;OAT€i 1,8% 25 juillet 2040;15,176;inflation_zone_euro
adju_I;2025-05-22;2025-05-26;1500;2000;FR0014001N38;OAT€i 0,1% 25 juillet 2031;2458;964;2,55;83;1047;0,0083;0,9565;1,21256;OAT€i;0,001;2031-07-25;OAT€i 0,1% 25 juillet 2031;6,174;inflation_zone_euro
adju_MT;2025-05-22;2025-05-26;10500;12500;FR0014007L00;OAT 0% 25 mai 2032;9320;2455;3,8;867;3322;0,0291;0,8181;;OAT;0;2032-05-25;OAT 0% 25 mai 2032;7,009;
adju_I;2025-05-22;2025-05-26;1500;2000;FR0014008181;OAT€i 0,1% 25 juillet 2053;1199;380;3,16;141;521;0,0173;0,6387;1,19056;OAT€i;0,001;2053-07-25;OAT€i 0,1% 25 juillet 2053;28,175;inflation_zone_euro
adju_MT;2025-05-22;2025-05-26;10500;12500;FR001400XLW2;OAT 2,4% 24 septembre 2028;13156;3940;3,34;749;4689;0,023;1,0032;;OAT;0,024;2028-09-24;OAT 2,4% 24 septembre 2028;3,343;
adju_MT;2025-05-22;2025-05-26;10500;12500;FR001400Z2L7;OAT 2,7% 25 février 2031;15421;6102;2,53;2142;8244;0,0272;0,9989;;OAT;0,027;2031-02-25;OAT 2,7% 25 février 2031;5,763;
adju_LT;2025-06-05;2025-06-09;10000;12000;FR0013154044;OAT 1,25% 25 mai 2036;7807;2476;3,15;0;2476;0,0327;0,8164;;OAT;0,0125;2036-05-25;OAT 1,25% 25 mai 2036;10,971;
adju_LT;2025-06-05;2025-06-09;10000;12000;FR001400X8V5;OAT 3,2% 25 mai 2035;19026;6734;2,83;0;6734;0,0317;1,0024;;OAT;0,032;2035-05-25;OAT 3,2% 25 mai 2035;9,969;
adju_LT;2025-06-05;2025-06-09;10000;12000;FR001400XJJ3;OAT 3,75% 25 mai 2056;6387;2789;2,29;0;2789;0,0395;0,9653;;OAT;0,0375;2056-05-25;OAT 3,75% 25 mai 2056;30,971;
adju_I;2025-06-19;2025-06-23;1250;1750;FR0013238268;OATi 0,1% 1 mars 2028;1840;540;3,41;174;714;0,008;0,9815;1,19698;OATi;0,001;2028-03-01;OATi 0,1% 1 mars 2028;2,7;inflation_france
adju_I;2025-06-19;2025-06-23;1250;1750;FR001400AQH0;OAT€i 0,1% 25 juillet 2038;1243;218;5,7;4;222;0,0144;0,8408;1,19698;OAT€i;0,001;2038-07-25;OAT€i 0,1% 25 juillet 2038;13,098;inflation_zone_euro
adju_I;2025-06-19;2025-06-23;1250;1750;FR001400JI88;OAT€i 0,6% 25 juillet 2034;2262;928;2,44;27;955;0,0117;0,9514;1,1077;OAT€i;0,006;2034-07-25;OAT€i 0,6% 25 juillet 2034;9,098;inflation_zone_euro
adju_MT;2025-06-19;2025-06-23;10000;12000;FR001400PM68;OAT 2,75% 25 février 2030;13481;3541;3,81;468;4009;0,0253;1,0097;;OAT;0,0275;2030-02-25;OAT 2,75% 25 février 2030;4,687;
adju_MT;2025-06-19;2025-06-23;10000;12000;FR001400XLW2;OAT 2,4% 24 septembre 2028;10754;3739;2,88;866;4605;0,0228;1,0037;;OAT;0,024;2028-09-24;OAT 2,4% 24 septembre 2028;3,266;
adju_MT;2025-06-19;2025-06-23;10000;12000;FR001400Z2L7;OAT 2,7% 25 février 2031;16145;4720;3,42;276;4996;0,0269;1,0005;;OAT;0,027;2031-02-25;OAT 2,7% 25 février 2031;5,687;
adju_LT;2025-07-03;2025-07-07;10000;12000;FR001400WYO4;OAT 3,6% 25 mai 2042;6523;2355;2,77;393;2748;0,0372;0,9846;;OAT;0,036;2042-05-25;OAT 3,6% 25 mai 2042;16,893;
adju_LT;2025-07-03;2025-07-07;10000;12000;FR001400X8V5;OAT 3,2% 25 mai 2035;17820;7674;2,32;2693;10367;0,0327;0,9941;;OAT;0,032;2035-05-25;OAT 3,2% 25 mai 2035;9,892;
adju_LT;2025-07-03;2025-07-07;10000;12000;FR001400XJJ3;OAT 3,75% 25 mai 2056;5589;1923;2,91;0;1923;0,0405;0,9478;;OAT;0,0375;2056-05-25;OAT 3,75% 25 mai 2056;30,894;
adju_MT;2025-07-17;2025-07-21;10000;12000;FR0011883966;OAT 2,5% 25 mai 2030;9885;2833;3,49;0;2833;0,0258;0,9964;;OAT;0,025;2030-05-25;OAT 2,5% 25 mai 2030;4,854;
adju_I;2025-07-17;2025-07-21;1000;1500;FR001400AQH0;OAT€i 0,1% 25 juillet 2038;1792;432;4,15;134;566;0,0164;0,8208;1,19832;OAT€i;0,001;2038-07-25;OAT€i 0,1% 25 juillet 2038;13,021;inflation_zone_euro
adju_I;2025-07-17;2025-07-21;1000;1500;FR001400IKW5;OATi 0,55% 1 mars 2039;755;185;4,08;0;185;0,017;0,8618;1,05649;OATi;0,0055;2039-03-01;OATi 0,55% 1 mars 2039;13,621;inflation_france
adju_I;2025-07-17;2025-07-21;1000;1500;FR001400JI88;OAT€i 0,6% 25 juillet 2034;2499;823;3,04;205;1028;0,0132;0,9389;1,10894;OAT€i;0,006;2034-07-25;OAT€i 0,6% 25 juillet 2034;9,021;inflation_zone_euro
adju_MT;2025-07-17;2025-07-21;10000;12000;FR001400XLW2;OAT 2,4% 24 septembre 2028;12848;3953;3,25;0;3953;0,0227;1,004;;OAT;0,024;2028-09-24;OAT 2,4% 24 septembre 2028;3,19;
adju_MT;2025-07-17;2025-07-21;10000;12000;FR001400Z2L7;OAT 2,7% 25 février 2031;14169;5213;2,72;0;5213;0,0274;0,998;;OAT;0,027;2031-02-25;OAT 2,7% 25 février 2031;5,61;
adju_LT;2025-08-07;2025-08-11;8500;10500;FR0010171975;OAT 4% 25 avril 2055;3988;1348;2,96;0;1348;0,0409;0,9844;;OAT;0,04;2055-04-25;OAT 4% 25 avril 2055;29,714;
adju_LT;2025-08-07;2025-08-11;8500;10500;FR0013154044;OAT 1,25% 25 mai 2036;7013;2396;2,93;0;2396;0,0341;0,8076;;OAT;0,0125;2036-05-25;OAT 1,25% 25 mai 2036;10,798;
adju_LT;2025-08-07;2025-08-11;8500;10500;FR0013313582;OAT 1,25% 25 mai 2034;11292;4580;2,47;0;4580;0,0317;0,8546;;OAT;0,0125;2034-05-25;OAT 1,25% 25 mai 2034;8,797;
adju_LT;2025-08-07;2025-08-11;8500;10500;FR0013515806;OAT 0,5% 25 mai 2040;7174;2175;3,3;0;2175;0,037;0,6402;;OAT;0,005;2040-05-25;OAT 0,5% 25 mai 2040;14,798;
adju_I;2025-08-21;2025-08-25;750;1250;FR0000188799;OAT€i 3,15% 25 juillet 2032;1265;399;3,17;62;461;0,0111;1,1353;1,58421;OAT€i;0,0315;2032-07-25;OAT€i 3,15% 25 juillet 2032;6,927;inflation_zone_euro
adju_I;2025-08-21;2025-08-25;750;1250;FR0010447367;OAT€i 1,8% 25 juillet 2040;1074;393;2,73;37;430;0,0176;1,0046;1,46748;OAT€i;0,018;2040-07-25;OAT€i 1,8% 25 juillet 2040;14,927;inflation_zone_euro
adju_MT;2025-08-21;2025-08-25;8500;10500;FR0011883966;OAT 2,5% 25 mai 2030;6293;1345;4,68;0;1345;0,0262;0,9946;;OAT;0,025;2030-05-25;OAT 2,5% 25 mai 2030;4,758;
adju_I;2025-08-21;2025-08-25;750;1250;FR0014008181;OAT€i 0,1% 25 juillet 2053;1091;330;3,31;0;330;0,0198;0,6002;1,20088;OAT€i;0,001;2053-07-25;OAT€i 0,1% 25 juillet 2053;27,926;inflation_zone_euro
adju_MT;2025-08-21;2025-08-25;8500;10500;FR001400XLW2;OAT 2,4% 24 septembre 2028;15618;5154;3,03;0;5154;0,0231;1,0026;;OAT;0,024;2028-09-24;OAT 2,4% 24 septembre 2028;3,094;
adju_MT;2025-08-21;2025-08-25;8500;10500;FR001400Z2L7;OAT 2,7% 25 février 2031;11431;4000;2,86;0;4000;0,0277;0,9962;;OAT;0,027;2031-02-25;OAT 2,7% 25 février 2031;5,514;
adju_LT;2025-09-04;2025-09-08;9500;11000;FR001400WYO4;OAT 3,6% 25 mai 2042;5260;1930;2,73;637;2567;0,0404;0,9474;;OAT;0,036;2042-05-25;OAT 3,6% 25 mai 2042;16,72;
adju_LT;2025-09-04;2025-09-08;9500;11000;FR001400XJJ3;OAT 3,75% 25 mai 2056;4807;1809;2,66;550;2359;0,0443;0,8869;;OAT;0,0375;2056-05-25;OAT 3,75% 25 mai 2056;30,721;
adju_LT;2025-09-04;2025-09-08;9500;11000;FR0014012II5;OAT 3,5% 25 novembre 2035;15805;7261;2,18;2121;9382;0,0357;0,9938;;OAT;0,035;2035-11-25;OAT 3,5% 25 novembre 2035;10,223;
adju_MT;2025-09-18;2025-09-22;9500;11500;FR0013286192;OAT 0,75% 25 mai 2028;7495;2105;3,56;0;2105;0,0226;0,9612;;OAT;0,0075;2028-05-25;OAT 0,75% 25 mai 2028;2,683;
adju_I;2025-09-18;2025-09-22;1000;1500;FR001400AQH0;OAT€i 0,1% 25 juillet 2038;1709;448;3,81;0;448;0,017;0,8173;1,20183;OAT€i;0,001;2038-07-25;OAT€i 0,1% 25 juillet 2038;12,849;inflation_zone_euro
adju_I;2025-09-18;2025-09-22;1000;1500;FR001400IKW5;OATi 0,55% 1 mars 2039;1151;246;4,68;0;246;0,0185;0,8469;1,06165;OATi;0,0055;2039-03-01;OATi 0,55% 1 mars 2039;13,448;inflation_france
adju_I;2025-09-18;2025-09-22;1000;1500;FR001400JI88;OAT€i 0,6% 25 juillet 2034;2203;641;3,44;0;641;0,0137;0,9365;1,11219;OAT€i;0,006;2034-07-25;OAT€i 0,6% 25 juillet 2034;8,849;inflation_zone_euro
adju_MT;2025-09-18;2025-09-22;9500;11500;FR001400L834;OAT 3,5% 25 novembre 2033;8203;2096;3,91;0;2096;0,0322;1,02;;OAT;0,035;2033-11-25;OAT 3,5% 25 novembre 2033;8,186;
adju_MT;2025-09-18;2025-09-22;9500;11500;FR001400XLW2;OAT 2,4% 24 septembre 2028;11526;2871;4,01;0;2871;0,0234;1,0018;;OAT;0,024;2028-09-24;OAT 2,4% 24 septembre 2028;3,017;
adju_MT;2025-09-18;2025-09-22;9500;11500;FR001400Z2L7;OAT 2,7% 25 février 2031;12562;4428;2,84;0;4428;0,0279;0,9955;;OAT;0,027;2031-02-25;OAT 2,7% 25 février 2031;5,437;
adju_LT;2025-10-02;2025-10-06;10000;11500;FR0010870956;OAT 4% 25 avril 2060;3862;1293;2,99;65;1358;0,0439;0,9307;;OAT;0,04;2060-04-25;OAT 4% 25 avril 2060;34,563;
adju_LT;2025-10-02;2025-10-06;10000;11500;FR0013154044;OAT 1,25% 25 mai 2036;7058;2395;2,95;0;2395;0,0357;0,7976;;OAT;0,0125;2036-05-25;OAT 1,25% 25 mai 2036;10,645;
adju_LT;2025-10-02;2025-10-06;10000;11500;FR0014002JM6;OAT 0,5% 25 juin 2044;5615;2322;2,42;0;2322;0,0403;0,5425;;OAT;0,005;2044-06-25;OAT 0,5% 25 juin 2044;18,73;
adju_LT;2025-10-02;2025-10-06;10000;11500;FR0014012II5;OAT 3,5% 25 novembre 2035;13906;5490;2,53;0;5490;0,0351;0,9987;;OAT;0,035;2035-11-25;OAT 3,5% 25 novembre 2035;10,146;
adju_I;2025-10-16;2025-10-20;750;1250;FR0010447367;OAT€i 1,8% 25 juillet 2040;912;177;5,15;0;177;0,0168;1,0151;1,47005;OAT€i;0,018;2040-07-25;OAT€i 1,8% 25 juillet 2040;14,773;inflation_zone_euro
adju_MT;2025-10-16;2025-10-20;9500;11500;FR0011883966;OAT 2,5% 25 mai 2030;6281;2403;2,61;0;2403;0,0248;1,0008;;OAT;0,025;2030-05-25;OAT 2,5% 25 mai 2030;4,605;
adju_MT;2025-10-16;2025-10-20;9500;11500;FR0014002WK3;OAT 0% 25 novembre 2031;5560;1739;3,2;0;1739;0,0274;0,8478;;OAT;0;2031-11-25;OAT 0% 25 novembre 2031;6,108;
adju_I;2025-10-16;2025-10-20;750;1250;FR0014008181;OAT€i 0,1% 25 juillet 2053;1130;327;3,46;0;327;0,0192;0,6107;1,20298;OAT€i;0,001;2053-07-25;OAT€i 0,1% 25 juillet 2053;27,773;inflation_zone_euro
adju_I;2025-10-16;2025-10-20;750;1250;FR001400JI88;OAT€i 0,6% 25 juillet 2034;1660;650;2,55;0;650;0,0125;0,9463;1,11325;OAT€i;0,006;2034-07-25;OAT€i 0,6% 25 juillet 2034;8,772;inflation_zone_euro
adju_MT;2025-10-16;2025-10-20;9500;11500;FR001400XLW2;OAT 2,4% 24 septembre 2028;12766;4707;2,71;0;4707;0,0222;1,005;;OAT;0,024;2028-09-24;OAT 2,4% 24 septembre 2028;2,94;
adju_MT;2025-10-16;2025-10-20;9500;11500;FR001400Z2L7;OAT 2,7% 25 février 2031;9250;2650;3,49;0;2650;0,0263;1,0032;;OAT;0,027;2031-02-25;OAT 2,7% 25 février 2031;5,361;
adju_LT;2025-11-06;2025-11-10;9500;11000;FR001400NEF3;OAT 3% 25 juin 2049;4882;1526;3,2;0;1526;0,0412;0,8323;;OAT;0,03;2049-06-25;OAT 3% 25 juin 2049;23,633;
adju_LT;2025-11-06;2025-11-10;9500;11000;FR001400WYO4;OAT 3,6% 25 mai 2042;6596;2257;2,92;0;2257;0,0392;0,9613;;OAT;0,036;2042-05-25;OAT 3,6% 25 mai 2042;16,548;
adju_LT;2025-11-06;2025-11-10;9500;11000;FR0014012II5;OAT 3,5% 25 novembre 2035;15467;7200;2,15;0;7200;0,0343;1,0055;;OAT;0,035;2035-11-25;OAT 3,5% 25 novembre 2035;10,051;
adju_I;2025-11-20;2025-11-24;500;1000;FR0010447367;OAT€i 1,8% 25 juillet 2040;986;281;3,51;0;281;0,0178;1,0022;1,47194;OAT€i;0,018;2040-07-25;OAT€i 1,8% 25 juillet 2040;14,678;inflation_zone_euro
adju_MT;2025-11-20;2025-11-24;10000;12000;FR0012993103;OAT 1,5% 25 mai 2031;7946;2497;3,18;518;3015;0,0278;0,9353;;OAT;0,015;2031-05-25;OAT 1,5% 25 mai 2031;5,509;
adju_I;2025-11-20;2025-11-24;500;1000;FR0013327491;OAT€i 0,1% 25 juillet 2036;1696;544;3,12;0;544;0,0157;0,8567;1,26412;OAT€i;0,001;2036-07-25;OAT€i 0,1% 25 juillet 2036;10,678;inflation_zone_euro
adju_I;2025-11-20;2025-11-24;500;1000;FR0014008181;OAT€i 0,1% 25 juillet 2053;671;175;3,83;0;175;0,0206;0,5901;1,20453;OAT€i;0,001;2053-07-25;OAT€i 0,1% 25 juillet 2053;27,677;inflation_zone_euro
adju_MT;2025-11-20;2025-11-24;10000;12000;FR001400L834;OAT 3,5% 25 novembre 2033;7017;2565;2,74;300;2865;0,0319;1,0215;;OAT;0,035;2033-11-25;OAT 3,5% 25 novembre 2033;8,014;
adju_MT;2025-11-20;2025-11-24;10000;12000;FR001400XLW2;OAT 2,4% 24 septembre 2028;10294;3911;2,63;225;4136;0,0234;1,0016;;OAT;0,024;2028-09-24;OAT 2,4% 24 septembre 2028;2,845;
adju_MT;2025-11-20;2025-11-24;10000;12000;FR001400Z2L7;OAT 2,7% 25 février 2031;8037;3027;2,66;620;3647;0,0276;0,997;;OAT;0,027;2031-02-25;OAT 2,7% 25 février 2031;5,265;
adju_MLT;2025-12-04;2025-12-08;3500;5500;FR0010070060;OAT 4,75% 25 avril 2035;4063;1787;2,27;0;1787;0,0338;1,1085;;OAT;0,0475;2035-04-25;OAT 4,75% 25 avril 2035;9,388;
adju_MLT;2025-12-04;2025-12-08;3500;5500;FR0010773192;OAT 4,5% 25 avril 2041;2722;841;3,24;0;841;0,0389;1,0697;;OAT;0,045;2041-04-25;OAT 4,5% 25 avril 2041;15,389;
adju_MLT;2025-12-04;2025-12-08;3500;5500;FR0013515806;OAT 0,5% 25 mai 2040;3644;1604;2,27;0;1604;0,0389;0,6306;;OAT;0,005;2040-05-25;OAT 0,5% 25 mai 2040;14,472;
adju_MLT;2025-12-04;2025-12-08;3500;5500;FR001400OHF4;OAT 3,25% 25 mai 2055;2928;831;3,52;0;831;0,0437;0,8165;;OAT;0,0325;2055-05-25;OAT 3,25% 25 mai 2055;29,47;
adju_LT;2026-01-08;2026-01-12;11500;13500;FR0013515806;OAT 0,5% 25 mai 2040;6547;2757;2,37;0;2757;0,0395;0,6273;;OAT;0,005;2040-05-25;OAT 0,5% 25 mai 2040;14,376;
adju_LT;2026-01-08;2026-01-12;11500;13500;FR001400WYO4;OAT 3,6% 25 mai 2042;5672;2679;2,12;0;2679;0,0405;0,9471;;OAT;0,036;2042-05-25;OAT 3,6% 25 mai 2042;16,375;
adju_LT;2026-01-08;2026-01-12;11500;13500;FR001400XJJ3;OAT 3,75% 25 mai 2056;4072;1198;3,4;0;1198;0,0446;0,8822;;OAT;0,0375;2056-05-25;OAT 3,75% 25 mai 2056;30,376;
adju_LT;2026-01-08;2026-01-12;11500;13500;FR0014012II5;OAT 3,5% 25 novembre 2035;13617;6866;1,98;843;7709;0,0353;0,9978;;OAT;0,035;2035-11-25;OAT 3,5% 25 novembre 2035;9,878;
adju_I;2026-01-22;2026-01-26;1250;1750;FR0013327491;OAT€i 0,1% 25 juillet 2036;1234;435;2,84;63;498;0,0156;0,86;1,26396;OAT€i;0,001;2036-07-25;OAT€i 0,1% 25 juillet 2036;10,505;inflation_zone_euro
adju_I;2026-01-22;2026-01-26;1250;1750;FR0013410552;OAT€i 0,1% 1 mars 2029;2739;944;2,9;0;944;0,006;0,9847;1,23684;OAT€i;0,001;2029-03-01;OAT€i 0,1% 1 mars 2029;3,105;inflation_zone_euro
adju_I;2026-01-22;2026-01-26;1250;1750;FR0014008181;OAT€i 0,1% 25 juillet 2053;733;169;4,34;8;177;0,0208;0,5879;1,20437;OAT€i;0,001;2053-07-25;OAT€i 0,1% 25 juillet 2053;27,504;inflation_zone_euro
adju_MT;2026-01-22;2026-01-26;11500;13500;FR001400H7V7;OAT 3% 25 mai 2033;5811;2003;2,9;0;2003;0,0314;0,991;;OAT;0,03;2033-05-25;OAT 3% 25 mai 2033;7,337;
adju_MT;2026-01-22;2026-01-26;11500;13500;FR001400HI98;OAT 2,75% 25 février 2029;14737;5313;2,77;0;5313;0,0241;1,0101;;OAT;0,0275;2029-02-25;OAT 2,75% 25 février 2029;3,094;
adju_I;2026-01-22;2026-01-26;1250;1750;FR001400IKW5;OATi 0,55% 1 mars 2039;947;202;4,69;21;223;0,0194;0,8403;1,05548;OATi;0,0055;2039-03-01;OATi 0,55% 1 mars 2039;13,103;inflation_france
adju_MT;2026-01-22;2026-01-26;11500;13500;FR001400XLW2;OAT 2,4% 24 septembre 2028;8968;3713;2,42;0;3713;0,0234;1,0015;;OAT;0,024;2028-09-24;OAT 2,4% 24 septembre 2028;2,672;
adju_MT;2026-01-22;2026-01-26;11500;13500;FR001400Z2L7;OAT 2,7% 25 février 2031;8631;2470;3,49;0;2470;0,0276;0,9971;;OAT;0,027;2031-02-25;OAT 2,7% 25 février 2031;5,092;
adju_LT;2026-02-05;2026-02-09;11500;13500;FR001400NEF3;OAT 3% 25 juin 2049;3168;1169;2,71;0;1169;0,0424;0,8186;;OAT;0,03;2049-06-25;OAT 3% 25 juin 2049;23,384;
adju_LT;2026-02-05;2026-02-09;11500;13500;FR001400WYO4;OAT 3,6% 25 mai 2042;4163;1719;2,42;0;1719;0,0398;0,9545;;OAT;0,036;2042-05-25;OAT 3,6% 25 mai 2042;16,298;
adju_LT;2026-02-05;2026-02-09;11500;13500;FR001400X8V5;OAT 3,2% 25 mai 2035;12417;4322;2,87;286;4608;0,0338;0,9859;;OAT;0,032;2035-05-25;OAT 3,2% 25 mai 2035;9,298;
adju_LT;2026-02-05;2026-02-09;11500;13500;FR0014012II5;OAT 3,5% 25 novembre 2035;15275;6290;2,43;2208;8498;0,0345;1,0042;;OAT;0,035;2035-11-25;OAT 3,5% 25 novembre 2035;9,802;
adju_I;2026-02-19;2026-02-23;1000;1500;FR0000188799;OAT€i 3,15% 25 juillet 2032;1838;670;2,74;0;670;0,0086;1,1421;1,58993;OAT€i;0,0315;2032-07-25;OAT€i 3,15% 25 juillet 2032;6,428;inflation_zone_euro
adju_I;2026-02-19;2026-02-23;1000;1500;FR0010447367;OAT€i 1,8% 25 juillet 2040;967;300;3,22;101;401;0,0164;1,0203;1,47278;OAT€i;0,018;2040-07-25;OAT€i 1,8% 25 juillet 2040;14,428;inflation_zone_euro
adju_MT;2026-02-19;2026-02-23;11500;13500;FR001400BKZ3;OAT 2% 25 novembre 2032;8918;3030;2,94;1;3031;0,0289;0,9458;;OAT;0,02;2032-11-25;OAT 2% 25 novembre 2032;6,765;
adju_I;2026-02-19;2026-02-23;1000;1500;FR001400JI88;OAT€i 0,6% 25 juillet 2034;1677;525;3,19;0;525;0,0118;0,954;1,11532;OAT€i;0,006;2034-07-25;OAT€i 0,6% 25 juillet 2034;8,427;inflation_zone_euro
adju_MT;2026-02-19;2026-02-23;11500;13500;FR001400Z2L7;OAT 2,7% 25 février 2031;10898;4173;2,61;0;4173;0,0263;1,0035;;OAT;0,027;2031-02-25;OAT 2,7% 25 février 2031;5,016;
adju_MT;2026-02-19;2026-02-23;11500;13500;FR0014016G71;OAT 2,4% 25 septembre 2029;15758;6294;2,5;0;6294;0,024;1;;OAT;0,024;2029-09-25;OAT 2,4% 25 septembre 2029;3,598;
adju_LT;2026-03-05;2026-03-09;11500;13500;FR0013154044;OAT 1,25% 25 mai 2036;6235;2696;2,31;0;2696;0,0346;0,8122;;OAT;0,0125;2036-05-25;OAT 1,25% 25 mai 2036;10,223;
adju_LT;2026-03-05;2026-03-09;11500;13500;FR001400CMX2;OAT 2,5% 25 mai 2043;4944;2015;2,45;0;2015;0,0394;0,8222;;OAT;0,025;2043-05-25;OAT 2,5% 25 mai 2043;17,221;
adju_LT;2026-03-05;2026-03-09;11500;13500;FR0014012II5;OAT 3,5% 25 novembre 2035;14117;6455;2,19;0;6455;0,0339;1,009;;OAT;0,035;2035-11-25;OAT 3,5% 25 novembre 2035;9,725;
adju_LT;2026-03-05;2026-03-09;11500;13500;FR0014015MU5;OAT 4,1% 25 mai 2046;4621;2283;2,02;0;2283;0,0404;1,0087;;OAT;0,041;2046-05-25;OAT 4,1% 25 mai 2046;20,222;
adju_I;2026-03-19;2026-03-23;1000;1500;FR0000186413;OATi 3,4% 25 juillet 2029;1335;395;3,38;0;395;0,0073;1,0878;1,49569;OATi;0,034;2029-07-25;OATi 3,4% 25 juillet 2029;3,351;inflation_france
adju_MT;2026-03-19;2026-03-23;10500;12500;FR0011883966;OAT 2,5% 25 mai 2030;4919;2499;1,97;0;2499;0,0292;0,9837;;OAT;0,025;2030-05-25;OAT 2,5% 25 mai 2030;4,183;
adju_I;2026-03-19;2026-03-23;1000;1500;FR0013327491;OAT€i 0,1% 25 juillet 2036;1093;383;2,85;0;383;0,014;0,8753;1,25992;OAT€i;0,001;2036-07-25;OAT€i 0,1% 25 juillet 2036;10,352;inflation_zone_euro
adju_I;2026-03-19;2026-03-23;1000;1500;FR0014001N38;OAT€i 0,1% 25 juillet 2031;1228;393;3,12;0;393;0,0057;0,9751;1,22271;OAT€i;0,001;2031-07-25;OAT€i 0,1% 25 juillet 2031;5,35;inflation_zone_euro
adju_I;2026-03-19;2026-03-23;1000;1500;FR0014008181;OAT€i 0,1% 25 juillet 2053;794;230;3,45;19;249;0,0199;0,6037;1,20053;OAT€i;0,001;2053-07-25;OAT€i 0,1% 25 juillet 2053;27,351;inflation_zone_euro
adju_MT;2026-03-19;2026-03-23;10500;12500;FR001400L834;OAT 3,5% 25 novembre 2033;3507;1798;1,95;0;1798;0,0342;1,0055;;OAT;0,035;2033-11-25;OAT 3,5% 25 novembre 2033;7,688;
adju_MT;2026-03-19;2026-03-23;10500;12500;FR001400Z2L7;OAT 2,7% 25 février 2031;7873;4201;1,87;0;4201;0,0304;0,9845;;OAT;0,027;2031-02-25;OAT 2,7% 25 février 2031;4,939;
adju_MT;2026-03-19;2026-03-23;10500;12500;FR0014016G71;OAT 2,4% 25 septembre 2029;7506;3901;1,92;0;3901;0,0286;0,9849;;OAT;0,024;2029-09-25;OAT 2,4% 25 septembre 2029;3,521;
adju_LT;2026-04-02;2026-04-08;10500;12500;FR0013257524;OAT 2% 25 mai 2048;2995;1348;2,22;0;1348;0,0435;0,6704;;OAT;0,02;2048-05-25;OAT 2% 25 mai 2048;22,146;
adju_LT;2026-04-02;2026-04-08;10500;12500;FR0014002JM6;OAT 0,5% 25 juin 2044;4131;1721;2,4;0;1721;0,0424;0,5322;;OAT;0,005;2044-06-25;OAT 0,5% 25 juin 2044;18,231;
adju_LT;2026-04-02;2026-04-08;10500;12500;FR001400QMF9;OAT 3% 25 novembre 2034;7275;3246;2,24;0;3246;0,0361;0,9552;;OAT;0,03;2034-11-25;OAT 3% 25 novembre 2034;8,649;
adju_LT;2026-04-02;2026-04-08;10500;12500;FR0014012II5;OAT 3,5% 25 novembre 2035;11644;6185;1,88;0;6185;0,0373;0,9816;;OAT;0,035;2035-11-25;OAT 3,5% 25 novembre 2035;9,648;
adju_MT;2026-04-16;2026-04-20;11000;13000;FR0014007L00;OAT 0% 25 mai 2032;5911;2023;2,92;716;2739;0,0321;0,825;;OAT;0;2032-05-25;OAT 0% 25 mai 2032;6,108;
adju_I;2026-04-16;2026-04-20;1500;2000;FR0014008181;OAT€i 0,1% 25 juillet 2053;989;294;3,36;109;403;0,0204;0,5973;1,20337;OAT€i;0,001;2053-07-25;OAT€i 0,1% 25 juillet 2053;27,274;inflation_zone_euro
adju_I;2026-04-16;2026-04-20;1500;2000;FR001400AQH0;OAT€i 0,1% 25 juillet 2038;1564;664;2,36;213;877;0,0161;0,8328;1,20337;OAT€i;0,001;2038-07-25;OAT€i 0,1% 25 juillet 2038;12,274;inflation_zone_euro
adju_MT;2026-04-16;2026-04-20;11000;13000;FR001400H7V7;OAT 3% 25 mai 2033;5994;2122;2,82;751;2873;0,0334;0,9785;;OAT;0,03;2033-05-25;OAT 3% 25 mai 2033;7,107;
adju_I;2026-04-16;2026-04-20;1500;2000;FR001400IKW5;OATi 0,55% 1 mars 2039;1354;430;3,15;1;431;0,0185;0,8528;1,0561;OATi;0,0055;2039-03-01;OATi 0,55% 1 mars 2039;12,873;inflation_france
adju_I;2026-04-16;2026-04-20;1500;2000;FR001400QCA1;OAT€i 0,95% 25 juillet 2043;1077;310;3,47;114;424;0,0187;0,8651;1,04758;OAT€i;0,0095;2043-07-25;OAT€i 0,95% 25 juillet 2043;17,273;inflation_zone_euro
adju_MT;2026-04-16;2026-04-20;11000;13000;FR001400Z2L7;OAT 2,7% 25 février 2031;10550;4494;2,35;1577;6071;0,0303;0,9852;;OAT;0,027;2031-02-25;OAT 2,7% 25 février 2031;4,862;
adju_MT;2026-04-16;2026-04-20;11000;13000;FR0014016G71;OAT 2,4% 25 septembre 2029;11590;4355;2,66;861;5216;0,0284;0,9857;;OAT;0,024;2029-09-25;OAT 2,4% 25 septembre 2029;3,444;
adju_LT;2026-05-07;2026-05-11;11500;13500;FR001400WYO4;OAT 3,6% 25 mai 2042;5061;2506;2,02;0;2506;0,0409;0,9434;;OAT;0,036;2042-05-25;OAT 3,6% 25 mai 2042;16,049;
adju_LT;2026-05-07;2026-05-11;11500;13500;FR0014012II5;OAT 3,5% 25 novembre 2035;14781;7213;2,05;932;8145;0,0361;0,991;;OAT;0,035;2035-11-25;OAT 3,5% 25 novembre 2035;9,552;
adju_LT;2026-05-07;2026-05-11;11500;13500;FR0014015MU5;OAT 4,1% 25 mai 2046;3633;1867;1,95;0;1867;0,0422;0,9845;;OAT;0,041;2046-05-25;OAT 4,1% 25 mai 2046;20,049;
adju_LT;2026-05-07;2026-05-11;11500;13500;FR0014016CV2;OAT 4,4% 25 mai 2057;3664;1911;1,92;0;1911;0,0448;0,9875;;OAT;0,044;2057-05-25;OAT 4,4% 25 mai 2057;31,05;
adju_I;2026-05-21;2026-05-25;1250;1750;FR0013209871;OAT€i 0,1% 25 juillet 2047;989;303;3,26;108;411;0,0203;0,6712;1,29739;OAT€i;0,001;2047-07-25;OAT€i 0,1% 25 juillet 2047;21,177;inflation_zone_euro
adju_I;2026-05-21;2026-05-25;1250;1750;FR0013327491;OAT€i 0,1% 25 juillet 2036;1187;441;2,69;156;597;0,0149;0,8699;1,27856;OAT€i;0,001;2036-07-25;OAT€i 0,1% 25 juillet 2036;10,179;inflation_zone_euro
adju_I;2026-05-21;2026-05-25;1250;1750;FR0013524014;OATi 0,1% 1 mars 2036;1105;370;2,99;117;487;0,0186;0,8439;1,15881;OATi;0,001;2036-03-01;OATi 0,1% 1 mars 2036;9,78;inflation_france
adju_I;2026-05-21;2026-05-25;1250;1750;FR001400JI88;OAT€i 0,6% 25 juillet 2034;1111;426;2,61;85;511;0,0124;0,9505;1,12742;OAT€i;0,006;2034-07-25;OAT€i 0,6% 25 juillet 2034;8,178;inflation_zone_euro
adju_MT;2026-05-21;2026-05-25;12000;14000;FR001400L834;OAT 3,5% 25 novembre 2033;6231;2400;2,6;849;3249;0,0348;1,0014;;OAT;0,035;2033-11-25;OAT 3,5% 25 novembre 2033;7,515;
adju_MT;2026-05-21;2026-05-25;12000;14000;FR001400PM68;OAT 2,75% 25 février 2030;9462;3118;3,03;1101;4219;0,0299;0,9917;;OAT;0,0275;2030-02-25;OAT 2,75% 25 février 2030;3,767;
adju_MT;2026-05-21;2026-05-25;12000;14000;FR0014016G71;OAT 2,4% 25 septembre 2029;9852;2880;3,42;567;3447;0,0294;0,9831;;OAT;0,024;2029-09-25;OAT 2,4% 25 septembre 2029;3,348;
adju_MT;2026-05-21;2026-05-25;12000;14000;FR0014018OI0;OAT 3,25% 25 février 2032;13519;5600;2,41;1690;7290;0,0325;1;;OAT;0,0325;2032-02-25;OAT 3,25% 25 février 2032;5,766;
adju_LT;2026-06-04;2026-06-08;12000;14000;FR0010371401;OAT 4% 25 octobre 2038;5643;1971;2,86;0;1971;0,0392;1,0076;;OAT;0,04;2038-10-25;OAT 4% 25 octobre 2038;12,392;
adju_LT;2026-06-04;2026-06-08;12000;14000;FR001400WYO4;OAT 3,6% 25 mai 2042;5499;1711;3,21;0;1711;0,0416;0,9358;;OAT;0,036;2042-05-25;OAT 3,6% 25 mai 2042;15,973;
adju_LT;2026-06-04;2026-06-08;12000;14000;FR0014016CV2;OAT 4,4% 25 mai 2057;3635;1090;3,33;0;1090;0,0455;0,9756;;OAT;0,044;2057-05-25;OAT 4,4% 25 mai 2057;30,973;
adju_LT;2026-06-04;2026-06-08;12000;14000;FR0014018YR0;OAT 3,7% 25 novembre 2036;22267;9226;2,41;0;9226;0,038;0,9916;;OAT;0,037;2036-11-25;OAT 3,7% 25 novembre 2036;10,478;
adju_I;2026-06-18;2026-06-22;1000;1500;FR0000188799;OAT€i 3,15% 25 juillet 2032;1375;465;2,96;0;465;0,011;1,12;1,62355;OAT€i;0,0315;2032-07-25;OAT€i 3,15% 25 juillet 2032;6,103;inflation_zone_euro
adju_I;2026-06-18;2026-06-22;1000;1500;FR0010447367;OAT€i 1,8% 25 juillet 2040;993;328;3,03;0;328;0,0179;1,001;1,50392;OAT€i;0,018;2040-07-25;OAT€i 1,8% 25 juillet 2040;14,103;inflation_zone_euro
adju_I;2026-06-18;2026-06-22;1000;1500;FR001400AQH0;OAT€i 0,1% 25 juillet 2038;1275;465;2,74;0;465;0,0172;0,8241;1,2307;OAT€i;0,001;2038-07-25;OAT€i 0,1% 25 juillet 2038;12,101;inflation_zone_euro
adju_MT;2026-06-18;2026-06-22;12000;14000;FR001400BKZ3;OAT 2% 25 novembre 2032;7999;2000;4;0;2000;0,0322;0,9304;;OAT;0,02;2032-11-25;OAT 2% 25 novembre 2032;6,439;
adju_MT;2026-06-18;2026-06-22;12000;14000;FR001400QMF9;OAT 3% 25 novembre 2034;7321;2699;2,71;0;2699;0,0345;0,9674;;OAT;0,03;2034-11-25;OAT 3% 25 novembre 2034;8,438;
adju_MT;2026-06-18;2026-06-22;12000;14000;FR0014016G71;OAT 2,4% 25 septembre 2029;12860;4000;3,22;0;4000;0,0285;0,9861;;OAT;0,024;2029-09-25;OAT 2,4% 25 septembre 2029;3,272;
adju_MT;2026-06-18;2026-06-22;12000;14000;FR0014018OI0;OAT 3,25% 25 février 2032;14079;5300;2,66;0;5300;0,0313;1,006;;OAT;0,0325;2032-02-25;OAT 3,25% 25 février 2032;5,689;
adju_LT;2026-07-02;2026-07-06;12500;14000;FR0010773192;OAT 4,5% 25 avril 2041;4405;2099;2,1;31;2130;0,0403;1,0514;;OAT;0,045;2041-04-25;OAT 4,5% 25 avril 2041;14,815;
adju_LT;2026-07-02;2026-07-06;12500;14000;FR0013154044;OAT 1,25% 25 mai 2036;8950;2700;3,31;285;2985;0,0368;0,8015;;OAT;0,0125;2036-05-25;OAT 1,25% 25 mai 2036;9,897;
adju_LT;2026-07-02;2026-07-06;12500;14000;FR0014015MU5;OAT 4,1% 25 mai 2046;5136;2176;2,36;124;2300;0,0427;0,9769;;OAT;0,041;2046-05-25;OAT 4,1% 25 mai 2046;19,896;
adju_LT;2026-07-02;2026-07-06;12500;14000;FR0014018YR0;OAT 3,7% 25 novembre 2036;16686;7025;2,38;1333;8358;0,0373;0,9974;;OAT;0,037;2036-11-25;OAT 3,7% 25 novembre 2036;10,401;
adju_I;2026-07-16;2026-07-20;1000;1500;FR0010447367;OAT€i 1,8% 25 juillet 2040;1267;415;3,05;135;550;0,0199;0,9766;1,5093;OAT€i;0,018;2040-07-25;OAT€i 1,8% 25 juillet 2040;14,026;inflation_zone_euro
adju_MT;2026-07-16;2026-07-20;12000;14000;FR0012993103;OAT 1,5% 25 mai 2031;8858;2850;3,11;147;2997;0,0323;0,9234;;OAT;0,015;2031-05-25;OAT 1,5% 25 mai 2031;4,857;
adju_I;2026-07-16;2026-07-20;1000;1500;FR0014003N51;OATi 0,1% 1 mars 2032;1666;675;2,47;185;860;0,0181;0,9097;1,17782;OATi;0,001;2032-03-01;OATi 0,1% 1 mars 2032;5,626;inflation_france
adju_I;2026-07-16;2026-07-20;1000;1500;FR0014008181;OAT€i 0,1% 25 juillet 2053;1147;320;3,58;113;433;0,0229;0,5631;1,2351;OAT€i;0,001;2053-07-25;OAT€i 0,1% 25 juillet 2053;27,025;inflation_zone_euro
adju_MT;2026-07-16;2026-07-20;12000;14000;FR001400L834;OAT 3,5% 25 novembre 2033;6098;2285;2,67;478;2763;0,0358;0,9948;;OAT;0,035;2033-11-25;OAT 3,5% 25 novembre 2033;7,362;
adju_MT;2026-07-16;2026-07-20;12000;14000;FR0014016G71;OAT 2,4% 25 septembre 2029;10736;3977;2,7;0;3977;0,0304;0,9809;;OAT;0,024;2029-09-25;OAT 2,4% 25 septembre 2029;3,195;
adju_MT;2026-07-16;2026-07-20;12000;14000;FR0014018OI0;OAT 3,25% 25 février 2032;12915;4887;2,64;953;5840;0,0335;0,9947;;OAT;0,0325;2032-02-25;OAT 3,25% 25 février 2032;5,613;
adju_LT;2026-08-06;2026-08-10;10500;12500;FR0013154044;OAT 1,25% 25 mai 2036;7459;1996;3,74;36;2032;0,0386;0,7906;;OAT;0,0125;2036-05-25;OAT 1,25% 25 mai 2036;9,802;
adju_LT;2026-08-06;2026-08-10;10500;12500;FR0014002JM6;OAT 0,5% 25 juin 2044;5669;2040;2,78;0;2040;0,0437;0,5268;;OAT;0,005;2044-06-25;OAT 0,5% 25 juin 2044;17,886;
adju_LT;2026-08-06;2026-08-10;10500;12500;FR0014017Z10;OAT 3,8% 25 juin 2037;5550;2119;2,62;0;2119;0,0395;0,9872;;OAT;0,038;2037-06-25;OAT 3,8% 25 juin 2037;10,886;
adju_LT;2026-08-06;2026-08-10;10500;12500;FR0014018YR0;OAT 3,7% 25 novembre 2036;14791;6340;2,33;112;6452;0,039;0,9828;;OAT;0,037;2036-11-25;OAT 3,7% 25 novembre 2036;10,305;
adju_I;2026-08-20;2026-08-24;1000;1500;FR0000188799;OAT€i 3,15% 25 juillet 2032;1249;425;2,94;0;425;0,0126;1,1072;1,62844;OAT€i;0,0315;2032-07-25;OAT€i 3,15% 25 juillet 2032;5,93;inflation_zone_euro
adju_I;2026-08-20;2026-08-24;1000;1500;FR0013209871;OAT€i 0,1% 25 juillet 2047;1428;492;2,9;0;492;0,0236;0,6297;1,31455;OAT€i;0,001;2047-07-25;OAT€i 0,1% 25 juillet 2047;20,928;inflation_zone_euro
adju_I;2026-08-20;2026-08-24;1000;1500;FR001400QCA1;OAT€i 0,95% 25 juillet 2043;1312;471;2,79;0;471;0,0224;0,8201;1,07459;OAT€i;0,0095;2043-07-25;OAT€i 0,95% 25 juillet 2043;16,928;inflation_zone_euro
adju_MT;2026-08-20;2026-08-24;10500;12500;FR001400QMF9;OAT 3% 25 novembre 2034;6195;2300;2,69;352;2652;0,0388;0,9386;;OAT;0,03;2034-11-25;OAT 3% 25 novembre 2034;8,266;
adju_MT;2026-08-20;2026-08-24;10500;12500;FR001400Z2L7;OAT 2,7% 25 février 2031;11353;3165;3,59;1115;4280;0,0337;0,9723;;OAT;0,027;2031-02-25;OAT 2,7% 25 février 2031;4,517;
adju_MT;2026-08-20;2026-08-24;10500;12500;FR0014016G71;OAT 2,4% 25 septembre 2029;9966;2720;3,66;758;3478;0,0317;0,9777;;OAT;0,024;2029-09-25;OAT 2,4% 25 septembre 2029;3,099;
adju_MT;2026-08-20;2026-08-24;10500;12500;FR0014018OI0;OAT 3,25% 25 février 2032;12469;4315;2,89;1515;5830;0,0352;0,9867;;OAT;0,0325;2032-02-25;OAT 3,25% 25 février 2032;5,517;
adju_LT;2026-09-03;2026-09-07;11500;13500;FR0013154044;OAT 1,25% 25 mai 2036;10220;3300;3,1;893;4193;0,0419;0,7696;;OAT;0,0125;2036-05-25;OAT 1,25% 25 mai 2036;9,725;
adju_LT;2026-09-03;2026-09-07;11500;13500;FR0013515806;OAT 0,5% 25 mai 2040;4900;1676;2,92;184;1860;0,0451;0,5962;;OAT;0,005;2040-05-25;OAT 0,5% 25 mai 2040;13,725;
adju_LT;2026-09-03;2026-09-07;11500;13500;FR0014015MU5;OAT 4,1% 25 mai 2046;5093;1659;3,07;573;2232;0,0474;0,9189;;OAT;0,041;2046-05-25;OAT 4,1% 25 mai 2046;19,723;
adju_LT;2026-09-03;2026-09-07;11500;13500;FR0014018YR0;OAT 3,7% 25 novembre 2036;15666;6862;2,28;2406;9268;0,0423;0,9566;;OAT;0,037;2036-11-25;OAT 3,7% 25 novembre 2036;10,229;
adju_MT;2026-09-17;2026-09-21;11000;13000;FR001400BKZ3;OAT 2% 25 novembre 2032;5054;2034;2,48;0;2034;0,0401;0,8917;;OAT;0,02;2032-11-25;OAT 2% 25 novembre 2032;6,19;
adju_MT;2026-09-17;2026-09-21;11000;13000;FR001400Z2L7;OAT 2,7% 25 février 2031;7809;2864;2,73;0;2864;0,0378;0,9564;;OAT;0,027;2031-02-25;OAT 2,7% 25 février 2031;4,441;
adju_MT;2026-09-17;2026-09-21;11000;13000;FR0014016G71;OAT 2,4% 25 septembre 2029;7092;2424;2,93;0;2424;0,0359;0,9665;;OAT;0,024;2029-09-25;OAT 2,4% 25 septembre 2029;3,023;
adju_MT;2026-09-17;2026-09-21;11000;13000;FR0014018OI0;OAT 3,25% 25 février 2032;12557;5669;2,22;0;5669;0,0392;0,9675;;OAT;0,0325;2032-02-25;OAT 3,25% 25 février 2032;5,44;
adju_I;2026-09-17;2026-09-21;2000;2500;FR001401B0I4;OAT€i 2,1% 1 mars 2037;4969;2500;1,99;0;2500;0,0229;0,9826;1,02508;OAT€i;0,021;2037-03-01;OAT€i 2,1% 1 mars 2037;10,453;inflation_zone_euro
