auction_date;settlement_date;term_weeks;maturity_date;offered_min;offered_max;isin;bid_amount;amount_served;bid_to_cover;nct_amount;total_issued;weighted_rate;segment
1999-01-04;1999-01-07;13;1999-04-08;600;600;FR0100059635;4138;602;6,87;17;619;0,03018;3 mois
1999-01-04;1999-01-07;29;1999-07-29;800;800;FR0100662859;3555;804;4,42;95;899;0,03046;6 mois
1999-01-11;1999-01-14;45;1999-11-25;500;500;FR0100563073;2660;502;5,3;50;552;0,02959;12 mois
1999-01-11;1999-01-14;13;1999-04-15;800;800;FR0100801887;4096;803;5,1;59;862;0,03002;3 mois
1999-01-18;1999-01-21;27;1999-07-29;500;500;FR0100662859;3595;501;7,18;50;551;0,02885;6 mois
1999-01-18;1999-01-21;13;1999-04-22;800;800;FR0100801911;4310;803;5,37;102;905;0,029;3 mois
1999-01-25;1999-01-28;43;1999-11-25;900;900;FR0100563073;4535;903;5,02;0;903;0,02828;12 mois
1999-01-25;1999-01-28;13;1999-04-29;800;800;FR0100801978;4766;802;5,94;0;802;0,02858;3 mois
1999-02-01;1999-02-04;25;1999-07-29;900;900;FR0100662859;3342;902;3,71;0;902;0,02875;6 mois
1999-02-01;1999-02-04;13;1999-05-06;800;800;FR0100801986;5175;806;6,42;9;815;0,02863;3 mois
1999-02-08;1999-02-11;41;1999-11-25;1000;1000;FR0100563073;3555;1004;3,54;152;1156;0,0294;12 mois
1999-02-08;1999-02-11;13;1999-05-12;1000;1000;FR0100802000;3802;1005;3,78;0;1005;0,02885;3 mois
1999-02-15;1999-02-18;13;1999-05-20;1000;1000;FR0100563040;3497;1006;3,48;4;1010;0,02912;3 mois
1999-02-15;1999-02-18;52;2000-02-17;1000;1000;FR0100802018;3432;1003;3,42;139;1142;0,02945;12 mois
1999-02-22;1999-02-25;13;1999-05-27;800;800;FR0100059494;4987;802;6,22;72;874;0,02892;3 mois
1999-02-22;1999-02-25;28;1999-09-09;1200;1200;FR0100802026;4329;1202;3,6;25;1227;0,02889;6 mois
1999-03-01;1999-03-04;27;1999-09-09;800;800;FR0100802026;1960;805;2,43;0;805;0,02966;6 mois
1999-03-01;1999-03-04;13;1999-06-03;1200;1200;FR0100802042;3060;1206;2,54;0;1206;0,02934;3 mois
1999-03-08;1999-03-11;49;2000-02-17;600;600;FR0100802018;2550;602;4,24;28;630;0,02954;12 mois
1999-03-08;1999-03-11;13;1999-06-10;1400;1400;FR0100802059;4927;1404;3,51;11;1415;0,02924;3 mois
1999-03-15;1999-03-18;48;2000-02-17;600;600;FR0100802018;2870;604;4,75;18;622;0,02915;12 mois
1999-03-15;1999-03-18;13;1999-06-17;1600;1600;FR0100802067;5170;1605;3,22;117;1722;0,02906;3 mois
1999-03-22;1999-03-25;24;1999-09-09;600;600;FR0100802026;2905;603;4,82;59;662;0,02898;6 mois
1999-03-22;1999-03-25;13;1999-06-24;1600;1600;FR0100802091;4290;1610;2,66;180;1790;0,02898;3 mois
1999-03-29;1999-04-01;13;1999-07-01;1500;1500;FR0100563057;5711;1500;3,81;201;1701;0,02868;3 mois
1999-03-29;1999-04-01;46;2000-02-17;500;500;FR0100802018;3415;504;6,78;68;572;0,02865;12 mois
1999-04-06;1999-04-08;13;1999-07-08;1500;1500;FR0100662479;4205;1511;2,78;184;1695;0,02774;3 mois
1999-04-06;1999-04-08;29;1999-10-28;800;800;FR0100662487;3760;805;4,67;103;908;0,02767;6 mois
1999-04-12;1999-04-15;13;1999-07-15;1500;1500;FR0100662495;5937;1507;3,94;110;1617;0,02486;3 mois
1999-04-12;1999-04-15;44;2000-02-17;500;500;FR0100802018;3388;504;6,72;36;540;0,02569;12 mois
1999-04-19;1999-04-22;27;1999-10-28;500;500;FR0100662487;3030;503;6,02;66;569;0,02509;6 mois
1999-04-19;1999-04-22;13;1999-07-22;1000;1000;FR0100662503;5090;1008;5,05;133;1141;0,02481;3 mois
1999-04-19;1999-04-22;8;1999-06-17;700;700;FR0100802067;2675;703;3,81;48;751;0,02467;3 mois
1999-04-26;1999-04-29;52;2000-04-27;1000;1000;FR0100662511;3491;1002;3,48;46;1048;0,02563;12 mois
1999-04-26;1999-04-29;13;1999-07-29;500;500;FR0100662859;2500;504;4,96;4;508;0,02437;3 mois
1999-04-26;1999-04-29;8;1999-06-24;500;500;FR0100802091;1910;503;3,8;14;517;0,02459;3 mois
1999-05-03;1999-05-06;25;1999-10-28;1000;1000;FR0100662487;3890;1008;3,86;19;1027;0,02507;6 mois
1999-05-03;1999-05-06;13;1999-08-05;1200;1200;FR0100662529;4120;1206;3,42;59;1265;0,0246;3 mois
1999-05-03;1999-05-06;6;1999-06-17;800;800;FR0100802067;2700;800;3,38;3;803;0,02469;3 mois
1999-05-10;1999-05-12;50;2000-04-27;800;800;FR0100662511;2756;809;3,41;44;853;0,02568;12 mois
1999-05-10;1999-05-12;13;1999-08-12;1200;1200;FR0100662537;5399;1205;4,48;0;1205;0,02459;3 mois
1999-05-10;1999-05-12;6;1999-06-24;1000;1000;FR0100802091;4165;1004;4,15;73;1077;0,02479;3 mois
1999-05-17;1999-05-20;7;1999-07-08;800;800;FR0100662479;3740;801;4,67;15;816;0,02473;3 mois
1999-05-17;1999-05-20;23;1999-10-28;600;600;FR0100662487;2825;610;4,63;14;624;0,02497;6 mois
1999-05-17;1999-05-20;13;1999-08-19;1200;1200;FR0100662545;3860;1208;3,2;0;1208;0,02461;3 mois
1999-05-25;1999-05-27;48;2000-04-27;600;600;FR0100662511;2450;603;4,06;25;628;0,02549;12 mois
1999-05-25;1999-05-27;13;1999-08-26;1300;1300;FR0100662552;5995;1303;4,6;0;1303;0,02452;3 mois
1999-05-31;1999-06-03;13;1999-09-02;800;800;FR0100059643;4200;804;5,22;0;804;0,02472;3 mois
1999-05-31;1999-06-03;29;1999-12-23;800;800;FR0100662560;3480;804;4,33;0;804;0,02509;6 mois
1999-06-07;1999-06-10;28;1999-12-23;500;500;FR0100662560;3185;501;6,36;38;539;0,02551;6 mois
1999-06-07;1999-06-10;13;1999-09-09;700;700;FR0100802026;4165;706;5,9;36;742;0,02472;3 mois
1999-06-14;1999-06-17;45;2000-04-27;500;500;FR0100662511;2035;504;4,04;34;538;0,02677;12 mois
1999-06-14;1999-06-17;13;1999-09-16;800;800;FR0100662578;4550;807;5,64;41;848;0,02466;3 mois
1999-06-21;1999-06-24;26;1999-12-23;500;500;FR0100662560;2435;502;4,85;0;502;0,02549;6 mois
1999-06-21;1999-06-24;13;1999-09-23;1000;1000;FR0100662586;4705;1005;4,68;34;1039;0,02457;3 mois
1999-06-28;1999-07-01;43;2000-04-27;500;500;FR0100662511;2613;504;5,18;11;515;0,02711;12 mois
1999-06-28;1999-07-01;13;1999-09-30;1000;1000;FR0100662594;5135;1006;5,1;69;1075;0,02444;3 mois
1999-07-05;1999-07-08;24;1999-12-23;500;500;FR0100662560;2990;504;5,93;0;504;0,02551;6 mois
1999-07-05;1999-07-08;13;1999-10-07;1000;1000;FR0101208397;4530;1006;4,5;104;1110;0,02436;3 mois
1999-07-12;1999-07-15;52;2000-07-13;800;800;FR0101208405;2214;804;2,75;96;900;0,02835;12 mois
1999-07-12;1999-07-15;13;1999-10-14;800;800;FR0101208413;4018;801;5,02;92;893;0,02402;3 mois
1999-07-19;1999-07-22;51;2000-07-13;500;500;FR0101208405;2575;501;5,14;62;563;0,02917;12 mois
1999-07-19;1999-07-22;13;1999-10-21;1000;1000;FR0101208421;4085;1005;4,06;79;1084;0,02407;3 mois
1999-07-26;1999-07-29;13;1999-10-28;800;800;FR0100662487;4460;805;5,54;0;805;0,02393;3 mois
1999-07-26;1999-07-29;29;2000-02-17;500;500;FR0100802018;2390;503;4,75;4;507;0,02666;6 mois
1999-08-02;1999-08-05;49;2000-07-13;500;500;FR0101208405;2075;503;4,13;47;550;0,03018;12 mois
1999-08-02;1999-08-05;13;1999-11-04;1000;1000;FR0101208439;3460;1006;3,44;19;1025;0,02425;3 mois
1999-08-09;1999-08-12;27;2000-02-17;500;500;FR0100802018;1795;501;3,58;24;525;0,02766;6 mois
1999-08-09;1999-08-12;13;1999-11-10;1000;1000;FR0101208454;3040;1006;3,02;50;1056;0,02472;3 mois
1999-08-18;1999-08-19;47;2000-07-13;500;500;FR0101208405;2042;501;4,08;65;566;0,03026;12 mois
1999-08-18;1999-08-19;13;1999-11-18;1500;1500;FR0101208447;4275;1507;2,84;150;1657;0,02499;3 mois
1999-08-23;1999-08-26;13;1999-11-25;1700;1700;FR0100563073;4637;1709;2,71;2;1711;0,02509;3 mois
1999-08-23;1999-08-26;25;2000-02-17;700;700;FR0100802018;2145;703;3,05;14;717;0,02721;6 mois
1999-08-30;1999-09-02;45;2000-07-13;500;500;FR0101208405;2290;500;4,58;13;513;0,03035;12 mois
1999-08-30;1999-09-02;13;1999-12-02;1000;1000;FR0101208462;4684;1002;4,67;26;1028;0,02461;3 mois
1999-09-06;1999-09-09;13;1999-12-09;1000;1000;FR0101208470;3780;1002;3,77;0;1002;0,02438;3 mois
1999-09-06;1999-09-09;29;2000-03-30;800;800;FR0101208488;2550;806;3,16;0;806;0,02795;6 mois
1999-09-13;1999-09-16;28;2000-03-30;500;500;FR0101208488;2075;503;4,13;15;518;0,02815;6 mois
1999-09-13;1999-09-16;13;1999-12-16;1000;1000;FR0101208496;4217;1001;4,21;75;1076;0,02466;3 mois
1999-09-20;1999-09-23;13;1999-12-23;700;700;FR0100662560;3655;710;5,15;12;722;0,0245;3 mois
1999-09-20;1999-09-23;52;2000-09-21;900;900;FR0101208504;2455;903;2,72;0;903;0,03049;12 mois
1999-09-27;1999-09-30;26;2000-03-30;500;500;FR0101208488;2008;502;4;0;502;0,02766;6 mois
1999-09-27;1999-09-30;13;1999-12-29;1000;1000;FR0101208512;4396;1002;4,39;0;1002;0,02453;3 mois
1999-10-04;1999-10-07;50;2000-09-21;500;500;FR0101208504;1430;502;2,85;0;502;0,0327;12 mois
1999-10-04;1999-10-07;13;2000-01-06;1000;1000;FR0101208850;2065;1002;2,06;0;1002;0,02728;3 mois
1999-10-11;1999-10-14;24;2000-03-30;500;500;FR0101208488;1450;505;2,87;0;505;0,02944;6 mois
1999-10-11;1999-10-14;13;2000-01-13;1000;1000;FR0101208868;3342;1007;3,32;101;1108;0,02742;3 mois
1999-10-18;1999-10-21;48;2000-09-21;500;500;FR0101208504;1935;501;3,86;0;501;0,03369;12 mois
1999-10-18;1999-10-21;13;2000-01-20;1000;1000;FR0101208876;3190;1001;3,19;7;1008;0,0275;3 mois
1999-10-25;1999-10-28;13;2000-01-27;1000;1000;FR0101208884;3664;1002;3,66;28;1030;0,02748;3 mois
1999-10-25;1999-10-28;29;2000-05-18;800;800;FR0101208892;2200;804;2,74;0;804;0,03211;6 mois
1999-11-02;1999-11-04;46;2000-09-21;500;500;FR0101208504;965;504;1,91;22;526;0,03434;12 mois
1999-11-02;1999-11-04;13;2000-02-03;900;900;FR0101208900;1936;903;2,14;33;936;0,02788;3 mois
1999-11-08;1999-11-10;27;2000-05-18;500;500;FR0101208892;1835;502;3,66;44;546;0,03138;6 mois
1999-11-08;1999-11-10;13;2000-02-10;900;900;FR0101208918;3080;903;3,41;50;953;0,02746;3 mois
1999-11-15;1999-11-18;13;2000-02-17;500;500;FR0100802018;2488;504;4,94;0;504;0,02747;3 mois
1999-11-15;1999-11-18;52;2000-11-16;800;800;FR0101208926;2100;802;2,62;5;807;0,03378;12 mois
1999-11-22;1999-11-25;25;2000-05-18;500;500;FR0101208892;1458;506;2,88;3;509;0,03169;6 mois
1999-11-22;1999-11-25;13;2000-02-24;1000;1000;FR0101208934;2900;1005;2,89;61;1066;0,02764;3 mois
1999-11-29;1999-12-02;50;2000-11-16;500;500;FR0101208926;1570;502;3,13;33;535;0,03519;12 mois
1999-11-29;1999-12-02;13;2000-03-02;1000;1000;FR0101208942;2475;1003;2,47;0;1003;0,02788;3 mois
1999-12-06;1999-12-09;13;2000-03-09;1000;1000;FR0101208959;1875;1005;1,87;0;1005;0,0287;3 mois
1999-12-06;1999-12-09;29;2000-06-29;800;800;FR0101208967;1410;809;1,74;0;809;0,03271;6 mois
1999-12-13;1999-12-16;48;2000-11-16;500;500;FR0101208926;1250;505;2,48;0;505;0,03578;12 mois
1999-12-13;1999-12-16;13;2000-03-16;1000;1000;FR0101208975;2410;1000;2,41;2;1002;0,0302;3 mois
1999-12-20;1999-12-23;27;2000-06-29;500;500;FR0101208967;1334;500;2,67;13;513;0,03394;6 mois
1999-12-20;1999-12-23;13;2000-03-23;800;800;FR0101208983;2035;802;2,54;38;840;0,03073;3 mois
1999-12-27;1999-12-29;13;2000-03-30;500;500;FR0101208488;2269;502;4,52;9;511;0,03093;3 mois
2000-01-03;2000-01-06;25;2000-06-29;500;500;FR0101208967;2155;504;4,28;0;504;0,03417;6 mois
2000-01-03;2000-01-06;13;2000-04-06;800;800;FR0101659656;2545;806;3,16;0;806;0,03097;3 mois
2000-01-10;2000-01-13;13;2000-04-13;1000;1000;FR0101659664;3585;1004;3,57;114;1118;0,03079;3 mois
2000-01-10;2000-01-13;52;2001-01-11;800;800;FR0101659755;3020;802;3,77;26;828;0,03758;12 mois
2000-01-17;2000-01-20;13;2000-04-20;1100;1100;FR0101659672;4220;1104;3,82;79;1183;0,03098;3 mois
2000-01-17;2000-01-20;51;2001-01-11;700;700;FR0101659755;2180;701;3,11;0;701;0,0377;12 mois
2000-01-24;2000-01-27;13;2000-04-27;600;600;FR0100662511;3470;605;5,74;5;610;0,03118;3 mois
2000-01-24;2000-01-27;29;2000-08-17;800;800;FR0101659763;2050;802;2,56;0;802;0,03466;6 mois
2000-01-31;2000-02-03;13;2000-05-04;1000;1000;FR0101659680;3495;1004;3,48;12;1016;0,0328;3 mois
2000-01-31;2000-02-03;49;2001-01-11;600;600;FR0101659755;2340;603;3,88;33;636;0,03917;12 mois
2000-02-07;2000-02-10;13;2000-05-11;1000;1000;FR0101659698;4095;1006;4,07;69;1075;0,0328;3 mois
2000-02-07;2000-02-10;27;2000-08-17;600;600;FR0101659763;2385;603;3,96;9;612;0,0357;6 mois
2000-02-14;2000-02-17;13;2000-05-18;800;800;FR0101208892;4365;803;5,44;62;865;0,03258;3 mois
2000-02-14;2000-02-17;52;2001-02-15;800;800;FR0101659771;3070;802;3,83;18;820;0,03959;12 mois
2000-02-21;2000-02-24;13;2000-05-25;1000;1000;FR0101659706;4190;1005;4,17;41;1046;0,03365;3 mois
2000-02-21;2000-02-24;25;2000-08-17;600;600;FR0101659763;2050;604;3,39;33;637;0,03678;6 mois
2000-02-28;2000-03-02;13;2000-05-31;1000;1000;FR0101659714;4205;1003;4,19;11;1014;0,03369;3 mois
2000-02-28;2000-03-02;50;2001-02-15;600;600;FR0101659771;3245;604;5,37;0;604;0,03974;12 mois
2000-03-06;2000-03-09;13;2000-06-08;1000;1000;FR0101659722;4680;1005;4,66;25;1030;0,03382;3 mois
2000-03-06;2000-03-09;29;2000-09-28;800;800;FR0101659789;3100;804;3,86;10;814;0,03756;6 mois
2000-03-13;2000-03-16;13;2000-06-15;1000;1000;FR0101659730;3207;1004;3,19;22;1026;0,0348;3 mois
2000-03-13;2000-03-16;48;2001-02-15;600;600;FR0101659771;2215;602;3,68;0;602;0,04106;12 mois
2000-03-20;2000-03-23;13;2000-06-22;1000;1000;FR0101659748;4165;1003;4,15;92;1095;0,0352;3 mois
2000-03-20;2000-03-23;27;2000-09-28;600;600;FR0101659789;3125;601;5,2;46;647;0,03799;6 mois
2000-03-27;2000-03-30;13;2000-06-29;800;800;FR0101208967;4775;808;5,91;77;885;0,0352;3 mois
2000-03-27;2000-03-30;52;2001-03-29;800;800;FR0101659797;2378;804;2,96;41;845;0,04174;12 mois
2000-04-03;2000-04-06;51;2001-03-29;1000;1000;FR0101659797;4125;1000;4,13;91;1091;0,04167;12 mois
2000-04-03;2000-04-06;13;2000-07-06;1200;1200;FR0101930099;3060;1201;2,55;56;1257;0,0354;3 mois
2000-04-10;2000-04-13;13;2000-07-13;1100;1100;FR0101208405;4195;1105;3,8;0;1105;0,03591;3 mois
2000-04-10;2000-04-13;29;2000-11-02;800;800;FR0101930107;3235;803;4,03;0;803;0,03927;6 mois
2000-04-17;2000-04-20;6;2000-05-31;500;500;FR0101659714;1495;500;2,99;0;500;0,0355;3 mois
2000-04-17;2000-04-20;49;2001-03-29;1000;1000;FR0101659797;3160;1000;3,16;0;1000;0,04168;12 mois
2000-04-17;2000-04-20;13;2000-07-20;1400;1400;FR0101930115;3275;1403;2,33;0;1403;0,03627;3 mois
2000-04-25;2000-04-27;6;2000-06-08;500;500;FR0101659722;1275;500;2,55;0;500;0,03698;3 mois
2000-04-25;2000-04-27;27;2000-11-02;800;800;FR0101930107;2510;802;3,13;20;822;0,04032;6 mois
2000-04-25;2000-04-27;13;2000-07-27;1200;1200;FR0101930123;2925;1207;2,42;27;1234;0,03782;3 mois
2000-05-02;2000-05-04;13;2000-08-03;1200;1200;FR0101930131;4120;1204;3,42;0;1204;0,0393;3 mois
2000-05-02;2000-05-04;52;2001-05-03;1000;1000;FR0101930149;2615;1005;2,6;0;1005;0,04481;12 mois
2000-05-09;2000-05-11;25;2000-11-02;700;700;FR0101930107;1800;700;2,57;42;742;0,04282;6 mois
2000-05-09;2000-05-11;13;2000-08-10;1000;1000;FR0101930156;3190;1008;3,16;63;1071;0,04084;3 mois
2000-05-15;2000-05-18;13;2000-08-17;1000;1000;FR0101659763;3571;1008;3,54;15;1023;0,04088;3 mois
2000-05-15;2000-05-18;29;2000-12-07;1000;1000;FR0101930164;2530;1003;2,52;0;1003;0,04388;6 mois
2000-05-22;2000-05-25;49;2001-05-03;800;800;FR0101930149;2395;804;2,98;84;888;0,04815;12 mois
2000-05-22;2000-05-25;13;2000-08-24;1000;1000;FR0101990172;3725;1003;3,71;102;1105;0,04214;3 mois
2000-05-29;2000-05-31;27;2000-12-07;600;600;FR0101930164;2320;603;3,85;0;603;0,04437;6 mois
2000-05-29;2000-05-31;13;2000-08-31;900;900;FR0101930180;3485;910;3,83;11;921;0,0414;3 mois
2000-06-05;2000-06-08;4;2000-07-06;500;500;FR0101930099;1400;502;2,79;9;511;0,04034;3 mois
2000-06-05;2000-06-08;47;2001-05-03;800;800;FR0101930149;1930;802;2,41;90;892;0,04665;12 mois
2000-06-05;2000-06-08;13;2000-09-07;1200;1200;FR0101930198;3665;1203;3,05;133;1336;0,04149;3 mois
2000-06-13;2000-06-15;25;2000-12-07;700;700;FR0101930164;1705;702;2,43;45;747;0,04537;6 mois
2000-06-13;2000-06-15;13;2000-09-14;1000;1000;FR0101930206;3320;1007;3,3;86;1093;0,04269;3 mois
2000-06-19;2000-06-22;13;2000-09-21;700;700;FR0101208504;2915;703;4,15;20;723;0,04231;3 mois
2000-06-19;2000-06-22;52;2001-06-21;1000;1000;FR0101930214;2090;1004;2,08;0;1004;0,0476;12 mois
2000-06-26;2000-06-29;13;2000-09-28;700;700;FR0101659789;3674;703;5,23;59;762;0,0423;3 mois
2000-06-26;2000-06-29;29;2001-01-18;900;900;FR0101930222;3005;905;3,32;47;952;0,04618;6 mois
2000-07-03;2000-07-06;28;2001-01-18;800;800;FR0101930222;2840;802;3,54;55;857;0,0462;6 mois
2000-07-03;2000-07-06;13;2000-10-05;1000;1000;FR0102226356;3300;1010;3,27;46;1056;0,04224;3 mois
2000-07-10;2000-07-13;49;2001-06-21;800;800;FR0101930214;1975;805;2,45;15;820;0,04847;12 mois
2000-07-10;2000-07-13;13;2000-10-12;1000;1000;FR0102226364;3435;1006;3,41;104;1110;0,04197;3 mois
2000-07-17;2000-07-20;48;2001-06-21;800;800;FR0101930214;2370;805;2,94;0;805;0,04963;12 mois
2000-07-17;2000-07-20;13;2000-10-19;1000;1000;FR0102226372;2880;1002;2,87;0;1002;0,04234;3 mois
2000-07-24;2000-07-27;29;2001-02-15;800;800;FR0101659771;1955;801;2,44;38;839;0,04769;6 mois
2000-07-24;2000-07-27;13;2000-10-26;1200;1200;FR0102226380;3071;1205;2,55;72;1277;0,04279;3 mois
2000-07-31;2000-08-03;13;2000-11-02;1000;1000;FR0101930107;2385;1004;2,38;0;1004;0,04361;3 mois
2000-07-31;2000-08-03;52;2001-08-02;1000;1000;FR0102226398;3055;1001;3,05;102;1103;0,05055;12 mois
2000-08-07;2000-08-10;27;2001-02-15;700;700;FR0101659771;2905;705;4,12;5;710;0,04745;6 mois
2000-08-07;2000-08-10;13;2000-11-09;1200;1200;FR0102226406;3060;1207;2,54;25;1232;0,04376;3 mois
2000-08-14;2000-08-17;13;2000-11-16;1200;1200;FR0101208926;2705;1203;2,25;0;1203;0,04531;3 mois
2000-08-14;2000-08-17;29;2001-03-08;1000;1000;FR0102226414;4610;1001;4,61;34;1035;0,04916;6 mois
2000-08-21;2000-08-24;49;2001-08-02;700;700;FR0102226398;2415;705;3,43;69;774;0,05174;12 mois
2000-08-21;2000-08-24;13;2000-11-23;1700;1700;FR0102226422;3570;1707;2,09;20;1727;0,04631;3 mois
2000-08-28;2000-08-31;27;2001-03-08;700;700;FR0102226414;2700;702;3,85;55;757;0,04977;6 mois
2000-08-28;2000-08-31;13;2000-11-30;1300;1300;FR0102226430;3185;1305;2,44;84;1389;0,04699;3 mois
2000-09-04;2000-09-07;13;2000-12-07;1000;1000;FR0101930164;2820;1004;2,81;0;1004;0,04615;3 mois
2000-09-04;2000-09-07;52;2001-09-06;900;900;FR0102226448;2708;903;3;20;923;0,0508;12 mois
2000-09-11;2000-09-14;25;2001-03-08;700;700;FR0102226414;2540;707;3,59;84;791;0,04934;6 mois
2000-09-11;2000-09-14;13;2000-12-14;1000;1000;FR0102226455;3108;1005;3,09;81;1086;0,04684;3 mois
2000-09-18;2000-09-21;50;2001-09-06;600;600;FR0102226448;2255;603;3,74;49;652;0,05037;12 mois
2000-09-18;2000-09-21;13;2000-12-21;1000;1000;FR0102226463;4110;1003;4,1;26;1029;0,04652;3 mois
2000-09-25;2000-09-28;13;2000-12-28;1000;1000;FR0101415513;2985;1001;2,98;0;1001;0,0468;3 mois
2000-09-25;2000-09-28;49;2001-09-06;600;600;FR0102226448;1752;604;2,9;0;604;0,0501;12 mois
2000-10-02;2000-10-05;25;2001-03-29;600;600;FR0101659797;2072;603;3,44;2;605;0,0491;6 mois
2000-10-02;2000-10-05;13;2001-01-04;1000;1000;FR0102626878;3740;1002;3,73;78;1080;0,0472;3 mois
2000-10-09;2000-10-12;13;2001-01-11;600;600;FR0101659755;2267;601;3,77;24;625;0,04753;3 mois
2000-10-09;2000-10-12;47;2001-09-06;500;500;FR0102226448;1717;505;3,4;39;544;0,0507;12 mois
2000-10-16;2000-10-19;13;2001-01-18;700;700;FR0101930222;2865;702;4,08;10;712;0,04777;3 mois
2000-10-16;2000-10-19;52;2001-10-18;700;700;FR0102626886;2244;703;3,19;48;751;0,05077;12 mois
2000-10-23;2000-10-26;27;2001-05-03;500;500;FR0101930149;2250;504;4,46;0;504;0,05042;6 mois
2000-10-23;2000-10-26;13;2001-01-25;900;900;FR0102626894;3145;904;3,48;0;904;0,04851;3 mois
2000-10-30;2000-11-02;50;2001-10-18;600;600;FR0102626886;2080;605;3,44;6;611;0,05133;12 mois
2000-10-30;2000-11-02;13;2001-02-01;900;900;FR0102626902;2685;902;2,98;0;902;0,04863;3 mois
2000-11-06;2000-11-09;25;2001-05-03;600;600;FR0101930149;2270;601;3,78;0;601;0,05027;6 mois
2000-11-06;2000-11-09;13;2001-02-08;1100;1100;FR0102626910;2840;1104;2,57;19;1123;0,04879;3 mois
2000-11-13;2000-11-16;13;2001-02-15;900;900;FR0101659771;3960;904;4,38;35;939;0,04855;3 mois
2000-11-13;2000-11-16;31;2001-06-21;600;600;FR0101930214;2663;603;4,42;15;618;0,04982;12 mois
2000-11-20;2000-11-23;47;2001-10-18;600;600;FR0102626886;2415;605;3,99;1;606;0,04987;12 mois
2000-11-20;2000-11-23;13;2001-02-22;900;900;FR0102626928;3495;904;3,87;21;925;0,04811;3 mois
2000-11-27;2000-11-30;29;2001-06-21;500;500;FR0101930214;1948;504;3,87;34;538;0,04977;6 mois
2000-11-27;2000-11-30;13;2001-03-01;900;900;FR0102626936;2964;909;3,26;34;943;0,04807;3 mois
2000-12-04;2000-12-07;13;2001-03-08;600;600;FR0102226414;2465;604;4,08;32;636;0,04748;3 mois
2000-12-04;2000-12-07;4;2001-01-04;1000;1000;FR0102626878;2623;1003;2,62;27;1030;0,04713;3 mois
2000-12-04;2000-12-07;52;2001-12-06;900;900;FR0102626944;1968;902;2,18;93;995;0,04858;12 mois
2000-12-11;2000-12-14;27;2001-06-21;500;500;FR0101930214;2190;503;4,35;16;519;0,04823;6 mois
2000-12-11;2000-12-14;13;2001-03-15;1000;1000;FR0102626951;2650;1008;2,63;3;1011;0,04743;3 mois
2000-12-18;2000-12-21;50;2001-12-06;600;600;FR0102626944;2375;606;3,92;54;660;0,04711;12 mois
2000-12-18;2000-12-21;13;2001-03-22;900;900;FR0102626969;2660;903;2,95;52;955;0,04719;3 mois
2000-12-21;2000-12-28;13;2001-03-29;600;600;FR0101659797;2145;603;3,56;0;603;0,04715;3 mois
2000-12-21;2000-12-28;25;2001-06-21;500;500;FR0101930214;1730;506;3,42;30;536;0,04723;6 mois
2001-01-02;2001-01-04;13;2001-04-05;1000;1000;FR0102626795;2950;1003;2,94;71;1074;0,04652;3 mois
2001-01-02;2001-01-04;48;2001-12-06;500;500;FR0102626944;2325;504;4,61;70;574;0,04538;12 mois
2001-01-08;2001-01-11;29;2001-08-02;500;500;FR0102226398;2275;503;4,52;0;503;0,04427;6 mois
2001-01-08;2001-01-11;13;2001-04-12;1000;1000;FR0102626803;3570;1006;3,55;3;1009;0,04527;3 mois
2001-01-15;2001-01-18;13;2001-04-19;1000;1000;FR0102626811;3358;1005;3,34;28;1033;0,046;3 mois
2001-01-15;2001-01-18;46;2001-12-06;700;700;FR0102626944;2070;702;2,95;36;738;0,04485;12 mois
2001-01-22;2001-01-25;27;2001-08-02;1100;1100;FR0102226398;2845;1107;2,57;0;1107;0,04521;6 mois
2001-01-22;2001-01-25;13;2001-04-26;1200;1200;FR0102626829;4005;1201;3,33;8;1209;0,04583;3 mois
2001-01-29;2001-02-01;13;2001-05-03;1300;1300;FR0101930149;3430;1303;2,63;69;1372;0,04612;3 mois
2001-01-29;2001-02-01;52;2002-01-31;1900;1900;FR0102626837;6595;1906;3,46;222;2128;0,0451;12 mois
2001-02-05;2001-02-08;25;2001-08-02;800;800;FR0102226398;3765;803;4,69;0;803;0,04531;6 mois
2001-02-05;2001-02-08;13;2001-05-10;1200;1200;FR0102626845;4695;1205;3,9;11;1216;0,04607;3 mois
2001-02-12;2001-02-15;50;2002-01-31;1000;1000;FR0102626837;3515;1006;3,49;0;1006;0,04441;12 mois
2001-02-12;2001-02-15;13;2001-05-17;1800;1800;FR0102626852;4720;1803;2,62;0;1803;0,04608;3 mois
2001-02-19;2001-02-22;28;2001-09-06;1100;1100;FR0102226448;3185;1107;2,88;0;1107;0,04544;6 mois
2001-02-19;2001-02-22;13;2001-05-23;1700;1700;FR0102626860;5150;1700;3,03;0;1700;0,04646;3 mois
2001-02-26;2001-03-01;48;2002-01-31;700;700;FR0102626837;2630;704;3,74;86;790;0,04552;12 mois
2001-02-26;2001-03-01;13;2001-05-31;1500;1500;FR0102626977;4034;1501;2,69;146;1647;0,04681;3 mois
2001-03-05;2001-03-08;26;2001-09-06;1100;1100;FR0102226448;2825;1104;2,56;0;1104;0,04559;6 mois
2001-03-05;2001-03-08;4;2001-04-05;800;800;FR0102626795;1715;802;2,14;0;802;0,04727;3 mois
2001-03-05;2001-03-08;13;2001-06-07;1800;1800;FR0102626985;5560;1805;3,08;145;1950;0,04654;3 mois
2001-03-12;2001-03-15;46;2002-01-31;700;700;FR0102626837;2585;709;3,65;9;718;0,04474;12 mois
2001-03-12;2001-03-15;13;2001-06-14;1200;1200;FR0102626993;3780;1205;3,14;5;1210;0,04665;3 mois
2001-03-19;2001-03-22;13;2001-06-21;900;900;FR0101930214;3900;903;4,32;65;968;0,04648;3 mois
2001-03-19;2001-03-22;29;2001-10-11;1200;1200;FR0102627009;3525;1203;2,93;76;1279;0,04492;6 mois
2001-03-26;2001-03-29;44;2002-01-31;1000;1000;FR0102626837;3981;1007;3,95;0;1007;0,04208;12 mois
2001-03-26;2001-03-29;13;2001-06-28;1400;1400;FR0102627017;6447;1408;4,58;56;1464;0,04414;3 mois
2001-04-02;2001-04-05;27;2001-10-11;1000;1000;FR0102627009;2895;1003;2,89;32;1035;0,04325;6 mois
2001-04-02;2001-04-05;13;2001-07-05;1600;1600;FR0103230290;4785;1603;2,99;96;1699;0,0445;3 mois
2001-04-09;2001-04-12;13;2001-07-12;1700;1700;FR0103230308;4454;1704;2,61;0;1704;0,04431;3 mois
2001-04-09;2001-04-12;52;2002-04-11;1000;1000;FR0103230316;4335;1010;4,29;0;1010;0,04171;12 mois
2001-04-17;2001-04-19;25;2001-10-11;1000;1000;FR0102627009;2170;1006;2,16;0;1006;0,04565;6 mois
2001-04-17;2001-04-19;13;2001-07-19;1700;1700;FR0103230324;4050;1709;2,37;0;1709;0,0465;3 mois
2001-04-23;2001-04-26;50;2002-04-11;1200;1200;FR0103230316;3630;1205;3,01;0;1205;0,04477;12 mois
2001-04-23;2001-04-26;13;2001-07-26;1800;1800;FR0103230332;5880;1805;3,26;0;1805;0,0465;3 mois
2001-04-30;2001-05-03;13;2001-08-02;1200;1200;FR0102226398;3655;1207;3,03;0;1207;0,04702;3 mois
2001-04-30;2001-05-03;31;2001-12-06;800;800;FR0102626944;1775;801;2,22;12;813;0,04659;12 mois
2001-05-07;2001-05-10;48;2002-04-11;600;600;FR0103230316;2705;602;4,49;48;650;0,04557;12 mois
2001-05-07;2001-05-10;13;2001-08-09;1000;1000;FR0103230340;3630;1009;3,6;60;1069;0,04679;3 mois
2001-05-14;2001-05-17;29;2001-12-06;500;500;FR0102626944;3190;502;6,35;52;554;0,0438;6 mois
2001-05-14;2001-05-17;13;2001-08-16;1000;1000;FR0103230357;4940;1007;4,91;88;1095;0,04465;3 mois
2001-05-21;2001-05-23;46;2002-04-11;500;500;FR0103230316;2730;504;5,42;13;517;0,04381;12 mois
2001-05-21;2001-05-23;13;2001-08-23;1100;1100;FR0103230365;5310;1108;4,79;17;1125;0,04452;3 mois
2001-05-28;2001-05-31;27;2001-12-06;500;500;FR0102626944;3740;504;7,42;47;551;0,04372;6 mois
2001-05-28;2001-05-31;13;2001-08-30;1100;1100;FR0103230373;5385;1104;4,88;114;1218;0,04439;3 mois
2001-06-05;2001-06-07;13;2001-09-06;800;800;FR0102226448;3730;807;4,62;11;818;0,04338;3 mois
2001-06-05;2001-06-07;52;2002-06-06;800;800;FR0103230381;2905;805;3,61;78;883;0,04202;12 mois
2001-06-11;2001-06-14;25;2001-12-06;500;500;FR0102626944;3615;503;7,19;0;503;0,04252;6 mois
2001-06-11;2001-06-14;13;2001-09-13;1100;1100;FR0103230399;4480;1101;4,07;0;1101;0,04333;3 mois
2001-06-18;2001-06-21;50;2002-06-06;500;500;FR0103230381;2756;505;5,46;37;542;0,0421;12 mois
2001-06-18;2001-06-21;13;2001-09-20;1100;1100;FR0103230407;5037;1103;4,57;47;1150;0,04306;3 mois
2001-06-25;2001-06-28;31;2002-01-31;500;500;FR0102626837;2865;501;5,72;0;501;0,04157;12 mois
2001-06-25;2001-06-28;13;2001-09-27;1100;1100;FR0103230415;4145;1104;3,75;63;1167;0,04259;3 mois
2001-07-02;2001-07-05;48;2002-06-06;500;500;FR0103230381;2770;502;5,52;0;502;0,04171;12 mois
2001-07-02;2001-07-05;13;2001-10-04;1100;1100;FR0103535961;3720;1102;3,38;0;1102;0,04264;3 mois
2001-07-09;2001-07-12;13;2001-10-11;1000;1000;FR0102627009;3300;1003;3,29;12;1015;0,04342;3 mois
2001-07-09;2001-07-12;31;2002-02-14;900;900;FR0103535979;2460;904;2,72;25;929;0,04273;12 mois
2001-07-16;2001-07-19;13;2001-10-18;900;900;FR0102626886;3790;902;4,2;21;923;0,04333;3 mois
2001-07-16;2001-07-19;52;2002-07-18;1100;1100;FR0103535987;3340;1103;3,03;0;1103;0,04198;12 mois
2001-07-23;2001-07-26;29;2002-02-14;600;600;FR0103535979;2775;607;4,57;0;607;0,04255;6 mois
2001-07-23;2001-07-26;13;2001-10-25;1100;1100;FR0103535995;3070;1105;2,78;10;1115;0,04329;3 mois
2001-07-30;2001-08-02;50;2002-07-18;800;800;FR0103535987;1930;805;2,4;71;876;0,0413;12 mois
2001-07-30;2001-08-02;13;2001-10-31;1500;1500;FR0103536001;3110;1501;2,07;88;1589;0,04322;3 mois
2001-08-06;2001-08-09;27;2002-02-14;1200;1200;FR0103535979;2400;1201;2;0;1201;0,04174;6 mois
2001-08-06;2001-08-09;13;2001-11-08;2000;2000;FR0103536019;4065;2002;2,03;0;2002;0,04309;3 mois
2001-08-13;2001-08-16;48;2002-07-18;1500;1500;FR0103535987;3575;1501;2,38;0;1501;0,04007;12 mois
2001-08-13;2001-08-16;13;2001-11-15;1500;1500;FR0103536027;5806;1508;3,85;63;1571;0,04259;3 mois
2001-08-20;2001-08-23;25;2002-02-14;1500;1500;FR0103535979;3885;1506;2,58;73;1579;0,04093;6 mois
2001-08-20;2001-08-23;13;2001-11-22;2100;2100;FR0103536035;5935;2110;2,81;55;2165;0,04221;3 mois
2001-08-27;2001-08-30;46;2002-07-18;1500;1500;FR0103535987;3665;1503;2,44;187;1690;0,04029;12 mois
2001-08-27;2001-08-30;13;2001-11-29;2500;2500;FR0103536043;5060;2509;2,02;271;2780;0,04227;3 mois
2001-09-03;2001-09-06;13;2001-12-06;1500;1500;FR0102626944;6300;1503;4,19;0;1503;0,04151;3 mois
2001-09-03;2001-09-06;52;2002-09-05;1700;1700;FR0103536050;5660;1705;3,32;0;1705;0,03879;12 mois
2001-09-10;2001-09-13;30;2002-04-11;600;600;FR0103230316;3195;607;5,26;57;664;0,03947;6 mois
2001-09-10;2001-09-13;13;2001-12-13;1100;1100;FR0103536068;5335;1104;4,83;112;1216;0,04103;3 mois
2001-09-17;2001-09-20;50;2002-09-05;500;500;FR0103536050;1965;503;3,91;81;584;0,03639;12 mois
2001-09-17;2001-09-20;13;2001-12-20;1000;1000;FR0103536076;3938;1002;3,93;146;1148;0,03964;3 mois
2001-09-24;2001-09-27;28;2002-04-11;500;500;FR0103230316;2610;502;5,2;24;526;0,03419;6 mois
2001-09-24;2001-09-27;13;2001-12-27;1000;1000;FR0103536084;4967;1006;4,94;55;1061;0,03496;3 mois
2001-10-01;2001-10-04;48;2002-09-05;500;500;FR0103536050;2626;506;5,19;53;559;0,03328;12 mois
2001-10-01;2001-10-04;13;2002-01-03;1000;1000;FR0103839967;4675;1006;4,65;111;1117;0,0344;3 mois
2001-10-08;2001-10-11;26;2002-04-11;500;500;FR0103230316;3725;503;7,41;0;503;0,0331;6 mois
2001-10-08;2001-10-11;13;2002-01-10;1000;1000;FR0103839975;4503;1004;4,49;0;1004;0,03358;3 mois
2001-10-15;2001-10-18;46;2002-09-05;500;500;FR0103536050;3330;503;6,62;0;503;0,03295;12 mois
2001-10-15;2001-10-18;13;2002-01-17;1000;1000;FR0103839983;5000;1002;4,99;0;1002;0,03422;3 mois
2001-10-22;2001-10-25;24;2002-04-11;800;800;FR0103230316;3685;806;4,57;0;806;0,03328;6 mois
2001-10-22;2001-10-25;13;2002-01-24;1500;1500;FR0103839991;5361;1503;3,57;0;1503;0,03375;3 mois
2001-10-29;2001-11-02;13;2002-01-31;1600;1600;FR0102626837;4363;1607;2,71;196;1803;0,03433;3 mois
2001-10-29;2001-11-02;6;2001-12-13;700;700;FR0103536068;2533;702;3,61;34;736;0,03533;3 mois
2001-10-29;2001-11-02;52;2002-10-31;1300;1300;FR0103840007;4454;1305;3,41;168;1473;0,0316;12 mois
2001-11-05;2001-11-08;51;2002-10-31;1500;1500;FR0103840007;3965;1504;2,64;208;1712;0,03034;12 mois
2001-11-05;2001-11-08;13;2002-02-07;2000;2000;FR0103840015;4940;2003;2,47;240;2243;0,03337;3 mois
2001-11-12;2001-11-15;29;2002-06-06;1100;1100;FR0103230381;2665;1106;2,41;0;1106;0,03053;6 mois
2001-11-12;2001-11-15;13;2002-02-14;1600;1600;FR0103535979;4770;1608;2,97;82;1690;0,03241;3 mois
2001-11-12;2001-11-15;5;2001-12-20;800;800;FR0103536076;2760;802;3,44;35;837;0,03321;3 mois
2001-11-19;2001-11-22;49;2002-10-31;1000;1000;FR0103840007;3330;1004;3,32;112;1116;0,03188;12 mois
2001-11-19;2001-11-22;13;2002-02-21;2200;2200;FR0103840023;5525;2204;2,51;38;2242;0,03233;3 mois
2001-11-26;2001-11-29;27;2002-06-06;500;500;FR0103230381;2250;503;4,47;3;506;0,03149;6 mois
2001-11-26;2001-11-29;13;2002-02-28;1000;1000;FR0103840031;5300;1004;5,28;11;1015;0,03224;3 mois
2001-12-03;2001-12-06;47;2002-10-31;500;500;FR0103840007;2320;502;4,62;0;502;0,03059;12 mois
2001-12-03;2001-12-06;13;2002-03-07;1000;1000;FR0103840049;6885;1003;6,86;45;1048;0,03149;3 mois
2001-12-10;2001-12-13;25;2002-06-06;500;500;FR0103230381;2350;501;4,69;0;501;0,03128;6 mois
2001-12-10;2001-12-13;13;2002-03-14;1000;1000;FR0103840056;3660;1005;3,64;0;1005;0,03176;3 mois
2001-12-17;2001-12-20;24;2002-06-06;500;500;FR0103230381;1743;502;3,47;24;526;0,03171;6 mois
2001-12-17;2001-12-20;13;2002-03-21;1000;1000;FR0103840064;2708;1003;2,7;17;1020;0,03213;3 mois
2001-12-21;2001-12-27;29;2002-07-18;500;500;FR0103535987;1800;500;3,6;0;500;0,03131;6 mois
2001-12-21;2001-12-27;13;2002-03-28;1000;1000;FR0103840072;2917;1002;2,91;9;1011;0,0316;3 mois
2001-12-28;2002-01-03;28;2002-07-18;500;500;FR0103535987;2252;502;4,49;54;556;0,03131;6 mois
2001-12-28;2002-01-03;13;2002-04-04;1000;1000;FR0103840080;4015;1000;4,02;57;1057;0,03149;3 mois
2002-01-07;2002-01-10;12;2002-04-04;2500;2500;FR0103840080;4995;2509;1,99;31;2540;0,03216;3 mois
2002-01-07;2002-01-10;52;2003-01-09;1500;1500;FR0104139409;4150;1504;2,76;11;1515;0,033;12 mois
2002-01-14;2002-01-17;13;2002-04-18;2200;2200;FR0104139318;5615;2208;2,54;5;2213;0,03229;3 mois
2002-01-14;2002-01-17;51;2003-01-09;800;800;FR0104139409;3305;806;4,1;0;806;0,03309;12 mois
2002-01-21;2002-01-24;12;2002-04-18;1500;1500;FR0104139318;5560;1505;3,69;0;1505;0,03247;3 mois
2002-01-21;2002-01-24;27;2002-08-01;1500;1500;FR0104139375;3845;1507;2,55;0;1507;0,0324;6 mois
2002-01-28;2002-01-31;13;2002-05-02;2400;2400;FR0104139326;4992;2411;2,07;191;2602;0,03267;3 mois
2002-01-28;2002-01-31;49;2003-01-09;600;600;FR0104139409;2735;608;4,5;78;686;0,03533;12 mois
2002-02-04;2002-02-07;12;2002-05-02;1700;1700;FR0104139326;4550;1706;2,67;10;1716;0,03247;3 mois
2002-02-04;2002-02-07;48;2003-01-09;1000;1000;FR0104139409;4955;1003;4,94;87;1090;0,03432;12 mois
2002-02-11;2002-02-14;4;2002-03-14;500;500;FR0103840056;2780;500;5,56;3;503;0,03206;3 mois
2002-02-11;2002-02-14;13;2002-05-16;2000;2000;FR0104139334;5325;2004;2,66;0;2004;0,03252;3 mois
2002-02-11;2002-02-14;24;2002-08-01;1000;1000;FR0104139375;3400;1006;3,38;0;1006;0,0328;6 mois
2002-02-18;2002-02-21;12;2002-05-16;1700;1700;FR0104139334;6375;1710;3,73;30;1740;0,03256;3 mois
2002-02-18;2002-02-21;50;2003-02-06;1500;1500;FR0104139417;4675;1503;3,11;0;1503;0,03461;12 mois
2002-02-25;2002-02-28;13;2002-05-30;2000;2000;FR0104139342;6610;2009;3,29;18;2027;0,03256;3 mois
2002-02-25;2002-02-28;49;2003-02-06;1000;1000;FR0104139417;4715;1002;4,71;0;1002;0,03455;12 mois
2002-03-04;2002-03-07;12;2002-05-30;1500;1500;FR0104139342;5330;1500;3,55;0;1500;0,03263;3 mois
2002-03-04;2002-03-07;48;2003-02-06;1000;1000;FR0104139417;4065;1004;4,05;0;1004;0,03514;12 mois
2002-03-11;2002-03-14;13;2002-06-13;1800;1800;FR0104139359;6975;1809;3,86;0;1809;0,03273;3 mois
2002-03-11;2002-03-14;27;2002-09-19;1200;1200;FR0104139433;4225;1209;3,49;0;1209;0,03364;6 mois
2002-03-18;2002-03-21;12;2002-06-13;1500;1500;FR0104139359;6420;1512;4,25;17;1529;0,0329;3 mois
2002-03-18;2002-03-21;52;2003-03-20;1500;1500;FR0104139441;5415;1505;3,6;139;1644;0,03732;12 mois
2002-03-25;2002-03-28;13;2002-06-27;1800;1800;FR0104139367;5985;1807;3,31;158;1965;0,03353;3 mois
2002-03-25;2002-03-28;25;2002-09-19;1200;1200;FR0104139433;3195;1203;2,66;117;1320;0,03472;6 mois
2002-04-02;2002-04-04;12;2002-06-27;2000;2000;FR0104139367;4695;2004;2,34;31;2035;0,03339;3 mois
2002-04-02;2002-04-04;50;2003-03-20;1000;1000;FR0104139441;3145;1004;3,13;130;1134;0,0383;12 mois
2002-04-08;2002-04-11;49;2003-03-20;1000;1000;FR0104139441;5210;1010;5,16;85;1095;0,03725;12 mois
2002-04-08;2002-04-11;13;2002-07-11;2300;2300;FR0104446416;7700;2304;3,34;123;2427;0,03314;3 mois
2002-04-15;2002-04-18;12;2002-07-11;1500;1500;FR0104446416;5690;1504;3,78;0;1504;0,03297;3 mois
2002-04-15;2002-04-18;26;2002-10-17;1500;1500;FR0104446481;4180;1506;2,78;0;1506;0,03404;6 mois
2002-04-22;2002-04-25;13;2002-07-25;2000;2000;FR0104446424;6540;2003;3,27;6;2009;0,03299;3 mois
2002-04-22;2002-04-25;25;2002-10-17;1000;1000;FR0104446481;3455;1004;3,44;4;1008;0,03403;6 mois
2002-04-29;2002-05-02;12;2002-07-25;2000;2000;FR0104446424;6585;2003;3,29;35;2038;0,03299;3 mois
2002-04-29;2002-05-02;52;2003-04-30;2000;2000;FR0104446515;6166;2012;3,06;93;2105;0,03649;12 mois
2002-05-06;2002-05-10;13;2002-08-08;2500;2500;FR0104446432;7820;2515;3,11;158;2673;0,03336;3 mois
2002-05-06;2002-05-10;51;2003-04-30;1000;1000;FR0104446515;4495;1003;4,48;111;1114;0,03723;12 mois
2002-05-13;2002-05-16;12;2002-08-08;1500;1500;FR0104446432;7540;1504;5,01;4;1508;0,03362;3 mois
2002-05-13;2002-05-16;50;2003-04-30;1000;1000;FR0104446515;3550;1002;3,54;0;1002;0,03818;12 mois
2002-05-21;2002-05-23;13;2002-08-22;2000;2000;FR0104446440;7610;2001;3,8;188;2189;0,03396;3 mois
2002-05-21;2002-05-23;21;2002-10-17;1500;1500;FR0104446481;3360;1506;2,23;177;1683;0,03497;6 mois
2002-05-27;2002-05-30;12;2002-08-22;1500;1500;FR0104446440;7995;1507;5,31;47;1554;0,03393;3 mois
2002-05-27;2002-05-30;24;2002-11-14;1000;1000;FR0104446499;3715;1003;3,7;22;1025;0,03524;6 mois
2002-06-03;2002-06-06;12;2002-08-29;3000;3000;FR0104446457;9158;3013;3,04;249;3262;0,03391;3 mois
2002-06-03;2002-06-06;23;2002-11-14;1000;1000;FR0104446499;3105;1003;3,1;99;1102;0,03512;6 mois
2002-06-10;2002-06-13;13;2002-09-12;2500;2500;FR0104446465;9670;2508;3,86;197;2705;0,03384;3 mois
2002-06-10;2002-06-13;52;2003-06-12;1500;1500;FR0104446523;5615;1506;3,73;173;1679;0,03838;12 mois
2002-06-17;2002-06-20;12;2002-09-12;2000;2000;FR0104446465;8870;2002;4,43;7;2009;0,03381;3 mois
2002-06-17;2002-06-20;51;2003-06-12;1500;1500;FR0104446523;3975;1502;2,65;161;1663;0,03747;12 mois
2002-06-24;2002-06-27;13;2002-09-26;2500;2500;FR0104446473;10451;2503;4,18;222;2725;0,03357;3 mois
2002-06-24;2002-06-27;26;2002-12-27;1500;1500;FR0104446564;5855;1507;3,89;136;1643;0,03448;6 mois
2002-07-01;2002-07-04;12;2002-09-26;1750;1750;FR0104446473;9690;1754;5,52;10;1764;0,03334;3 mois
2002-07-01;2002-07-04;25;2002-12-27;1250;1250;FR0104446564;5470;1250;4,38;27;1277;0,03408;6 mois
2002-07-08;2002-07-11;24;2002-12-27;1000;1000;FR0104446564;3440;1004;3,43;84;1088;0,03424;6 mois
2002-07-08;2002-07-11;13;2002-10-10;2000;2000;FR0104756830;8560;2009;4,26;178;2187;0,0334;3 mois
2002-07-15;2002-07-18;12;2002-10-10;2000;2000;FR0104756830;9251;2004;4,62;0;2004;0,03307;3 mois
2002-07-15;2002-07-18;51;2003-07-10;2000;2000;FR0104756939;5070;2003;2,53;14;2017;0,0351;12 mois
2002-07-22;2002-07-25;13;2002-10-24;2000;2000;FR0104756848;12204;2007;6,08;229;2236;0,03287;3 mois
2002-07-22;2002-07-25;50;2003-07-10;1000;1000;FR0104756939;4760;1003;4,75;118;1121;0,03463;12 mois
2002-07-29;2002-08-01;12;2002-10-24;2000;2000;FR0104756848;10400;2005;5,19;0;2005;0,03241;3 mois
2002-07-29;2002-08-01;25;2003-01-23;2000;2000;FR0104756905;6130;2003;3,06;0;2003;0,03282;6 mois
2002-08-05;2002-08-08;13;2002-11-07;2300;2300;FR0104756855;9450;2305;4,1;0;2305;0,03201;3 mois
2002-08-05;2002-08-08;48;2003-07-10;1000;1000;FR0104756939;3730;1002;3,72;0;1002;0,03175;12 mois
2002-08-12;2002-08-14;12;2002-11-07;2000;2000;FR0104756855;8480;2003;4,23;0;2003;0,03245;3 mois
2002-08-12;2002-08-14;23;2003-01-23;1000;1000;FR0104756905;5105;1005;5,08;2;1007;0,03244;6 mois
2002-08-19;2002-08-22;13;2002-11-21;2500;2500;FR0104756863;11590;2507;4,62;0;2507;0,03258;3 mois
2002-08-19;2002-08-22;22;2003-01-23;1000;1000;FR0104756905;4820;1000;4,82;5;1005;0,03277;6 mois
2002-08-26;2002-08-29;12;2002-11-21;2000;2000;FR0104756863;10690;2014;5,31;0;2014;0,03259;3 mois
2002-08-26;2002-08-29;51;2003-08-21;1500;1500;FR0104756947;5458;1506;3,62;122;1628;0,03395;12 mois
2002-09-02;2002-09-05;13;2002-12-05;2200;2200;FR0104756871;12479;2207;5,65;132;2339;0,03219;3 mois
2002-09-02;2002-09-05;26;2003-03-06;1500;1500;FR0104756913;5937;1505;3,94;208;1713;0,03212;6 mois
2002-09-09;2002-09-12;12;2002-12-05;2000;2000;FR0104756871;12301;2003;6,14;36;2039;0,03225;3 mois
2002-09-09;2002-09-12;25;2003-03-06;1000;1000;FR0104756913;5704;1005;5,68;0;1005;0,03176;6 mois
2002-09-16;2002-09-19;13;2002-12-19;2500;2500;FR0104756889;12485;2505;4,98;0;2505;0,03199;3 mois
2002-09-16;2002-09-19;48;2003-08-21;1000;1000;FR0104756947;4545;1002;4,54;132;1134;0,03104;12 mois
2002-09-23;2002-09-26;12;2002-12-19;2000;2000;FR0104756889;11000;2005;5,49;53;2058;0,03157;3 mois
2002-09-23;2002-09-26;23;2003-03-06;1000;1000;FR0104756913;6861;1001;6,85;25;1026;0,03094;6 mois
2002-09-30;2002-10-03;13;2003-01-02;2000;2000;FR0104756897;7825;2003;3,91;35;2038;0,03073;3 mois
2002-09-30;2002-10-03;26;2003-04-03;1500;1500;FR0104756921;4955;1507;3,29;19;1526;0,03026;6 mois
2002-10-07;2002-10-10;12;2003-01-02;2000;2000;FR0104756897;8485;2004;4,23;3;2007;0,0302;3 mois
2002-10-07;2002-10-10;25;2003-04-03;1000;1000;FR0104756921;4795;1002;4,79;0;1002;0,02948;6 mois
2002-10-14;2002-10-17;24;2003-04-03;1000;1000;FR0104756921;6705;1008;6,65;0;1008;0,03055;6 mois
2002-10-14;2002-10-17;13;2003-01-16;2000;2000;FR0105093654;10700;2002;5,34;0;2002;0,0311;3 mois
2002-10-21;2002-10-24;23;2003-04-03;1000;1000;FR0104756921;6020;1003;6;10;1013;0,03014;6 mois
2002-10-21;2002-10-24;12;2003-01-16;2000;2000;FR0105093654;10170;2005;5,07;3;2008;0,03073;3 mois
2002-10-28;2002-10-31;13;2003-01-30;2000;2000;FR0105093662;9963;2007;4,96;228;2235;0,03069;3 mois
2002-10-28;2002-10-31;52;2003-10-30;1500;1500;FR0105093738;5115;1503;3,4;187;1690;0,0298;12 mois
2002-11-04;2002-11-07;12;2003-01-30;2000;2000;FR0105093662;11615;2006;5,79;0;2006;0,03031;3 mois
2002-11-04;2002-11-07;51;2003-10-30;1000;1000;FR0105093738;5240;1004;5,22;13;1017;0,02938;12 mois
2002-11-12;2002-11-14;13;2003-02-13;2000;2000;FR0105093670;10250;2006;5,11;0;2006;0,02979;3 mois
2002-11-12;2002-11-14;26;2003-05-15;1500;1500;FR0105093712;4700;1502;3,13;49;1551;0,02886;6 mois
2002-11-18;2002-11-21;12;2003-02-13;2000;2000;FR0105093670;7900;2003;3,94;137;2140;0,02954;3 mois
2002-11-18;2002-11-21;25;2003-05-15;1500;1500;FR0105093712;5400;1502;3,6;151;1653;0,02869;6 mois
2002-11-25;2002-11-28;13;2003-02-27;3000;3000;FR0105093688;11600;3003;3,86;34;3037;0,02927;3 mois
2002-11-25;2002-11-28;52;2003-11-27;2000;2000;FR0105093746;6532;2005;3,26;239;2244;0,02893;12 mois
2002-12-02;2002-12-05;12;2003-02-27;3200;3200;FR0105093688;11225;3205;3,5;329;3534;0,029;3 mois
2002-12-02;2002-12-05;23;2003-05-15;2500;2500;FR0105093712;5870;2504;2,34;256;2760;0,02849;6 mois
2002-12-09;2002-12-12;13;2003-03-13;3000;3000;FR0105093696;13800;3007;4,59;0;3007;0,02797;3 mois
2002-12-09;2002-12-12;50;2003-11-27;2500;2500;FR0105093746;7190;2504;2,87;221;2725;0,02776;12 mois
2002-12-16;2002-12-19;12;2003-03-13;2500;2500;FR0105093696;11520;2504;4,6;124;2628;0,02816;3 mois
2002-12-16;2002-12-19;27;2003-06-26;3000;3000;FR0105093720;6960;3006;2,32;129;3135;0,02739;6 mois
2002-12-23;2002-12-27;13;2003-03-27;2500;2500;FR0105093704;6950;2500;2,78;0;2500;0,02775;3 mois
2002-12-23;2002-12-27;26;2003-06-26;2000;2000;FR0105093720;3725;2002;1,86;0;2002;0,02732;6 mois
2002-12-30;2003-01-02;23;2003-06-12;1500;1500;FR0104446523;3940;1502;2,62;10;1512;0,02688;6 mois
2002-12-30;2003-01-02;12;2003-03-27;3000;3000;FR0105093704;6119;3009;2,03;0;3009;0,02757;3 mois
2003-01-06;2003-01-09;13;2003-04-10;2500;2500;FR0105427662;12700;2500;5,08;10;2510;0,02732;3 mois
2003-01-06;2003-01-09;52;2004-01-08;2000;2000;FR0105427761;5660;2007;2,82;234;2241;0,02608;12 mois
2003-01-13;2003-01-16;12;2003-04-10;2000;2000;FR0105427662;12590;2006;6,28;53;2059;0,02722;3 mois
2003-01-13;2003-01-16;51;2004-01-08;1500;1500;FR0105427761;5150;1502;3,43;88;1590;0,02589;12 mois
2003-01-20;2003-01-23;13;2003-04-24;2000;2000;FR0105427670;11930;2005;5,95;159;2164;0,02707;3 mois
2003-01-20;2003-01-23;26;2003-07-24;2000;2000;FR0105427738;7925;2003;3,96;209;2212;0,02619;6 mois
2003-01-27;2003-01-30;12;2003-04-24;2000;2000;FR0105427670;12820;2007;6,39;0;2007;0,02669;3 mois
2003-01-27;2003-01-30;25;2003-07-24;2000;2000;FR0105427738;5900;2002;2,95;46;2048;0,02577;6 mois
2003-02-03;2003-02-06;13;2003-05-07;2200;2200;FR0105427688;10800;2209;4,89;4;2213;0,02658;3 mois
2003-02-03;2003-02-06;52;2004-02-05;2200;2200;FR0105427779;6220;2206;2,82;258;2464;0,0249;12 mois
2003-02-10;2003-02-13;12;2003-05-07;2200;2200;FR0105427688;9620;2206;4,36;174;2380;0,02604;3 mois
2003-02-10;2003-02-13;51;2004-02-05;2200;2200;FR0105427779;6050;2207;2,74;243;2450;0,02387;12 mois
2003-02-17;2003-02-20;13;2003-05-22;2200;2200;FR0105427696;9810;2205;4,45;4;2209;0,02553;3 mois
2003-02-17;2003-02-20;24;2003-08-07;2000;2000;FR0105427746;6360;2003;3,18;0;2003;0,02445;6 mois
2003-02-24;2003-02-27;12;2003-05-22;2200;2200;FR0105427696;11300;2203;5,13;241;2444;0,02462;3 mois
2003-02-24;2003-02-27;23;2003-08-07;2000;2000;FR0105427746;5900;2002;2,95;202;2204;0,02362;6 mois
2003-03-03;2003-03-06;13;2003-06-05;2500;2500;FR0105427704;8700;2502;3,48;158;2660;0,02368;3 mois
2003-03-03;2003-03-06;52;2004-03-04;2300;2300;FR0105427787;5975;2303;2,59;158;2461;0,02226;12 mois
2003-03-10;2003-03-13;12;2003-06-05;2300;2300;FR0105427704;9610;2302;4,17;7;2309;0,02419;3 mois
2003-03-10;2003-03-13;25;2003-09-04;2300;2300;FR0105427753;8410;2303;3,65;0;2303;0,02312;6 mois
2003-03-17;2003-03-20;13;2003-06-19;2300;2300;FR0105427712;8300;2308;3,6;7;2315;0,02418;3 mois
2003-03-17;2003-03-20;50;2004-03-04;2000;2000;FR0105427787;5400;2002;2,7;0;2002;0,02299;12 mois
2003-03-24;2003-03-27;12;2003-06-19;2300;2300;FR0105427712;8200;2302;3,56;0;2302;0,02398;3 mois
2003-03-24;2003-03-27;23;2003-09-04;2300;2300;FR0105427753;5330;2308;2,31;0;2308;0,02351;6 mois
2003-03-31;2003-04-03;13;2003-07-03;2500;2500;FR0105427720;7905;2504;3,16;0;2504;0,02371;3 mois
2003-03-31;2003-04-03;40;2004-01-08;1300;1300;FR0105427761;5075;1303;3,89;10;1313;0,02261;12 mois
2003-04-07;2003-04-10;12;2003-07-03;2000;2000;FR0105427720;8320;2013;4,13;45;2058;0,02399;3 mois
2003-04-07;2003-04-10;51;2004-04-01;2000;2000;FR0105760070;5940;2005;2,96;206;2211;0,02321;12 mois
2003-04-14;2003-04-17;13;2003-07-17;2000;2000;FR0105759981;7250;2008;3,61;0;2008;0,02432;3 mois
2003-04-14;2003-04-17;26;2003-10-16;2000;2000;FR0105760047;5185;2003;2,59;0;2003;0,02389;6 mois
2003-04-22;2003-04-24;12;2003-07-17;2300;2300;FR0105759981;9250;2303;4,02;0;2303;0,02435;3 mois
2003-04-22;2003-04-24;49;2004-04-01;2200;2200;FR0105760070;5705;2205;2,59;0;2205;0,02341;12 mois
2003-04-28;2003-04-30;13;2003-07-31;2500;2500;FR0105759999;10650;2506;4,25;0;2506;0,02389;3 mois
2003-04-28;2003-04-30;24;2003-10-16;2000;2000;FR0105760047;5960;2003;2,98;0;2003;0,02333;6 mois
2003-05-05;2003-05-07;12;2003-07-31;2200;2200;FR0105759999;9320;2200;4,24;0;2200;0,02382;3 mois
2003-05-05;2003-05-07;51;2004-04-29;1800;1800;FR0105760088;7690;1803;4,27;152;1955;0,02257;12 mois
2003-05-12;2003-05-15;13;2003-08-14;2500;2500;FR0105760005;8150;2510;3,25;179;2689;0,02335;3 mois
2003-05-12;2003-05-15;26;2003-11-13;2300;2300;FR0105760054;6790;2308;2,94;264;2572;0,02246;6 mois
2003-05-19;2003-05-22;12;2003-08-14;2500;2500;FR0105760005;8490;2502;3,39;78;2580;0,02263;3 mois
2003-05-19;2003-05-22;25;2003-11-13;2300;2300;FR0105760054;5850;2306;2,54;99;2405;0,02171;6 mois
2003-05-26;2003-05-30;13;2003-08-28;2500;2500;FR0105760013;8300;2506;3,31;118;2624;0,02196;3 mois
2003-05-26;2003-05-30;52;2004-05-27;2000;2000;FR0105760096;5980;2008;2,98;10;2018;0,02046;12 mois
2003-06-02;2003-06-05;12;2003-08-28;2700;2700;FR0105760013;7250;2706;2,68;367;3073;0,02145;3 mois
2003-06-02;2003-06-05;51;2004-05-27;2300;2300;FR0105760096;7180;2301;3,12;312;2613;0,02026;12 mois
2003-06-10;2003-06-12;13;2003-09-11;2500;2500;FR0105760021;7750;2507;3,09;247;2754;0,0203;3 mois
2003-06-10;2003-06-12;26;2003-12-11;2500;2500;FR0105760062;7740;2506;3,09;351;2857;0,01958;6 mois
2003-06-16;2003-06-19;12;2003-09-11;2500;2500;FR0105760021;8175;2501;3,27;0;2501;0,02025;3 mois
2003-06-16;2003-06-19;25;2003-12-11;2500;2500;FR0105760062;6575;2506;2,62;0;2506;0,01929;6 mois
2003-06-23;2003-06-26;13;2003-09-25;2800;2800;FR0105760039;10910;2805;3,89;142;2947;0,0203;3 mois
2003-06-23;2003-06-26;52;2004-06-24;2000;2000;FR0105760104;6825;2003;3,41;250;2253;0,01871;12 mois
2003-06-30;2003-07-03;12;2003-09-25;2500;2500;FR0105760039;7880;2505;3,15;0;2505;0,02031;3 mois
2003-06-30;2003-07-03;51;2004-06-24;2100;2100;FR0105760104;6190;2103;2,94;226;2329;0,01929;12 mois
2003-07-07;2003-07-10;13;2003-10-09;2300;2300;FR0106079322;9310;2310;4,03;0;2310;0,02029;3 mois
2003-07-07;2003-07-10;28;2004-01-22;2300;2300;FR0106079397;6980;2308;3,02;0;2308;0,01945;6 mois
2003-07-15;2003-07-17;12;2003-10-09;2500;2500;FR0106079322;9750;2505;3,89;5;2510;0,02028;3 mois
2003-07-15;2003-07-17;27;2004-01-22;2000;2000;FR0106079397;5800;2005;2,89;0;2005;0,01972;6 mois
2003-07-21;2003-07-24;13;2003-10-23;2300;2300;FR0106079330;10109;2305;4,39;53;2358;0,02026;3 mois
2003-07-21;2003-07-24;52;2004-07-22;2200;2200;FR0106079421;6783;2207;3,07;84;2291;0,02009;12 mois
2003-07-28;2003-07-31;12;2003-10-23;2300;2300;FR0106079330;12320;2311;5,33;31;2342;0,02019;3 mois
2003-07-28;2003-07-31;51;2004-07-22;2200;2200;FR0106079421;7100;2204;3,22;24;2228;0,02002;12 mois
2003-08-04;2003-08-07;13;2003-11-06;2500;2500;FR0106079348;8270;2506;3,3;0;2506;0,02047;3 mois
2003-08-04;2003-08-07;28;2004-02-19;2000;2000;FR0106079405;5010;2004;2,5;7;2011;0,02057;6 mois
2003-08-11;2003-08-14;37;2004-04-29;2000;2000;FR0105760088;4185;2006;2,09;0;2006;0,02061;12 mois
2003-08-11;2003-08-14;12;2003-11-06;2200;2200;FR0106079348;8405;2201;3,82;30;2231;0,02038;3 mois
2003-08-18;2003-08-21;13;2003-11-20;2300;2300;FR0106079355;8870;2310;3,84;4;2314;0,02042;3 mois
2003-08-18;2003-08-21;52;2004-08-19;2000;2000;FR0106079439;5225;2006;2,6;175;2181;0,02191;12 mois
2003-08-25;2003-08-28;12;2003-11-20;2300;2300;FR0106079355;9175;2303;3,98;0;2303;0,02044;3 mois
2003-08-25;2003-08-28;51;2004-08-19;2200;2200;FR0106079439;5425;2206;2,46;0;2206;0,02192;12 mois
2003-09-01;2003-09-04;13;2003-12-04;2500;2500;FR0106079363;10465;2505;4,18;0;2505;0,02042;3 mois
2003-09-01;2003-09-04;24;2004-02-19;2000;2000;FR0106079405;6085;2006;3,03;0;2006;0,02068;6 mois
2003-09-08;2003-09-11;12;2003-12-04;2500;2500;FR0106079363;9370;2506;3,74;51;2557;0,02044;3 mois
2003-09-08;2003-09-11;27;2004-03-18;2100;2100;FR0106079413;6255;2107;2,97;108;2215;0,02068;6 mois
2003-09-15;2003-09-18;13;2003-12-18;2500;2500;FR0106079371;8950;2510;3,57;0;2510;0,02044;3 mois
2003-09-15;2003-09-18;26;2004-03-18;2100;2100;FR0106079413;7130;2103;3,39;0;2103;0,0206;6 mois
2003-09-22;2003-09-25;31;2004-04-29;1500;1500;FR0105760088;6500;1500;4,33;0;1500;0,0203;12 mois
2003-09-22;2003-09-25;12;2003-12-18;3000;3000;FR0106079371;9300;3001;3,1;1;3002;0,02029;3 mois
2003-09-29;2003-10-02;13;2003-12-31;2600;2600;FR0106079389;8426;2606;3,23;119;2725;0,02023;3 mois
2003-09-29;2003-10-02;52;2004-09-30;2000;2000;FR0106079447;7000;2003;3,49;234;2237;0,0206;12 mois
2003-10-06;2003-10-09;12;2003-12-31;2200;2200;FR0106079389;8985;2202;4,08;10;2212;0,0203;3 mois
2003-10-06;2003-10-09;51;2004-09-30;2500;2500;FR0106079447;5695;2503;2,28;189;2692;0,02146;12 mois
2003-10-13;2003-10-16;13;2004-01-15;3000;3000;FR0106343975;12525;3004;4,17;0;3004;0,02025;3 mois
2003-10-13;2003-10-16;26;2004-04-15;2000;2000;FR0106344031;7670;2010;3,82;0;2010;0,02045;6 mois
2003-10-20;2003-10-23;12;2004-01-15;3000;3000;FR0106343975;11397;3006;3,79;159;3165;0,02034;3 mois
2003-10-20;2003-10-23;25;2004-04-15;2000;2000;FR0106344031;6121;2006;3,05;28;2034;0,02076;6 mois
2003-10-27;2003-10-30;13;2004-01-29;2500;2500;FR0106343983;11417;2507;4,55;61;2568;0,0203;3 mois
2003-10-27;2003-10-30;52;2004-10-28;2200;2200;FR0106344064;6565;2205;2,98;146;2351;0,02262;12 mois
2003-11-03;2003-11-06;12;2004-01-29;2100;2100;FR0106343983;12200;2107;5,79;0;2107;0,02031;3 mois
2003-11-03;2003-11-06;51;2004-10-28;2100;2100;FR0106344064;7573;2114;3,58;0;2114;0,02283;12 mois
2003-11-10;2003-11-13;13;2004-02-12;2200;2200;FR0106343991;12318;2209;5,58;0;2209;0,02037;3 mois
2003-11-10;2003-11-13;26;2004-05-13;2000;2000;FR0106344049;7247;2005;3,61;0;2005;0,02127;6 mois
2003-11-17;2003-11-20;12;2004-02-12;2200;2200;FR0106343991;9345;2209;4,23;123;2332;0,02027;3 mois
2003-11-17;2003-11-20;25;2004-05-13;2000;2000;FR0106344049;6610;2007;3,29;183;2190;0,02076;6 mois
2003-11-24;2003-11-27;13;2004-02-26;2200;2200;FR0106344007;10848;2206;4,92;0;2206;0,02031;3 mois
2003-11-24;2003-11-27;52;2004-11-25;2000;2000;FR0106344072;6081;2004;3,03;0;2004;0,02279;12 mois
2003-12-01;2003-12-04;12;2004-02-26;2200;2200;FR0106344007;9976;2205;4,52;196;2401;0,02044;3 mois
2003-12-01;2003-12-04;51;2004-11-25;2000;2000;FR0106344072;5565;2006;2,77;189;2195;0,02377;12 mois
2003-12-08;2003-12-11;13;2004-03-11;2000;2000;FR0106344015;10000;2010;4,98;12;2022;0,02028;3 mois
2003-12-08;2003-12-11;26;2004-06-10;2000;2000;FR0106344056;5375;2006;2,68;12;2018;0,02075;6 mois
2003-12-15;2003-12-18;12;2004-03-11;2000;2000;FR0106344015;7608;2004;3,8;101;2105;0,02033;3 mois
2003-12-15;2003-12-18;25;2004-06-10;1500;1500;FR0106344056;4756;1500;3,17;41;1541;0,02081;6 mois
2003-12-22;2003-12-24;13;2004-03-25;2000;2000;FR0106344023;8130;2004;4,06;0;2004;0,02027;3 mois
2003-12-29;2003-12-31;12;2004-03-25;2000;2000;FR0106344023;5627;2007;2,8;11;2018;0,02026;3 mois
2004-01-05;2004-01-08;50;2004-12-23;2000;2000;FR0106344080;6985;2007;3,48;217;2224;0,02175;12 mois
2004-01-05;2004-01-08;13;2004-04-08;2400;2400;FR0106538384;9934;2413;4,12;173;2586;0,02009;3 mois
2004-01-12;2004-01-15;49;2004-12-23;2500;2500;FR0106344080;5814;2505;2,32;0;2505;0,02063;12 mois
2004-01-12;2004-01-15;12;2004-04-08;2500;2500;FR0106538384;11070;2512;4,41;29;2541;0,01997;3 mois
2004-01-19;2004-01-22;13;2004-04-22;2400;2400;FR0106538483;12184;2406;5,06;143;2549;0,01985;3 mois
2004-01-19;2004-01-22;24;2004-07-08;2000;2000;FR0106538541;8008;2006;3,99;174;2180;0,01992;6 mois
2004-01-26;2004-01-29;12;2004-04-22;2000;2000;FR0106538483;11207;2005;5,59;2;2007;0,01983;3 mois
2004-01-26;2004-01-29;23;2004-07-08;2000;2000;FR0106538541;7057;2005;3,52;0;2005;0,01985;6 mois
2004-02-02;2004-02-05;13;2004-05-06;2500;2500;FR0106538491;11875;2507;4,74;87;2594;0,01993;3 mois
2004-02-02;2004-02-05;50;2005-01-20;2000;2000;FR0106538574;8450;2012;4,2;234;2246;0,02137;12 mois
2004-02-09;2004-02-12;12;2004-05-06;2600;2600;FR0106538491;13119;2604;5,04;5;2609;0,01972;3 mois
2004-02-09;2004-02-12;49;2005-01-20;2000;2000;FR0106538574;8080;2011;4,02;0;2011;0,02047;12 mois
2004-02-16;2004-02-19;13;2004-05-19;2300;2300;FR0106538509;10300;2306;4,47;86;2392;0,01964;3 mois
2004-02-16;2004-02-19;52;2005-02-17;1700;1700;FR0106538582;5788;1704;3,4;144;1848;0,02044;12 mois
2004-02-23;2004-02-26;12;2004-05-19;2500;2500;FR0106538509;10950;2509;4,36;0;2509;0,01971;3 mois
2004-02-23;2004-02-26;51;2005-02-17;2100;2100;FR0106538582;7504;2103;3,57;191;2294;0,0207;12 mois
2004-03-01;2004-03-04;13;2004-06-03;2500;2500;FR0106538517;10461;2505;4,18;0;2505;0,01944;3 mois
2004-03-01;2004-03-04;26;2004-09-02;2000;2000;FR0106538566;8049;2006;4,01;0;2006;0,01929;6 mois
2004-03-08;2004-03-11;12;2004-06-03;2500;2500;FR0106538517;9100;2500;3,64;0;2500;0,01947;3 mois
2004-03-08;2004-03-11;25;2004-09-02;2000;2000;FR0106538566;6270;2003;3,13;0;2003;0,01938;6 mois
2004-03-15;2004-03-18;13;2004-06-17;2700;2700;FR0106538525;8762;2704;3,24;22;2726;0,01953;3 mois
2004-03-15;2004-03-18;52;2005-03-17;1800;1800;FR0106538590;5928;1802;3,29;15;1817;0,01957;12 mois
2004-03-22;2004-03-25;12;2004-06-17;2700;2700;FR0106538525;10625;2707;3,93;23;2730;0,01922;3 mois
2004-03-22;2004-03-25;51;2005-03-17;2100;2100;FR0106538590;5901;2106;2,8;18;2124;0,01907;12 mois
2004-03-29;2004-04-01;13;2004-07-01;3000;3000;FR0106538533;9730;3009;3,23;0;3009;0,01867;3 mois
2004-03-29;2004-04-01;22;2004-09-02;1500;1500;FR0106538566;4720;1511;3,12;0;1511;0,01845;6 mois
2004-04-05;2004-04-08;12;2004-07-01;2500;2500;FR0106538533;8580;2506;3,42;134;2640;0,01959;3 mois
2004-04-05;2004-04-08;51;2005-03-31;1700;1700;FR0106841853;5602;1708;3,28;161;1869;0,02046;12 mois
2004-04-13;2004-04-15;13;2004-07-15;2500;2500;FR0106841762;7110;2506;2,84;0;2506;0,01947;3 mois
2004-04-13;2004-04-15;50;2005-03-31;2000;2000;FR0106841853;3450;2002;1,72;0;2002;0,02052;12 mois
2004-04-19;2004-04-22;12;2004-07-15;2500;2500;FR0106841762;9075;2505;3,62;3;2508;0,0195;3 mois
2004-04-19;2004-04-22;25;2004-10-14;2100;2100;FR0106841820;5952;2108;2,82;0;2108;0,01957;6 mois
2004-04-26;2004-04-29;13;2004-07-29;2500;2500;FR0106841770;10150;2602;3,9;15;2617;0,01962;3 mois
2004-04-26;2004-04-29;24;2004-10-14;1900;1900;FR0106841820;5050;2082;2,43;12;2094;0,01989;6 mois
2004-05-03;2004-05-06;12;2004-07-29;2500;2500;FR0106841770;8605;2506;3,43;0;2506;0,01966;3 mois
2004-05-03;2004-05-06;51;2005-04-28;2000;2000;FR0106841861;5780;2005;2,88;183;2188;0,02124;12 mois
2004-05-10;2004-05-13;13;2004-08-12;2200;2200;FR0106841788;8605;2209;3,9;12;2221;0,0199;3 mois
2004-05-10;2004-05-13;26;2004-11-10;2200;2200;FR0106841838;6850;2203;3,11;30;2233;0,02044;6 mois
2004-05-17;2004-05-19;12;2004-08-12;2500;2500;FR0106841788;9275;2505;3,7;0;2505;0,0199;3 mois
2004-05-17;2004-05-19;49;2005-04-28;2000;2000;FR0106841861;4795;2004;2,39;0;2004;0,02169;12 mois
2004-05-24;2004-05-27;13;2004-08-26;2400;2400;FR0106841796;8057;2406;3,35;32;2438;0,01993;3 mois
2004-05-24;2004-05-27;24;2004-11-10;2000;2000;FR0106841838;6275;2007;3,13;41;2048;0,02046;6 mois
2004-06-01;2004-06-03;12;2004-08-26;2500;2500;FR0106841796;9350;2501;3,74;11;2512;0,01989;3 mois
2004-06-01;2004-06-03;51;2005-05-26;2000;2000;FR0106841879;5640;2009;2,81;9;2018;0,02226;12 mois
2004-06-07;2004-06-10;13;2004-09-09;2400;2400;FR0106841804;7884;2405;3,28;13;2418;0,01998;3 mois
2004-06-07;2004-06-10;26;2004-12-09;2000;2000;FR0106841846;5760;2008;2,87;10;2018;0,0206;6 mois
2004-06-14;2004-06-17;12;2004-09-09;2400;2400;FR0106841804;6804;2404;2,83;34;2438;0,02013;3 mois
2004-06-14;2004-06-17;25;2004-12-09;2000;2000;FR0106841846;5265;2005;2,63;202;2207;0,021;6 mois
2004-06-21;2004-06-24;13;2004-09-23;2500;2500;FR0106841812;9625;2508;3,84;21;2529;0,02012;3 mois
2004-06-21;2004-06-24;48;2005-05-26;1800;1800;FR0106841879;5034;1801;2,8;28;1829;0,02286;12 mois
2004-06-28;2004-07-01;29;2005-01-20;1300;1300;FR0106538574;4110;1302;3,16;15;1317;0,02092;6 mois
2004-06-28;2004-07-01;12;2004-09-23;2300;2300;FR0106841812;8990;2309;3,89;36;2345;0,02008;3 mois
2004-07-05;2004-07-08;13;2004-10-07;2500;2500;FR0107095897;9350;2509;3,73;0;2509;0,02004;3 mois
2004-07-05;2004-07-08;50;2005-06-23;2000;2000;FR0107095996;6085;2008;3,03;0;2008;0,02217;12 mois
2004-07-12;2004-07-15;12;2004-10-07;2400;2400;FR0107095897;9285;2406;3,86;14;2420;0,02009;3 mois
2004-07-12;2004-07-15;49;2005-06-23;1700;1700;FR0107095996;5107;1706;2,99;0;1706;0,02204;12 mois
2004-07-19;2004-07-22;13;2004-10-21;2500;2500;FR0107095905;10219;2510;4,07;15;2525;0,02008;3 mois
2004-07-19;2004-07-22;24;2005-01-06;2000;2000;FR0107095962;6275;2007;3,13;0;2007;0,02057;6 mois
2004-07-26;2004-07-29;12;2004-10-21;2200;2200;FR0107095905;10507;2212;4,75;4;2216;0,02013;3 mois
2004-07-26;2004-07-29;51;2005-07-21;2000;2000;FR0107096002;5860;2009;2,92;0;2009;0,02276;12 mois
2004-08-02;2004-08-05;13;2004-11-04;2200;2200;FR0107095913;7235;2206;3,28;0;2206;0,02009;3 mois
2004-08-02;2004-08-05;22;2005-01-06;2000;2000;FR0107095962;5795;2003;2,89;0;2003;0,02049;6 mois
2004-08-09;2004-08-12;12;2004-11-04;2000;2000;FR0107095913;5480;2004;2,73;0;2004;0,02008;3 mois
2004-08-09;2004-08-12;49;2005-07-21;2000;2000;FR0107096002;2630;2002;1,31;0;2002;0,02163;12 mois
2004-08-16;2004-08-19;13;2004-11-18;2000;2000;FR0107095921;8490;2007;4,23;0;2007;0,02008;3 mois
2004-08-16;2004-08-19;24;2005-02-03;2000;2000;FR0107095970;6015;2001;3,01;0;2001;0,02042;6 mois
2004-08-23;2004-08-26;12;2004-11-18;2200;2200;FR0107095921;8919;2214;4,03;2;2216;0,0201;3 mois
2004-08-23;2004-08-26;51;2005-08-18;2000;2000;FR0107096010;6340;2005;3,16;1;2006;0,02197;12 mois
2004-08-30;2004-09-02;13;2004-12-02;2400;2400;FR0107095939;10705;2408;4,45;0;2408;0,02009;3 mois
2004-08-30;2004-09-02;22;2005-02-03;2000;2000;FR0107095970;8905;2006;4,44;0;2006;0,02047;6 mois
2004-09-06;2004-09-09;12;2004-12-02;2000;2000;FR0107095939;11450;2003;5,72;4;2007;0,02013;3 mois
2004-09-06;2004-09-09;49;2005-08-18;1800;1800;FR0107096010;7092;1804;3,93;0;1804;0,02266;12 mois
2004-09-13;2004-09-16;13;2004-12-16;2000;2000;FR0107095947;13140;2005;6,55;0;2005;0,02011;3 mois
2004-09-13;2004-09-16;52;2005-09-15;2000;2000;FR0107096028;7340;2007;3,66;131;2138;0,02303;12 mois
2004-09-20;2004-09-23;12;2004-12-16;2200;2200;FR0107095947;12720;2205;5,77;0;2205;0,02013;3 mois
2004-09-20;2004-09-23;23;2005-03-03;2000;2000;FR0107095988;9179;2009;4,57;0;2009;0,02083;6 mois
2004-09-27;2004-09-30;13;2004-12-30;2100;2100;FR0107095954;8436;2104;4,01;0;2104;0,02017;3 mois
2004-09-27;2004-09-30;22;2005-03-03;2000;2000;FR0107095988;7380;2004;3,68;72;2076;0,02083;6 mois
2004-10-04;2004-10-07;12;2004-12-30;2200;2200;FR0107095954;9222;2208;4,18;3;2211;0,02017;3 mois
2004-10-04;2004-10-07;49;2005-09-15;2000;2000;FR0107096028;6480;2008;3,23;166;2174;0,02271;12 mois
2004-10-11;2004-10-14;13;2005-01-13;2300;2300;FR0107191340;8808;2307;3,82;0;2307;0,02026;3 mois
2004-10-11;2004-10-14;26;2005-04-14;2100;2100;FR0107191407;8043;2108;3,82;54;2162;0,02084;6 mois
2004-10-18;2004-10-21;12;2005-01-13;2200;2200;FR0107191340;9531;2202;4,33;0;2202;0,02025;3 mois
2004-10-18;2004-10-21;25;2005-04-14;2000;2000;FR0107191407;7078;2009;3,52;0;2009;0,02069;6 mois
2004-10-25;2004-10-28;13;2005-01-27;2200;2200;FR0107191357;9787;2204;4,44;0;2204;0,02028;3 mois
2004-10-25;2004-10-28;52;2005-10-27;2000;2000;FR0107191431;6780;2005;3,38;0;2005;0,02165;12 mois
2004-11-02;2004-11-04;12;2005-01-27;2000;2000;FR0107191357;10520;2007;5,24;0;2007;0,0203;3 mois
2004-11-02;2004-11-04;27;2005-05-12;2000;2000;FR0107191415;7255;2007;3,61;0;2007;0,02106;6 mois
2004-11-08;2004-11-10;13;2005-02-10;2200;2200;FR0107191365;8313;2204;3,77;0;2204;0,02048;3 mois
2004-11-08;2004-11-10;50;2005-10-27;1900;1900;FR0107191431;5247;1906;2,75;60;1966;0,0227;12 mois
2004-11-15;2004-11-18;12;2005-02-10;2200;2200;FR0107191365;8932;2213;4,04;3;2216;0,02053;3 mois
2004-11-15;2004-11-18;25;2005-05-12;1900;1900;FR0107191415;5704;1905;2,99;0;1905;0,02102;6 mois
2004-11-22;2004-11-25;13;2005-02-24;2200;2200;FR0107191373;8445;2208;3,82;0;2208;0,02056;3 mois
2004-11-22;2004-11-25;52;2005-11-24;1900;1900;FR0107191449;6357;1904;3,34;118;2022;0,02234;12 mois
2004-11-29;2004-12-02;12;2005-02-24;1900;1900;FR0107191373;7507;1906;3,94;31;1937;0,02057;3 mois
2004-11-29;2004-12-02;27;2005-06-09;1900;1900;FR0107191423;5677;1906;2,98;50;1956;0,02105;6 mois
2004-12-06;2004-12-09;13;2005-03-10;1900;1900;FR0107191381;7907;1900;4,16;0;1900;0,0205;3 mois
2004-12-06;2004-12-09;26;2005-06-09;1100;1100;FR0107191423;5460;1107;4,93;0;1107;0,0208;6 mois
2004-12-13;2004-12-16;12;2005-03-10;1900;1900;FR0107191381;9374;1905;4,92;183;2088;0,02042;3 mois
2004-12-13;2004-12-16;49;2005-11-24;1100;1100;FR0107191449;5381;1107;4,86;30;1137;0,02147;12 mois
2004-12-20;2004-12-23;13;2005-03-24;2300;2300;FR0107191399;9323;2308;4,04;195;2503;0,02033;3 mois
2004-12-27;2004-12-30;12;2005-03-24;1500;1500;FR0107191399;6910;1504;4,59;0;1504;0,02027;3 mois
2005-01-03;2005-01-06;13;2005-04-07;2300;2300;FR0107369730;8728;2308;3,78;52;2360;0,02032;3 mois
2005-01-03;2005-01-06;26;2005-07-07;2000;2000;FR0107369805;6810;2005;3,4;185;2190;0,02103;6 mois
2005-01-10;2005-01-13;12;2005-04-07;2400;2400;FR0107369730;11774;2408;4,89;18;2426;0,02028;3 mois
2005-01-10;2005-01-13;25;2005-07-07;1900;1900;FR0107369805;7035;1907;3,69;0;1907;0,02078;6 mois
2005-01-17;2005-01-20;13;2005-04-21;2000;2000;FR0107369748;10460;2009;5,21;0;2009;0,02025;3 mois
2005-01-17;2005-01-20;52;2006-01-19;2000;2000;FR0107369847;5350;2009;2,66;0;2009;0,02178;12 mois
2005-01-24;2005-01-27;12;2005-04-21;2000;2000;FR0107369748;11435;2006;5,7;30;2036;0,02021;3 mois
2005-01-24;2005-01-27;51;2006-01-19;2000;2000;FR0107369847;6500;2007;3,24;0;2007;0,02166;12 mois
2005-01-31;2005-02-03;13;2005-05-04;2000;2000;FR0107369755;10140;2005;5,06;29;2034;0,02021;3 mois
2005-01-31;2005-02-03;26;2005-08-04;2000;2000;FR0107369813;8430;2006;4,2;105;2111;0,02073;6 mois
2005-02-07;2005-02-10;12;2005-05-04;2100;2100;FR0107369755;11240;2105;5,34;0;2105;0,02019;3 mois
2005-02-07;2005-02-10;25;2005-08-04;1900;1900;FR0107369813;7354;1909;3,85;61;1970;0,02071;6 mois
2005-02-14;2005-02-17;13;2005-05-19;2000;2000;FR0107369763;9550;2011;4,75;0;2011;0,02021;3 mois
2005-02-14;2005-02-17;52;2006-02-16;2000;2000;FR0107369854;7055;2008;3,51;0;2008;0,02183;12 mois
2005-02-21;2005-02-24;12;2005-05-19;2000;2000;FR0107369763;8675;2011;4,31;0;2011;0,02023;3 mois
2005-02-21;2005-02-24;51;2006-02-16;2000;2000;FR0107369854;5495;2007;2,74;19;2026;0,02217;12 mois
2005-02-28;2005-03-03;13;2005-06-02;2000;2000;FR0107369771;12090;2010;6,01;0;2010;0,02021;3 mois
2005-02-28;2005-03-03;26;2005-09-01;1800;1800;FR0107369821;8904;1807;4,93;17;1824;0,02084;6 mois
2005-03-07;2005-03-10;12;2005-06-02;2000;2000;FR0107369771;9110;2005;4,54;0;2005;0,0202;3 mois
2005-03-07;2005-03-10;25;2005-09-01;2000;2000;FR0107369821;6225;2005;3,1;41;2046;0,02064;6 mois
2005-03-14;2005-03-17;13;2005-06-16;2000;2000;FR0107369789;13370;2006;6,67;48;2054;0,02018;3 mois
2005-03-14;2005-03-17;52;2006-03-16;1800;1800;FR0107369862;8240;1805;4,57;64;1869;0,022;12 mois
2005-03-21;2005-03-24;12;2005-06-16;2000;2000;FR0107369789;11340;2005;5,66;0;2005;0,02017;3 mois
2005-03-21;2005-03-24;51;2006-03-16;1800;1800;FR0107369862;6605;1807;3,66;0;1807;0,02239;12 mois
2005-03-29;2005-03-31;13;2005-06-30;2000;2000;FR0107369797;10300;2003;5,14;0;2003;0,02023;3 mois
2005-03-29;2005-03-31;26;2005-09-29;1800;1800;FR0107369839;5540;1809;3,06;22;1831;0,02105;6 mois
2005-04-04;2005-04-07;12;2005-06-30;1900;1900;FR0107369797;10754;1906;5,64;4;1910;0,02016;3 mois
2005-04-04;2005-04-07;25;2005-09-29;1900;1900;FR0107369839;7559;1902;3,97;0;1902;0,02076;6 mois
2005-04-11;2005-04-14;13;2005-07-13;2000;2000;FR0107673842;11440;2007;5,7;0;2007;0,02016;3 mois
2005-04-11;2005-04-14;52;2006-04-13;1800;1800;FR0107673933;8968;1808;4,96;20;1828;0,02169;12 mois
2005-04-18;2005-04-21;12;2005-07-13;2000;2000;FR0107673842;9650;2005;4,81;0;2005;0,02003;3 mois
2005-04-18;2005-04-21;51;2006-04-13;1800;1800;FR0107673933;5443;1803;3,02;24;1827;0,02122;12 mois
2005-04-25;2005-04-28;13;2005-07-28;2000;2000;FR0107673859;11320;2006;5,64;0;2006;0,02013;3 mois
2005-04-25;2005-04-28;24;2005-10-13;1800;1800;FR0107673909;8235;1805;4,56;43;1848;0,0204;6 mois
2005-05-02;2005-05-04;12;2005-07-28;1800;1800;FR0107673859;10116;1804;5,61;0;1804;0,02001;3 mois
2005-05-02;2005-05-04;23;2005-10-13;2000;2000;FR0107673909;6140;2008;3,06;0;2008;0,02028;6 mois
2005-05-09;2005-05-12;13;2005-08-11;2000;2000;FR0107673867;13410;2004;6,69;0;2004;0,02001;3 mois
2005-05-09;2005-05-12;52;2006-05-11;1800;1800;FR0107673941;7248;1807;4,01;170;1977;0,02088;12 mois
2005-05-16;2005-05-19;12;2005-08-11;2000;2000;FR0107673867;10395;2006;5,18;0;2006;0,01992;3 mois
2005-05-16;2005-05-19;25;2005-11-10;1800;1800;FR0107673917;8314;1806;4,6;0;1806;0,02024;6 mois
2005-05-23;2005-05-26;13;2005-08-25;2000;2000;FR0107673875;11475;2006;5,72;0;2006;0,01995;3 mois
2005-05-23;2005-05-26;50;2006-05-11;1800;1800;FR0107673941;7065;1809;3,91;193;2002;0,02105;12 mois
2005-05-30;2005-06-02;12;2005-08-25;2000;2000;FR0107673875;9830;2004;4,91;0;2004;0,01996;3 mois
2005-05-30;2005-06-02;23;2005-11-10;1800;1800;FR0107673917;6631;1807;3,67;20;1827;0,02025;6 mois
2005-06-06;2005-06-09;13;2005-09-08;2000;2000;FR0107673883;10395;2006;5,18;0;2006;0,01994;3 mois
2005-06-06;2005-06-09;52;2006-06-08;1800;1800;FR0107673958;6975;1804;3,87;180;1984;0,02011;12 mois
2005-06-13;2005-06-16;12;2005-09-08;1900;1900;FR0107673883;7699;1909;4,03;0;1909;0,01994;3 mois
2005-06-13;2005-06-16;51;2006-06-08;1900;1900;FR0107673958;6315;1907;3,31;0;1907;0,01997;12 mois
2005-06-20;2005-06-23;13;2005-09-22;1800;1800;FR0107673891;8518;1810;4,71;4;1814;0,01993;3 mois
2005-06-20;2005-06-23;24;2005-12-08;2000;2000;FR0107673925;5755;2002;2,87;157;2159;0,02009;6 mois
2005-06-27;2005-06-30;12;2005-09-22;1900;1900;FR0107673891;8048;1907;4,22;0;1907;0,01992;3 mois
2005-06-27;2005-06-30;23;2005-12-08;1900;1900;FR0107673925;7224;1907;3,79;0;1907;0,01997;6 mois
2005-07-04;2005-07-07;13;2005-10-06;2000;2000;FR0107933931;9131;2006;4,55;0;2006;0,01994;3 mois
2005-07-04;2005-07-07;52;2006-07-06;1800;1800;FR0107934038;5955;1803;3,3;0;1803;0,02008;12 mois
2005-07-11;2005-07-13;12;2005-10-06;1900;1900;FR0107933931;10009;1906;5,25;18;1924;0,01988;3 mois
2005-07-11;2005-07-13;25;2006-01-05;1900;1900;FR0107934004;7044;1904;3,7;0;1904;0,02003;6 mois
2005-07-18;2005-07-21;13;2005-10-20;2000;2000;FR0107933949;9620;2004;4,8;0;2004;0,01991;3 mois
2005-07-18;2005-07-21;50;2006-07-06;1800;1800;FR0107934038;5488;1803;3,04;0;1803;0,02065;12 mois
2005-07-25;2005-07-28;12;2005-10-20;1900;1900;FR0107933949;9414;1905;4,94;0;1905;0,01993;3 mois
2005-07-25;2005-07-28;23;2006-01-05;1900;1900;FR0107934004;7229;1904;3,8;0;1904;0,02025;6 mois
2005-08-01;2005-08-04;13;2005-11-03;2000;2000;FR0107933956;7020;2007;3,5;0;2007;0,01994;3 mois
2005-08-01;2005-08-04;52;2006-08-03;1800;1800;FR0107934046;5500;1800;3,06;0;1800;0,02119;12 mois
2005-08-08;2005-08-11;12;2005-11-03;1800;1800;FR0107933956;6583;1801;3,66;0;1801;0,02001;3 mois
2005-08-08;2005-08-11;51;2006-08-03;2000;2000;FR0107934046;5410;2008;2,69;0;2008;0,02136;12 mois
2005-08-16;2005-08-18;13;2005-11-17;1900;1900;FR0107933964;7775;1904;4,08;0;1904;0,02;3 mois
2005-08-16;2005-08-18;24;2006-02-02;1900;1900;FR0107934012;5540;1909;2,9;15;1924;0,02047;6 mois
2005-08-22;2005-08-25;12;2005-11-17;1900;1900;FR0107933964;8125;1906;4,26;0;1906;0,01999;3 mois
2005-08-22;2005-08-25;23;2006-02-02;1900;1900;FR0107934012;5600;1904;2,94;0;1904;0,02042;6 mois
2005-08-29;2005-09-01;13;2005-12-01;2000;2000;FR0107933972;6555;2005;3,27;0;2005;0,02002;3 mois
2005-08-29;2005-09-01;52;2006-08-31;1800;1800;FR0107934053;6315;1805;3,5;133;1938;0,02102;12 mois
2005-09-05;2005-09-08;12;2005-12-01;1900;1900;FR0107933972;7879;1903;4,14;0;1903;0,02004;3 mois
2005-09-05;2005-09-08;25;2006-03-02;1900;1900;FR0107934020;7299;1910;3,82;0;1910;0,02024;6 mois
2005-09-12;2005-09-15;13;2005-12-15;2000;2000;FR0107933980;9005;2004;4,49;0;2004;0,02;3 mois
2005-09-12;2005-09-15;50;2006-08-31;1900;1900;FR0107934053;5495;1903;2,89;0;1903;0,0209;12 mois
2005-09-19;2005-09-22;12;2005-12-15;2000;2000;FR0107933980;7165;2006;3,57;0;2006;0,02001;3 mois
2005-09-19;2005-09-22;23;2006-03-02;1900;1900;FR0107934020;6364;1903;3,34;0;1903;0,02048;6 mois
2005-09-26;2005-09-29;13;2005-12-29;1900;1900;FR0107933998;6545;1903;3,44;0;1903;0,02017;3 mois
2005-09-26;2005-09-29;52;2006-09-28;2000;2000;FR0107934061;6575;2006;3,28;0;2006;0,0215;12 mois
2005-10-03;2005-10-06;12;2005-12-29;1800;1800;FR0107933998;5368;1802;2,98;0;1802;0,02037;3 mois
2005-10-03;2005-10-06;25;2006-03-30;2100;2100;FR0108197411;6330;2104;3,01;0;2104;0,02095;6 mois
2005-10-10;2005-10-13;50;2006-09-28;1700;1700;FR0107934061;4822;1705;2,83;0;1705;0,02242;12 mois
2005-10-10;2005-10-13;13;2006-01-12;2200;2200;FR0108197353;6915;2204;3,14;0;2204;0,02052;3 mois
2005-10-17;2005-10-20;12;2006-01-12;2000;2000;FR0108197353;6390;2005;3,19;0;2005;0,02045;3 mois
2005-10-17;2005-10-20;23;2006-03-30;1900;1900;FR0108197411;5335;1906;2,8;15;1921;0,02131;6 mois
2005-10-24;2005-10-27;13;2006-01-26;2000;2000;FR0108197361;5370;2004;2,68;0;2004;0,02053;3 mois
2005-10-24;2005-10-27;52;2006-10-26;1900;1900;FR0108197452;4330;1902;2,28;0;1902;0,02299;12 mois
2005-10-31;2005-11-03;12;2006-01-26;1900;1900;FR0108197361;6350;1907;3,33;67;1974;0,02128;3 mois
2005-10-31;2005-11-03;25;2006-04-27;2000;2000;FR0108197429;4490;2003;2,24;0;2003;0,02254;6 mois
2005-11-07;2005-11-10;13;2006-02-09;2000;2000;FR0108197379;5305;2004;2,65;0;2004;0,02156;3 mois
2005-11-07;2005-11-10;50;2006-10-26;1900;1900;FR0108197452;3209;1901;1,69;0;1901;0,025;12 mois
2005-11-14;2005-11-17;12;2006-02-09;2100;2100;FR0108197379;3779;2105;1,8;0;2105;0,022;3 mois
2005-11-14;2005-11-17;23;2006-04-27;1800;1800;FR0108197429;2858;1807;1,58;0;1807;0,02334;6 mois
2005-11-21;2005-11-24;13;2006-02-23;2000;2000;FR0108197387;5755;2004;2,87;22;2026;0,02306;3 mois
2005-11-21;2005-11-24;52;2006-11-23;1900;1900;FR0108197460;4699;1901;2,47;188;2089;0,0266;12 mois
2005-11-28;2005-12-01;12;2006-02-23;2000;2000;FR0108197387;5385;2003;2,69;0;2003;0,02316;3 mois
2005-11-28;2005-12-01;25;2006-05-24;1900;1900;FR0108197437;4654;1902;2,45;0;1902;0,02454;6 mois
2005-12-05;2005-12-08;13;2006-03-09;2000;2000;FR0108197395;6025;2006;3;26;2032;0,02313;3 mois
2005-12-05;2005-12-08;50;2006-11-23;1900;1900;FR0108197460;2879;1901;1,51;154;2055;0,02578;12 mois
2005-12-12;2005-12-15;12;2006-03-09;2000;2000;FR0108197395;5290;2007;2,64;0;2007;0,02308;3 mois
2005-12-12;2005-12-15;23;2006-05-24;1900;1900;FR0108197437;4314;1904;2,27;0;1904;0,02436;6 mois
2005-12-19;2005-12-22;13;2006-03-23;2000;2000;FR0108197403;4680;2002;2,34;0;2002;0,0235;3 mois
2005-12-19;2005-12-22;52;2006-12-21;1700;1700;FR0108197478;4305;1702;2,53;0;1702;0,02701;12 mois
2005-12-27;2005-12-29;12;2006-03-23;2000;2000;FR0108197403;5755;2001;2,88;0;2001;0,02359;3 mois
2006-01-02;2006-01-05;50;2006-12-21;1900;1900;FR0108197478;6689;1904;3,51;185;2089;0,02715;12 mois
2006-01-02;2006-01-05;13;2006-04-06;1900;1900;FR0108354632;8709;1903;4,58;52;1955;0,02377;3 mois
2006-01-09;2006-01-12;12;2006-04-06;1900;1900;FR0108354632;7285;1901;3,83;0;1901;0,02354;3 mois
2006-01-09;2006-01-12;27;2006-07-20;1900;1900;FR0108354707;6110;1903;3,21;0;1903;0,02501;6 mois
2006-01-16;2006-01-19;13;2006-04-20;1800;1800;FR0108354640;7283;1803;4,04;192;1995;0,02378;3 mois
2006-01-16;2006-01-19;52;2007-01-18;1700;1700;FR0108354731;5402;1709;3,16;227;1936;0,02688;12 mois
2006-01-23;2006-01-26;12;2006-04-20;1800;1800;FR0108354640;6723;1806;3,72;0;1806;0,02378;3 mois
2006-01-23;2006-01-26;25;2006-07-20;1800;1800;FR0108354707;5543;1801;3,08;0;1801;0,02524;6 mois
2006-01-30;2006-02-02;13;2006-05-04;1800;1800;FR0108354657;7271;1804;4,03;0;1804;0,02411;3 mois
2006-01-30;2006-02-02;50;2007-01-18;1600;1600;FR0108354731;4335;1605;2,7;27;1632;0,02744;12 mois
2006-02-06;2006-02-09;12;2006-05-04;1800;1800;FR0108354657;5053;1805;2,8;0;1805;0,02399;3 mois
2006-02-06;2006-02-09;49;2007-01-18;1200;1200;FR0108354731;2907;1203;2,42;6;1209;0,02742;12 mois
2006-02-13;2006-02-16;13;2006-05-18;1800;1800;FR0108354665;5880;1807;3,25;0;1807;0,02445;3 mois
2006-02-13;2006-02-16;30;2006-09-14;1400;1400;FR0108354723;4765;1405;3,39;82;1487;0,02617;6 mois
2006-02-20;2006-02-23;12;2006-05-18;1800;1800;FR0108354665;4973;1802;2,76;0;1802;0,02422;3 mois
2006-02-20;2006-02-23;51;2007-02-15;1400;1400;FR0108354749;4714;1405;3,36;0;1405;0,02731;12 mois
2006-02-27;2006-03-02;13;2006-06-01;1800;1800;FR0108354673;5548;1809;3,07;0;1809;0,02478;3 mois
2006-02-27;2006-03-02;28;2006-09-14;1400;1400;FR0108354723;4074;1405;2,9;0;1405;0,02633;6 mois
2006-03-06;2006-03-09;12;2006-06-01;1800;1800;FR0108354673;4563;1807;2,53;0;1807;0,02494;3 mois
2006-03-06;2006-03-09;49;2007-02-15;1400;1400;FR0108354749;3544;1403;2,53;0;1403;0,02862;12 mois
2006-03-13;2006-03-16;13;2006-06-15;1800;1800;FR0108354681;5248;1800;2,92;0;1800;0,02514;3 mois
2006-03-13;2006-03-16;48;2007-02-15;1400;1400;FR0108354749;3684;1406;2,62;43;1449;0,02901;12 mois
2006-03-20;2006-03-23;12;2006-06-15;1800;1800;FR0108354681;5598;1801;3,11;0;1801;0,02534;3 mois
2006-03-20;2006-03-23;51;2007-03-15;1400;1400;FR0108354756;3354;1405;2,39;60;1465;0,02971;12 mois
2006-03-27;2006-03-30;13;2006-06-29;1800;1800;FR0108354699;5233;1803;2,9;0;1803;0,02573;3 mois
2006-03-27;2006-03-30;24;2006-09-14;1400;1400;FR0108354723;3869;1405;2,75;0;1405;0,02716;6 mois
2006-04-03;2006-04-06;12;2006-06-29;2000;2000;FR0108354699;4570;2001;2,28;28;2029;0,02587;3 mois
2006-04-03;2006-04-06;49;2007-03-15;1200;1200;FR0108354756;3350;1200;2,79;38;1238;0,03081;12 mois
2006-04-10;2006-04-13;48;2007-03-15;1200;1200;FR0108354756;3535;1206;2,93;29;1235;0,02984;12 mois
2006-04-10;2006-04-13;13;2006-07-13;2000;2000;FR0108663909;5515;2004;2,75;0;2004;0,02558;3 mois
2006-04-18;2006-04-20;12;2006-07-13;2000;2000;FR0108663909;4820;2002;2,41;13;2015;0,02549;3 mois
2006-04-18;2006-04-20;25;2006-10-12;1200;1200;FR0108663990;3210;1203;2,67;0;1203;0,02729;6 mois
2006-04-24;2006-04-27;13;2006-07-27;2000;2000;FR0108663917;5400;2003;2,7;0;2003;0,02567;3 mois
2006-04-24;2006-04-27;24;2006-10-12;1200;1200;FR0108663990;3510;1210;2,9;0;1210;0,0274;6 mois
2006-05-02;2006-05-04;12;2006-07-27;2000;2000;FR0108663917;4795;2004;2,39;52;2056;0,02594;3 mois
2006-05-02;2006-05-04;23;2006-10-12;1200;1200;FR0108663990;4120;1204;3,42;40;1244;0,02824;6 mois
2006-05-09;2006-05-11;13;2006-08-10;2000;2000;FR0108663925;4430;2010;2,2;0;2010;0,02642;3 mois
2006-05-09;2006-05-11;52;2007-05-10;1200;1200;FR0108663974;4185;1204;3,48;22;1226;0,03192;12 mois
2006-05-15;2006-05-18;12;2006-08-10;2000;2000;FR0108663925;4480;2006;2,23;11;2017;0,02646;3 mois
2006-05-15;2006-05-18;51;2007-05-10;1200;1200;FR0108663974;3785;1205;3,14;75;1280;0,03147;12 mois
2006-05-22;2006-05-24;13;2006-08-24;2000;2000;FR0108663933;5250;2003;2,62;0;2003;0,02683;3 mois
2006-05-22;2006-05-24;28;2006-12-07;1200;1200;FR0108664014;4190;1205;3,48;0;1205;0,02917;6 mois
2006-05-29;2006-06-01;12;2006-08-24;2000;2000;FR0108663933;5015;2005;2,5;0;2005;0,02682;3 mois
2006-05-29;2006-06-01;27;2006-12-07;1000;1000;FR0108664014;5250;1008;5,21;0;1008;0,02914;6 mois
2006-06-06;2006-06-08;13;2006-09-07;1800;1800;FR0108663941;4800;1806;2,66;0;1806;0,02749;3 mois
2006-06-06;2006-06-08;48;2007-05-10;1200;1200;FR0108663974;4000;1205;3,32;0;1205;0,03197;12 mois
2006-06-12;2006-06-15;12;2006-09-07;1800;1800;FR0108663941;4270;1807;2,36;0;1807;0,02732;3 mois
2006-06-12;2006-06-15;25;2006-12-07;1200;1200;FR0108664014;3420;1204;2,84;0;1204;0,02925;6 mois
2006-06-19;2006-06-22;13;2006-09-21;2000;2000;FR0108663958;4920;2001;2,46;0;2001;0,0277;3 mois
2006-06-26;2006-06-29;12;2006-09-21;1800;1800;FR0108663958;3510;1805;1,94;0;1805;0,02813;3 mois
2006-07-03;2006-07-06;13;2006-10-05;2000;2000;FR0109135964;3815;2004;1,9;0;2004;0,02858;3 mois
2006-07-03;2006-07-06;52;2007-07-05;1400;1400;FR0109136053;4515;1407;3,21;0;1407;0,0336;12 mois
2006-07-10;2006-07-13;12;2006-10-05;2200;2200;FR0109135964;4485;2203;2,04;50;2253;0,02877;3 mois
2006-07-10;2006-07-13;51;2007-07-05;1500;1500;FR0109136053;3885;1505;2,58;24;1529;0,03396;12 mois
2006-07-17;2006-07-20;13;2006-10-19;2200;2200;FR0109135972;5547;2206;2,51;0;2206;0,02897;3 mois
2006-07-17;2006-07-20;28;2007-02-01;1500;1500;FR0109136038;3360;1508;2,23;0;1508;0,03133;6 mois
2006-07-24;2006-07-27;12;2006-10-19;2200;2200;FR0109135972;4310;2207;1,95;0;2207;0,02909;3 mois
2006-07-24;2006-07-27;27;2007-02-01;1500;1500;FR0109136038;3540;1505;2,35;0;1505;0,03156;6 mois
2006-07-31;2006-08-03;13;2006-11-02;2300;2300;FR0109135980;3435;2302;1,49;0;2302;0,02968;3 mois
2006-07-31;2006-08-03;48;2007-07-05;1200;1200;FR0109136053;2770;1209;2,29;47;1256;0,03367;12 mois
2006-08-07;2006-08-10;12;2006-11-02;2000;2000;FR0109135980;3470;2001;1,73;0;2001;0,03007;3 mois
2006-08-07;2006-08-10;25;2007-02-01;1200;1200;FR0109136038;2805;1206;2,33;0;1206;0,03207;6 mois
2006-08-14;2006-08-17;13;2006-11-16;1800;1800;FR0109135998;3830;1801;2,13;0;1801;0,03046;3 mois
2006-08-14;2006-08-17;50;2007-08-02;1200;1200;FR0109136061;2785;1203;2,32;0;1203;0,03488;12 mois
2006-08-21;2006-08-24;12;2006-11-16;2000;2000;FR0109135998;5220;2008;2,6;40;2048;0,03056;3 mois
2006-08-21;2006-08-24;49;2007-08-02;1400;1400;FR0109136061;4185;1404;2,98;127;1531;0,03486;12 mois
2006-08-28;2006-08-31;13;2006-11-30;1800;1800;FR0109136004;4185;1805;2,32;0;1805;0,03081;3 mois
2006-08-28;2006-08-31;26;2007-03-01;1400;1400;FR0109136046;3490;1400;2,49;0;1400;0,03256;6 mois
2006-09-04;2006-09-05;1;2006-09-14;2500;2500;FR0108354723;9705;2501;3,88;0;2501;0,0296;3 mois
2006-09-04;2006-09-07;12;2006-11-30;2000;2000;FR0109136004;4670;2005;2,33;0;2005;0,03085;3 mois
2006-09-04;2006-09-07;25;2007-03-01;1400;1400;FR0109136046;3935;1406;2,8;0;1406;0,03284;6 mois
2006-09-11;2006-09-14;13;2006-12-14;2000;2000;FR0109136012;4840;2005;2,41;0;2005;0,03142;3 mois
2006-09-11;2006-09-14;46;2007-08-02;1400;1400;FR0109136061;4315;1403;3,08;0;1403;0,03529;12 mois
2006-09-18;2006-09-21;12;2006-12-14;2200;2200;FR0109136012;4810;2207;2,18;0;2207;0,03149;3 mois
2006-09-18;2006-09-21;23;2007-03-01;1400;1400;FR0109136046;3845;1409;2,73;10;1419;0,03345;6 mois
2006-09-25;2006-09-28;13;2006-12-28;2000;2000;FR0109136020;4585;2006;2,29;0;2006;0,03208;3 mois
2006-09-25;2006-09-28;52;2007-09-27;1400;1400;FR0109136087;4707;1405;3,35;0;1405;0,03495;12 mois
2006-10-02;2006-10-05;12;2006-12-28;2200;2200;FR0109136020;3920;2207;1,78;0;2207;0,0323;3 mois
2006-10-02;2006-10-05;51;2007-09-27;1400;1400;FR0109136087;4415;1407;3,14;0;1407;0,03576;12 mois
2006-10-09;2006-10-12;50;2007-09-27;1400;1400;FR0109136087;3805;1408;2,7;0;1408;0,0358;12 mois
2006-10-09;2006-10-12;13;2007-01-11;2000;2000;FR0109419863;5615;2004;2,8;127;2131;0,03254;3 mois
2006-10-16;2006-10-19;12;2007-01-11;2000;2000;FR0109419863;4700;2008;2,34;0;2008;0,03237;3 mois
2006-10-16;2006-10-19;27;2007-04-26;1400;1400;FR0109419939;3545;1408;2,52;17;1425;0,03464;6 mois
2006-10-23;2006-10-26;13;2007-01-25;2000;2000;FR0109419871;4450;2003;2,22;0;2003;0,03295;3 mois
2006-10-23;2006-10-26;26;2007-04-26;1500;1500;FR0109419939;3590;1502;2,39;0;1502;0,03476;6 mois
2006-10-30;2006-11-02;12;2007-01-25;1800;1800;FR0109419871;4015;1804;2,23;13;1817;0,03317;3 mois
2006-10-30;2006-11-02;51;2007-10-25;1400;1400;FR0109419962;5055;1400;3,61;47;1447;0,03678;12 mois
2006-11-06;2006-11-09;13;2007-02-08;2000;2000;FR0109419889;4355;2006;2,17;0;2006;0,03364;3 mois
2006-11-06;2006-11-09;50;2007-10-25;1500;1500;FR0109419962;4085;1504;2,72;17;1521;0,03692;12 mois
2006-11-13;2006-11-16;12;2007-02-08;2000;2000;FR0109419889;4280;2006;2,13;0;2006;0,03402;3 mois
2006-11-13;2006-11-16;23;2007-04-26;1500;1500;FR0109419939;3860;1502;2,57;20;1522;0,03512;6 mois
2006-11-20;2006-11-23;13;2007-02-22;2000;2000;FR0109419897;4510;2006;2,25;0;2006;0,0344;3 mois
2006-11-20;2006-11-23;48;2007-10-25;1500;1500;FR0109419962;3875;1508;2,57;0;1508;0,03662;12 mois
2006-11-27;2006-11-30;12;2007-02-22;1400;1400;FR0109419897;4347;1406;3,09;17;1423;0,03458;3 mois
2006-11-27;2006-11-30;51;2007-11-22;1400;1400;FR0109419970;3707;1405;2,64;32;1437;0,03682;12 mois
2006-12-04;2006-12-07;13;2007-03-08;1600;1600;FR0109419905;3605;1604;2,25;0;1604;0,03486;3 mois
2006-12-04;2006-12-07;28;2007-06-21;1200;1200;FR0109419954;3540;1205;2,94;0;1205;0,03572;6 mois
2007-01-02;2007-01-04;9;2007-03-08;1600;1600;FR0109419905;2820;1600;1,76;0;1600;0,03481;3 mois
2007-01-02;2007-01-04;46;2007-11-22;2000;2000;FR0109419970;4760;2008;2,37;37;2045;0,03806;12 mois
2007-01-02;2007-01-04;13;2007-04-05;1400;1400;FR0109970311;3725;1404;2,65;0;1404;0,0355;3 mois
2007-01-08;2007-01-11;23;2007-06-21;2200;2200;FR0109419954;4390;2204;1,99;0;2204;0,0367;6 mois
2007-01-08;2007-01-11;12;2007-04-05;2000;2000;FR0109970311;5355;2006;2,67;0;2006;0,03574;3 mois
2007-01-15;2007-01-18;13;2007-04-19;2000;2000;FR0109970329;5410;2007;2,7;25;2032;0,03606;3 mois
2007-01-15;2007-01-18;52;2008-01-17;2000;2000;FR0109970477;5750;2003;2,87;113;2116;0,03902;12 mois
2007-01-22;2007-01-25;12;2007-04-19;2000;2000;FR0109970329;5700;2004;2,84;0;2004;0,03598;3 mois
2007-01-22;2007-01-25;25;2007-07-19;2000;2000;FR0109970410;5510;2004;2,75;0;2004;0,03736;6 mois
2007-01-29;2007-02-01;13;2007-05-03;2000;2000;FR0109970352;5410;2006;2,7;0;2006;0,03642;3 mois
2007-01-29;2007-02-01;50;2008-01-17;2000;2000;FR0109970477;5620;2005;2,8;26;2031;0,03912;12 mois
2007-02-05;2007-02-08;12;2007-05-03;1800;1800;FR0109970352;6050;1803;3,36;0;1803;0,0364;3 mois
2007-02-05;2007-02-08;23;2007-07-19;1700;1700;FR0109970410;4960;1703;2,91;0;1703;0,03728;6 mois
2007-02-12;2007-02-15;13;2007-05-16;1700;1700;FR0109970360;4815;1705;2,82;6;1711;0,0368;3 mois
2007-02-12;2007-02-15;52;2008-02-14;1700;1700;FR0109970485;6495;1706;3,81;6;1712;0,03941;12 mois
2007-02-19;2007-02-22;12;2007-05-16;1800;1800;FR0109970360;4190;1802;2,33;4;1806;0,03685;3 mois
2007-02-19;2007-02-22;29;2007-09-13;1700;1700;FR0110369636;5230;1706;3,07;80;1786;0,03841;6 mois
2007-02-26;2007-03-01;13;2007-05-31;2000;2000;FR0109970394;5880;2013;2,92;12;2025;0,03722;3 mois
2007-02-26;2007-03-01;50;2008-02-14;2000;2000;FR0109970485;4210;2006;2,1;144;2150;0,03935;12 mois
2007-03-05;2007-03-08;12;2007-05-31;1800;1800;FR0109970394;4315;1803;2,39;0;1803;0,03702;3 mois
2007-03-05;2007-03-08;27;2007-09-13;2200;2200;FR0110369636;3990;2201;1,81;0;2201;0,03784;6 mois
2007-03-12;2007-03-15;13;2007-06-14;2100;2100;FR0109970402;4695;2106;2,23;90;2196;0,03757;3 mois
2007-03-12;2007-03-15;52;2008-03-13;1900;1900;FR0109970493;4200;1908;2,2;189;2097;0,03952;12 mois
2007-03-19;2007-03-22;12;2007-06-14;2100;2100;FR0109970402;4575;2103;2,18;0;2103;0,03758;3 mois
2007-03-19;2007-03-22;51;2008-03-13;1900;1900;FR0109970493;4110;1902;2,16;145;2047;0,0397;12 mois
2007-03-26;2007-03-29;13;2007-06-28;2000;2000;FR0109970436;5310;2006;2,65;0;2006;0,03787;3 mois
2007-03-26;2007-03-29;28;2007-10-11;2000;2000;FR0110369644;4265;2004;2,13;38;2042;0,039;6 mois
2007-04-02;2007-04-05;12;2007-06-28;2200;2200;FR0109970436;4340;2207;1,97;0;2207;0,03796;3 mois
2007-04-02;2007-04-05;27;2007-10-11;1800;1800;FR0110369644;3205;1808;1,77;0;1808;0,03927;6 mois
2007-04-10;2007-04-12;13;2007-07-12;1900;1900;FR0110979079;3525;1903;1,85;0;1903;0,03838;3 mois
2007-04-10;2007-04-12;52;2008-04-10;1900;1900;FR0110979145;6250;1905;3,28;0;1905;0,04083;12 mois
2007-04-16;2007-04-19;12;2007-07-12;1900;1900;FR0110979079;4880;1905;2,56;166;2071;0,03845;3 mois
2007-04-16;2007-04-19;51;2008-04-10;1900;1900;FR0110979145;5470;1902;2,88;182;2084;0,04117;12 mois
2007-04-23;2007-04-26;13;2007-07-26;1900;1900;FR0110979087;5050;1906;2,65;103;2009;0,03875;3 mois
2007-04-23;2007-04-26;28;2007-11-08;1900;1900;FR0110979111;5180;1908;2,71;105;2013;0,03993;6 mois
2007-04-30;2007-05-02;2;2007-05-16;2000;2000;FR0109970360;7515;2002;3,75;0;2002;0,03757;3 mois
2007-04-30;2007-05-03;12;2007-07-26;2000;2000;FR0110979087;3695;2003;1,84;0;2003;0,03856;3 mois
2007-04-30;2007-05-03;27;2007-11-08;2000;2000;FR0110979111;4840;2003;2,42;0;2003;0,03992;6 mois
2007-05-07;2007-05-10;13;2007-08-09;2000;2000;FR0109970444;5990;2004;2,99;44;2048;0,03916;3 mois
2007-05-07;2007-05-10;52;2008-05-07;1800;1800;FR0110979152;8530;1806;4,72;58;1864;0,04172;12 mois
2007-05-14;2007-05-16;12;2007-08-09;1800;1800;FR0109970444;4965;1806;2,75;98;1904;0,03913;3 mois
2007-05-14;2007-05-16;51;2008-05-07;1700;1700;FR0110979152;7920;1705;4,65;0;1705;0,04162;12 mois
2007-05-21;2007-05-24;13;2007-08-23;1800;1800;FR0110979095;5350;1805;2,96;66;1871;0,03948;3 mois
2007-05-21;2007-05-24;28;2007-12-06;1800;1800;FR0110979129;5325;1805;2,95;0;1805;0,04086;6 mois
2007-05-29;2007-05-31;12;2007-08-23;1700;1700;FR0110979095;4205;1707;2,46;0;1707;0,03951;3 mois
2007-05-29;2007-05-31;27;2007-12-06;1700;1700;FR0110979129;6330;1702;3,72;55;1757;0,04102;6 mois
2007-06-04;2007-06-07;13;2007-09-06;1800;1800;FR0109970451;4310;1806;2,39;39;1845;0,03985;3 mois
2007-06-04;2007-06-07;52;2008-06-05;1800;1800;FR0110979160;7650;1805;4,24;39;1844;0,04328;12 mois
2007-06-11;2007-06-14;12;2007-09-06;1800;1800;FR0109970451;5495;1806;3,04;0;1806;0,03992;3 mois
2007-06-11;2007-06-14;51;2008-06-05;1800;1800;FR0110979160;5945;1803;3,3;0;1803;0,04316;12 mois
2007-06-18;2007-06-21;13;2007-09-20;1900;1900;FR0110979103;3790;1902;1,99;127;2029;0,04014;3 mois
2007-06-18;2007-06-21;28;2008-01-03;1900;1900;FR0110979137;5445;1905;2,86;215;2120;0,04156;6 mois
2007-06-25;2007-06-28;12;2007-09-20;1700;1700;FR0110979103;4760;1702;2,8;0;1702;0,04003;3 mois
2007-06-25;2007-06-28;27;2008-01-03;1800;1800;FR0110979137;5300;1802;2,94;67;1869;0,0414;6 mois
2007-07-02;2007-07-05;13;2007-10-04;1800;1800;FR0109970469;5045;1804;2,8;71;1875;0,04031;3 mois
2007-07-02;2007-07-05;52;2008-07-03;1600;1600;FR0111570448;8020;1603;5;107;1710;0,04368;12 mois
2007-07-09;2007-07-12;12;2007-10-04;1600;1600;FR0109970469;5160;1610;3,2;79;1689;0,04036;3 mois
2007-07-09;2007-07-12;51;2008-07-03;2000;2000;FR0111570448;7205;2006;3,59;203;2209;0,04395;12 mois
2007-07-16;2007-07-19;13;2007-10-18;1600;1600;FR0111570356;5935;1607;3,69;105;1712;0,04067;3 mois
2007-07-16;2007-07-19;28;2008-01-31;1400;1400;FR0111570414;5615;1408;3,99;42;1450;0,04214;6 mois
2007-07-23;2007-07-26;12;2007-10-18;1600;1600;FR0111570356;5630;1605;3,51;67;1672;0,04046;3 mois
2007-07-23;2007-07-26;27;2008-01-31;1400;1400;FR0111570414;5625;1404;4,01;0;1404;0,04212;6 mois
2007-07-30;2007-08-02;13;2007-10-31;2000;2000;FR0111570364;7195;2001;3,6;76;2077;0,04066;3 mois
2007-07-30;2007-08-02;26;2008-01-31;1000;1000;FR0111570414;3781;1007;3,75;0;1007;0,04165;6 mois
2007-08-06;2007-08-09;12;2007-10-31;1600;1600;FR0111570364;4740;1604;2,96;0;1604;0,04046;3 mois
2007-08-06;2007-08-09;51;2008-07-31;1400;1400;FR0111570455;5505;1403;3,92;0;1403;0,04294;12 mois
2007-08-13;2007-08-16;13;2007-11-15;1600;1600;FR0111570372;5220;1605;3,25;0;1605;0,04066;3 mois
2007-08-13;2007-08-16;50;2008-07-31;1000;1000;FR0111570455;3175;1005;3,16;0;1005;0,04229;12 mois
2007-08-20;2007-08-23;12;2007-11-15;1600;1600;FR0111570372;5725;1604;3,57;58;1662;0,03953;3 mois
2007-08-20;2007-08-23;27;2008-02-28;1000;1000;FR0111570422;5460;1002;5,45;41;1043;0,04015;6 mois
2007-08-27;2007-08-30;13;2007-11-29;2000;2000;FR0111570380;6250;2004;3,12;159;2163;0,04001;3 mois
2007-08-27;2007-08-30;26;2008-02-28;1400;1400;FR0111570422;3990;1401;2,85;111;1512;0,04059;6 mois
2007-09-03;2007-09-06;12;2007-11-29;1800;1800;FR0111570380;4450;1801;2,47;0;1801;0,03924;3 mois
2007-09-03;2007-09-06;47;2008-07-31;1400;1400;FR0111570455;3690;1404;2,63;0;1404;0,04075;12 mois
2007-09-10;2007-09-13;13;2007-12-13;1800;1800;FR0111570398;6216;1806;3,44;16;1822;0,03967;3 mois
2007-09-10;2007-09-13;50;2008-08-28;1400;1400;FR0111570463;4335;1400;3,1;0;1400;0,03984;12 mois
2007-09-17;2007-09-20;12;2007-12-13;2000;2000;FR0111570398;4395;2000;2,2;101;2101;0,03919;3 mois
2007-09-17;2007-09-20;23;2008-02-28;1400;1400;FR0111570422;3820;1404;2,72;16;1420;0,03999;6 mois
2007-09-24;2007-09-27;12;2007-12-20;2200;2200;FR0109419988;5716;2202;2,6;51;2253;0,03912;3 mois
2007-09-24;2007-09-27;48;2008-08-28;1500;1500;FR0111570463;4515;1503;3;0;1503;0,04002;12 mois
2007-10-01;2007-10-04;11;2007-12-20;2000;2000;FR0109419988;4015;2003;2;74;2077;0,03881;3 mois
2007-10-01;2007-10-04;25;2008-03-27;1600;1600;FR0111570430;4170;1604;2,6;33;1637;0,03951;6 mois
2007-10-08;2007-10-11;24;2008-03-27;1800;1800;FR0111570430;4030;1801;2,24;0;1801;0,03928;6 mois
2007-10-08;2007-10-11;13;2008-01-10;1800;1800;FR0112270675;4730;1805;2,62;30;1835;0,03891;3 mois
2007-10-15;2007-10-18;45;2008-08-28;1800;1800;FR0111570463;3630;1801;2,02;32;1833;0,04108;12 mois
2007-10-15;2007-10-18;12;2008-01-10;1800;1800;FR0112270675;4240;1806;2,35;0;1806;0,03879;3 mois
2007-10-22;2007-10-25;13;2008-01-24;1800;1800;FR0112270683;3721;1802;2,06;29;1831;0,03892;3 mois
2007-10-22;2007-10-25;26;2008-04-24;1600;1600;FR0112270741;3237;1600;2,02;28;1628;0,03985;6 mois
2007-10-29;2007-10-31;12;2008-01-24;2000;2000;FR0112270683;4100;2001;2,05;0;2001;0,03856;3 mois
2007-10-29;2007-10-31;51;2008-10-23;1600;1600;FR0112270782;5205;1604;3,25;0;1604;0,04036;12 mois
2007-11-05;2007-11-08;13;2008-02-07;2000;2000;FR0112270691;3985;2004;1,99;0;2004;0,03927;3 mois
2007-11-05;2007-11-08;50;2008-10-23;1400;1400;FR0112270782;3800;1400;2,71;101;1501;0,04047;12 mois
2007-11-12;2007-11-15;12;2008-02-07;1600;1600;FR0112270691;4167;1606;2,59;54;1660;0,03934;3 mois
2007-11-12;2007-11-15;23;2008-04-24;1600;1600;FR0112270741;3897;1602;2,43;0;1602;0,0398;6 mois
2007-11-19;2007-11-22;13;2008-02-21;1600;1600;FR0112270709;3677;1604;2,29;79;1683;0,03941;3 mois
2007-11-19;2007-11-22;52;2008-11-20;1600;1600;FR0112270790;3437;1603;2,14;120;1723;0,03988;12 mois
2007-11-26;2007-11-27;4;2007-12-27;2000;2000;FR0111570406;4937;2004;2,46;0;2004;0,03952;3 mois
2007-11-26;2007-11-29;12;2008-02-21;1600;1600;FR0112270709;3492;1604;2,18;0;1604;0,03916;3 mois
2007-11-26;2007-11-29;51;2008-11-20;1600;1600;FR0112270790;2767;1600;1,73;0;1600;0,03943;12 mois
2007-12-03;2007-12-06;13;2008-03-06;1600;1600;FR0112270717;4477;1605;2,79;15;1620;0,03938;3 mois
2007-12-03;2007-12-06;28;2008-06-19;1600;1600;FR0112270766;3837;1605;2,39;61;1666;0,03971;6 mois
2007-12-28;2008-01-03;9;2008-03-06;2000;2000;FR0112270717;3455;2002;1,73;0;2002;0,03868;3 mois
2007-12-28;2008-01-03;13;2008-04-03;2300;2300;FR0112270733;5117;2302;2,22;16;2318;0,03916;3 mois
2007-12-28;2008-01-03;24;2008-06-19;1700;1700;FR0112270766;3055;1700;1,8;12;1712;0,03992;6 mois
2008-01-07;2008-01-10;12;2008-04-03;2000;2000;FR0112270733;5235;2003;2,61;0;2003;0,03914;3 mois
2008-01-07;2008-01-10;45;2008-11-20;1000;1000;FR0112270790;2630;1003;2,62;48;1051;0,03989;12 mois
2008-01-07;2008-01-10;49;2008-12-18;1500;1500;FR0112270808;3520;1502;2,34;84;1586;0,03989;12 mois
2008-01-14;2008-01-17;48;2008-12-18;1500;1500;FR0112270808;3725;1503;2,48;152;1655;0,03928;12 mois
2008-01-14;2008-01-17;13;2008-04-17;2500;2500;FR0113087342;8030;2504;3,21;225;2729;0,03945;3 mois
2008-01-21;2008-01-24;25;2008-07-17;2300;2300;FR0112270774;5715;2304;2,48;216;2520;0,0387;6 mois
2008-01-21;2008-01-24;12;2008-04-17;2600;2600;FR0113087342;5190;2602;1,99;222;2824;0,03895;3 mois
2008-01-28;2008-01-31;13;2008-04-30;2700;2700;FR0113087359;6605;2704;2,44;90;2794;0,0388;3 mois
2008-01-28;2008-01-31;50;2009-01-15;2000;2000;FR0113087433;4495;2006;2,24;0;2006;0,03699;12 mois
2008-02-04;2008-02-07;4;2008-03-06;2000;2000;FR0112270717;3490;2000;1,75;0;2000;0,03904;3 mois
2008-02-04;2008-02-07;23;2008-07-17;2000;2000;FR0112270774;3085;2000;1,54;182;2182;0,03855;6 mois
2008-02-04;2008-02-07;12;2008-04-30;2800;2800;FR0113087359;5280;2805;1,88;45;2850;0,0388;3 mois
2008-02-11;2008-02-14;13;2008-05-15;2800;2800;FR0113087367;6685;2801;2,39;0;2801;0,03856;3 mois
2008-02-11;2008-02-14;48;2009-01-15;2200;2200;FR0113087433;4850;2203;2,2;0;2203;0,03497;12 mois
2008-02-18;2008-02-21;7;2008-04-10;1000;1000;FR0110979145;3270;1008;3,24;0;1008;0,03893;3 mois
2008-02-18;2008-02-21;12;2008-05-15;2800;2800;FR0113087367;4875;2803;1,74;9;2812;0,03891;3 mois
2008-02-18;2008-02-21;25;2008-08-14;1600;1600;FR0113087409;3820;1602;2,38;0;1602;0,0379;6 mois
2008-02-25;2008-02-28;10;2008-05-07;1000;1000;FR0110979152;2950;1002;2,94;29;1031;0,03904;3 mois
2008-02-25;2008-02-28;13;2008-05-29;2500;2500;FR0113087375;5500;2503;2,2;115;2618;0,03915;3 mois
2008-02-25;2008-02-28;50;2009-02-12;1600;1600;FR0113087441;5030;1605;3,13;18;1623;0,03671;12 mois
2008-03-03;2008-03-06;12;2008-05-29;2500;2500;FR0113087375;3405;2503;1,36;0;2503;0,03867;3 mois
2008-03-03;2008-03-06;23;2008-08-14;1600;1600;FR0113087409;2790;1604;1,74;0;1604;0,03803;6 mois
2008-03-03;2008-03-06;49;2009-02-12;1600;1600;FR0113087441;3995;1603;2,49;0;1603;0,03573;12 mois
2008-03-10;2008-03-13;8;2008-05-07;2000;2000;FR0110979152;4080;2004;2,04;96;2100;0,03926;3 mois
2008-03-10;2008-03-13;13;2008-06-12;2500;2500;FR0113087383;5690;2505;2,27;240;2745;0,03923;3 mois
2008-03-17;2008-03-20;11;2008-06-05;1200;1200;FR0110979160;2988;1201;2,49;0;1201;0,0384;3 mois
2008-03-17;2008-03-20;12;2008-06-12;2800;2800;FR0113087383;4155;2803;1,48;0;2803;0,0384;3 mois
2008-03-17;2008-03-20;51;2009-03-12;1600;1600;FR0113087458;4010;1603;2,5;0;1603;0,0356;12 mois
2008-03-25;2008-03-27;13;2008-06-26;2500;2500;FR0113087391;3710;2506;1,48;120;2626;0,03927;3 mois
2008-03-25;2008-03-27;24;2008-09-11;1500;1500;FR0113087417;2515;1500;1,68;44;1544;0,03943;6 mois
2008-03-31;2008-04-03;7;2008-05-22;1500;1500;FR0112270758;6135;1501;4,09;128;1629;0,0389;3 mois
2008-03-31;2008-04-03;12;2008-06-26;2400;2400;FR0113087391;6245;2408;2,59;45;2453;0,0387;3 mois
2008-03-31;2008-04-03;49;2009-03-12;1600;1600;FR0113087458;5440;1604;3,39;0;1604;0,038;12 mois
2008-04-07;2008-04-10;22;2008-09-11;1200;1200;FR0113087417;4271;1202;3,55;0;1202;0,03887;6 mois
2008-04-07;2008-04-10;13;2008-07-10;2800;2800;FR0113872636;7960;2809;2,83;148;2957;0,0391;3 mois
2008-04-14;2008-04-17;9;2008-06-19;2000;2000;FR0112270766;5195;2001;2,6;106;2107;0,0389;3 mois
2008-04-14;2008-04-17;47;2009-03-12;1200;1200;FR0113087458;3425;1200;2,85;0;1200;0,03844;12 mois
2008-04-14;2008-04-17;12;2008-07-10;2800;2800;FR0113872636;6865;2803;2,45;146;2949;0,03895;3 mois
2008-04-21;2008-04-24;4;2008-05-22;1800;1800;FR0112270758;3885;1800;2,16;11;1811;0,03913;3 mois
2008-04-21;2008-04-24;24;2008-10-09;2000;2000;FR0113087425;3825;2002;1,91;0;2002;0,03966;6 mois
2008-04-21;2008-04-24;13;2008-07-24;2800;2800;FR0113872644;7320;2803;2,61;0;2803;0,03922;3 mois
2008-04-28;2008-04-30;3;2008-05-22;1300;1300;FR0112270758;3580;1304;2,75;12;1316;0,04005;3 mois
2008-04-28;2008-04-30;12;2008-07-24;2800;2800;FR0113872644;5775;2801;2,06;130;2931;0,03948;3 mois
2008-04-28;2008-04-30;49;2009-04-09;2000;2000;FR0113872735;4895;2003;2,44;128;2131;0,04039;12 mois
2008-05-05;2008-05-07;22;2008-10-09;1500;1500;FR0113087425;3805;1504;2,53;52;1556;0,03998;6 mois
2008-05-05;2008-05-07;13;2008-08-07;2500;2500;FR0113872651;5697;2505;2,27;116;2621;0,03973;3 mois
2008-05-05;2008-05-07;48;2009-04-09;1500;1500;FR0113872735;5455;1504;3,63;119;1623;0,04023;12 mois
2008-05-13;2008-05-15;12;2008-08-07;2300;2300;FR0113872651;5945;2311;2,57;94;2405;0,03965;3 mois
2008-05-13;2008-05-15;51;2009-05-07;2200;2200;FR0113872743;4705;2204;2,13;0;2204;0,04037;12 mois
2008-05-19;2008-05-22;13;2008-08-21;2600;2600;FR0113872669;6580;2604;2,53;0;2604;0,03984;3 mois
2008-05-19;2008-05-22;24;2008-11-06;2200;2200;FR0113872701;5636;2202;2,56;0;2202;0,04019;6 mois
2008-05-26;2008-05-29;12;2008-08-21;2100;2100;FR0113872669;4690;2103;2,23;23;2126;0,04011;3 mois
2008-05-26;2008-05-29;49;2009-05-07;2500;2500;FR0113872743;5020;2500;2,01;66;2566;0,04203;12 mois
2008-06-02;2008-06-05;4;2008-07-03;1000;1000;FR0111570448;2570;1000;2,57;14;1014;0,03997;3 mois
2008-06-02;2008-06-05;13;2008-09-04;2000;2000;FR0113872677;3860;2004;1,93;27;2031;0,04033;3 mois
2008-06-02;2008-06-05;22;2008-11-06;2200;2200;FR0113872701;3050;2202;1,39;30;2232;0,04088;6 mois
2008-06-09;2008-06-12;12;2008-09-04;2000;2000;FR0113872677;3460;2000;1,73;19;2019;0,04196;3 mois
2008-06-09;2008-06-12;51;2009-06-04;2000;2000;FR0113872750;3485;2003;1,74;166;2169;0,04656;12 mois
2008-06-16;2008-06-19;13;2008-09-18;2000;2000;FR0113872685;4770;2001;2,38;0;2001;0,04327;3 mois
2008-06-16;2008-06-19;24;2008-12-04;2000;2000;FR0113872719;4605;2000;2,3;0;2000;0,04456;6 mois
2008-06-23;2008-06-26;12;2008-09-18;2000;2000;FR0113872685;5510;2000;2,76;145;2145;0,04263;3 mois
2008-06-23;2008-06-26;49;2009-06-04;2000;2000;FR0113872750;4895;2006;2,44;167;2173;0,04596;12 mois
2008-06-30;2008-07-03;13;2008-10-02;1800;1800;FR0113872693;5054;1802;2,8;130;1932;0,04302;3 mois
2008-06-30;2008-07-03;22;2008-12-04;1000;1000;FR0113872719;3548;1003;3,54;46;1049;0,04398;6 mois
2008-06-30;2008-07-03;52;2009-07-02;1200;1200;FR0113872768;4126;1200;3,44;101;1301;0,04645;12 mois
2008-07-07;2008-07-10;12;2008-10-02;2000;2000;FR0113872693;5740;2005;2,86;190;2195;0,04292;3 mois
2008-07-07;2008-07-10;51;2009-07-02;2000;2000;FR0113872768;4750;2004;2,37;32;2036;0,0451;12 mois
2008-07-07;2008-07-10;29;2009-01-29;1500;1500;FR0114683735;4330;1504;2,88;20;1524;0,04412;6 mois
2008-07-15;2008-07-17;8;2008-09-11;2000;2000;FR0113087417;4615;2000;2,31;56;2056;0,0428;3 mois
2008-07-15;2008-07-17;50;2009-07-02;1500;1500;FR0113872768;5050;1501;3,36;113;1614;0,04429;12 mois
2008-07-15;2008-07-17;13;2008-10-16;2500;2500;FR0114683727;7430;2506;2,96;256;2762;0,04305;3 mois
2008-07-21;2008-07-24;13;2008-10-23;1000;1000;FR0112270782;3725;1003;3,71;63;1066;0,04316;3 mois
2008-07-21;2008-07-24;12;2008-10-16;2500;2500;FR0114683727;6160;2504;2,46;91;2595;0,0432;3 mois
2008-07-21;2008-07-24;27;2009-01-29;2000;2000;FR0114683735;4645;2003;2,32;114;2117;0,04429;6 mois
2008-07-28;2008-07-31;8;2008-09-25;2000;2000;FR0111570471;4760;2008;2,37;115;2123;0,04307;3 mois
2008-07-28;2008-07-31;13;2008-10-30;2500;2500;FR0114683743;6900;2505;2,75;205;2710;0,04338;3 mois
2008-07-28;2008-07-31;52;2009-07-30;2000;2000;FR0114683750;5800;2001;2,9;250;2251;0,04488;12 mois
2008-08-04;2008-08-07;7;2008-09-25;1000;1000;FR0111570471;2910;1004;2,9;29;1033;0,04307;3 mois
2008-08-04;2008-08-07;25;2009-01-29;1000;1000;FR0114683735;3095;1001;3,09;19;1020;0,04404;6 mois
2008-08-04;2008-08-07;12;2008-10-30;2200;2200;FR0114683743;5240;2203;2,38;53;2256;0,04335;3 mois
2008-08-04;2008-08-07;51;2009-07-30;2000;2000;FR0114683750;4644;2003;2,32;80;2083;0,04445;12 mois
2008-08-11;2008-08-14;16;2008-12-04;1000;1000;FR0113872719;3190;1001;3,19;13;1014;0,04334;6 mois
2008-08-11;2008-08-14;13;2008-11-13;3000;3000;FR0114683768;6385;3008;2,12;39;3047;0,04332;3 mois
2008-08-11;2008-08-14;28;2009-02-26;1700;1700;FR0114683776;4747;1700;2,79;16;1716;0,04343;6 mois
2008-08-18;2008-08-21;5;2008-09-25;2000;2000;FR0111570471;4735;2005;2,36;90;2095;0,04308;3 mois
2008-08-18;2008-08-21;9;2008-10-23;1000;1000;FR0112270782;3400;1002;3,39;19;1021;0,0432;3 mois
2008-08-18;2008-08-21;12;2008-11-13;2600;2600;FR0114683768;4569;2604;1,75;237;2841;0,0432;3 mois
2008-08-18;2008-08-21;27;2009-02-26;1000;1000;FR0114683776;5355;1000;5,36;89;1089;0,04363;6 mois
2008-08-25;2008-08-28;16;2008-12-18;1500;1500;FR0112270808;3670;1503;2,44;146;1649;0,04336;6 mois
2008-08-25;2008-08-28;5;2008-10-02;1000;1000;FR0113872693;3415;1003;3,4;61;1064;0,04314;3 mois
2008-08-25;2008-08-28;13;2008-11-27;2800;2800;FR0114683784;7668;2809;2,73;279;3088;0,04337;3 mois
2008-08-25;2008-08-28;52;2009-08-27;1200;1200;FR0114683792;5258;1201;4,38;137;1338;0,04282;12 mois
2008-09-01;2008-09-04;5;2008-10-09;1500;1500;FR0113087425;3680;1504;2,45;5;1509;0,04316;3 mois
2008-09-01;2008-09-04;19;2009-01-15;1000;1000;FR0113087433;2900;1003;2,89;0;1003;0,04325;6 mois
2008-09-01;2008-09-04;12;2008-11-27;2500;2500;FR0114683784;6690;2505;2,67;95;2600;0,04331;3 mois
2008-09-01;2008-09-04;51;2009-08-27;1500;1500;FR0114683792;3755;1504;2,5;0;1504;0,04295;12 mois
2008-09-08;2008-09-11;1;2008-09-18;2500;2500;FR0113872685;9530;2502;3,81;122;2624;0,04356;3 mois
2008-09-08;2008-09-11;8;2008-11-06;1500;1500;FR0113872701;4225;1509;2,8;84;1593;0,04341;3 mois
2008-09-08;2008-09-11;13;2008-12-11;3000;3000;FR0114683800;10925;3006;3,63;179;3185;0,0435;3 mois
2008-09-15;2008-09-18;9;2008-11-20;1000;1000;FR0112270790;3515;1001;3,51;47;1048;0,04289;3 mois
2008-09-15;2008-09-18;23;2009-02-26;2000;2000;FR0114683776;4731;2004;2,36;125;2129;0,04253;6 mois
2008-09-15;2008-09-18;12;2008-12-11;2800;2800;FR0114683800;6691;2805;2,39;200;3005;0,04273;3 mois
2008-09-22;2008-09-25;18;2009-01-29;1500;1500;FR0114683735;6955;1502;4,63;183;1685;0,04185;6 mois
2008-09-22;2008-09-25;5;2008-10-30;1000;1000;FR0114683743;6069;1003;6,05;124;1127;0,04161;3 mois
2008-09-22;2008-09-25;13;2008-12-24;3000;3000;FR0114683826;11275;3002;3,76;361;3363;0,04191;3 mois
2008-09-29;2008-10-02;25;2009-03-26;2500;2500;FR0114683818;8394;2500;3,36;358;2858;0,03715;6 mois
2008-09-29;2008-10-02;12;2008-12-24;3000;3000;FR0114683826;10917;3003;3,64;427;3430;0,03421;3 mois
2008-09-29;2008-10-02;51;2009-09-24;2500;2500;FR0114683834;7658;2501;3,06;320;2821;0,03703;12 mois
2008-10-06;2008-10-09;8;2008-12-04;1500;1500;FR0113872719;6642;1500;4,43;179;1679;0,02576;3 mois
2008-10-06;2008-10-09;46;2009-08-27;2000;2000;FR0114683792;5445;2005;2,72;275;2280;0,03058;12 mois
2008-10-06;2008-10-09;24;2009-03-26;2500;2500;FR0114683818;5553;2503;2,22;363;2866;0,02839;6 mois
2008-10-06;2008-10-09;13;2009-01-08;3000;3000;FR0115500615;12140;3003;4,04;434;3437;0,02786;3 mois
2008-10-13;2008-10-16;9;2008-12-18;1000;1000;FR0112270808;4369;1002;4,36;6;1008;0,02226;3 mois
2008-10-13;2008-10-16;17;2009-02-12;2000;2000;FR0113087441;5407;2003;2,7;82;2085;0,02571;6 mois
2008-10-13;2008-10-16;49;2009-09-24;2000;2000;FR0114683834;5160;2001;2,58;0;2001;0,02819;12 mois
2008-10-13;2008-10-16;12;2009-01-08;3000;3000;FR0115500615;7058;3004;2,35;20;3024;0,02269;3 mois
2008-10-20;2008-10-23;10;2008-12-31;2000;2000;FR0113872727;3717;2002;1,86;50;2052;0,02928;3 mois
2008-10-20;2008-10-23;13;2009-01-22;3000;3000;FR0115500623;6172;3003;2,06;72;3075;0,02783;3 mois
2008-10-20;2008-10-23;26;2009-04-23;2000;2000;FR0115500680;3893;2002;1,94;8;2010;0,02931;6 mois
2008-10-27;2008-10-30;19;2009-03-12;1500;1500;FR0113087458;3335;1501;2,22;99;1600;0,02891;6 mois
2008-10-27;2008-10-30;12;2009-01-22;3000;3000;FR0115500623;7477;3003;2,49;254;3257;0,02847;3 mois
2008-10-27;2008-10-30;25;2009-04-23;1500;1500;FR0115500680;4630;1501;3,08;32;1533;0,02861;6 mois
2008-11-03;2008-11-06;10;2009-01-15;1000;1000;FR0113087433;4653;1000;4,65;98;1098;0,02751;3 mois
2008-11-03;2008-11-06;16;2009-02-26;1500;1500;FR0114683776;4287;1503;2,85;96;1599;0,02796;6 mois
2008-11-03;2008-11-06;13;2009-02-05;3000;3000;FR0115500631;7360;3005;2,45;315;3320;0,0282;3 mois
2008-11-10;2008-11-13;19;2009-03-26;1000;1000;FR0114683818;4490;1002;4,48;114;1116;0,02677;6 mois
2008-11-10;2008-11-13;12;2009-02-05;3000;3000;FR0115500631;8023;3000;2,67;327;3327;0,02718;3 mois
2008-11-10;2008-11-13;23;2009-04-23;2000;2000;FR0115500680;5033;2001;2,52;221;2222;0,0265;6 mois
2008-11-17;2008-11-20;16;2009-03-12;1000;1000;FR0113087458;3680;1000;3,68;84;1084;0,02436;6 mois
2008-11-17;2008-11-20;20;2009-04-09;2000;2000;FR0113872735;3723;2003;1,86;175;2178;0,02397;6 mois
2008-11-17;2008-11-20;13;2009-02-19;3000;3000;FR0115500649;8330;3004;2,77;253;3257;0,02446;3 mois
2008-11-24;2008-11-27;12;2009-02-19;3000;3000;FR0115500649;8878;3000;2,96;359;3359;0,02185;3 mois
2008-11-24;2008-11-27;21;2009-04-23;1000;1000;FR0115500680;3354;1002;3,35;0;1002;0,02098;6 mois
2008-11-24;2008-11-27;25;2009-05-20;2000;2000;FR0115500698;4360;2004;2,18;0;2004;0,02115;6 mois
2008-12-01;2008-12-04;10;2009-02-12;1500;1500;FR0113087441;4830;1500;3,22;180;1680;0,02133;3 mois
2008-12-01;2008-12-04;18;2009-04-09;1000;1000;FR0113872735;4273;1001;4,27;81;1082;0,02084;6 mois
2008-12-01;2008-12-04;13;2009-03-05;3500;3500;FR0115500656;10190;3503;2,91;291;3794;0,02081;3 mois
2008-12-01;2008-12-04;50;2009-11-19;1500;1500;FR0115500722;4495;1500;3;111;1611;0,01995;12 mois
2008-12-08;2008-12-11;21;2009-05-07;1500;1500;FR0113872743;3630;1502;2,42;2;1504;0,02042;6 mois
2008-12-08;2008-12-11;10;2009-02-19;1500;1500;FR0115500649;3980;1500;2,65;76;1576;0,02043;3 mois
2008-12-08;2008-12-11;12;2009-03-05;3500;3500;FR0115500656;7259;3504;2,07;167;3671;0,02039;3 mois
2008-12-15;2008-12-18;10;2009-02-26;2000;2000;FR0114683776;4340;2002;2,17;244;2246;0,01978;3 mois
2008-12-15;2008-12-18;13;2009-03-19;3000;3000;FR0115500664;8623;3002;2,87;363;3365;0,01939;3 mois
2008-12-15;2008-12-18;22;2009-05-20;1500;1500;FR0115500698;2790;1502;1,86;186;1688;0,02026;6 mois
2008-12-15;2008-12-18;48;2009-11-19;1000;1000;FR0115500722;2630;1000;2,63;128;1128;0,02015;12 mois
2008-12-22;2008-12-24;19;2009-05-07;1000;1000;FR0113872743;2705;1002;2,7;24;1026;0,01766;6 mois
2008-12-22;2008-12-24;23;2009-06-04;1500;1500;FR0113872750;2822;1501;1,88;66;1567;0,01787;6 mois
2008-12-22;2008-12-24;12;2009-03-19;3500;3500;FR0115500664;6446;3503;1,84;263;3766;0,01724;3 mois
2008-12-22;2008-12-24;47;2009-11-19;1000;1000;FR0115500722;2045;1002;2,04;44;1046;0,01811;12 mois
2009-01-05;2009-01-08;9;2009-03-12;1500;1500;FR0113087458;5495;1504;3,65;182;1686;0,01688;3 mois
2009-01-05;2009-01-08;12;2009-04-02;4000;4000;FR0115500672;10970;4003;2,74;480;4483;0,01691;3 mois
2009-01-05;2009-01-08;23;2009-06-18;2000;2000;FR0115500706;5866;2001;2,93;234;2235;0,01725;6 mois
2009-01-05;2009-01-08;45;2009-11-19;1500;1500;FR0115500722;4610;1503;3,07;175;1678;0,01731;12 mois
2009-01-12;2009-01-15;18;2009-05-20;1000;1000;FR0115500698;4507;1002;4,5;131;1133;0,01469;6 mois
2009-01-12;2009-01-15;22;2009-06-18;2000;2000;FR0115500706;6840;2003;3,41;273;2276;0,0146;6 mois
2009-01-12;2009-01-15;13;2009-04-16;3000;3000;FR0116114820;7750;3000;2,58;386;3386;0,0146;3 mois
2009-01-12;2009-01-15;52;2010-01-14;2000;2000;FR0116114929;8305;2000;4,15;273;2273;0,01476;12 mois
2009-01-19;2009-01-22;9;2009-03-26;1000;1000;FR0114683818;4535;1001;4,53;134;1135;0,01333;3 mois
2009-01-19;2009-01-22;12;2009-04-16;3000;3000;FR0116114820;7528;3005;2,51;399;3404;0,01331;3 mois
2009-01-19;2009-01-22;25;2009-07-16;2000;2000;FR0116114887;6694;2001;3,35;268;2269;0,01331;6 mois
2009-01-19;2009-01-22;51;2010-01-14;2000;2000;FR0116114929;4983;2002;2,49;268;2270;0,01391;12 mois
2009-01-26;2009-01-29;34;2009-09-24;2000;2000;FR0114683834;3980;2000;1,99;0;2000;0,01249;12 mois
2009-01-26;2009-01-29;16;2009-05-20;1500;1500;FR0115500698;4975;1501;3,31;38;1539;0,01153;6 mois
2009-01-26;2009-01-29;13;2009-04-30;3000;3000;FR0116114838;7984;3003;2,66;216;3219;0,01125;3 mois
2009-01-26;2009-01-29;24;2009-07-16;2000;2000;FR0116114887;3665;2001;1,83;0;2001;0,01203;6 mois
2009-02-02;2009-02-05;19;2009-06-18;2000;2000;FR0115500706;4630;2000;2,32;193;2193;0,0115;6 mois
2009-02-02;2009-02-05;45;2009-12-17;2500;2500;FR0115500730;8250;2501;3,3;307;2808;0,01222;12 mois
2009-02-02;2009-02-05;12;2009-04-30;3000;3000;FR0116114838;7868;3003;2,62;354;3357;0,01114;3 mois
2009-02-02;2009-02-05;27;2009-08-13;2500;2500;FR0116114895;7137;2503;2,85;301;2804;0,01169;6 mois
2009-02-09;2009-02-12;7;2009-04-02;1000;1000;FR0115500672;5516;1002;5,5;0;1002;0,00997;3 mois
2009-02-09;2009-02-12;13;2009-05-14;3000;3000;FR0116114846;8095;3006;2,69;23;3029;0,00989;3 mois
2009-02-09;2009-02-12;22;2009-07-16;2000;2000;FR0116114887;3490;2001;1,74;0;2001;0,01004;6 mois
2009-02-09;2009-02-12;48;2010-01-14;2000;2000;FR0116114929;3710;2000;1,86;6;2006;0,01109;12 mois
2009-02-16;2009-02-19;15;2009-06-04;2000;2000;FR0113872750;4526;2003;2,26;30;2033;0,00976;3 mois
2009-02-16;2009-02-19;19;2009-07-02;2000;2000;FR0113872768;3835;2005;1,91;67;2072;0,00984;6 mois
2009-02-16;2009-02-19;43;2009-12-17;1500;1500;FR0115500730;3865;1505;2,57;125;1630;0,01037;12 mois
2009-02-16;2009-02-19;12;2009-05-14;3000;3000;FR0116114846;5794;3005;1,93;100;3105;0,00963;3 mois
2009-02-23;2009-02-26;22;2009-07-30;2000;2000;FR0114683750;4110;2003;2,05;243;2246;0,00978;6 mois
2009-02-23;2009-02-26;16;2009-06-18;1500;1500;FR0115500706;4875;1502;3,25;147;1649;0,00949;6 mois
2009-02-23;2009-02-26;34;2009-10-22;2000;2000;FR0115500714;4195;2002;2,1;250;2252;0,00996;12 mois
2009-02-23;2009-02-26;13;2009-05-28;3500;3500;FR0116114853;7356;3503;2,1;381;3884;0,00946;3 mois
2009-03-02;2009-03-05;17;2009-07-02;2000;2000;FR0113872768;4086;2001;2,04;183;2184;0,00878;6 mois
2009-03-02;2009-03-05;29;2009-09-24;2000;2000;FR0114683834;3820;2002;1,91;160;2162;0,00875;6 mois
2009-03-02;2009-03-05;12;2009-05-28;3000;3000;FR0116114853;7434;3005;2,47;365;3370;0,00853;3 mois
2009-03-02;2009-03-05;49;2010-02-11;2000;2000;FR0116114937;4960;2002;2,48;246;2248;0,00928;12 mois
2009-03-09;2009-03-12;9;2009-05-14;2000;2000;FR0116114846;4343;2003;2,17;26;2029;0,00765;3 mois
2009-03-09;2009-03-12;13;2009-06-11;3000;3000;FR0116114861;7317;3004;2,44;272;3276;0,00763;3 mois
2009-03-09;2009-03-12;18;2009-07-16;2000;2000;FR0116114887;3360;2001;1,68;45;2046;0,00796;6 mois
2009-03-09;2009-03-12;52;2010-03-11;2000;2000;FR0116114945;5460;2002;2,73;45;2047;0,00934;12 mois
2009-03-16;2009-03-19;9;2009-05-20;2000;2000;FR0115500698;6147;2002;3,07;137;2139;0,00725;3 mois
2009-03-16;2009-03-19;12;2009-06-11;3000;3000;FR0116114861;6347;3004;2,11;252;3256;0,00713;3 mois
2009-03-16;2009-03-19;21;2009-08-13;2000;2000;FR0116114895;4782;2005;2,39;183;2188;0,00784;6 mois
2009-03-16;2009-03-19;51;2010-03-11;2000;2000;FR0116114945;4625;2006;2,31;189;2195;0,00913;12 mois
2009-03-23;2009-03-26;6;2009-05-07;2000;2000;FR0113872743;5225;2001;2,61;11;2012;0,00712;3 mois
2009-03-23;2009-03-26;30;2009-10-22;2000;2000;FR0115500714;4215;2004;2,1;0;2004;0,00781;6 mois
2009-03-23;2009-03-26;13;2009-06-25;3000;3000;FR0116114879;7509;3002;2,5;0;3002;0,00686;3 mois
2009-03-23;2009-03-26;46;2010-02-11;2000;2000;FR0116114937;4530;2007;2,26;0;2007;0,00818;12 mois
2009-03-30;2009-04-02;37;2009-12-17;1500;1500;FR0115500730;4180;1500;2,79;128;1628;0,00795;12 mois
2009-03-30;2009-04-02;8;2009-05-28;2000;2000;FR0116114853;5220;2002;2,61;78;2080;0,00685;3 mois
2009-03-30;2009-04-02;12;2009-06-25;3000;3000;FR0116114879;5590;3002;1,86;116;3118;0,00694;3 mois
2009-03-30;2009-04-02;49;2010-03-11;2500;2500;FR0116114945;5015;2503;2;237;2740;0,00817;12 mois
2009-04-06;2009-04-09;9;2009-06-11;1500;1500;FR0116114861;5590;1508;3,71;60;1568;0,00698;3 mois
2009-04-06;2009-04-09;40;2010-01-14;1000;1000;FR0116114929;3610;1002;3,6;77;1079;0,00851;12 mois
2009-04-06;2009-04-09;13;2009-07-09;3000;3000;FR0116502859;7911;3004;2,63;228;3232;0,00703;3 mois
2009-04-06;2009-04-09;52;2010-04-08;2500;2500;FR0116843386;7903;2505;3,15;307;2812;0,0095;12 mois
2009-04-14;2009-04-16;19;2009-08-27;1500;1500;FR0114683792;3515;1503;2,34;33;1536;0,00759;6 mois
2009-04-14;2009-04-16;27;2009-10-22;2000;2000;FR0115500714;4320;2001;2,16;43;2044;0,00763;6 mois
2009-04-14;2009-04-16;12;2009-07-09;3000;3000;FR0116502859;6595;3005;2,19;65;3070;0,0071;3 mois
2009-04-14;2009-04-16;51;2010-04-08;2500;2500;FR0116843386;7255;2503;2,9;151;2654;0,00915;12 mois
2009-04-20;2009-04-23;9;2009-06-25;2000;2000;FR0116114879;3850;2003;1,92;120;2123;0,00817;3 mois
2009-04-20;2009-04-23;16;2009-08-13;1000;1000;FR0116114895;3140;1000;3,14;55;1055;0,00849;6 mois
2009-04-20;2009-04-23;13;2009-07-23;3000;3000;FR0116502867;7437;3004;2,48;219;3223;0,00844;3 mois
2009-04-20;2009-04-23;50;2010-04-08;2500;2500;FR0116843386;5365;2504;2,14;235;2739;0,01022;12 mois
2009-04-27;2009-04-30;8;2009-06-25;1000;1000;FR0116114879;4020;1001;4,02;93;1094;0,00752;3 mois
2009-04-27;2009-04-30;41;2010-02-11;2500;2500;FR0116114937;5435;2504;2,17;215;2719;0,00868;12 mois
2009-04-27;2009-04-30;12;2009-07-23;3000;3000;FR0116502867;6875;3003;2,29;309;3312;0,00749;3 mois
2009-04-27;2009-04-30;27;2009-11-05;1500;1500;FR0116843352;5375;1503;3,58;170;1673;0,00832;6 mois
2009-05-04;2009-05-07;9;2009-07-09;1000;1000;FR0116502859;4375;1001;4,37;83;1084;0,00686;3 mois
2009-05-04;2009-05-07;13;2009-08-06;3000;3000;FR0116502875;9076;3007;3,02;326;3333;0,00715;3 mois
2009-05-04;2009-05-07;26;2009-11-05;2000;2000;FR0116843352;4540;2004;2,27;154;2158;0,00779;6 mois
2009-05-04;2009-05-07;52;2010-05-06;2500;2500;FR0116843394;6830;2507;2,72;235;2742;0,00893;12 mois
2009-05-11;2009-05-14;12;2009-08-06;3500;3500;FR0116502875;8955;3506;2,55;429;3935;0,00658;3 mois
2009-05-11;2009-05-14;29;2009-12-03;2000;2000;FR0116843360;6435;2003;3,21;205;2208;0,00744;6 mois
2009-05-11;2009-05-14;51;2010-05-06;2500;2500;FR0116843394;5785;2505;2,31;162;2667;0,00826;12 mois
2009-05-18;2009-05-20;13;2009-08-20;3500;3500;FR0116502883;10130;3505;2,89;31;3536;0,00635;3 mois
2009-05-18;2009-05-20;24;2009-11-05;1000;1000;FR0116843352;4250;1003;4,24;0;1003;0,00664;6 mois
2009-05-18;2009-05-20;28;2009-12-03;1500;1500;FR0116843360;3625;1501;2,42;0;1501;0,0068;6 mois
2009-05-18;2009-05-20;50;2010-05-06;2500;2500;FR0116843394;4745;2505;1,89;0;2505;0,00772;12 mois
2009-05-25;2009-05-28;21;2009-10-22;1500;1500;FR0115500714;3105;1503;2,07;0;1503;0,0081;6 mois
2009-05-25;2009-05-28;25;2009-11-19;1500;1500;FR0115500722;4167;1504;2,77;0;1504;0,00814;6 mois
2009-05-25;2009-05-28;8;2009-07-23;1500;1500;FR0116502867;4972;1501;3,31;0;1501;0,00757;3 mois
2009-05-25;2009-05-28;12;2009-08-20;3500;3500;FR0116502883;8165;3503;2,33;191;3694;0,00751;3 mois
2009-06-02;2009-06-04;8;2009-07-30;1500;1500;FR0114683750;4350;1508;2,88;77;1585;0,00737;3 mois
2009-06-02;2009-06-04;13;2009-09-03;3500;3500;FR0116502891;6555;3504;1,87;194;3698;0,00741;3 mois
2009-06-02;2009-06-04;22;2009-11-05;2000;2000;FR0116843352;4940;2005;2,46;90;2095;0,00781;6 mois
2009-06-02;2009-06-04;52;2010-06-03;2500;2500;FR0116843402;5015;2502;2;311;2813;0,0088;12 mois
2009-06-08;2009-06-11;9;2009-08-13;1500;1500;FR0116114895;5709;1504;3,8;107;1611;0,00811;3 mois
2009-06-08;2009-06-11;12;2009-09-03;3500;3500;FR0116502891;6718;3502;1,92;398;3900;0,00825;3 mois
2009-06-08;2009-06-11;25;2009-12-03;2500;2500;FR0116843360;3710;2502;1,48;245;2747;0,00904;6 mois
2009-06-08;2009-06-11;51;2010-06-03;2000;2000;FR0116843402;4860;2005;2,42;230;2235;0,01066;12 mois
2009-06-15;2009-06-18;10;2009-08-27;2000;2000;FR0114683792;4994;2009;2,49;116;2125;0,00731;3 mois
2009-06-15;2009-06-18;13;2009-09-17;3500;3500;FR0116502909;6447;3503;1,84;205;3708;0,00748;3 mois
2009-06-15;2009-06-18;28;2009-12-31;1500;1500;FR0116843378;4890;1501;3,26;85;1586;0,00827;6 mois
2009-06-15;2009-06-18;50;2010-06-03;2500;2500;FR0116843402;4520;2503;1,81;178;2681;0,00965;12 mois
2009-06-22;2009-06-25;8;2009-08-20;2000;2000;FR0116502883;3787;2001;1,89;97;2098;0,00683;3 mois
2009-06-22;2009-06-25;12;2009-09-17;3500;3500;FR0116502909;6440;3503;1,84;143;3646;0,00693;3 mois
2009-06-22;2009-06-25;27;2009-12-31;2500;2500;FR0116843378;5380;2504;2,15;26;2530;0,00771;6 mois
2009-06-29;2009-07-02;36;2010-03-11;1500;1500;FR0116114945;2655;1501;1,77;84;1585;0,00806;12 mois
2009-06-29;2009-07-02;13;2009-10-01;3500;3500;FR0116843345;6372;3505;1,82;342;3847;0,00636;3 mois
2009-06-29;2009-07-02;26;2009-12-31;1500;1500;FR0116843378;3015;1500;2,01;114;1614;0,00757;6 mois
2009-06-29;2009-07-02;52;2010-07-01;2500;2500;FR0116843410;5000;2504;2;274;2778;0,00913;12 mois
2009-07-06;2009-07-09;12;2009-10-01;3500;3500;FR0116843345;6843;3507;1,95;468;3975;0,00473;3 mois
2009-07-06;2009-07-09;17;2009-11-05;1700;1700;FR0116843352;4821;1702;2,83;223;1925;0,00562;6 mois
2009-07-06;2009-07-09;21;2009-12-03;1800;1800;FR0116843360;3800;1802;2,11;237;2039;0,00605;6 mois
2009-07-06;2009-07-09;51;2010-07-01;2500;2500;FR0116843410;5749;2507;2,29;334;2841;0,00765;12 mois
2009-07-13;2009-07-16;18;2009-11-19;1500;1500;FR0115500722;5655;1502;3,76;128;1630;0,00486;6 mois
2009-07-13;2009-07-16;9;2009-09-17;2000;2000;FR0116502909;4195;2001;2,1;154;2155;0,00381;3 mois
2009-07-13;2009-07-16;50;2010-07-01;3000;3000;FR0116843410;6830;3006;2,27;39;3045;0,00722;12 mois
2009-07-13;2009-07-16;13;2009-10-15;3500;3500;FR0117173627;8065;3507;2,3;342;3849;0,00449;3 mois
2009-07-20;2009-07-23;7;2009-09-10;2000;2000;FR0116114903;5374;2002;2,68;166;2168;0,00348;3 mois
2009-07-20;2009-07-23;49;2010-07-01;2000;2000;FR0116843410;3805;2003;1,9;205;2208;0,00709;12 mois
2009-07-20;2009-07-23;12;2009-10-15;4000;4000;FR0117173627;6695;4005;1,67;379;4384;0,00365;3 mois
2009-07-20;2009-07-23;27;2010-01-28;2500;2500;FR0117173684;5460;2504;2,18;263;2767;0,00515;6 mois
2009-07-27;2009-07-30;20;2009-12-17;1500;1500;FR0115500730;4690;1501;3,12;199;1700;0,00487;6 mois
2009-07-27;2009-07-30;6;2009-09-10;2000;2000;FR0116114903;4755;2003;2,37;182;2185;0,0035;3 mois
2009-07-27;2009-07-30;13;2009-10-29;4000;4000;FR0117173635;7615;4004;1,9;425;4429;0,00398;3 mois
2009-07-27;2009-07-30;26;2010-01-28;2000;2000;FR0117173684;4965;2007;2,47;237;2244;0,00523;6 mois
2009-08-03;2009-08-06;19;2009-12-17;2000;2000;FR0115500730;6010;2002;3;0;2002;0,00464;6 mois
2009-08-03;2009-08-06;5;2009-09-10;2000;2000;FR0116114903;4505;2006;2,25;0;2006;0,00352;3 mois
2009-08-03;2009-08-06;12;2009-10-29;4000;4000;FR0117173635;7773;4003;1,94;0;4003;0,00397;3 mois
2009-08-03;2009-08-06;51;2010-07-29;1500;1500;FR0117173718;4525;1505;3,01;0;1505;0,00736;12 mois
2009-08-10;2009-08-13;8;2009-10-08;2000;2000;FR0116114911;5515;2003;2,75;95;2098;0,00371;3 mois
2009-08-10;2009-08-13;13;2009-11-12;4000;4000;FR0117173643;9099;4006;2,27;256;4262;0,00409;3 mois
2009-08-10;2009-08-13;24;2010-01-28;2000;2000;FR0117173684;4605;2002;2,3;259;2261;0,00524;6 mois
2009-08-10;2009-08-13;50;2010-07-29;2000;2000;FR0117173718;5560;2004;2,77;271;2275;0,0081;12 mois
2009-08-17;2009-08-20;7;2009-10-08;2500;2500;FR0116114911;6130;2503;2,45;136;2639;0,00356;3 mois
2009-08-17;2009-08-20;21;2010-01-14;1500;1500;FR0116114929;4615;1504;3,07;45;1549;0,00453;6 mois
2009-08-17;2009-08-20;12;2009-11-12;4000;4000;FR0117173643;8501;4005;2,12;409;4414;0,00391;3 mois
2009-08-17;2009-08-20;49;2010-07-29;2000;2000;FR0117173718;4780;2000;2,39;0;2000;0,00696;12 mois
2009-08-24;2009-08-27;6;2009-10-08;2500;2500;FR0116114911;6186;2503;2,47;218;2721;0,00347;3 mois
2009-08-24;2009-08-27;13;2009-11-26;4000;4000;FR0117173650;9725;4008;2,43;381;4389;0,00386;3 mois
2009-08-24;2009-08-27;26;2010-02-25;2000;2000;FR0117173692;6545;2005;3,26;254;2259;0,00481;6 mois
2009-08-24;2009-08-27;48;2010-07-29;2000;2000;FR0117173718;4165;2007;2,08;149;2156;0,0071;12 mois
2009-08-31;2009-09-03;7;2009-10-22;1500;1500;FR0115500714;5839;1502;3,89;45;1547;0,00309;3 mois
2009-08-31;2009-09-03;12;2009-11-26;4000;4000;FR0117173650;9091;4003;2,27;358;4361;0,00347;3 mois
2009-08-31;2009-09-03;25;2010-02-25;2500;2500;FR0117173692;6450;2503;2,58;128;2631;0,00441;6 mois
2009-08-31;2009-09-03;51;2010-08-26;2000;2000;FR0117173726;7210;2004;3,6;233;2237;0,00693;12 mois
2009-09-07;2009-09-10;9;2009-11-12;1500;1500;FR0117173643;4215;1504;2,8;17;1521;0,00313;3 mois
2009-09-07;2009-09-10;13;2009-12-10;4000;4000;FR0117173668;10641;4005;2,66;230;4235;0,00339;3 mois
2009-09-07;2009-09-10;24;2010-02-25;2000;2000;FR0117173692;6650;2005;3,32;103;2108;0,00394;6 mois
2009-09-07;2009-09-10;50;2010-08-26;2000;2000;FR0117173726;5710;2006;2,85;175;2181;0,00595;12 mois
2009-09-14;2009-09-17;9;2009-11-19;1500;1500;FR0115500722;5830;1504;3,88;11;1515;0,00335;3 mois
2009-09-14;2009-09-17;21;2010-02-11;2000;2000;FR0116114937;4845;2004;2,42;21;2025;0,00419;6 mois
2009-09-14;2009-09-17;12;2009-12-10;3500;3500;FR0117173668;7475;3507;2,13;42;3549;0,00354;3 mois
2009-09-14;2009-09-17;49;2010-08-26;2000;2000;FR0117173726;5515;2007;2,75;0;2007;0,00635;12 mois
2009-09-21;2009-09-24;9;2009-11-26;1500;1500;FR0117173650;5225;1505;3,47;63;1568;0,00347;3 mois
2009-09-21;2009-09-24;13;2009-12-24;4000;4000;FR0117173676;7305;4005;1,82;325;4330;0,00381;3 mois
2009-09-21;2009-09-24;22;2010-02-25;2000;2000;FR0117173692;3925;2005;1,96;223;2228;0,00447;6 mois
2009-09-21;2009-09-24;52;2010-09-23;1500;1500;FR0117173734;5065;1508;3,36;174;1682;0,00704;12 mois
2009-09-28;2009-10-01;5;2009-11-05;2000;2000;FR0116843352;7260;2003;3,62;68;2071;0,00324;3 mois
2009-09-28;2009-10-01;12;2009-12-24;3500;3500;FR0117173676;6751;3506;1,93;0;3506;0,00375;3 mois
2009-09-28;2009-10-01;25;2010-03-25;2000;2000;FR0117173700;4855;2001;2,43;66;2067;0,00459;6 mois
2009-09-28;2009-10-01;51;2010-09-23;1500;1500;FR0117173734;4745;1505;3,15;68;1573;0,00687;12 mois
2009-10-05;2009-10-08;8;2009-12-03;2000;2000;FR0116843360;6105;2003;3,05;20;2023;0,0035;3 mois
2009-10-05;2009-10-08;24;2010-03-25;2000;2000;FR0117173700;4395;2001;2,2;0;2001;0,00473;6 mois
2009-10-05;2009-10-08;50;2010-09-23;2000;2000;FR0117173734;5965;2003;2,98;0;2003;0,00667;12 mois
2009-10-05;2009-10-08;13;2010-01-07;4000;4000;FR0117505927;10300;4006;2,57;139;4145;0,00393;3 mois
2009-10-12;2009-10-15;8;2009-12-10;2000;2000;FR0117173668;5391;2002;2,69;0;2002;0,00369;3 mois
2009-10-12;2009-10-15;23;2010-03-25;1500;1500;FR0117173700;3511;1502;2,34;44;1546;0,00549;6 mois
2009-10-12;2009-10-15;49;2010-09-23;2500;2500;FR0117173734;4369;2501;1,75;0;2501;0,00772;12 mois
2009-10-12;2009-10-15;12;2010-01-07;4000;4000;FR0117505927;9533;4007;2,38;363;4370;0,00403;3 mois
2009-10-19;2009-10-22;9;2009-12-24;2000;2000;FR0117173676;5180;2002;2,59;39;2041;0,00376;3 mois
2009-10-19;2009-10-22;22;2010-03-25;1500;1500;FR0117173700;4360;1505;2,9;156;1661;0,00558;6 mois
2009-10-19;2009-10-22;13;2010-01-21;4500;4500;FR0117505935;9495;4511;2,1;130;4641;0,00416;3 mois
2009-10-19;2009-10-22;52;2010-10-21;2000;2000;FR0117506024;5630;2003;2,81;148;2151;0,00865;12 mois
2009-10-26;2009-10-29;9;2009-12-31;1500;1500;FR0116843378;4700;1504;3,13;87;1591;0,00386;3 mois
2009-10-26;2009-10-29;12;2010-01-21;4500;4500;FR0117505935;11193;4506;2,48;367;4873;0,00401;3 mois
2009-10-26;2009-10-29;25;2010-04-22;2000;2000;FR0117505992;5575;2008;2,78;225;2233;0,00548;6 mois
2009-10-26;2009-10-29;51;2010-10-21;2000;2000;FR0117506024;6241;2005;3,11;257;2262;0,00832;12 mois
2009-11-02;2009-11-05;9;2010-01-07;1500;1500;FR0117505927;6356;1502;4,23;60;1562;0,00393;3 mois
2009-11-02;2009-11-05;13;2010-02-04;5000;5000;FR0117505943;9200;5003;1,84;64;5067;0,00418;3 mois
2009-11-02;2009-11-05;24;2010-04-22;1500;1500;FR0117505992;4700;1508;3,12;70;1578;0,00541;6 mois
2009-11-02;2009-11-05;50;2010-10-21;1500;1500;FR0117506024;5550;1511;3,67;22;1533;0,00806;12 mois
2009-11-09;2009-11-12;9;2010-01-14;1500;1500;FR0116114929;6035;1506;4,01;79;1585;0,00377;3 mois
2009-11-09;2009-11-12;12;2010-02-04;5000;5000;FR0117505943;9560;5005;1,91;54;5059;0,00406;3 mois
2009-11-09;2009-11-12;23;2010-04-22;2000;2000;FR0117505992;5815;2013;2,89;97;2110;0,00515;6 mois
2009-11-09;2009-11-12;49;2010-10-21;2000;2000;FR0117506024;5795;2006;2,89;191;2197;0,00756;12 mois
2009-11-16;2009-11-19;16;2010-03-11;1000;1000;FR0116114945;3485;1003;3,47;13;1016;0,0044;6 mois
2009-11-16;2009-11-19;10;2010-01-28;2000;2000;FR0117173684;4920;2002;2,46;0;2002;0,00379;3 mois
2009-11-16;2009-11-19;13;2010-02-18;4500;4500;FR0117505950;10175;4506;2,26;0;4506;0,00412;3 mois
2009-11-16;2009-11-19;52;2010-11-18;2000;2000;FR0117506032;7695;2002;3,84;0;2002;0,00746;12 mois
2009-11-23;2009-11-26;8;2010-01-21;1500;1500;FR0117505935;4660;1510;3,09;114;1624;0,00397;3 mois
2009-11-23;2009-11-26;12;2010-02-18;4500;4500;FR0117505950;9180;4507;2,04;377;4884;0,00436;3 mois
2009-11-23;2009-11-26;25;2010-05-20;2000;2000;FR0117506008;8460;2006;4,22;4;2010;0,00532;6 mois
2009-11-23;2009-11-26;51;2010-11-18;2000;2000;FR0117506032;5675;2008;2,83;0;2008;0,008;12 mois
2009-11-30;2009-12-03;18;2010-04-08;1500;1500;FR0116843386;4455;1504;2,96;60;1564;0,00466;6 mois
2009-11-30;2009-12-03;13;2010-03-04;4500;4500;FR0117505968;8760;4504;1,94;182;4686;0,00422;3 mois
2009-11-30;2009-12-03;24;2010-05-20;2500;2500;FR0117506008;5650;2502;2,26;174;2676;0,00522;6 mois
2009-11-30;2009-12-03;50;2010-11-18;2000;2000;FR0117506032;5060;2007;2,52;191;2198;0,00797;12 mois
2009-12-07;2009-12-10;12;2010-03-04;4000;4000;FR0117505968;8611;4008;2,15;374;4382;0,00383;3 mois
2009-12-07;2009-12-10;19;2010-04-22;2000;2000;FR0117505992;5340;2005;2,66;121;2126;0,00427;6 mois
2009-12-07;2009-12-10;23;2010-05-20;2000;2000;FR0117506008;4345;2001;2,17;136;2137;0,0044;6 mois
2009-12-07;2009-12-10;49;2010-11-18;2000;2000;FR0117506032;4560;2008;2,27;236;2244;0,00772;12 mois
2009-12-14;2009-12-17;8;2010-02-11;2000;2000;FR0116114937;4570;2003;2,28;70;2073;0,00351;3 mois
2009-12-14;2009-12-17;20;2010-05-06;2000;2000;FR0116843394;3540;2002;1,77;0;2002;0,00435;6 mois
2009-12-14;2009-12-17;13;2010-03-18;4000;4000;FR0117505976;6870;4006;1,71;110;4116;0,00393;3 mois
2009-12-14;2009-12-17;52;2010-12-16;2000;2000;FR0117506040;4890;2002;2,44;133;2135;0,00811;12 mois
2009-12-21;2009-12-24;8;2010-02-18;2000;2000;FR0117505950;4285;2001;2,14;0;2001;0,0034;3 mois
2009-12-21;2009-12-24;12;2010-03-18;3500;3500;FR0117505976;6375;3500;1,82;0;3500;0,00347;3 mois
2009-12-21;2009-12-24;17;2010-04-22;1500;1500;FR0117505992;4229;1502;2,82;0;1502;0,004;6 mois
2009-12-21;2009-12-24;51;2010-12-16;2000;2000;FR0117506040;4140;2001;2,07;3;2004;0,00756;12 mois
2010-01-04;2010-01-07;12;2010-04-01;5000;5000;FR0117505984;16785;5010;3,35;641;5651;0,00352;3 mois
2010-01-04;2010-01-07;23;2010-06-17;2000;2000;FR0117506016;7590;2003;3,79;261;2264;0,00454;6 mois
2010-01-04;2010-01-07;49;2010-12-16;2500;2500;FR0117506040;6840;2503;2,73;319;2822;0,00793;12 mois
2010-01-11;2010-01-14;22;2010-06-17;3000;3000;FR0117506016;12435;3003;4,14;222;3225;0,00356;6 mois
2010-01-11;2010-01-14;13;2010-04-15;4000;4000;FR0117836520;18290;4006;4,57;340;4346;0,00308;3 mois
2010-01-11;2010-01-14;52;2011-01-13;3000;3000;FR0117836629;11585;3005;3,86;253;3258;0,00716;12 mois
2010-01-18;2010-01-21;12;2010-04-15;3500;3500;FR0117836520;12620;3503;3,6;75;3578;0,00274;3 mois
2010-01-18;2010-01-21;25;2010-07-15;3000;3000;FR0117836587;8950;3003;2,98;0;3003;0,00359;6 mois
2010-01-18;2010-01-21;51;2011-01-13;3000;3000;FR0117836629;6400;3007;2,13;0;3007;0,00647;12 mois
2010-01-25;2010-01-28;13;2010-04-29;4000;4000;FR0117836538;10730;4007;2,68;103;4110;0,00283;3 mois
2010-01-25;2010-01-28;24;2010-07-15;2500;2500;FR0117836587;7950;2506;3,17;66;2572;0,00365;6 mois
2010-01-25;2010-01-28;50;2011-01-13;2500;2500;FR0117836629;7675;2503;3,07;31;2534;0,00634;12 mois
2010-02-01;2010-02-04;45;2010-12-16;2500;2500;FR0117506040;8575;2506;3,42;0;2506;0,00601;12 mois
2010-02-01;2010-02-04;12;2010-04-29;4000;4000;FR0117836538;10155;4007;2,53;10;4017;0,00278;3 mois
2010-02-01;2010-02-04;23;2010-07-15;2500;2500;FR0117836587;12175;2506;4,86;16;2522;0,00365;6 mois
2010-02-08;2010-02-11;13;2010-05-12;4000;4000;FR0117836546;10235;4007;2,55;0;4007;0,00295;3 mois
2010-02-08;2010-02-11;26;2010-08-12;2500;2500;FR0117836595;6945;2503;2,77;0;2503;0,00411;6 mois
2010-02-08;2010-02-11;52;2011-02-10;2500;2500;FR0117836637;6965;2504;2,78;51;2555;0,0063;12 mois
2010-02-15;2010-02-18;12;2010-05-12;3500;3500;FR0117836546;9820;3505;2,8;231;3736;0,0029;3 mois
2010-02-15;2010-02-18;25;2010-08-12;2000;2000;FR0117836595;7240;2004;3,61;0;2004;0,00386;6 mois
2010-02-15;2010-02-18;51;2011-02-10;2500;2500;FR0117836637;6250;2504;2,5;13;2517;0,00574;12 mois
2010-02-22;2010-02-25;13;2010-05-27;4000;4000;FR0117836553;13630;4004;3,4;356;4360;0,00289;3 mois
2010-02-22;2010-02-25;24;2010-08-12;2500;2500;FR0117836595;6812;2507;2,72;193;2700;0,00388;6 mois
2010-02-22;2010-02-25;50;2011-02-10;2000;2000;FR0117836637;4660;2005;2,32;257;2262;0,00589;12 mois
2010-03-01;2010-03-04;25;2010-08-26;2000;2000;FR0117173726;7295;2003;3,64;138;2141;0,0037;6 mois
2010-03-01;2010-03-04;12;2010-05-27;4000;4000;FR0117836553;10136;4005;2,53;158;4163;0,00281;3 mois
2010-03-01;2010-03-04;49;2011-02-10;2000;2000;FR0117836637;5080;2005;2,53;27;2032;0,00545;12 mois
2010-03-08;2010-03-11;13;2010-06-10;4000;4000;FR0117836561;9945;4004;2,48;35;4039;0,00282;3 mois
2010-03-08;2010-03-11;26;2010-09-09;2000;2000;FR0117836603;6635;2000;3,32;61;2061;0,00359;6 mois
2010-03-08;2010-03-11;52;2011-03-10;2000;2000;FR0117836645;6290;2004;3,14;219;2223;0,0059;12 mois
2010-03-15;2010-03-18;12;2010-06-10;4000;4000;FR0117836561;10778;4008;2,69;49;4057;0,00283;3 mois
2010-03-15;2010-03-18;25;2010-09-09;2000;2000;FR0117836603;4615;2003;2,3;16;2019;0,00373;6 mois
2010-03-15;2010-03-18;51;2011-03-10;2000;2000;FR0117836645;5555;2003;2,77;25;2028;0,00593;12 mois
2010-03-22;2010-03-25;13;2010-06-24;4500;4500;FR0117836579;11315;4511;2,51;77;4588;0,00289;3 mois
2010-03-22;2010-03-25;24;2010-09-09;1000;1000;FR0117836603;5297;1005;5,27;38;1043;0,0039;6 mois
2010-03-22;2010-03-25;50;2011-03-10;2000;2000;FR0117836645;4523;2006;2,25;61;2067;0,00595;12 mois
2010-03-29;2010-04-01;12;2010-06-24;4000;4000;FR0117836579;7900;4003;1,97;30;4033;0,0029;3 mois
2010-03-29;2010-04-01;23;2010-09-09;1000;1000;FR0117836603;4530;1004;4,51;14;1018;0,00378;6 mois
2010-03-29;2010-04-01;49;2011-03-10;2000;2000;FR0117836645;4065;2004;2,03;3;2007;0,00584;12 mois
2010-04-06;2010-04-08;24;2010-09-23;1500;1500;FR0117173734;4350;1501;2,9;157;1658;0,00408;6 mois
2010-04-06;2010-04-08;13;2010-07-08;4000;4000;FR0118153230;11000;4005;2,75;357;4362;0,00301;3 mois
2010-04-06;2010-04-08;52;2011-04-07;2000;2000;FR0118153339;5950;2007;2,96;209;2216;0,00651;12 mois
2010-04-12;2010-04-15;25;2010-10-07;2500;2500;FR0117836611;5585;2504;2,23;193;2697;0,0043;6 mois
2010-04-12;2010-04-15;12;2010-07-08;4000;4000;FR0118153230;11305;4004;2,82;496;4500;0,00284;3 mois
2010-04-12;2010-04-15;51;2011-04-07;1000;1000;FR0118153339;5240;1004;5,22;116;1120;0,0065;12 mois
2010-04-19;2010-04-22;24;2010-10-07;1500;1500;FR0117836611;7075;1504;4,7;139;1643;0,00401;6 mois
2010-04-19;2010-04-22;13;2010-07-22;4500;4500;FR0118153248;13580;4504;3,02;475;4979;0,00269;3 mois
2010-04-19;2010-04-22;50;2011-04-07;1500;1500;FR0118153339;4825;1500;3,22;10;1510;0,00564;12 mois
2010-04-26;2010-04-29;23;2010-10-07;2500;2500;FR0117836611;6715;2504;2,68;136;2640;0,00362;6 mois
2010-04-26;2010-04-29;12;2010-07-22;4000;4000;FR0118153248;12975;4006;3,24;361;4367;0,00234;3 mois
2010-04-26;2010-04-29;49;2011-04-07;1000;1000;FR0118153339;4915;1005;4,89;98;1103;0,00564;12 mois
2010-05-03;2010-05-06;22;2010-10-07;1500;1500;FR0117836611;4975;1502;3,31;197;1699;0,00354;6 mois
2010-05-03;2010-05-06;13;2010-08-05;4500;4500;FR0118153255;10065;4504;2,23;564;5068;0,0026;3 mois
2010-05-03;2010-05-06;52;2011-05-05;2000;2000;FR0118153347;6530;2006;3,26;261;2267;0,006;12 mois
2010-05-10;2010-05-12;12;2010-08-05;4000;4000;FR0118153255;9255;4006;2,31;72;4078;0,00212;3 mois
2010-05-10;2010-05-12;25;2010-11-04;2500;2500;FR0118153305;6420;2503;2,56;112;2615;0,00301;6 mois
2010-05-10;2010-05-12;51;2011-05-05;1500;1500;FR0118153347;4550;1501;3,03;25;1526;0,00374;12 mois
2010-05-17;2010-05-20;13;2010-08-19;4000;4000;FR0118153263;11520;4006;2,88;378;4384;0,00211;3 mois
2010-05-17;2010-05-20;24;2010-11-04;2000;2000;FR0118153305;6425;2004;3,21;188;2192;0,00273;6 mois
2010-05-17;2010-05-20;50;2011-05-05;1500;1500;FR0118153347;4520;1507;3;74;1581;0,0036;12 mois
2010-05-25;2010-05-27;12;2010-08-19;4000;4000;FR0118153263;10942;4001;2,73;555;4556;0,00161;3 mois
2010-05-25;2010-05-27;23;2010-11-04;1500;1500;FR0118153305;5098;1503;3,39;135;1638;0,00172;6 mois
2010-05-25;2010-05-27;49;2011-05-05;2000;2000;FR0118153347;5685;2004;2,84;0;2004;0,00327;12 mois
2010-05-31;2010-06-03;13;2010-09-02;4000;4000;FR0118153271;11845;4010;2,95;104;4114;0,00163;3 mois
2010-05-31;2010-06-03;26;2010-12-02;2000;2000;FR0118153313;6610;2004;3,3;53;2057;0,0021;6 mois
2010-05-31;2010-06-03;52;2011-06-01;2000;2000;FR0118153354;5070;2010;2,52;65;2075;0,00352;12 mois
2010-06-07;2010-06-10;12;2010-09-02;4000;4000;FR0118153271;9255;4011;2,31;0;4011;0,00176;3 mois
2010-06-07;2010-06-10;25;2010-12-02;2000;2000;FR0118153313;5860;2004;2,92;23;2027;0,00238;6 mois
2010-06-07;2010-06-10;51;2011-06-01;2000;2000;FR0118153354;4735;2003;2,36;17;2020;0,00366;12 mois
2010-06-14;2010-06-17;13;2010-09-16;4500;4500;FR0118153289;8660;4509;1,92;0;4509;0,00202;3 mois
2010-06-14;2010-06-17;20;2010-11-04;1000;1000;FR0118153305;4765;1003;4,75;0;1003;0,00216;6 mois
2010-06-14;2010-06-17;24;2010-12-02;2000;2000;FR0118153313;6055;2008;3,02;0;2008;0,00247;6 mois
2010-06-21;2010-06-24;12;2010-09-16;4000;4000;FR0118153289;6400;4003;1,6;0;4003;0,00258;3 mois
2010-06-21;2010-06-24;23;2010-12-02;2500;2500;FR0118153313;3725;2503;1,49;45;2548;0,00323;6 mois
2010-06-21;2010-06-24;49;2011-06-01;1500;1500;FR0118153354;3690;1505;2,45;27;1532;0,00469;12 mois
2010-06-28;2010-07-01;13;2010-09-30;4500;4500;FR0118153297;7670;4500;1,7;458;4958;0,0033;3 mois
2010-06-28;2010-07-01;26;2010-12-30;2000;2000;FR0118153321;4210;2004;2,1;28;2032;0,0041;6 mois
2010-06-28;2010-07-01;40;2011-04-07;1500;1500;FR0118153339;3650;1503;2,43;113;1616;0,0051;12 mois
2010-07-05;2010-07-08;12;2010-09-30;5000;5000;FR0118153297;9400;5004;1,88;0;5004;0,00229;3 mois
2010-07-05;2010-07-08;25;2010-12-30;1500;1500;FR0118153321;4595;1505;3,05;0;1505;0,00417;6 mois
2010-07-05;2010-07-08;51;2011-06-30;2000;2000;FR0118153362;5045;2004;2,52;0;2004;0,00534;12 mois
2010-07-12;2010-07-15;24;2010-12-30;1500;1500;FR0118153321;4485;1503;2,98;11;1514;0,0047;6 mois
2010-07-12;2010-07-15;50;2011-06-30;2000;2000;FR0118153362;3975;2001;1,99;0;2001;0,00615;12 mois
2010-07-12;2010-07-15;13;2010-10-14;5000;5000;FR0118462144;9031;5004;1,8;0;5004;0,00316;3 mois
2010-07-19;2010-07-22;8;2010-09-16;1500;1500;FR0118153289;4660;1502;3,1;56;1558;0,00415;3 mois
2010-07-19;2010-07-22;12;2010-10-14;4500;4500;FR0118462144;7250;4504;1,61;0;4504;0,00453;3 mois
2010-07-19;2010-07-22;27;2011-01-27;2500;2500;FR0118462201;5660;2504;2,26;59;2563;0,00612;6 mois
2010-07-26;2010-07-29;10;2010-10-07;1000;1000;FR0117836611;2965;1001;2,96;36;1037;0,00396;3 mois
2010-07-26;2010-07-29;13;2010-10-28;4000;4000;FR0118462151;7665;4005;1,91;64;4069;0,00466;3 mois
2010-07-26;2010-07-29;26;2011-01-27;1000;1000;FR0118462201;5825;1000;5,83;84;1084;0,00572;6 mois
2010-07-26;2010-07-29;52;2011-07-28;2000;2000;FR0118462235;7200;2003;3,59;74;2077;0,0069;12 mois
2010-08-02;2010-08-05;12;2010-10-28;4500;4500;FR0118462151;11655;4507;2,59;367;4874;0,00421;3 mois
2010-08-02;2010-08-05;25;2011-01-27;2000;2000;FR0118462201;6255;2003;3,12;65;2068;0,00497;6 mois
2010-08-02;2010-08-05;51;2011-07-28;2000;2000;FR0118462235;5545;2005;2,77;136;2141;0,00675;12 mois
2010-08-09;2010-08-12;13;2010-11-10;4500;4500;FR0118462169;11375;4506;2,52;424;4930;0,00425;3 mois
2010-08-09;2010-08-12;24;2011-01-27;2000;2000;FR0118462201;5975;2008;2,98;229;2237;0,00498;6 mois
2010-08-09;2010-08-12;50;2011-07-28;2000;2000;FR0118462235;7225;2004;3,61;229;2233;0,00678;12 mois
2010-08-16;2010-08-19;12;2010-11-10;4500;4500;FR0118462169;10710;4507;2,38;176;4683;0,00381;3 mois
2010-08-16;2010-08-19;27;2011-02-24;2000;2000;FR0118462219;5710;2006;2,85;0;2006;0,00481;6 mois
2010-08-16;2010-08-19;49;2011-07-28;2000;2000;FR0118462235;4760;2007;2,37;0;2007;0,00571;12 mois
2010-08-23;2010-08-26;13;2010-11-25;4500;4500;FR0118462177;10125;4515;2,24;36;4551;0,00381;3 mois
2010-08-23;2010-08-26;26;2011-02-24;1500;1500;FR0118462219;4935;1503;3,28;46;1549;0,0044;6 mois
2010-08-23;2010-08-26;52;2011-08-25;2000;2000;FR0118462243;6985;2004;3,49;55;2059;0,00561;12 mois
2010-08-30;2010-09-02;7;2010-10-21;1000;1000;FR0117506024;4275;1000;4,28;25;1025;0,00326;3 mois
2010-08-30;2010-09-02;12;2010-11-25;4000;4000;FR0118462177;10545;4004;2,63;200;4204;0,00382;3 mois
2010-08-30;2010-09-02;25;2011-02-24;2000;2000;FR0118462219;6115;2008;3,05;127;2135;0,00436;6 mois
2010-08-30;2010-09-02;51;2011-08-25;2000;2000;FR0118462243;6220;2009;3,1;185;2194;0,00543;12 mois
2010-09-06;2010-09-09;13;2010-12-09;4500;4500;FR0118462185;16700;4507;3,71;208;4715;0,00351;3 mois
2010-09-06;2010-09-09;24;2011-02-24;2000;2000;FR0118462219;5890;2010;2,93;11;2021;0,00435;6 mois
2010-09-06;2010-09-09;50;2011-08-25;1500;1500;FR0118462243;5670;1502;3,77;74;1576;0,0055;12 mois
2010-09-13;2010-09-16;7;2010-11-04;1000;1000;FR0118153305;4615;1005;4,59;27;1032;0,00285;3 mois
2010-09-13;2010-09-16;12;2010-12-09;4000;4000;FR0118462185;12455;4005;3,11;107;4112;0,00332;3 mois
2010-09-13;2010-09-16;27;2011-03-24;2000;2000;FR0118462227;8230;2002;4,11;108;2110;0,00477;6 mois
2010-09-13;2010-09-16;49;2011-08-25;1500;1500;FR0118462243;5080;1505;3,38;41;1546;0,00592;12 mois
2010-09-20;2010-09-23;13;2010-12-23;4000;4000;FR0118462193;11350;4006;2,83;0;4006;0,00365;3 mois
2010-09-20;2010-09-23;26;2011-03-24;2000;2000;FR0118462227;5155;2008;2,57;53;2061;0,00479;6 mois
2010-09-20;2010-09-23;52;2011-09-22;2000;2000;FR0118462250;6485;2006;3,23;132;2138;0,00662;12 mois
2010-09-27;2010-09-30;19;2011-02-10;1000;1000;FR0117836637;3470;1004;3,46;0;1004;0,00462;6 mois
2010-09-27;2010-09-30;39;2011-06-30;1500;1500;FR0118153362;3780;1501;2,52;51;1552;0,0059;12 mois
2010-09-27;2010-09-30;12;2010-12-23;4000;4000;FR0118462193;7470;4006;1,86;0;4006;0,00379;3 mois
2010-09-27;2010-09-30;25;2011-03-24;2000;2000;FR0118462227;4040;2001;2,02;0;2001;0,00507;6 mois
2010-10-04;2010-10-07;34;2011-06-01;1000;1000;FR0118153354;4465;1002;4,46;0;1002;0,0065;12 mois
2010-10-04;2010-10-07;24;2011-03-24;1500;1500;FR0118462227;4270;1504;2,84;0;1504;0,00598;6 mois
2010-10-04;2010-10-07;50;2011-09-22;2000;2000;FR0118462250;4745;2004;2,37;0;2004;0,00719;12 mois
2010-10-04;2010-10-07;13;2011-01-06;4000;4000;FR0118786658;10245;4010;2,55;37;4047;0,00501;3 mois
2010-10-11;2010-10-14;19;2011-02-24;1000;1000;FR0118462219;5545;1004;5,52;54;1058;0,00597;6 mois
2010-10-11;2010-10-14;49;2011-09-22;1500;1500;FR0118462250;5370;1507;3,56;61;1568;0,00731;12 mois
2010-10-11;2010-10-14;12;2011-01-06;4000;4000;FR0118786658;8360;4007;2,09;206;4213;0,00512;3 mois
2010-10-11;2010-10-14;27;2011-04-21;2000;2000;FR0118786724;5590;2000;2,8;116;2116;0,00657;6 mois
2010-10-18;2010-10-21;13;2011-01-20;4500;4500;FR0118786666;9010;4504;2;0;4504;0,00569;3 mois
2010-10-18;2010-10-21;26;2011-04-21;2000;2000;FR0118786724;5875;2007;2,93;0;2007;0,00711;6 mois
2010-10-18;2010-10-21;52;2011-10-20;2000;2000;FR0118786757;5685;2001;2,84;0;2001;0,00817;12 mois
2010-10-25;2010-10-28;12;2011-01-20;4000;4000;FR0118786666;7515;4006;1,88;0;4006;0,00621;3 mois
2010-10-25;2010-10-28;25;2011-04-21;2000;2000;FR0118786724;5250;2009;2,61;0;2009;0,00781;6 mois
2010-10-25;2010-10-28;51;2011-10-20;2000;2000;FR0118786757;4880;2005;2,43;0;2005;0,00892;12 mois
2010-11-02;2010-11-04;20;2011-03-24;1000;1000;FR0118462227;4723;1005;4,7;0;1005;0,00761;6 mois
2010-11-02;2010-11-04;13;2011-02-03;4000;4000;FR0118786674;8140;4005;2,03;0;4005;0,00674;3 mois
2010-11-02;2010-11-04;24;2011-04-21;1500;1500;FR0118786724;4960;1505;3,3;0;1505;0,00798;6 mois
2010-11-02;2010-11-04;50;2011-10-20;1500;1500;FR0118786757;4085;1505;2,71;0;1505;0,0091;12 mois
2010-11-08;2010-11-10;12;2011-02-03;4000;4000;FR0118786674;8930;4007;2,23;288;4295;0,00687;3 mois
2010-11-08;2010-11-10;27;2011-05-19;2000;2000;FR0118786732;5736;2007;2,86;158;2165;0,0082;6 mois
2010-11-08;2010-11-10;49;2011-10-20;1500;1500;FR0118786757;4412;1504;2,93;64;1568;0,00897;12 mois
2010-11-15;2010-11-18;13;2011-02-17;4000;4000;FR0118786682;9380;4007;2,34;164;4171;0,0066;3 mois
2010-11-15;2010-11-18;26;2011-05-19;2000;2000;FR0118786732;6045;2007;3,01;129;2136;0,00758;6 mois
2010-11-15;2010-11-18;52;2011-11-17;1500;1500;FR0118786765;5875;1501;3,91;121;1622;0,00929;12 mois
2010-11-22;2010-11-25;12;2011-02-17;4000;4000;FR0118786682;10470;4010;2,61;473;4483;0,00652;3 mois
2010-11-22;2010-11-25;25;2011-05-19;2000;2000;FR0118786732;5950;2009;2,96;242;2251;0,00752;6 mois
2010-11-22;2010-11-25;51;2011-11-17;1500;1500;FR0118786765;5795;1505;3,85;181;1686;0,00896;12 mois
2010-11-29;2010-12-02;13;2011-03-03;4500;4500;FR0118786690;10450;4505;2,32;129;4634;0,00578;3 mois
2010-11-29;2010-12-02;24;2011-05-19;2000;2000;FR0118786732;5185;2004;2,59;58;2062;0,00691;6 mois
2010-11-29;2010-12-02;50;2011-11-17;1500;1500;FR0118786765;4665;1505;3,1;0;1505;0,00818;12 mois
2010-12-06;2010-12-09;12;2011-03-03;4000;4000;FR0118786690;11900;4005;2,97;312;4317;0,00558;3 mois
2010-12-06;2010-12-09;27;2011-06-16;2000;2000;FR0118786740;8255;2003;4,12;158;2161;0,00683;6 mois
2010-12-06;2010-12-09;49;2011-11-17;1000;1000;FR0118786765;5975;1000;5,98;64;1064;0,00785;12 mois
2010-12-13;2010-12-16;13;2011-03-17;4000;4000;FR0118786708;9945;4009;2,48;240;4249;0,00538;3 mois
2010-12-13;2010-12-16;52;2011-12-15;2000;2000;FR0118786773;7550;2006;3,76;238;2244;0,00815;12 mois
2010-12-20;2010-12-23;12;2011-03-17;3500;3500;FR0118786708;8084;3501;2,31;25;3526;0,0051;3 mois
2010-12-20;2010-12-23;51;2011-12-15;1500;1500;FR0118786773;4441;1506;2,95;2;1508;0,0075;12 mois
2011-01-03;2011-01-06;12;2011-03-31;4500;4500;FR0118786716;15475;4508;3,43;593;5101;0,00444;3 mois
2011-01-03;2011-01-06;23;2011-06-16;2000;2000;FR0118786740;5005;2003;2,5;203;2206;0,00519;6 mois
2011-01-03;2011-01-06;49;2011-12-15;2000;2000;FR0118786773;4950;2012;2,46;0;2012;0,00673;12 mois
2011-01-10;2011-01-13;13;2011-04-14;4000;4000;FR0119105668;13575;4003;3,39;336;4339;0,00401;3 mois
2011-01-10;2011-01-13;26;2011-07-13;2000;2000;FR0119105726;8940;2000;4,47;165;2165;0,00511;6 mois
2011-01-10;2011-01-13;52;2012-01-12;2000;2000;FR0119105767;8100;2002;4,05;206;2208;0,00703;12 mois
2011-01-17;2011-01-20;12;2011-04-14;4000;4000;FR0119105668;10200;4002;2,55;0;4002;0,00428;3 mois
2011-01-17;2011-01-20;25;2011-07-13;1500;1500;FR0119105726;5690;1500;3,79;0;1500;0,00527;6 mois
2011-01-17;2011-01-20;51;2012-01-12;2500;2500;FR0119105767;4555;2505;1,82;0;2505;0,00783;12 mois
2011-01-24;2011-01-27;13;2011-04-28;4000;4000;FR0119105676;11025;4007;2,75;0;4007;0,00574;3 mois
2011-01-24;2011-01-27;24;2011-07-13;2000;2000;FR0119105726;6100;2006;3,04;0;2006;0,00668;6 mois
2011-01-24;2011-01-27;50;2012-01-12;1500;1500;FR0119105767;6030;1506;4;22;1528;0,00919;12 mois
2011-01-31;2011-02-03;12;2011-04-28;4000;4000;FR0119105676;11190;4004;2,79;456;4460;0,00667;3 mois
2011-01-31;2011-02-03;23;2011-07-13;2000;2000;FR0119105726;5190;2004;2,59;163;2167;0,00748;6 mois
2011-01-31;2011-02-03;49;2012-01-12;1500;1500;FR0119105767;4600;1504;3,06;45;1549;0,01033;12 mois
2011-02-07;2011-02-10;13;2011-05-12;4000;4000;FR0119105684;9825;4006;2,45;0;4006;0,00617;3 mois
2011-02-07;2011-02-10;26;2011-08-11;2000;2000;FR0119105734;6180;2010;3,07;0;2010;0,00772;6 mois
2011-02-07;2011-02-10;52;2012-02-09;2000;2000;FR0119105775;5390;2004;2,69;0;2004;0,01053;12 mois
2011-02-14;2011-02-17;12;2011-05-12;4000;4000;FR0119105684;7950;4007;1,98;69;4076;0,0064;3 mois
2011-02-14;2011-02-17;25;2011-08-11;2000;2000;FR0119105734;6095;2005;3,04;38;2043;0,00779;6 mois
2011-02-14;2011-02-17;51;2012-02-09;2000;2000;FR0119105775;5206;2004;2,6;53;2057;0,01054;12 mois
2011-02-21;2011-02-24;13;2011-05-26;3500;3500;FR0119105692;8720;3500;2,49;0;3500;0,00668;3 mois
2011-02-21;2011-02-24;24;2011-08-11;2000;2000;FR0119105734;4895;2003;2,44;0;2003;0,00779;6 mois
2011-02-21;2011-02-24;50;2012-02-09;2000;2000;FR0119105775;4265;2000;2,13;0;2000;0,01073;12 mois
2011-02-28;2011-03-03;41;2011-12-15;1500;1500;FR0118786773;3985;1509;2,64;59;1568;0,01034;12 mois
2011-02-28;2011-03-03;12;2011-05-26;4500;4500;FR0119105692;10005;4506;2,22;247;4753;0,00678;3 mois
2011-02-28;2011-03-03;27;2011-09-08;2000;2000;FR0119105742;7170;2007;3,57;112;2119;0,00877;6 mois
2011-03-07;2011-03-10;13;2011-06-09;4000;4000;FR0119105700;10365;4006;2,59;0;4006;0,00773;3 mois
2011-03-07;2011-03-10;26;2011-09-08;2000;2000;FR0119105742;4925;2003;2,46;0;2003;0,0097;6 mois
2011-03-07;2011-03-10;52;2012-03-08;2000;2000;FR0119105783;6555;2006;3,27;0;2006;0,01316;12 mois
2011-03-14;2011-03-17;12;2011-06-09;4000;4000;FR0119105700;8550;4006;2,13;332;4338;0,00736;3 mois
2011-03-14;2011-03-17;25;2011-09-08;1500;1500;FR0119105742;3845;1503;2,56;126;1629;0,00923;6 mois
2011-03-14;2011-03-17;51;2012-03-08;2000;2000;FR0119105783;6670;2006;3,33;227;2233;0,01254;12 mois
2011-03-21;2011-03-24;13;2011-06-23;4500;4500;FR0119105718;8665;4503;1,92;0;4503;0,00761;3 mois
2011-03-21;2011-03-24;24;2011-09-08;1500;1500;FR0119105742;3866;1503;2,57;0;1503;0,00949;6 mois
2011-03-21;2011-03-24;50;2012-03-08;2500;2500;FR0119105783;5220;2502;2,09;0;2502;0,01246;12 mois
2011-03-28;2011-03-31;33;2011-11-17;1000;1000;FR0118786765;2560;1003;2,55;0;1003;0,01112;12 mois
2011-03-28;2011-03-31;12;2011-06-23;3500;3500;FR0119105718;6095;3504;1,74;0;3504;0,00825;3 mois
2011-03-28;2011-03-31;27;2011-10-06;2000;2000;FR0119105759;4535;2005;2,26;0;2005;0,01046;6 mois
2011-03-28;2011-03-31;49;2012-03-08;1000;1000;FR0119105783;2820;1003;2,81;0;1003;0,01292;12 mois
2011-04-04;2011-04-07;26;2011-10-06;2000;2000;FR0119105759;4070;2000;2,04;0;2000;0,01028;6 mois
2011-04-04;2011-04-07;13;2011-07-07;4000;4000;FR0119418780;7385;4005;1,84;0;4005;0,00839;3 mois
2011-04-04;2011-04-07;52;2012-04-05;2000;2000;FR0119418889;5300;2005;2,64;11;2016;0,01359;12 mois
2011-04-11;2011-04-14;25;2011-10-06;2000;2000;FR0119105759;3655;2004;1,82;46;2050;0,01104;6 mois
2011-04-11;2011-04-14;12;2011-07-07;3500;3500;FR0119418780;6780;3505;1,93;0;3505;0,00894;3 mois
2011-04-11;2011-04-14;51;2012-04-05;2000;2000;FR0119418889;3990;2011;1,98;169;2180;0,01438;12 mois
2011-04-18;2011-04-21;24;2011-10-06;1500;1500;FR0119105759;7420;1506;4,93;0;1506;0,0109;6 mois
2011-04-18;2011-04-21;42;2012-02-09;1500;1500;FR0119105775;4075;1502;2,71;0;1502;0,01274;12 mois
2011-04-18;2011-04-21;13;2011-07-21;3500;3500;FR0119418798;10095;3505;2,88;0;3505;0,00938;3 mois
2011-04-18;2011-04-21;50;2012-04-05;1000;1000;FR0119418889;6005;1006;5,97;0;1006;0,01394;12 mois
2011-04-26;2011-04-28;12;2011-07-21;3500;3500;FR0119418798;11345;3506;3,24;46;3552;0,00942;3 mois
2011-04-26;2011-04-28;27;2011-11-03;2000;2000;FR0119418855;5760;2007;2,87;0;2007;0,01134;6 mois
2011-04-26;2011-04-28;49;2012-04-05;2000;2000;FR0119418889;5180;2005;2,58;0;2005;0,01356;12 mois
2011-05-02;2011-05-05;13;2011-08-04;4000;4000;FR0119418806;10740;4006;2,68;0;4006;0,01014;3 mois
2011-05-02;2011-05-05;26;2011-11-03;2000;2000;FR0119418855;6540;2006;3,26;23;2029;0,01192;6 mois
2011-05-02;2011-05-05;52;2012-05-03;2500;2500;FR0119418897;6725;2503;2,69;29;2532;0,01475;12 mois
2011-05-09;2011-05-12;12;2011-08-04;4000;4000;FR0119418806;10150;4005;2,53;319;4324;0,0102;3 mois
2011-05-09;2011-05-12;25;2011-11-03;2000;2000;FR0119418855;5725;2007;2,85;161;2168;0,01183;6 mois
2011-05-09;2011-05-12;51;2012-05-03;2000;2000;FR0119418897;6210;2000;3,11;161;2161;0,0146;12 mois
2011-05-16;2011-05-19;18;2011-09-22;2000;2000;FR0118462250;5505;2005;2,75;0;2005;0,01068;6 mois
2011-05-16;2011-05-19;13;2011-08-18;3000;3000;FR0119418814;9755;3007;3,24;130;3137;0,01008;3 mois
2011-05-16;2011-05-19;24;2011-11-03;1000;1000;FR0119418855;5520;1002;5,51;0;1002;0,01174;6 mois
2011-05-16;2011-05-19;50;2012-05-03;1500;1500;FR0119418897;6005;1506;3,99;0;1506;0,0145;12 mois
2011-05-23;2011-05-26;21;2011-10-20;1500;1500;FR0118786757;5535;1504;3,68;21;1525;0,01102;6 mois
2011-05-23;2011-05-26;12;2011-08-18;3500;3500;FR0119418814;12905;3508;3,68;262;3770;0,00972;3 mois
2011-05-23;2011-05-26;27;2011-12-01;2000;2000;FR0119418863;6181;2007;3,08;75;2082;0,0119;6 mois
2011-05-23;2011-05-26;49;2012-05-03;1000;1000;FR0119418897;4600;1006;4,57;68;1074;0,01402;12 mois
2011-05-30;2011-06-01;36;2012-02-09;1000;1000;FR0119105775;3115;1003;3,11;0;1003;0,01221;12 mois
2011-05-30;2011-06-01;40;2012-03-08;1000;1000;FR0119105783;2850;1002;2,84;0;1002;0,01253;12 mois
2011-05-30;2011-06-01;13;2011-09-01;3500;3500;FR0119418822;9100;3508;2,59;0;3508;0,00974;3 mois
2011-05-30;2011-06-01;26;2011-12-01;1500;1500;FR0119418863;4155;1506;2,76;0;1506;0,01146;6 mois
2011-06-06;2011-06-09;15;2011-09-22;1000;1000;FR0118462250;5160;1003;5,14;0;1003;0,01031;3 mois
2011-06-06;2011-06-09;12;2011-09-01;3500;3500;FR0119418822;10385;3506;2,96;0;3506;0,0099;3 mois
2011-06-06;2011-06-09;25;2011-12-01;1500;1500;FR0119418863;6750;1503;4,49;0;1503;0,012;6 mois
2011-06-06;2011-06-09;51;2012-05-31;2000;2000;FR0119418905;6015;2006;3;0;2006;0,01434;12 mois
2011-06-14;2011-06-16;13;2011-09-15;4500;4500;FR0119418830;9585;4503;2,13;0;4503;0,01128;3 mois
2011-06-14;2011-06-16;24;2011-12-01;1000;1000;FR0119418863;4045;1007;4,02;0;1007;0,01257;6 mois
2011-06-14;2011-06-16;50;2012-05-31;2000;2000;FR0119418905;4670;2003;2,33;0;2003;0,01428;12 mois
2011-06-20;2011-06-23;12;2011-09-15;4500;4500;FR0119418830;8970;4504;1,99;0;4504;0,0115;3 mois
2011-06-20;2011-06-23;27;2011-12-29;2000;2000;FR0119418871;4990;2004;2,49;0;2004;0,01288;6 mois
2011-06-20;2011-06-23;49;2012-05-31;1000;1000;FR0119418905;4265;1003;4,25;0;1003;0,01408;12 mois
2011-06-27;2011-06-30;20;2011-11-17;1000;1000;FR0118786765;3390;1002;3,38;0;1002;0,01205;6 mois
2011-06-27;2011-06-30;13;2011-09-29;4500;4500;FR0119418848;7680;4504;1,71;0;4504;0,01161;3 mois
2011-06-27;2011-06-30;26;2011-12-29;1500;1500;FR0119418871;4550;1509;3,02;0;1509;0,01258;6 mois
2011-07-04;2011-07-07;12;2011-09-29;4500;4500;FR0119418848;10795;4508;2,39;518;5026;0,01171;3 mois
2011-07-04;2011-07-07;25;2011-12-29;1000;1000;FR0119418871;6005;1004;5,98;81;1085;0,01293;6 mois
2011-07-04;2011-07-07;51;2012-06-28;2500;2500;FR0119418913;6145;2506;2,45;138;2644;0,01483;12 mois
2011-07-11;2011-07-13;10;2011-09-22;1500;1500;FR0118462250;3305;1503;2,2;20;1523;0,01015;3 mois
2011-07-11;2011-07-13;16;2011-11-03;1000;1000;FR0119418855;3150;1000;3,15;49;1049;0,0117;6 mois
2011-07-11;2011-07-13;13;2011-10-13;4000;4000;FR0119580068;8125;4004;2,03;81;4085;0,01074;3 mois
2011-07-11;2011-07-13;28;2012-01-26;2500;2500;FR0119580126;6245;2501;2,5;63;2564;0,0121;6 mois
2011-07-18;2011-07-21;19;2011-12-01;1000;1000;FR0119418863;3725;1001;3,72;15;1016;0,01088;6 mois
2011-07-18;2011-07-21;49;2012-06-28;1500;1500;FR0119418913;4200;1503;2,79;1;1504;0,01184;12 mois
2011-07-18;2011-07-21;12;2011-10-13;4000;4000;FR0119580068;8625;4004;2,15;0;4004;0,01046;3 mois
2011-07-18;2011-07-21;27;2012-01-26;1500;1500;FR0119580126;7190;1505;4,78;76;1581;0,01174;6 mois
2011-07-25;2011-07-28;48;2012-06-28;1500;1500;FR0119418913;4280;1503;2,85;158;1661;0,01326;12 mois
2011-07-25;2011-07-28;13;2011-10-27;4500;4500;FR0119580076;10830;4510;2,4;501;5011;0,01116;3 mois
2011-07-25;2011-07-28;26;2012-01-26;2000;2000;FR0119580126;5120;2003;2,56;209;2212;0,01183;6 mois
2011-08-01;2011-08-04;12;2011-10-27;4500;4500;FR0119580076;8770;4502;1,95;343;4845;0,0091;3 mois
2011-08-01;2011-08-04;25;2012-01-26;2000;2000;FR0119580126;7235;2000;3,62;249;2249;0,01041;6 mois
2011-08-01;2011-08-04;51;2012-07-26;2000;2000;FR0119580159;4295;2006;2,14;226;2232;0,0121;12 mois
2011-08-08;2011-08-11;13;2011-11-10;4500;4500;FR0119580084;9150;4502;2,03;271;4773;0,00791;3 mois
2011-08-08;2011-08-11;28;2012-02-23;2500;2500;FR0119580134;5420;2500;2,17;85;2585;0,00798;6 mois
2011-08-08;2011-08-11;50;2012-07-26;1000;1000;FR0119580159;4120;1004;4,1;67;1071;0,0084;12 mois
2011-08-16;2011-08-18;7;2011-10-06;2000;2000;FR0119105759;4600;2000;2,3;0;2000;0,0067;3 mois
2011-08-16;2011-08-18;12;2011-11-10;4000;4000;FR0119580084;7775;4006;1,94;72;4078;0,0073;3 mois
2011-08-16;2011-08-18;27;2012-02-23;1500;1500;FR0119580134;5445;1503;3,62;153;1656;0,00792;6 mois
2011-08-22;2011-08-25;13;2011-11-24;4000;4000;FR0119580092;10825;4004;2,7;396;4400;0,00696;3 mois
2011-08-22;2011-08-25;26;2012-02-23;2000;2000;FR0119580134;5225;2004;2,61;0;2004;0,00685;6 mois
2011-08-22;2011-08-25;48;2012-07-26;2000;2000;FR0119580159;4460;2007;2,22;6;2013;0,0071;12 mois
2011-08-29;2011-09-01;10;2011-11-10;1500;1500;FR0119580084;5476;1502;3,65;0;1502;0,006;3 mois
2011-08-29;2011-09-01;12;2011-11-24;4000;4000;FR0119580092;10175;4003;2,54;0;4003;0,00579;3 mois
2011-08-29;2011-09-01;25;2012-02-23;1500;1500;FR0119580134;5450;1503;3,63;0;1503;0,00667;6 mois
2011-08-29;2011-09-01;51;2012-08-23;1500;1500;FR0119580167;4365;1504;2,9;0;1504;0,00748;12 mois
2011-09-05;2011-09-08;13;2011-12-08;4500;4500;FR0119580100;10290;4505;2,28;417;4922;0,00554;3 mois
2011-09-05;2011-09-08;28;2012-03-22;2000;2000;FR0119580142;6015;2003;3;0;2003;0,00564;6 mois
2011-09-05;2011-09-08;50;2012-08-23;1500;1500;FR0119580167;3650;1501;2,43;0;1501;0,00627;12 mois
2011-09-12;2011-09-15;12;2011-12-08;4500;4500;FR0119580100;8357;4507;1,85;0;4507;0,00455;3 mois
2011-09-12;2011-09-15;27;2012-03-22;2000;2000;FR0119580142;5810;2007;2,89;0;2007;0,00444;6 mois
2011-09-12;2011-09-15;49;2012-08-23;1000;1000;FR0119580167;3525;1005;3,51;0;1005;0,00527;12 mois
2011-09-19;2011-09-22;13;2011-12-22;4500;4500;FR0119580118;9756;4506;2,17;288;4794;0,0046;3 mois
2011-09-19;2011-09-22;26;2012-03-22;2500;2500;FR0119580142;5065;2505;2,02;147;2652;0,00496;6 mois
2011-09-19;2011-09-22;48;2012-08-23;1000;1000;FR0119580167;4590;1003;4,58;63;1066;0,00591;12 mois
2011-09-26;2011-09-29;12;2011-12-22;4000;4000;FR0119580118;12120;4003;3,03;63;4066;0,0037;3 mois
2011-09-26;2011-09-29;21;2012-02-23;1500;1500;FR0119580134;4155;1500;2,77;0;1500;0,00382;6 mois
2011-09-26;2011-09-29;51;2012-09-20;2000;2000;FR0119580175;4375;2005;2,18;0;2005;0,00531;12 mois
2011-10-03;2011-10-06;50;2012-09-20;1000;1000;FR0119580175;4030;1002;4,02;28;1030;0,00574;12 mois
2011-10-03;2011-10-06;13;2012-01-05;4500;4500;FR0119812024;11125;4503;2,47;0;4503;0,0034;3 mois
2011-10-03;2011-10-06;28;2012-04-19;2000;2000;FR0120045549;6060;2004;3,02;32;2036;0,00491;6 mois
2011-10-10;2011-10-13;23;2012-03-22;1000;1000;FR0119580142;4256;1001;4,25;9;1010;0,00508;6 mois
2011-10-10;2011-10-13;49;2012-09-20;1500;1500;FR0119580175;3880;1508;2,57;0;1508;0,00649;12 mois
2011-10-10;2011-10-13;12;2012-01-05;3500;3500;FR0119812024;9025;3504;2,58;300;3804;0,00503;3 mois
2011-10-10;2011-10-13;27;2012-04-19;1500;1500;FR0120045549;3905;1503;2,6;0;1503;0,00538;6 mois
2011-10-17;2011-10-20;16;2012-02-09;1000;1000;FR0119105775;3985;1000;3,99;0;1000;0,00444;6 mois
2011-10-17;2011-10-20;48;2012-09-20;1500;1500;FR0119580175;3270;1503;2,18;0;1503;0,00661;12 mois
2011-10-17;2011-10-20;13;2012-01-19;4500;4500;FR0119812032;8371;4505;1,86;0;4505;0,00431;3 mois
2011-10-17;2011-10-20;26;2012-04-19;1000;1000;FR0120045549;3075;1004;3,06;0;1004;0,00553;6 mois
2011-10-24;2011-10-27;31;2012-05-31;1000;1000;FR0119418905;3845;1000;3,85;27;1027;0,00716;12 mois
2011-10-24;2011-10-27;47;2012-09-20;1000;1000;FR0119580175;3815;1002;3,81;50;1052;0,00834;12 mois
2011-10-24;2011-10-27;12;2012-01-19;4000;4000;FR0119812032;9115;4003;2,28;525;4528;0,00696;3 mois
2011-10-24;2011-10-27;25;2012-04-19;1000;1000;FR0120045549;3830;1004;3,81;19;1023;0,00707;6 mois
2011-10-31;2011-11-03;20;2012-03-22;1000;1000;FR0119580142;3120;1004;3,11;6;1010;0,0066;6 mois
2011-10-31;2011-11-03;13;2012-02-02;4500;4500;FR0119812040;8055;4504;1,79;27;4531;0,0056;3 mois
2011-10-31;2011-11-03;28;2012-05-16;2000;2000;FR0120045556;3875;2003;1,93;12;2015;0,00687;6 mois
2011-11-07;2011-11-10;12;2012-02-02;4500;4500;FR0119812040;8445;4502;1,88;0;4502;0,00448;3 mois
2011-11-07;2011-11-10;23;2012-04-19;1000;1000;FR0120045549;4020;1003;4,01;0;1003;0,00553;6 mois
2011-11-07;2011-11-10;49;2012-10-18;1500;1500;FR0120045572;3955;1502;2,63;57;1559;0,00768;12 mois
2011-11-14;2011-11-17;20;2012-04-05;1000;1000;FR0119418889;2657;1003;2,65;0;1003;0,00729;6 mois
2011-11-14;2011-11-17;10;2012-01-26;1000;1000;FR0119580126;3750;1001;3,75;21;1022;0,00484;3 mois
2011-11-14;2011-11-17;13;2012-02-16;3500;3500;FR0119812057;7505;3504;2,14;237;3741;0,00584;3 mois
2011-11-14;2011-11-17;26;2012-05-16;1500;1500;FR0120045556;2065;1500;1,38;0;1500;0,00823;6 mois
2011-11-21;2011-11-24;12;2012-02-16;4500;4500;FR0119812057;8275;4503;1,84;308;4811;0,00485;3 mois
2011-11-21;2011-11-24;25;2012-05-16;1000;1000;FR0120045556;4110;1001;4,11;24;1025;0,00742;6 mois
2011-11-21;2011-11-24;47;2012-10-18;1500;1500;FR0120045572;4055;1501;2,7;84;1585;0,0097;12 mois
2011-11-28;2011-12-01;13;2012-03-01;4500;4500;FR0119812065;7365;4502;1,64;506;5008;0,00378;3 mois
2011-11-28;2011-12-01;24;2012-05-16;1000;1000;FR0120045556;4205;1001;4,2;147;1148;0,00614;6 mois
2011-11-28;2011-12-01;46;2012-10-18;1500;1500;FR0120045572;3583;1501;2,39;215;1716;0,00893;12 mois
2011-12-05;2011-12-08;12;2012-03-01;3500;3500;FR0119812065;6306;3503;1,8;0;3503;0,00224;3 mois
2011-12-05;2011-12-08;27;2012-06-14;2000;2000;FR0120045564;3775;2003;1,88;0;2003;0,00378;6 mois
2011-12-05;2011-12-08;49;2012-11-15;2000;2000;FR0120045580;3890;2000;1,95;0;2000;0,0061;12 mois
2011-12-12;2011-12-15;13;2012-03-15;4000;4000;FR0120045523;6835;4002;1,71;284;4286;0,00222;3 mois
2011-12-12;2011-12-15;26;2012-06-14;1500;1500;FR0120045564;4925;1500;3,28;151;1651;0,00364;6 mois
2011-12-12;2011-12-15;44;2012-10-18;1000;1000;FR0120045572;3675;1001;3,67;102;1103;0,0058;12 mois
2011-12-19;2011-12-22;8;2012-02-16;1000;1000;FR0119812057;6790;1006;6,75;94;1100;5e-05;3 mois
2011-12-19;2011-12-22;12;2012-03-15;3500;3500;FR0120045523;9148;3505;2,61;377;3882;5e-05;3 mois
2011-12-19;2011-12-22;25;2012-06-14;1000;1000;FR0120045564;3905;1001;3,9;71;1072;0,00034;6 mois
2011-12-19;2011-12-22;47;2012-11-15;1500;1500;FR0120045580;2783;1501;1,85;164;1665;0,00176;12 mois
2012-01-03;2012-01-05;12;2012-03-29;4000;4500;FR0120045531;7633;4438;1,72;0;4438;0,00023;3 mois
2012-01-03;2012-01-05;23;2012-06-14;1800;2200;FR0120045564;6225;2202;2,83;0;2202;0,00074;6 mois
2012-01-03;2012-01-05;45;2012-11-15;1800;2200;FR0120045580;4505;2075;2,17;0;2075;0,00136;12 mois
2012-01-09;2012-01-12;13;2012-04-12;3800;4200;FR0120350410;9220;4202;2,19;702;4904;0,00166;3 mois
2012-01-09;2012-01-12;26;2012-07-12;1400;1800;FR0120350477;5550;1802;3,08;312;2114;0,00286;6 mois
2012-01-09;2012-01-12;52;2013-01-10;1300;1700;FR0120350519;4295;1570;2,74;250;1820;0,00454;12 mois
2012-01-16;2012-01-19;12;2012-04-12;4000;4500;FR0120350410;8541;4503;1,9;126;4629;0,00165;3 mois
2012-01-16;2012-01-19;25;2012-07-12;1800;2200;FR0120350477;4500;2192;2,05;0;2192;0,00281;6 mois
2012-01-16;2012-01-19;51;2013-01-10;1600;2000;FR0120350519;3995;1895;2,11;14;1909;0,00406;12 mois
2012-01-23;2012-01-26;13;2012-04-26;4000;4500;FR0120350428;9015;4505;2;90;4595;0,00174;3 mois
2012-01-23;2012-01-26;24;2012-07-12;1200;1600;FR0120350477;4833;1493;3,24;0;1493;0,00267;6 mois
2012-01-23;2012-01-26;50;2013-01-10;1800;2200;FR0120350519;6505;2204;2,95;89;2293;0,00448;12 mois
2012-01-30;2012-02-02;41;2012-11-15;700;1000;FR0120045580;3825;1003;3,81;134;1137;0,00384;12 mois
2012-01-30;2012-02-02;12;2012-04-26;3600;4000;FR0120350428;12200;4003;3,05;483;4486;0,00156;3 mois
2012-01-30;2012-02-02;23;2012-07-12;1700;2100;FR0120350477;6045;2103;2,87;260;2363;0,00235;6 mois
2012-01-30;2012-02-02;49;2013-01-10;800;1200;FR0120350519;4665;1202;3,88;117;1319;0,00435;12 mois
2012-02-06;2012-02-09;13;2012-05-10;3800;4200;FR0120350436;9725;4200;2,32;443;4643;0,00145;3 mois
2012-02-06;2012-02-09;26;2012-08-09;1700;2100;FR0120350485;7003;2004;3,49;293;2297;0,00249;6 mois
2012-02-06;2012-02-09;52;2013-02-07;1800;2200;FR0120350527;5865;2045;2,87;339;2384;0,00436;12 mois
2012-02-13;2012-02-16;12;2012-05-10;3800;4200;FR0120350436;13475;4208;3,2;215;4423;0,00142;3 mois
2012-02-13;2012-02-16;25;2012-08-09;1900;2300;FR0120350485;7800;2275;3,43;0;2275;0,00228;6 mois
2012-02-13;2012-02-16;51;2013-02-07;1800;2200;FR0120350527;6000;2204;2,72;108;2312;0,00408;12 mois
2012-02-20;2012-02-23;34;2012-10-18;800;1200;FR0120045572;4610;1202;3,84;37;1239;0,0029;12 mois
2012-02-20;2012-02-23;13;2012-05-24;3800;4200;FR0120350444;13270;4207;3,15;307;4514;0,00127;3 mois
2012-02-20;2012-02-23;24;2012-08-09;1100;1500;FR0120350485;5545;1504;3,69;18;1522;0,00228;6 mois
2012-02-20;2012-02-23;50;2013-02-07;800;1200;FR0120350527;6130;1115;5,5;26;1141;0,0038;12 mois
2012-02-27;2012-03-01;12;2012-05-24;3800;4200;FR0120350444;12815;4206;3,05;675;4881;0,00118;3 mois
2012-02-27;2012-03-01;23;2012-08-09;800;1200;FR0120350485;6090;1203;5,06;152;1355;0,00203;6 mois
2012-02-27;2012-03-01;49;2013-02-07;1700;2100;FR0120350527;7695;2105;3,66;356;2461;0,00361;12 mois
2012-03-05;2012-03-08;13;2012-06-07;3600;4000;FR0120350451;8880;3945;2,25;0;3945;0,00049;3 mois
2012-03-05;2012-03-08;26;2012-09-06;1800;2200;FR0120350493;5930;2203;2,69;0;2203;0,00105;6 mois
2012-03-05;2012-03-08;52;2013-03-07;1900;2300;FR0120350535;6940;2304;3,01;197;2501;0,00232;12 mois
2012-03-12;2012-03-15;12;2012-06-07;3600;4000;FR0120350451;9920;4009;2,47;0;4009;0,00067;3 mois
2012-03-12;2012-03-15;25;2012-09-06;1500;1900;FR0120350493;5010;1870;2,68;0;1870;0,00102;6 mois
2012-03-12;2012-03-15;51;2013-03-07;1900;2300;FR0120350535;5340;2104;2,54;0;2104;0,00222;12 mois
2012-03-19;2012-03-22;13;2012-06-21;3600;4000;FR0120350469;11710;4007;2,92;78;4085;0,00047;3 mois
2012-03-19;2012-03-22;24;2012-09-06;1400;1800;FR0120350493;6080;1690;3,6;57;1747;0,00122;6 mois
2012-03-19;2012-03-22;50;2013-03-07;1200;1600;FR0120350535;5135;1600;3,21;44;1644;0,00219;12 mois
2012-03-26;2012-03-29;12;2012-06-21;3600;4000;FR0120350469;9710;4002;2,43;0;4002;0,00048;3 mois
2012-03-26;2012-03-29;23;2012-09-06;1000;1400;FR0120350493;5285;1404;3,76;0;1404;0,0011;6 mois
2012-03-26;2012-03-29;49;2013-03-07;1100;1500;FR0120350535;4865;1509;3,22;0;1509;0,00233;12 mois
2012-04-02;2012-04-05;20;2012-08-23;1000;1400;FR0119580167;5336;1403;3,8;66;1469;0,00122;6 mois
2012-04-02;2012-04-05;13;2012-07-05;3600;4000;FR0120582913;8760;4005;2,19;0;4005;0,00086;3 mois
2012-04-02;2012-04-05;52;2013-04-04;1600;2000;FR0120583010;5750;2003;2,87;137;2140;0,00265;12 mois
2012-04-10;2012-04-12;25;2012-10-04;1700;2100;FR0120350501;5875;2104;2,79;176;2280;0,00119;6 mois
2012-04-10;2012-04-12;12;2012-07-05;3300;3700;FR0120582913;10240;3706;2,76;417;4123;0,00084;3 mois
2012-04-10;2012-04-12;51;2013-04-04;1600;2000;FR0120583010;5635;2003;2,81;205;2208;0,00249;12 mois
2012-04-16;2012-04-19;24;2012-10-04;1400;1800;FR0120350501;6237;1803;3,46;0;1803;0,001;6 mois
2012-04-16;2012-04-19;13;2012-07-19;3600;4000;FR0120582921;9455;4003;2,36;0;4003;0,00061;3 mois
2012-04-16;2012-04-19;50;2013-04-04;1700;2100;FR0120583010;4950;2103;2,35;0;2103;0,00215;12 mois
2012-04-23;2012-04-26;23;2012-10-04;1400;1800;FR0120350501;5191;1798;2,89;14;1812;0,00121;6 mois
2012-04-23;2012-04-26;12;2012-07-19;3600;4000;FR0120582921;9675;3975;2,43;241;4216;0,0009;3 mois
2012-04-23;2012-04-26;49;2013-04-04;1400;1800;FR0120583010;4215;1585;2,66;146;1731;0,0025;12 mois
2012-04-30;2012-05-03;22;2012-10-04;1200;1600;FR0120350501;5645;1593;3,54;0;1593;0,00101;6 mois
2012-04-30;2012-05-03;13;2012-08-02;3800;4200;FR0120582939;9315;4192;2,22;0;4192;0,00088;3 mois
2012-04-30;2012-05-03;52;2013-05-02;1800;2200;FR0120583028;6375;2197;2,9;270;2467;0,00205;12 mois
2012-05-07;2012-05-10;12;2012-08-02;3600;4000;FR0120582939;8880;3998;2,22;0;3998;0,00082;3 mois
2012-05-07;2012-05-10;25;2012-10-31;1400;1800;FR0120582988;5785;1792;3,23;0;1792;0,00114;6 mois
2012-05-07;2012-05-10;51;2013-05-02;1800;2200;FR0120583028;4045;2192;1,85;0;2192;0,00174;12 mois
2012-05-14;2012-05-16;13;2012-08-16;3500;4000;FR0120582947;9685;3993;2,43;217;4210;0,00074;3 mois
2012-05-14;2012-05-16;24;2012-10-31;1500;1900;FR0120582988;5460;1775;3,08;0;1775;0,00111;6 mois
2012-05-14;2012-05-16;50;2013-05-02;1000;1500;FR0120583028;4550;1492;3,05;38;1530;0,00185;12 mois
2012-05-21;2012-05-24;12;2012-08-16;3800;4200;FR0120582947;9722;4197;2,32;35;4232;0,0007;3 mois
2012-05-21;2012-05-24;23;2012-10-31;1800;2200;FR0120582988;5610;2199;2,55;19;2218;0,00096;6 mois
2012-05-21;2012-05-24;49;2013-05-02;1600;2000;FR0120583028;5540;1998;2,77;210;2208;0,00168;12 mois
2012-05-29;2012-05-31;13;2012-08-30;3800;4200;FR0120582954;10340;4193;2,47;0;4193;0,00084;3 mois
2012-05-29;2012-05-31;22;2012-10-31;1100;1500;FR0120582988;6105;1410;4,33;29;1439;0,00106;6 mois
2012-05-29;2012-05-31;52;2013-05-30;1900;2300;FR0120583036;5321;2296;2,32;158;2454;0,0018;12 mois
2012-06-04;2012-06-07;12;2012-08-30;3600;4000;FR0120582954;8425;3865;2,18;0;3865;0,00082;3 mois
2012-06-04;2012-06-07;25;2012-11-29;1600;2000;FR0120582996;4810;1999;2,41;0;1999;0,00115;6 mois
2012-06-04;2012-06-07;51;2013-05-30;1600;2000;FR0120583036;4235;1998;2,12;0;1998;0,00178;12 mois
2012-06-11;2012-06-14;13;2012-09-13;4000;4500;FR0120582962;10117;4499;2,25;20;4519;0,00075;3 mois
2012-06-11;2012-06-14;24;2012-11-29;1400;1800;FR0120582996;5805;1796;3,23;0;1796;0,00129;6 mois
2012-06-11;2012-06-14;50;2013-05-30;1100;1500;FR0120583036;4095;1370;2,99;0;1370;0,00214;12 mois
2012-06-18;2012-06-21;5;2012-07-26;600;1000;FR0119580159;2676;926;2,89;11;937;0,00049;3 mois
2012-06-18;2012-06-21;12;2012-09-13;4000;4500;FR0120582962;8529;4499;1,9;371;4870;0,00058;3 mois
2012-06-18;2012-06-21;23;2012-11-29;1300;1700;FR0120582996;3695;1698;2,18;0;1698;0,00094;6 mois
2012-06-18;2012-06-21;49;2013-05-30;1100;1500;FR0120583036;3926;1498;2,62;83;1581;0,0019;12 mois
2012-06-25;2012-06-28;13;2012-09-27;4300;4700;FR0120582970;9325;4695;1,99;0;4695;0,00056;3 mois
2012-06-25;2012-06-28;22;2012-11-29;1000;1500;FR0120582996;4910;1494;3,29;40;1534;0,00104;6 mois
2012-06-25;2012-06-28;52;2013-06-27;1800;2200;FR0120634383;6060;2196;2,76;0;2196;0,00177;12 mois
2012-07-02;2012-07-05;12;2012-09-27;4000;4500;FR0120582970;8305;4497;1,85;168;4665;0,00048;3 mois
2012-07-02;2012-07-05;25;2012-12-27;1600;2000;FR0120583002;5560;1996;2,79;90;2086;0,00096;6 mois
2012-07-02;2012-07-05;51;2013-06-27;1400;1800;FR0120634383;4275;1796;2,38;0;1796;0,00163;12 mois
2012-07-09;2012-07-12;24;2012-12-27;1600;2000;FR0120583002;6381;1993;3,2;128;2121;-6e-05;6 mois
2012-07-09;2012-07-12;50;2013-06-27;1400;1800;FR0120634383;4972;1793;2,77;185;1978;0,00013;12 mois
2012-07-09;2012-07-12;13;2012-10-11;3600;4000;FR0120746443;9073;3917;2,32;193;4110;-5e-05;3 mois
2012-07-16;2012-07-19;23;2012-12-27;1400;1800;FR0120583002;7285;1797;4,05;0;1797;-0,00011;6 mois
2012-07-16;2012-07-19;49;2013-06-27;1400;1800;FR0120634383;5895;1802;3,27;0;1802;-2e-05;12 mois
2012-07-16;2012-07-19;12;2012-10-11;3600;4000;FR0120746443;9433;4001;2,36;0;4001;-0,00015;3 mois
2012-07-23;2012-07-26;22;2012-12-27;1000;1500;FR0120583002;4655;1490;3,12;13;1503;2e-05;6 mois
2012-07-23;2012-07-26;13;2012-10-25;3500;4000;FR0120746450;9280;3993;2,32;0;3993;-0,0002;3 mois
2012-07-23;2012-07-26;52;2013-07-25;1500;2000;FR0120746534;4165;1992;2,09;94;2086;0,00018;12 mois
2012-07-30;2012-08-02;12;2012-10-25;3400;3800;FR0120746450;8710;3796;2,29;137;3933;-0,0001;3 mois
2012-07-30;2012-08-02;25;2013-01-24;1600;2000;FR0120746500;4795;1993;2,41;15;2008;-4e-05;6 mois
2012-07-30;2012-08-02;51;2013-07-25;1100;1500;FR0120746534;6045;1494;4,05;22;1516;-8e-05;12 mois
2012-08-06;2012-08-09;13;2012-11-08;3400;3800;FR0120746468;9340;3794;2,46;0;3794;-0,0001;3 mois
2012-08-06;2012-08-09;24;2013-01-24;1100;1500;FR0120746500;6205;1495;4,15;13;1508;-0,0001;6 mois
2012-08-06;2012-08-09;50;2013-07-25;1100;1500;FR0120746534;5010;1496;3,35;13;1509;-6e-05;12 mois
2012-08-13;2012-08-16;12;2012-11-08;3600;4000;FR0120746468;12300;3996;3,08;201;4197;-0,00016;3 mois
2012-08-13;2012-08-16;23;2013-01-24;1300;1700;FR0120746500;8970;1693;5,3;62;1755;-0,0001;6 mois
2012-08-13;2012-08-16;49;2013-07-25;1100;1500;FR0120746534;5940;1498;3,97;11;1509;0;12 mois
2012-08-20;2012-08-23;13;2012-11-22;3600;4000;FR0120746476;9064;3996;2,27;0;3996;-0,00015;3 mois
2012-08-20;2012-08-23;22;2013-01-24;800;1200;FR0120746500;5095;1185;4,3;6;1191;-0,00018;6 mois
2012-08-20;2012-08-23;52;2013-08-22;1400;1800;FR0120746542;4047;1795;2,25;9;1804;2e-05;12 mois
2012-08-27;2012-08-30;12;2012-11-22;3600;4000;FR0120746476;8825;3997;2,21;0;3997;-0,00013;3 mois
2012-08-27;2012-08-30;25;2013-02-21;1400;1800;FR0120746518;4820;1794;2,69;0;1794;-9e-05;6 mois
2012-08-27;2012-08-30;51;2013-08-22;800;1200;FR0120746542;2995;1200;2,5;6;1206;5e-05;12 mois
2012-09-03;2012-09-06;13;2012-12-06;3600;4000;FR0120746484;12440;4001;3,11;282;4283;-0,00014;3 mois
2012-09-03;2012-09-06;24;2013-02-21;1100;1600;FR0120746518;5730;1601;3,58;10;1611;-8e-05;6 mois
2012-09-03;2012-09-06;50;2013-08-22;800;1200;FR0120746542;5065;1196;4,23;19;1215;2e-05;12 mois
2012-09-10;2012-09-13;12;2012-12-06;3600;4000;FR0120746484;10306;3999;2,58;0;3999;-0,00021;3 mois
2012-09-10;2012-09-13;23;2013-02-21;1200;1600;FR0120746518;7958;1594;4,99;0;1594;-8e-05;6 mois
2012-09-10;2012-09-13;49;2013-08-22;1000;1400;FR0120746542;4444;1392;3,19;0;1392;4e-05;12 mois
2012-09-17;2012-09-20;13;2012-12-20;3400;3800;FR0120746492;10521;3798;2,77;0;3798;-0,00012;3 mois
2012-09-17;2012-09-20;22;2013-02-21;900;1300;FR0120746518;7535;1293;5,83;99;1392;-4e-05;6 mois
2012-09-17;2012-09-20;52;2013-09-19;1300;1700;FR0120746559;4532;1694;2,68;54;1748;0,00029;12 mois
2012-09-24;2012-09-27;12;2012-12-20;3400;3800;FR0120746492;10940;3798;2,88;0;3798;-0,00016;3 mois
2012-09-24;2012-09-27;25;2013-03-21;1300;1700;FR0120746526;7415;1698;4,37;22;1720;-6e-05;6 mois
2012-09-24;2012-09-27;51;2013-09-19;900;1300;FR0120746559;3634;1269;2,86;0;1269;6e-05;12 mois
2012-10-01;2012-10-04;24;2013-03-21;1300;1700;FR0120746526;7294;1693;4,31;0;1693;-9e-05;6 mois
2012-10-01;2012-10-04;50;2013-09-19;900;1300;FR0120746559;4665;1295;3,6;0;1295;0,00025;12 mois
2012-10-01;2012-10-04;13;2013-01-03;3600;4000;FR0120989274;13780;3993;3,45;135;4128;-0,00017;3 mois
2012-10-08;2012-10-11;23;2013-03-21;1100;1600;FR0120746526;7805;1595;4,89;0;1595;-0,0001;6 mois
2012-10-08;2012-10-11;49;2013-09-19;1100;1600;FR0120746559;5210;1598;3,26;120;1718;0,00018;12 mois
2012-10-08;2012-10-11;12;2013-01-03;3400;3800;FR0120989274;11620;3796;3,06;0;3796;-0,00018;3 mois
2012-10-15;2012-10-18;22;2013-03-21;800;1200;FR0120746526;5865;1197;4,9;0;1197;-7e-05;6 mois
2012-10-15;2012-10-18;13;2013-01-17;3600;4000;FR0120989282;14355;3996;3,59;65;4061;-0,00023;3 mois
2012-10-15;2012-10-18;52;2013-10-17;1400;1800;FR0120989381;5490;1798;3,05;0;1798;0,00016;12 mois
2012-10-22;2012-10-25;12;2013-01-17;3400;3800;FR0120989282;12085;3795;3,18;178;3973;-0,00027;3 mois
2012-10-22;2012-10-25;25;2013-04-18;1400;1800;FR0120989340;5760;1760;3,27;0;1760;-0,00011;6 mois
2012-10-22;2012-10-25;51;2013-10-17;1000;1400;FR0120989381;4360;1392;3,13;51;1443;0,00022;12 mois
2012-10-29;2012-10-31;13;2013-01-31;3600;4000;FR0120989290;10310;3995;2,58;0;3995;-0,00022;3 mois
2012-10-29;2012-10-31;24;2013-04-18;1200;1600;FR0120989340;5730;1594;3,59;0;1594;-0,00012;6 mois
2012-10-29;2012-10-31;50;2013-10-17;800;1200;FR0120989381;4885;1191;4,1;0;1191;0,00015;12 mois
2012-11-05;2012-11-08;12;2013-01-31;3400;3800;FR0120989290;9470;3792;2,5;0;3792;-0,00014;3 mois
2012-11-05;2012-11-08;23;2013-04-18;1200;1600;FR0120989340;5350;1596;3,35;0;1596;-7e-05;6 mois
2012-11-05;2012-11-08;49;2013-10-17;1000;1400;FR0120989381;4100;1397;2,93;0;1397;0,00019;12 mois
2012-11-12;2012-11-15;13;2013-02-14;3600;4000;FR0120989308;11055;3996;2,77;0;3996;-0,00014;3 mois
2012-11-12;2012-11-15;22;2013-04-18;1100;1500;FR0120989340;4145;1335;3,1;5;1340;-2e-05;6 mois
2012-11-12;2012-11-15;48;2013-10-17;900;1300;FR0120989381;4716;1296;3,64;5;1301;0,00019;12 mois
2012-11-19;2012-11-22;12;2013-02-14;3600;4000;FR0120989308;10370;3997;2,59;0;3997;-0,00016;3 mois
2012-11-19;2012-11-22;21;2013-04-18;1000;1400;FR0120989340;6620;1391;4,76;0;1391;-9e-05;6 mois
2012-11-19;2012-11-22;51;2013-11-14;1200;1600;FR0120989399;6425;1595;4,03;61;1656;0,00026;12 mois
2012-11-26;2012-11-29;13;2013-02-28;3600;4000;FR0120989316;10885;3999;2,72;0;3999;-0,0002;3 mois
2012-11-26;2012-11-29;24;2013-05-16;1200;1600;FR0120989357;5875;1591;3,69;0;1591;-0,0001;6 mois
2012-11-26;2012-11-29;50;2013-11-14;800;1200;FR0120989399;5760;1192;4,83;98;1290;0,00019;12 mois
2012-12-03;2012-12-06;12;2013-02-28;3400;3800;FR0120989316;11335;3796;2,99;0;3796;-0,00022;3 mois
2012-12-03;2012-12-06;23;2013-05-16;1200;1600;FR0120989357;6375;1575;4,05;0;1575;-8e-05;6 mois
2012-12-03;2012-12-06;49;2013-11-14;1000;1400;FR0120989399;5015;1396;3,59;0;1396;0,00016;12 mois
2012-12-10;2012-12-13;13;2013-03-14;3100;3500;FR0120989324;7085;3495;2,03;0;3495;-0,00026;3 mois
2012-12-10;2012-12-13;22;2013-05-16;800;1200;FR0120989357;5180;1196;4,33;0;1196;-0,00015;6 mois
2012-12-10;2012-12-13;48;2013-11-14;900;1300;FR0120989399;5115;1293;3,96;0;1293;-0,00012;12 mois
2012-12-17;2012-12-20;12;2013-03-14;3000;3400;FR0120989324;7775;3395;2,29;0;3395;-0,00015;3 mois
2012-12-17;2012-12-20;21;2013-05-16;800;1200;FR0120989357;5335;1199;4,45;0;1199;-6e-05;6 mois
2012-12-17;2012-12-20;51;2013-12-12;1300;1700;FR0120989407;4245;1694;2,51;0;1694;5e-05;12 mois
2013-01-02;2013-01-04;12;2013-03-28;3400;3800;FR0120989332;9690;3792;2,56;0;3792;-0,00015;3 mois
2013-01-02;2013-01-04;23;2013-06-13;1300;1700;FR0120989365;4780;1697;2,82;0;1697;-3e-05;6 mois
2013-01-02;2013-01-04;49;2013-12-12;1100;1500;FR0120989407;4280;1490;2,87;0;1490;0,00022;12 mois
2013-01-07;2013-01-10;22;2013-06-13;1300;1700;FR0120989365;4870;1702;2,86;0;1702;0;6 mois
2013-01-07;2013-01-10;48;2013-12-12;1100;1500;FR0120989407;4560;1310;3,48;80;1390;0,00035;12 mois
2013-01-07;2013-01-10;13;2013-04-11;3600;4000;FR0121205209;9395;3994;2,35;0;3994;-0,0001;3 mois
2013-01-14;2013-01-17;21;2013-06-13;1200;1600;FR0120989365;4714;1402;3,36;0;1402;0,00017;6 mois
2013-01-14;2013-01-17;12;2013-04-11;3200;3600;FR0121205209;9085;3598;2,53;0;3598;-2e-05;3 mois
2013-01-14;2013-01-17;51;2014-01-09;1600;2000;FR0121205290;5450;2000;2,73;35;2035;0,00057;12 mois
2013-01-21;2013-01-24;20;2013-06-13;1200;1600;FR0120989365;4720;1593;2,96;13;1606;0,00037;6 mois
2013-01-21;2013-01-24;13;2013-04-25;4000;4400;FR0121205217;11835;4394;2,69;436;4830;7e-05;3 mois
2013-01-21;2013-01-24;50;2014-01-09;1200;1600;FR0121205290;4685;1594;2,94;19;1613;0,00089;12 mois
2013-01-28;2013-01-31;23;2013-07-11;1600;2000;FR0120989373;5085;1930;2,63;0;1930;0,00051;6 mois
2013-01-28;2013-01-31;12;2013-04-25;3600;4000;FR0121205217;8745;3995;2,19;0;3995;0,00011;3 mois
2013-01-28;2013-01-31;49;2014-01-09;1100;1500;FR0121205290;3925;1494;2,63;45;1539;0,00186;12 mois
2013-02-04;2013-02-07;22;2013-07-11;1500;1900;FR0120989373;5040;1890;2,67;0;1890;0,00047;6 mois
2013-02-04;2013-02-07;13;2013-05-09;3600;4000;FR0121205225;8405;3995;2,1;0;3995;0,00011;3 mois
2013-02-04;2013-02-07;48;2014-01-09;1100;1500;FR0121205290;5550;1497;3,71;0;1497;0,00162;12 mois
2013-02-11;2013-02-14;21;2013-07-11;1300;1700;FR0120989373;5490;1701;3,23;7;1708;0,00048;6 mois
2013-02-11;2013-02-14;12;2013-05-09;3600;4000;FR0121205225;8705;3995;2,18;0;3995;0,00012;3 mois
2013-02-11;2013-02-14;51;2014-02-06;1500;1900;FR0121205308;6860;1894;3,62;8;1902;0,00145;12 mois
2013-02-18;2013-02-21;13;2013-05-23;3200;3600;FR0121205233;8245;3595;2,29;0;3595;0,00015;3 mois
2013-02-18;2013-02-21;24;2013-08-08;1400;1800;FR0121205266;6575;1798;3,66;0;1798;0,0005;6 mois
2013-02-18;2013-02-21;50;2014-02-06;1400;1800;FR0121205308;4990;1795;2,78;0;1795;0,00131;12 mois
2013-02-25;2013-02-28;12;2013-05-23;3400;3800;FR0121205233;7235;3792;1,91;0;3792;0,00012;3 mois
2013-02-25;2013-02-28;23;2013-08-08;1500;1900;FR0121205266;4692;1897;2,47;141;2038;0,00041;6 mois
2013-02-25;2013-02-28;49;2014-02-06;1400;1800;FR0121205308;6100;1794;3,4;168;1962;0,00121;12 mois
2013-03-04;2013-03-07;13;2013-06-06;3600;4000;FR0121205241;7975;3993;2;0;3993;0,00013;3 mois
2013-03-04;2013-03-07;22;2013-08-08;1400;1700;FR0121205266;6305;1693;3,72;54;1747;0,00031;6 mois
2013-03-04;2013-03-07;48;2014-02-06;1400;1700;FR0121205308;6370;1695;3,76;184;1879;0,00082;12 mois
2013-03-11;2013-03-14;12;2013-06-06;3600;4000;FR0121205241;7220;3999;1,81;0;3999;0,00015;3 mois
2013-03-11;2013-03-14;21;2013-08-08;1400;1800;FR0121205266;4699;1798;2,61;0;1798;0,00029;6 mois
2013-03-11;2013-03-14;51;2014-03-06;1600;2000;FR0121205316;4475;1995;2,24;6;2001;0,00088;12 mois
2013-03-18;2013-03-21;13;2013-06-20;3600;4000;FR0121205258;7530;3998;1,88;11;4009;0,00016;3 mois
2013-03-18;2013-03-21;24;2013-09-05;1600;2000;FR0121205274;5870;1994;2,94;6;2000;0,00036;6 mois
2013-03-18;2013-03-21;50;2014-03-06;1200;1600;FR0121205316;5045;1596;3,16;5;1601;0,00087;12 mois
2013-03-25;2013-03-28;12;2013-06-20;3100;3500;FR0121205258;7650;3450;2,22;50;3500;9e-05;3 mois
2013-03-25;2013-03-28;23;2013-09-05;1100;1500;FR0121205274;3710;1494;2,48;0;1494;0,00032;6 mois
2013-03-25;2013-03-28;49;2014-03-06;1300;1700;FR0121205316;4137;1692;2,45;25;1717;0,00086;12 mois
2013-04-02;2013-04-04;36;2013-12-12;600;1000;FR0120989407;3526;996;3,54;0;996;0,00031;12 mois
2013-04-02;2013-04-04;22;2013-09-05;600;1000;FR0121205274;4255;995;4,28;0;995;0,00026;6 mois
2013-04-02;2013-04-04;13;2013-07-04;3600;4000;FR0121411658;8530;3995;2,14;0;3995;0,00015;3 mois
2013-04-02;2013-04-04;52;2014-04-03;1600;2000;FR0121411740;6115;1996;3,06;201;2197;0,00086;12 mois
2013-04-08;2013-04-11;21;2013-09-05;1100;1500;FR0121205274;4980;1496;3,33;0;1496;0,00029;6 mois
2013-04-08;2013-04-11;12;2013-07-04;3300;3700;FR0121411658;9485;3698;2,56;87;3785;0,00013;3 mois
2013-04-08;2013-04-11;51;2014-04-03;1600;2000;FR0121411740;5255;1999;2,63;0;1999;0,00067;12 mois
2013-04-15;2013-04-18;24;2013-10-03;1600;2000;FR0121205282;6215;1997;3,11;4;2001;0,00027;6 mois
2013-04-15;2013-04-18;13;2013-07-18;3600;4000;FR0121411666;11180;3998;2,8;462;4460;0,00011;3 mois
2013-04-15;2013-04-18;50;2014-04-03;1300;1700;FR0121411740;6215;1697;3,66;12;1709;0,0006;12 mois
2013-04-22;2013-04-25;23;2013-10-03;1600;2000;FR0121205282;6545;1992;3,29;164;2156;0,00024;6 mois
2013-04-22;2013-04-25;12;2013-07-18;3600;4000;FR0121411666;10562;3995;2,64;76;4071;3e-05;3 mois
2013-04-22;2013-04-25;49;2014-04-03;1600;2000;FR0121411740;7485;1995;3,75;217;2212;0,00054;12 mois
2013-04-29;2013-05-02;22;2013-10-03;1600;2000;FR0121205282;7640;1996;3,83;179;2175;8e-05;6 mois
2013-04-29;2013-05-02;13;2013-08-01;3600;4000;FR0121411674;10005;4001;2,5;325;4326;-2e-05;3 mois
2013-04-29;2013-05-02;52;2014-04-30;1600;2000;FR0121411757;5796;1830;3,17;126;1956;0,00029;12 mois
2013-05-06;2013-05-09;12;2013-08-01;3600;4000;FR0121411674;8920;3999;2,23;0;3999;-4e-05;3 mois
2013-05-06;2013-05-09;25;2013-10-31;1800;2200;FR0121411724;5730;2193;2,61;0;2193;1e-05;6 mois
2013-05-06;2013-05-09;51;2014-04-30;1600;2000;FR0121411757;4080;1975;2,07;9;1984;0,00018;12 mois
2013-05-13;2013-05-16;13;2013-08-14;3800;4200;FR0121411682;9910;4195;2,36;0;4195;5e-05;3 mois
2013-05-13;2013-05-16;24;2013-10-31;1600;2000;FR0121411724;6075;1995;3,05;0;1995;0,00014;6 mois
2013-05-13;2013-05-16;50;2014-04-30;1400;1800;FR0121411757;5015;1795;2,79;7;1802;0,00033;12 mois
2013-05-21;2013-05-23;12;2013-08-14;3600;4000;FR0121411682;10445;3996;2,61;57;4053;3e-05;3 mois
2013-05-21;2013-05-23;23;2013-10-31;1300;1700;FR0121411724;4645;1694;2,74;0;1694;0,00012;6 mois
2013-05-21;2013-05-23;49;2014-04-30;1300;1700;FR0121411757;4375;1697;2,58;5;1702;0,00031;12 mois
2013-05-27;2013-05-30;13;2013-08-29;3600;4000;FR0121411690;9305;3999;2,33;0;3999;7e-05;3 mois
2013-05-27;2013-05-30;22;2013-10-31;1400;1800;FR0121411724;4925;1796;2,74;0;1796;0,00024;6 mois
2013-05-27;2013-05-30;52;2014-05-28;1600;2000;FR0121411765;4875;1997;2,44;0;1997;0,00055;12 mois
2013-06-03;2013-06-06;12;2013-08-29;3600;4000;FR0121411690;8475;3950;2,15;0;3950;0,00017;3 mois
2013-06-03;2013-06-06;25;2013-11-28;1600;2000;FR0121411732;4755;1995;2,38;76;2071;0,00042;6 mois
2013-06-03;2013-06-06;51;2014-05-28;1400;1800;FR0121411765;4525;1796;2,52;23;1819;0,00082;12 mois
2013-06-10;2013-06-13;13;2013-09-12;4100;4500;FR0121411708;8830;4499;1,96;0;4499;0,00025;3 mois
2013-06-10;2013-06-13;24;2013-11-28;1200;1600;FR0121411732;4415;1598;2,76;0;1598;0,00048;6 mois
2013-06-10;2013-06-13;50;2014-05-28;1200;1600;FR0121411765;4355;1596;2,73;0;1596;0,00116;12 mois
2013-06-17;2013-06-20;12;2013-09-12;3800;4200;FR0121411708;8635;4197;2,06;60;4257;0,00033;3 mois
2013-06-17;2013-06-20;23;2013-11-28;1300;1700;FR0121411732;4950;1699;2,91;55;1754;0,00058;6 mois
2013-06-17;2013-06-20;49;2014-05-28;1300;1700;FR0121411765;4780;1693;2,82;0;1693;0,00099;12 mois
2013-06-24;2013-06-27;13;2013-09-26;3800;4200;FR0121411716;6250;4192;1,49;293;4485;0,00065;3 mois
2013-06-24;2013-06-27;22;2013-11-28;1200;1600;FR0121411732;3285;1510;2,18;74;1584;0,00095;6 mois
2013-06-24;2013-06-27;52;2014-06-26;1400;1800;FR0121411773;2570;1765;1,46;243;2008;0,00244;12 mois
2013-07-01;2013-07-04;12;2013-09-26;3800;4200;FR0121411716;8100;4196;1,93;0;4196;0,00036;3 mois
2013-07-01;2013-07-04;51;2014-06-26;1400;1800;FR0121411773;4215;1793;2,35;227;2020;0,00171;12 mois
2013-07-01;2013-07-04;25;2013-12-27;1600;2000;FR0121616066;4505;1985;2,27;124;2109;0,00058;6 mois
2013-07-08;2013-07-11;50;2014-06-26;1600;2000;FR0121411773;6815;1996;3,41;189;2185;0,00098;12 mois
2013-07-08;2013-07-11;13;2013-10-10;3800;4200;FR0121615993;10435;4196;2,49;234;4430;0,00018;3 mois
2013-07-08;2013-07-11;24;2013-12-27;1600;2000;FR0121616066;4945;1960;2,52;31;1991;0,00038;6 mois
2013-07-15;2013-07-18;49;2014-06-26;1600;2000;FR0121411773;4475;1995;2,24;58;2053;0,00124;12 mois
2013-07-15;2013-07-18;12;2013-10-10;3800;4200;FR0121615993;9625;3975;2,42;0;3975;0,00027;3 mois
2013-07-15;2013-07-18;23;2013-12-27;1400;1800;FR0121616066;6295;1796;3,51;0;1796;0,00048;6 mois
2013-07-22;2013-07-25;13;2013-10-24;3600;4000;FR0121616009;8025;3991;2,01;0;3991;0,00042;3 mois
2013-07-22;2013-07-25;22;2013-12-27;1300;1700;FR0121616066;4081;1697;2,4;0;1697;0,00067;6 mois
2013-07-22;2013-07-25;52;2014-07-24;1600;2000;FR0121616090;6955;1992;3,49;0;1992;0,00147;12 mois
2013-07-29;2013-08-01;12;2013-10-24;3600;4000;FR0121616009;8525;3990;2,14;0;3990;0,0004;3 mois
2013-07-29;2013-08-01;25;2014-01-23;1600;2000;FR0121616074;5390;1994;2,7;0;1994;0,00066;6 mois
2013-07-29;2013-08-01;51;2014-07-24;1300;1700;FR0121616090;5205;1697;3,07;0;1697;0,00145;12 mois
2013-08-05;2013-08-08;13;2013-11-07;3600;4000;FR0121616017;7875;3993;1,97;45;4038;0,00043;3 mois
2013-08-05;2013-08-08;24;2014-01-23;1500;1900;FR0121616074;4190;1894;2,21;0;1894;0,00072;6 mois
2013-08-05;2013-08-08;50;2014-07-24;1400;1800;FR0121616090;4960;1799;2,76;117;1916;0,00138;12 mois
2013-08-12;2013-08-14;12;2013-11-07;3600;4000;FR0121616017;7760;3993;1,94;0;3993;0,00045;3 mois
2013-08-12;2013-08-14;23;2014-01-23;1600;2000;FR0121616074;4120;1745;2,36;0;1745;0,00079;6 mois
2013-08-12;2013-08-14;49;2014-07-24;1600;2000;FR0121616090;4665;1995;2,34;0;1995;0,00146;12 mois
2013-08-19;2013-08-22;13;2013-11-21;3600;4000;FR0121616025;7505;3995;1,88;0;3995;0,00061;3 mois
2013-08-19;2013-08-22;22;2014-01-23;1200;1600;FR0121616074;3505;1450;2,42;5;1455;0,00091;6 mois
2013-08-19;2013-08-22;48;2014-07-24;1400;1800;FR0121616090;3642;1732;2,1;146;1878;0,00178;12 mois
2013-08-26;2013-08-29;12;2013-11-21;3600;4000;FR0121616025;7970;3998;1,99;0;3998;0,00059;3 mois
2013-08-26;2013-08-29;21;2014-01-23;1200;1600;FR0121616074;3905;1594;2,45;0;1594;0,00092;6 mois
2013-08-26;2013-08-29;51;2014-08-21;1600;2000;FR0121616108;3700;1993;1,86;28;2021;0,00193;12 mois
2013-09-02;2013-09-05;13;2013-12-05;3600;4000;FR0121616033;8800;3996;2,2;0;3996;0,0008;3 mois
2013-09-02;2013-09-05;24;2014-02-20;1500;1900;FR0121616082;4210;1893;2,22;0;1893;0,00106;6 mois
2013-09-02;2013-09-05;50;2014-08-21;1300;1700;FR0121616108;3295;1697;1,94;0;1697;0,00198;12 mois
2013-09-09;2013-09-12;12;2013-12-05;3600;4000;FR0121616033;7570;3994;1,9;156;4150;0,00081;3 mois
2013-09-09;2013-09-12;23;2014-02-20;1300;1700;FR0121616082;4470;1694;2,64;0;1694;0,00114;6 mois
2013-09-09;2013-09-12;49;2014-08-21;1300;1700;FR0121616108;3825;1495;2,56;21;1516;0,00198;12 mois
2013-09-16;2013-09-19;13;2013-12-19;3400;3800;FR0121616041;8490;3798;2,24;253;4051;0,00083;3 mois
2013-09-16;2013-09-19;22;2014-02-20;1200;1600;FR0121616082;5340;1593;3,35;122;1715;0,00122;6 mois
2013-09-16;2013-09-19;52;2014-09-18;1400;1800;FR0121616116;4630;1745;2,65;171;1916;0,00214;12 mois
2013-09-23;2013-09-26;12;2013-12-19;3400;3800;FR0121616041;9502;3796;2,5;324;4120;0,00063;3 mois
2013-09-23;2013-09-26;21;2014-02-20;1300;1700;FR0121616082;5455;1695;3,22;221;1916;0,00101;6 mois
2013-09-23;2013-09-26;51;2014-09-18;1300;1700;FR0121616116;4535;1697;2,67;149;1846;0,00184;12 mois
2013-09-30;2013-10-03;13;2014-01-02;3400;3800;FR0121616058;9660;3796;2,54;37;3833;0,00062;3 mois
2013-09-30;2013-10-03;50;2014-09-18;1100;1500;FR0121616116;4215;1496;2,82;56;1552;0,00177;12 mois
2013-09-30;2013-10-03;24;2014-03-20;1400;1800;FR0121811584;5535;1796;3,08;174;1970;0,00089;6 mois
2013-10-07;2013-10-10;12;2014-01-02;3600;4000;FR0121616058;8260;3997;2,07;0;3997;0,00062;3 mois
2013-10-07;2013-10-10;49;2014-09-18;1200;1600;FR0121616116;6365;1597;3,99;40;1637;0,00173;12 mois
2013-10-07;2013-10-10;23;2014-03-20;1400;1800;FR0121811584;4035;1791;2,25;17;1808;0,00089;6 mois
2013-10-14;2013-10-17;22;2014-03-20;1200;1600;FR0121811584;5240;1597;3,28;0;1597;0,00071;6 mois
2013-10-14;2013-10-17;13;2014-01-16;3400;3800;FR0121811592;9125;3795;2,4;0;3795;0,0005;3 mois
2013-10-14;2013-10-17;52;2014-10-16;1500;1900;FR0121811683;4055;1895;2,14;0;1895;0,00172;12 mois
2013-10-21;2013-10-24;21;2014-03-20;1400;1800;FR0121811584;5085;1660;3,06;0;1660;0,00063;6 mois
2013-10-21;2013-10-24;12;2014-01-16;3400;3800;FR0121811592;8605;3794;2,27;0;3794;0,00042;3 mois
2013-10-21;2013-10-24;51;2014-10-16;1400;1800;FR0121811683;4925;1793;2,75;0;1793;0,00161;12 mois
2013-10-28;2013-10-31;13;2014-01-30;3500;3900;FR0121811600;10090;3895;2,59;211;4106;0,0006;3 mois
2013-10-28;2013-10-31;24;2014-04-17;1400;1800;FR0121811659;4035;1795;2,25;0;1795;0,00092;6 mois
2013-10-28;2013-10-31;50;2014-10-16;1200;1600;FR0121811683;4070;1595;2,55;116;1711;0,00187;12 mois
2013-11-04;2013-11-07;12;2014-01-30;3500;3900;FR0121811600;8059;3896;2,07;0;3896;0,00056;3 mois
2013-11-04;2013-11-07;23;2014-04-17;1300;1700;FR0121811659;4175;1696;2,46;0;1696;0,00077;6 mois
2013-11-04;2013-11-07;49;2014-10-16;1200;1600;FR0121811683;5380;1595;3,37;30;1625;0,00153;12 mois
2013-11-12;2013-11-14;13;2014-02-13;3500;3900;FR0121811618;9925;3896;2,55;0;3896;0,00051;3 mois
2013-11-12;2013-11-14;22;2014-04-17;1200;1600;FR0121811659;4240;1593;2,66;0;1593;0,00078;6 mois
2013-11-12;2013-11-14;48;2014-10-16;900;1300;FR0121811683;4845;1293;3,75;115;1408;0,00133;12 mois
2013-11-18;2013-11-21;12;2014-02-13;3000;3400;FR0121811618;8450;3395;2,49;0;3395;0,00065;3 mois
2013-11-18;2013-11-21;21;2014-04-17;900;1300;FR0121811659;3835;1295;2,96;114;1409;0,00088;6 mois
2013-11-18;2013-11-21;51;2014-11-13;1500;1900;FR0121811691;5155;1895;2,72;164;2059;0,00136;12 mois
2013-11-25;2013-11-28;13;2014-02-27;3000;3400;FR0121811626;7300;3394;2,15;264;3658;0,0009;3 mois
2013-11-25;2013-11-28;24;2014-05-15;1400;1800;FR0121811667;4370;1792;2,44;144;1936;0,00109;6 mois
2013-11-25;2013-11-28;50;2014-11-13;900;1300;FR0121811691;3956;1201;3,29;111;1312;0,00139;12 mois
2013-12-02;2013-12-05;12;2014-02-27;3100;3500;FR0121811626;9130;3498;2,61;86;3584;0,00088;3 mois
2013-12-02;2013-12-05;23;2014-05-15;1100;1500;FR0121811667;4122;1367;3,02;0;1367;0,00112;6 mois
2013-12-02;2013-12-05;49;2014-11-13;1100;1500;FR0121811691;4100;1498;2,74;1;1499;0,00137;12 mois
2013-12-09;2013-12-12;13;2014-03-13;3100;3500;FR0121811634;6580;3496;1,88;0;3496;0,0012;3 mois
2013-12-09;2013-12-12;22;2014-05-15;1100;1500;FR0121811667;4600;1496;3,07;49;1545;0,00158;6 mois
2013-12-09;2013-12-12;48;2014-11-13;1100;1500;FR0121811691;3735;1497;2,49;0;1497;0,00191;12 mois
2013-12-16;2013-12-19;12;2014-03-13;3100;3500;FR0121811634;5090;3490;1,46;0;3490;0,00181;3 mois
2013-12-16;2013-12-19;21;2014-05-15;900;1300;FR0121811667;3335;1010;3,3;35;1045;0,00207;6 mois
2013-12-16;2013-12-19;51;2014-12-11;1300;1700;FR0121811709;3350;1700;1,97;240;1940;0,00265;12 mois
2013-12-23;2013-12-27;13;2014-03-27;2000;2400;FR0121811642;4408;2392;1,84;26;2418;0,00162;3 mois
2013-12-23;2013-12-27;20;2014-05-15;700;1100;FR0121811667;2600;1070;2,43;12;1082;0,00171;6 mois
2013-12-23;2013-12-27;50;2014-12-11;800;1200;FR0121811709;3155;1181;2,67;26;1207;0,00214;12 mois
2014-01-06;2014-01-09;22;2014-06-12;1600;2000;FR0121811675;4530;1997;2,27;0;1997;0,00122;6 mois
2014-01-06;2014-01-09;13;2014-04-10;4100;4500;FR0122005590;7110;4494;1,58;0;4494;0,00081;3 mois
2014-01-06;2014-01-09;52;2015-01-08;1600;2000;FR0122005699;5155;1999;2,58;0;1999;0,00162;12 mois
2014-01-13;2014-01-16;21;2014-06-12;1800;2200;FR0121811675;4605;2197;2,1;0;2197;0,00136;6 mois
2014-01-13;2014-01-16;12;2014-04-10;4100;4500;FR0122005590;7345;4496;1,63;0;4496;0,00105;3 mois
2014-01-13;2014-01-16;51;2015-01-08;1800;2200;FR0122005699;4030;2202;1,83;0;2202;0,00166;12 mois
2014-01-20;2014-01-23;20;2014-06-12;1800;2200;FR0121811675;4720;2195;2,15;200;2395;0,00173;6 mois
2014-01-20;2014-01-23;13;2014-04-24;4100;4500;FR0122005608;7095;4493;1,58;630;5123;0,00173;3 mois
2014-01-20;2014-01-23;50;2015-01-08;1800;2200;FR0122005699;5430;2115;2,57;329;2444;0,00192;12 mois
2014-01-27;2014-01-30;12;2014-04-24;3800;4200;FR0122005608;8701;4198;2,07;84;4282;0,00156;3 mois
2014-01-27;2014-01-30;23;2014-07-10;1700;2100;FR0122005665;5310;2094;2,54;141;2235;0,00176;6 mois
2014-01-27;2014-01-30;49;2015-01-08;1700;2100;FR0122005699;5790;2093;2,77;119;2212;0,0019;12 mois
2014-02-03;2014-02-06;13;2014-05-07;3600;4000;FR0122005616;9305;3994;2,33;57;4051;0,00131;3 mois
2014-02-03;2014-02-06;22;2014-07-10;1500;1900;FR0122005665;6025;1897;3,18;218;2115;0,00136;6 mois
2014-02-03;2014-02-06;52;2015-02-05;1600;2000;FR0122005707;7160;1996;3,59;256;2252;0,0015;12 mois
2014-02-10;2014-02-13;12;2014-05-07;3600;4000;FR0122005616;9540;4000;2,39;90;4090;0,00151;3 mois
2014-02-10;2014-02-13;21;2014-07-10;1500;1900;FR0122005665;5495;1896;2,9;146;2042;0,00157;6 mois
2014-02-10;2014-02-13;51;2015-02-05;1500;1900;FR0122005707;6270;1898;3,3;94;1992;0,00162;12 mois
2014-02-17;2014-02-20;13;2014-05-22;3800;4200;FR0122005624;8680;4196;2,07;492;4688;0,00149;3 mois
2014-02-17;2014-02-20;20;2014-07-10;1600;2000;FR0122005665;6595;1996;3,3;262;2258;0,00151;6 mois
2014-02-17;2014-02-20;50;2015-02-05;1600;2000;FR0122005707;4950;1992;2,48;234;2226;0,00158;12 mois
2014-02-24;2014-02-27;12;2014-05-22;3600;4000;FR0122005624;12461;3998;3,12;508;4506;0,00139;3 mois
2014-02-24;2014-02-27;23;2014-08-07;1600;2000;FR0122005673;6445;1995;3,23;311;2306;0,00153;6 mois
2014-02-24;2014-02-27;49;2015-02-05;1200;1600;FR0122005707;7380;1590;4,64;116;1706;0,00155;12 mois
2014-03-03;2014-03-06;13;2014-06-05;3400;3800;FR0122005632;9560;3802;2,51;355;4157;0,00156;3 mois
2014-03-03;2014-03-06;22;2014-08-07;1300;1700;FR0122005673;6185;1695;3,65;126;1821;0,00156;6 mois
2014-03-03;2014-03-06;52;2015-03-05;1600;2000;FR0122005715;5715;1890;3,02;246;2136;0,00163;12 mois
2014-03-10;2014-03-13;12;2014-06-05;3400;3800;FR0122005632;9125;3791;2,41;428;4219;0,00196;3 mois
2014-03-10;2014-03-13;21;2014-08-07;1400;1800;FR0122005673;5772;1790;3,22;170;1960;0,00203;6 mois
2014-03-10;2014-03-13;51;2015-03-05;1400;1800;FR0122005715;5293;1796;2,95;192;1988;0,00211;12 mois
2014-03-17;2014-03-20;13;2014-06-19;3500;3900;FR0122005640;10335;3895;2,65;202;4097;0,00197;3 mois
2014-03-17;2014-03-20;20;2014-08-07;1200;1600;FR0122005673;6020;1525;3,95;147;1672;0,00197;6 mois
2014-03-17;2014-03-20;50;2015-03-05;1500;1900;FR0122005715;6630;1835;3,61;167;2002;0,002;12 mois
2014-03-24;2014-03-27;12;2014-06-19;3100;3500;FR0122005640;8400;3493;2,4;577;4070;0,00209;3 mois
2014-03-24;2014-03-27;23;2014-09-04;1300;1700;FR0122005681;5760;1695;3,4;285;1980;0,0022;6 mois
2014-03-24;2014-03-27;49;2015-03-05;1100;1500;FR0122005715;5955;1497;3,98;249;1746;0,0023;12 mois
2014-03-31;2014-04-03;13;2014-07-03;3200;3600;FR0122005657;9805;3596;2,73;184;3780;0,00189;3 mois
2014-03-31;2014-04-03;22;2014-09-04;1200;1600;FR0122005681;5395;1591;3,39;44;1635;0,00195;6 mois
2014-03-31;2014-04-03;52;2015-04-02;1400;1800;FR0122005723;5820;1800;3,23;148;1948;0,00203;12 mois
2014-04-07;2014-04-10;12;2014-07-03;3200;3600;FR0122005657;9895;3596;2,75;452;4048;0,00189;3 mois
2014-04-07;2014-04-10;21;2014-09-04;1300;1700;FR0122005681;5465;1693;3,23;233;1926;0,00195;6 mois
2014-04-07;2014-04-10;51;2015-04-02;1500;1900;FR0122005723;7470;1897;3,94;288;2185;0,00196;12 mois
2014-04-14;2014-04-17;20;2014-09-04;1400;1800;FR0122005681;5390;1795;3;89;1884;0,0019;6 mois
2014-04-14;2014-04-17;50;2015-04-02;1500;1900;FR0122005723;6225;1899;3,28;177;2076;0,00188;12 mois
2014-04-14;2014-04-17;13;2014-07-17;3500;3900;FR0122208145;7968;3896;2,05;79;3975;0,0019;3 mois
2014-04-22;2014-04-24;49;2015-04-02;1500;1900;FR0122005723;5330;1896;2,81;0;1896;0,00192;12 mois
2014-04-22;2014-04-24;12;2014-07-17;3600;4000;FR0122208145;9270;3994;2,32;46;4040;0,00189;3 mois
2014-04-22;2014-04-24;23;2014-10-02;1500;1900;FR0122208228;6975;1896;3,68;12;1908;0,0019;6 mois
2014-04-28;2014-04-30;13;2014-07-31;3600;4000;FR0122208160;8500;3996;2,13;360;4356;0,00201;3 mois
2014-04-28;2014-04-30;22;2014-10-02;1400;1800;FR0122208228;6640;1790;3,71;272;2062;0,00205;6 mois
2014-04-28;2014-04-30;52;2015-04-30;1500;1900;FR0122208251;6205;1897;3,27;299;2196;0,00211;12 mois
2014-05-05;2014-05-07;12;2014-07-31;3400;3800;FR0122208160;9550;3798;2,51;431;4229;0,00189;3 mois
2014-05-05;2014-05-07;21;2014-10-02;1500;1900;FR0122208228;5860;1897;3,09;94;1991;0,0019;6 mois
2014-05-05;2014-05-07;51;2015-04-30;1500;1900;FR0122208251;7870;1893;4,16;118;2011;0,00189;12 mois
2014-05-12;2014-05-15;13;2014-08-14;3600;4000;FR0122208186;8420;3993;2,11;708;4701;0,0018;3 mois
2014-05-12;2014-05-15;20;2014-10-02;1500;1900;FR0122208228;5755;1894;3,04;354;2248;0,00177;6 mois
2014-05-12;2014-05-15;50;2015-04-30;1500;1900;FR0122208251;6510;1900;3,43;349;2249;0,00177;12 mois
2014-05-19;2014-05-22;12;2014-08-14;3600;4000;FR0122208186;11830;3997;2,96;392;4389;0,0012;3 mois
2014-05-19;2014-05-22;23;2014-10-30;1700;2100;FR0122208236;7985;2093;3,82;182;2275;0,00122;6 mois
2014-05-19;2014-05-22;49;2015-04-30;1500;1900;FR0122208251;7455;1896;3,93;131;2027;0,00125;12 mois
2014-05-26;2014-05-28;13;2014-08-28;3600;4000;FR0122208194;10075;3997;2,52;0;3997;0,00111;3 mois
2014-05-26;2014-05-28;22;2014-10-30;1500;1900;FR0122208236;6700;1896;3,53;95;1991;0,00105;6 mois
2014-05-26;2014-05-28;52;2015-05-28;1500;1900;FR0122208269;6085;1895;3,21;119;2014;0,00107;12 mois
2014-06-02;2014-06-05;12;2014-08-28;3600;4000;FR0122208194;8957;3990;2,24;45;4035;0,00116;3 mois
2014-06-02;2014-06-05;21;2014-10-30;1500;1900;FR0122208236;6110;1889;3,23;82;1971;0,00107;6 mois
2014-06-02;2014-06-05;51;2015-05-28;1400;1800;FR0122208269;7250;1799;4,03;145;1944;0,00108;12 mois
2014-06-10;2014-06-12;13;2014-09-11;3600;4000;FR0122208202;9710;3996;2,43;525;4521;0,00081;3 mois
2014-06-10;2014-06-12;20;2014-10-30;1400;1800;FR0122208236;5835;1796;3,25;284;2080;0,00079;6 mois
2014-06-10;2014-06-12;50;2015-05-28;1300;1700;FR0122208269;5765;1696;3,4;239;1935;0,00081;12 mois
2014-06-16;2014-06-19;12;2014-09-11;3600;4000;FR0122208202;12135;3994;3,04;0;3994;1e-05;3 mois
2014-06-16;2014-06-19;23;2014-11-27;1400;1800;FR0122208244;8785;1798;4,89;0;1798;3e-05;6 mois
2014-06-16;2014-06-19;49;2015-05-28;1100;1500;FR0122208269;7385;1492;4,95;28;1520;0,00025;12 mois
2014-06-23;2014-06-26;13;2014-09-25;3700;4100;FR0122208210;9325;4093;2,28;64;4157;0,0002;3 mois
2014-06-23;2014-06-26;22;2014-11-27;1300;1700;FR0122208244;5920;1695;3,49;11;1706;0,00027;6 mois
2014-06-23;2014-06-26;52;2015-06-25;1300;1700;FR0122208277;5350;1699;3,15;111;1810;0,0004;12 mois
2014-06-30;2014-07-03;12;2014-09-25;3500;3900;FR0122208210;6805;3893;1,75;504;4397;0,00018;3 mois
2014-06-30;2014-07-03;21;2014-11-27;1200;1600;FR0122208244;4525;1595;2,84;182;1777;0,0002;6 mois
2014-06-30;2014-07-03;51;2015-06-25;1300;1700;FR0122208277;4300;1691;2,54;258;1949;0,0004;12 mois
2014-07-07;2014-07-10;20;2014-11-27;1500;1900;FR0122208244;5710;1893;3,02;146;2039;0,00021;6 mois
2014-07-07;2014-07-10;50;2015-06-25;1300;1700;FR0122208277;5645;1691;3,34;247;1938;0,00029;12 mois
2014-07-07;2014-07-10;13;2014-10-09;3600;4000;FR0122410931;10925;3991;2,74;359;4350;0,00016;3 mois
2014-07-15;2014-07-17;49;2015-06-25;1300;1700;FR0122208277;5183;1688;3,07;194;1882;0,00029;12 mois
2014-07-15;2014-07-17;12;2014-10-09;3600;4000;FR0122410931;12300;3991;3,08;566;4557;0,00013;3 mois
2014-07-15;2014-07-17;23;2014-12-24;1600;2000;FR0122410949;7335;1994;3,68;208;2202;0,00013;6 mois
2014-07-21;2014-07-24;22;2014-12-24;1400;1800;FR0122410949;7180;1795;4;116;1911;0,00016;6 mois
2014-07-21;2014-07-24;13;2014-10-23;3600;4000;FR0122410956;13610;3993;3,41;392;4385;0,00013;3 mois
2014-07-21;2014-07-24;52;2015-07-23;1400;1800;FR0122410964;7305;1794;4,07;41;1835;0,00022;12 mois
2014-07-28;2014-07-31;21;2014-12-24;1500;1900;FR0122410949;5280;1894;2,79;25;1919;0,00017;6 mois
2014-07-28;2014-07-31;12;2014-10-23;3600;4000;FR0122410956;11560;3994;2,89;426;4420;0,00012;3 mois
2014-07-28;2014-07-31;51;2015-07-23;1400;1800;FR0122410964;5335;1795;2,97;23;1818;0,00022;12 mois
2014-08-04;2014-08-07;20;2014-12-24;1400;1800;FR0122410949;4710;1792;2,63;98;1890;0,00021;6 mois
2014-08-04;2014-08-07;50;2015-07-23;1300;1700;FR0122410964;5275;1691;3,12;124;1815;0,00024;12 mois
2014-08-04;2014-08-07;13;2014-11-06;3800;4200;FR0122410972;13510;4190;3,22;399;4589;0,00012;3 mois
2014-08-11;2014-08-14;49;2015-07-23;1200;1600;FR0122410964;7635;1597;4,78;189;1786;0,00018;12 mois
2014-08-11;2014-08-14;12;2014-11-06;3800;4200;FR0122410972;15220;4196;3,63;152;4348;2e-05;3 mois
2014-08-11;2014-08-14;23;2015-01-22;1600;2000;FR0122410980;10260;1992;5,15;309;2301;0,00014;6 mois
2014-08-18;2014-08-21;22;2015-01-22;1600;2000;FR0122410980;6290;1989;3,16;0;1989;2e-05;6 mois
2014-08-18;2014-08-21;13;2014-11-20;3700;4100;FR0122410998;11250;4095;2,75;93;4188;1e-05;3 mois
2014-08-18;2014-08-21;52;2015-08-20;1500;1900;FR0122411004;6635;1892;3,51;241;2133;0,00019;12 mois
2014-08-25;2014-08-28;21;2015-01-22;1600;2000;FR0122410980;4585;1989;2,31;0;1989;-4e-05;6 mois
2014-08-25;2014-08-28;12;2014-11-20;3600;4000;FR0122410998;8080;3993;2,02;0;3993;-4e-05;3 mois
2014-08-25;2014-08-28;51;2015-08-20;1600;2000;FR0122411004;5100;1996;2,56;0;1996;-4e-05;12 mois
2014-09-01;2014-09-04;20;2015-01-22;1700;2100;FR0122410980;8880;2093;4,24;0;2093;-3e-05;6 mois
2014-09-01;2014-09-04;50;2015-08-20;1700;2100;FR0122411004;7370;2095;3,52;100;2195;-2e-05;12 mois
2014-09-01;2014-09-04;13;2014-12-03;3600;4000;FR0122599329;12075;3991;3,03;0;3991;-4e-05;3 mois
2014-09-08;2014-09-11;49;2015-08-20;1500;1900;FR0122411004;7410;1893;3,91;93;1986;-0,00057;12 mois
2014-09-08;2014-09-11;12;2014-12-03;3500;3900;FR0122599329;10335;3896;2,65;332;4228;-0,00054;3 mois
2014-09-08;2014-09-11;23;2015-02-18;1500;1900;FR0122599345;8300;1896;4,38;75;1971;-0,00055;6 mois
2014-09-15;2014-09-18;13;2014-12-17;3800;4200;FR0122599337;14475;4196;3,45;0;4196;-0,00051;3 mois
2014-09-15;2014-09-18;22;2015-02-18;1400;1800;FR0122599345;8360;1794;4,66;0;1794;-0,00048;6 mois
2014-09-15;2014-09-18;52;2015-09-16;1600;2000;FR0122599352;7975;1996;4;0;1996;-0,00047;12 mois
2014-09-22;2014-09-25;12;2014-12-17;3600;4000;FR0122599337;13570;3991;3,4;204;4195;-0,00036;3 mois
2014-09-22;2014-09-25;21;2015-02-18;1300;1700;FR0122599345;6975;1693;4,12;59;1752;-0,00035;6 mois
2014-09-22;2014-09-25;51;2015-09-16;1300;1700;FR0122599352;7010;1691;4,15;0;1691;-0,00034;12 mois
2014-09-29;2014-10-02;13;2014-12-31;3600;4000;FR0122411053;8975;3994;2,25;91;4085;-0,00028;3 mois
2014-09-29;2014-10-02;20;2015-02-18;1200;1600;FR0122599345;6140;1596;3,85;131;1727;-0,00032;6 mois
2014-09-29;2014-10-02;50;2015-09-16;1200;1600;FR0122599352;5650;1598;3,54;139;1737;-0,00032;12 mois
2014-10-06;2014-10-08;12;2014-12-31;3600;4000;FR0122411053;13050;3998;3,26;0;3998;-0,00028;3 mois
2014-10-06;2014-10-08;49;2015-09-16;1400;1800;FR0122599352;5550;1794;3,09;0;1794;-0,00034;12 mois
2014-10-06;2014-10-08;23;2015-03-18;1600;2000;FR0122599428;7750;1990;3,89;30;2020;-0,00033;6 mois
2014-10-13;2014-10-15;13;2015-01-14;3600;4000;FR0122599360;12830;3992;3,21;626;4618;-0,00038;3 mois
2014-10-13;2014-10-15;22;2015-03-18;1500;1900;FR0122599428;6530;1898;3,44;154;2052;-0,0003;6 mois
2014-10-13;2014-10-15;52;2015-10-14;1500;1900;FR0122599469;5475;1899;2,88;0;1899;-0,0003;12 mois
2014-10-20;2014-10-22;5;2014-11-27;100;500;FR0122208244;2800;250;11,2;0;250;-0,00069;3 mois
2014-10-20;2014-10-22;12;2015-01-14;3600;4000;FR0122599360;8675;3991;2,17;0;3991;-0,00049;3 mois
2014-10-20;2014-10-22;21;2015-03-18;1300;1700;FR0122599428;6585;1692;3,89;78;1770;-0,00031;6 mois
2014-10-20;2014-10-22;51;2015-10-14;1100;1500;FR0122599469;5515;1491;3,7;15;1506;-0,00026;12 mois
2014-10-27;2014-10-29;13;2015-01-28;3600;4000;FR0122599378;9700;3992;2,43;0;3992;-0,00022;3 mois
2014-10-27;2014-10-29;20;2015-03-18;1200;1600;FR0122599428;5705;1595;3,58;0;1595;-0,00024;6 mois
2014-10-27;2014-10-29;50;2015-10-14;1200;1600;FR0122599469;4325;1594;2,71;0;1594;-0,00013;12 mois
2014-11-03;2014-11-05;12;2015-01-28;3500;3900;FR0122599378;9650;3896;2,48;0;3896;-0,00015;3 mois
2014-11-03;2014-11-05;23;2015-04-15;1300;1700;FR0122599436;5130;1695;3,03;0;1695;-0,00014;6 mois
2014-11-03;2014-11-05;49;2015-10-14;1200;1600;FR0122599469;6045;1593;3,79;0;1593;-8e-05;12 mois
2014-11-10;2014-11-13;13;2015-02-11;3600;4000;FR0122599386;10300;3996;2,58;186;4182;-0,00014;3 mois
2014-11-10;2014-11-13;22;2015-04-15;1200;1600;FR0122599436;6320;1592;3,97;76;1668;-0,00012;6 mois
2014-11-10;2014-11-13;52;2015-11-11;1200;1600;FR0122599477;6775;1591;4,26;85;1676;-7e-05;12 mois
2014-11-17;2014-11-19;12;2015-02-11;3600;4000;FR0122599386;12650;3996;3,17;312;4308;-0,00015;3 mois
2014-11-17;2014-11-19;21;2015-04-15;1200;1600;FR0122599436;6340;1591;3,98;57;1648;-0,0001;6 mois
2014-11-17;2014-11-19;51;2015-11-11;1200;1600;FR0122599477;6620;1596;4,15;43;1639;-0,0001;12 mois
2014-11-24;2014-11-26;13;2015-02-25;3600;4000;FR0122599394;12610;3990;3,16;401;4391;-0,00017;3 mois
2014-11-24;2014-11-26;20;2015-04-15;1400;1800;FR0122599436;6150;1793;3,43;162;1955;-0,00011;6 mois
2014-11-24;2014-11-26;50;2015-11-11;1300;1700;FR0122599477;7465;1694;4,41;67;1761;-9e-05;12 mois
2014-12-01;2014-12-03;12;2015-02-25;3600;4000;FR0122599394;11800;3990;2,96;0;3990;-0,00017;3 mois
2014-12-01;2014-12-03;23;2015-05-13;1500;1900;FR0122599444;6435;1890;3,4;13;1903;-0,00015;6 mois
2014-12-01;2014-12-03;49;2015-11-11;1100;1500;FR0122599477;6600;1497;4,41;0;1497;-7e-05;12 mois
2014-12-08;2014-12-10;13;2015-03-11;3600;4000;FR0122599402;11250;3993;2,82;0;3993;-0,00013;3 mois
2014-12-08;2014-12-10;22;2015-05-13;1100;1500;FR0122599444;5065;1493;3,39;47;1540;-9e-05;6 mois
2014-12-08;2014-12-10;52;2015-12-09;1300;1700;FR0122599485;6910;1692;4,08;310;2002;-6e-05;12 mois
2014-12-15;2014-12-17;12;2015-03-11;3400;3800;FR0122599402;10970;3794;2,89;161;3955;-7e-05;3 mois
2014-12-15;2014-12-17;21;2015-05-13;1000;1400;FR0122599444;5675;1394;4,07;60;1454;-7e-05;6 mois
2014-12-15;2014-12-17;51;2015-12-09;1200;1600;FR0122599485;5675;1550;3,66;200;1750;-5e-05;12 mois
2014-12-22;2014-12-24;20;2015-05-13;1200;1600;FR0122599444;4990;1595;3,13;79;1674;-0,00035;6 mois
2014-12-22;2014-12-24;50;2015-12-09;1000;1400;FR0122599485;3675;1170;3,14;25;1195;-0,00028;12 mois
2015-01-05;2015-01-07;22;2015-06-10;1500;1900;FR0122599451;5475;1894;2,89;348;2242;-0,00043;6 mois
2015-01-05;2015-01-07;48;2015-12-09;1100;1500;FR0122599485;5505;1493;3,69;258;1751;-0,00049;12 mois
2015-01-05;2015-01-07;13;2015-04-09;3600;4000;FR0122775358;10450;3999;2,61;695;4694;-0,00048;3 mois
2015-01-12;2015-01-14;21;2015-06-10;1200;1600;FR0122599451;6689;1594;4,2;237;1831;-0,00101;6 mois
2015-01-12;2015-01-14;12;2015-04-09;2600;3000;FR0122775358;10950;2991;3,66;498;3489;-0,00107;3 mois
2015-01-12;2015-01-14;51;2016-01-06;1600;2000;FR0122775457;6300;1995;3,16;241;2236;-0,00097;12 mois
2015-01-19;2015-01-21;20;2015-06-10;1200;1600;FR0122599451;7378;1594;4,63;169;1763;-0,00148;6 mois
2015-01-19;2015-01-21;13;2015-04-22;3200;3600;FR0122775366;12950;3594;3,6;380;3974;-0,0015;3 mois
2015-01-19;2015-01-21;50;2016-01-06;1200;1600;FR0122775457;4845;1593;3,04;70;1663;-0,00141;12 mois
2015-01-26;2015-01-28;19;2015-06-10;1500;1900;FR0122599451;4570;1693;2,7;0;1693;-0,0012;6 mois
2015-01-26;2015-01-28;12;2015-04-22;3200;3600;FR0122775366;7380;3593;2,05;0;3593;-0,00122;3 mois
2015-01-26;2015-01-28;49;2016-01-06;1500;1900;FR0122775457;5020;1898;2,64;0;1898;-0,0012;12 mois
2015-02-02;2015-02-04;13;2015-05-06;3100;3500;FR0122775374;8095;3489;2,32;0;3489;-0,00103;3 mois
2015-02-02;2015-02-04;22;2015-07-08;1200;1600;FR0122775424;4885;1594;3,06;64;1658;-0,00104;6 mois
2015-02-02;2015-02-04;48;2016-01-06;1100;1500;FR0122775457;6265;1496;4,19;123;1619;-0,00111;12 mois
2015-02-09;2015-02-11;12;2015-05-06;3100;3500;FR0122775374;11725;3492;3,36;369;3861;-0,00108;3 mois
2015-02-09;2015-02-11;21;2015-07-08;1100;1500;FR0122775424;5630;1355;4,15;71;1426;-0,00111;6 mois
2015-02-09;2015-02-11;51;2016-02-03;1600;2000;FR0122775465;6360;1993;3,19;117;2110;-0,00117;12 mois
2015-02-16;2015-02-18;13;2015-05-20;3600;4000;FR0122775382;10290;3993;2,58;50;4043;-0,00117;3 mois
2015-02-16;2015-02-18;20;2015-07-08;1100;1500;FR0122775424;5045;1492;3,38;41;1533;-0,00116;6 mois
2015-02-16;2015-02-18;50;2016-02-03;1100;1500;FR0122775465;5665;1300;4,36;44;1344;-0,00121;12 mois
2015-02-23;2015-02-25;12;2015-05-20;3200;3600;FR0122775382;7185;3591;2;36;3627;-0,00102;3 mois
2015-02-23;2015-02-25;19;2015-07-08;1100;1500;FR0122775424;4865;1493;3,26;0;1493;-0,00109;6 mois
2015-02-23;2015-02-25;49;2016-02-03;1600;2000;FR0122775465;5045;1994;2,53;0;1994;-0,00119;12 mois
2015-03-02;2015-03-04;13;2015-06-03;3200;3600;FR0122775390;11325;3599;3,15;390;3989;-0,00121;3 mois
2015-03-02;2015-03-04;22;2015-08-05;1600;2000;FR0122775432;5600;1915;2,92;179;2094;-0,00121;6 mois
2015-03-02;2015-03-04;48;2016-02-03;1500;1900;FR0122775465;6080;1894;3,21;99;1993;-0,00133;12 mois
2015-03-09;2015-03-11;12;2015-06-03;3200;3600;FR0122775390;11750;3584;3,28;588;4172;-0,00131;3 mois
2015-03-09;2015-03-11;21;2015-08-05;1000;1400;FR0122775432;6495;1395;4,66;199;1594;-0,00131;6 mois
2015-03-09;2015-03-11;51;2016-03-02;1500;1900;FR0122775473;6129;1809;3,39;276;2085;-0,0014;12 mois
2015-03-16;2015-03-18;13;2015-06-17;3200;3600;FR0122775408;9710;3597;2,7;282;3879;-0,00167;3 mois
2015-03-16;2015-03-18;20;2015-08-05;1200;1600;FR0122775432;5519;1594;3,46;0;1594;-0,00168;6 mois
2015-03-16;2015-03-18;50;2016-03-02;1300;1700;FR0122775473;4461;1493;2,99;0;1493;-0,00159;12 mois
2015-03-23;2015-03-25;12;2015-06-17;3900;4300;FR0122775408;8340;4095;2,04;0;4095;-0,00184;3 mois
2015-03-23;2015-03-25;19;2015-08-05;900;1300;FR0122775432;5060;1210;4,18;0;1210;-0,00182;6 mois
2015-03-23;2015-03-25;49;2016-03-02;800;1200;FR0122775473;5275;1160;4,55;0;1160;-0,00166;12 mois
2015-03-30;2015-04-01;13;2015-07-01;3300;3700;FR0122775416;6850;3697;1,85;413;4110;-0,00154;3 mois
2015-03-30;2015-04-01;18;2015-08-05;900;1300;FR0122775432;3735;1290;2,9;125;1415;-0,00153;6 mois
2015-03-30;2015-04-01;48;2016-03-02;1200;1600;FR0122775473;4904;1314;3,73;164;1478;-0,0016;12 mois
2015-04-07;2015-04-09;12;2015-07-01;3000;3400;FR0122775416;9735;3196;3,05;487;3683;-0,00175;3 mois
2015-04-07;2015-04-09;25;2015-09-30;1200;1600;FR0122945902;6350;1595;3,98;351;1946;-0,00174;6 mois
2015-04-07;2015-04-09;51;2016-03-31;1200;1600;FR0122945936;5720;1599;3,58;337;1936;-0,00172;12 mois
2015-04-13;2015-04-15;13;2015-07-15;3000;3400;FR0122945845;11795;3395;3,47;125;3520;-0,00189;3 mois
2015-04-13;2015-04-15;24;2015-09-30;1200;1600;FR0122945902;6020;1275;4,72;60;1335;-0,00196;6 mois
2015-04-13;2015-04-15;50;2016-03-31;1000;1400;FR0122945936;5600;1395;4,01;141;1536;-0,00196;12 mois
2015-04-20;2015-04-22;12;2015-07-15;2600;3000;FR0122945845;10854;2693;4,03;0;2693;-0,00188;3 mois
2015-04-20;2015-04-22;23;2015-09-30;1200;1600;FR0122945902;5660;1594;3,55;25;1619;-0,00187;6 mois
2015-04-20;2015-04-22;49;2016-03-31;1200;1600;FR0122945936;5244;1505;3,48;0;1505;-0,0019;12 mois
2015-04-27;2015-04-29;13;2015-07-29;2700;3100;FR0122945852;11375;3094;3,68;21;3115;-0,00189;3 mois
2015-04-27;2015-04-29;22;2015-09-30;1100;1500;FR0122945902;6647;1491;4,46;143;1634;-0,00189;6 mois
2015-04-27;2015-04-29;48;2016-03-31;1200;1600;FR0122945936;6454;1595;4,05;152;1747;-0,0019;12 mois
2015-05-04;2015-05-06;12;2015-07-29;2800;3200;FR0122945852;9735;2994;3,25;99;3093;-0,00186;3 mois
2015-05-04;2015-05-06;21;2015-09-30;1200;1600;FR0122945902;4700;1594;2,95;39;1633;-0,00181;6 mois
2015-05-04;2015-05-06;51;2016-04-27;1300;1700;FR0122945944;4595;1695;2,71;49;1744;-0,00181;12 mois
2015-05-11;2015-05-13;13;2015-08-12;2600;3000;FR0122945860;10925;2625;4,16;49;2674;-0,0018;3 mois
2015-05-11;2015-05-13;24;2015-10-28;1300;1700;FR0122945910;5935;1694;3,5;0;1694;-0,00177;6 mois
2015-05-11;2015-05-13;50;2016-04-27;1100;1500;FR0122945944;4990;1265;3,94;0;1265;-0,00176;12 mois
2015-05-18;2015-05-20;12;2015-08-12;2600;3000;FR0122945860;11300;2990;3,78;454;3444;-0,00181;3 mois
2015-05-18;2015-05-20;23;2015-10-28;1200;1600;FR0122945910;6485;1597;4,06;205;1802;-0,00175;6 mois
2015-05-18;2015-05-20;49;2016-04-27;1000;1400;FR0122945944;5460;1389;3,93;112;1501;-0,00175;12 mois
2015-05-26;2015-05-28;13;2015-08-26;3000;3400;FR0122945878;11340;3092;3,67;90;3182;-0,00193;3 mois
2015-05-26;2015-05-28;22;2015-10-28;1200;1600;FR0122945910;5525;1598;3,46;100;1698;-0,00189;6 mois
2015-05-26;2015-05-28;48;2016-04-27;1000;1400;FR0122945944;5040;1275;3,95;91;1366;-0,00186;12 mois
2015-06-01;2015-06-03;12;2015-08-26;2800;3200;FR0122945878;11133;2992;3,72;0;2992;-0,00197;3 mois
2015-06-01;2015-06-03;21;2015-10-28;1100;1500;FR0122945910;5466;1494;3,66;0;1494;-0,00192;6 mois
2015-06-01;2015-06-03;51;2016-05-25;1100;1500;FR0122945951;6133;1145;5,36;0;1145;-0,0019;12 mois
2015-06-08;2015-06-10;13;2015-09-09;3400;3800;FR0122945886;11168;3794;2,94;0;3794;-0,00192;3 mois
2015-06-08;2015-06-10;20;2015-10-28;1000;1400;FR0122945910;3715;1393;2,67;0;1393;-0,00182;6 mois
2015-06-08;2015-06-10;50;2016-05-25;1200;1600;FR0122945951;4315;1590;2,71;0;1590;-0,00179;12 mois
2015-06-15;2015-06-17;12;2015-09-09;3200;3600;FR0122945886;7710;3593;2,15;0;3593;-0,00185;3 mois
2015-06-15;2015-06-17;23;2015-11-25;1400;1800;FR0122945928;3800;1794;2,12;0;1794;-0,0018;6 mois
2015-06-15;2015-06-17;49;2016-05-25;1000;1400;FR0122945951;3455;1225;2,82;0;1225;-0,00171;12 mois
2015-06-22;2015-06-24;13;2015-09-23;3600;4000;FR0122945894;9400;3994;2,35;406;4400;-0,00183;3 mois
2015-06-22;2015-06-24;22;2015-11-25;1000;1400;FR0122945928;3675;1300;2,83;26;1326;-0,00171;6 mois
2015-06-22;2015-06-24;48;2016-05-25;800;1200;FR0122945951;3485;935;3,73;0;935;-0,00161;12 mois
2015-06-29;2015-07-01;12;2015-09-23;3500;3900;FR0122945894;7905;3897;2,03;0;3897;-0,00193;3 mois
2015-06-29;2015-07-01;21;2015-11-25;700;1100;FR0122945928;3935;1094;3,6;0;1094;-0,00184;6 mois
2015-06-29;2015-07-01;51;2016-06-22;1000;1400;FR0122945969;3275;1325;2,47;0;1325;-0,00168;12 mois
2015-07-06;2015-07-08;20;2015-11-25;1000;1400;FR0122945928;2845;1245;2,29;43;1288;-0,00184;6 mois
2015-07-06;2015-07-08;50;2016-06-22;1000;1400;FR0122945969;3360;1399;2,4;150;1549;-0,00177;12 mois
2015-07-06;2015-07-08;13;2015-10-07;3600;4000;FR0123120075;9950;3991;2,49;194;4185;-0,00195;3 mois
2015-07-13;2015-07-15;49;2016-06-22;1100;1500;FR0122945969;3815;1497;2,55;80;1577;-0,00175;12 mois
2015-07-13;2015-07-15;12;2015-10-07;3600;4000;FR0123120075;9540;3992;2,39;197;4189;-0,00201;3 mois
2015-07-13;2015-07-15;23;2015-12-23;1100;1500;FR0123120141;3995;1492;2,68;40;1532;-0,00188;6 mois
2015-07-20;2015-07-22;48;2016-06-22;1000;1400;FR0122945969;5535;1050;5,27;38;1088;-0,0019;12 mois
2015-07-20;2015-07-22;13;2015-10-21;4000;4400;FR0123120083;8975;4396;2,04;0;4396;-0,00211;3 mois
2015-07-20;2015-07-22;22;2015-12-23;1200;1600;FR0123120141;5330;1594;3,34;70;1664;-0,00207;6 mois
2015-07-27;2015-07-29;47;2016-06-22;1100;1500;FR0122945969;4495;1150;3,91;76;1226;-0,0019;12 mois
2015-07-27;2015-07-29;12;2015-10-21;3600;4000;FR0123120083;9260;3791;2,44;0;3791;-0,00198;3 mois
2015-07-27;2015-07-29;21;2015-12-23;1200;1600;FR0123120141;4345;1591;2,73;0;1591;-0,00196;6 mois
2015-08-03;2015-08-05;13;2015-11-04;3500;3900;FR0123120091;9420;3894;2,42;129;4023;-0,00203;3 mois
2015-08-03;2015-08-05;20;2015-12-23;1000;1400;FR0123120141;4575;1394;3,28;15;1409;-0,00201;6 mois
2015-08-03;2015-08-05;50;2016-07-20;1100;1500;FR0123120174;5175;1494;3,46;57;1551;-0,00202;12 mois
2015-08-10;2015-08-12;12;2015-11-04;3400;3800;FR0123120091;9730;3793;2,57;0;3793;-0,00203;3 mois
2015-08-10;2015-08-12;23;2016-01-20;1300;1700;FR0123120158;4210;1692;2,49;0;1692;-0,00201;6 mois
2015-08-10;2015-08-12;49;2016-07-20;1200;1600;FR0123120174;4145;1593;2,6;0;1593;-0,00201;12 mois
2015-08-17;2015-08-19;13;2015-11-18;3500;3900;FR0123120109;11250;3887;2,89;0;3887;-0,00208;3 mois
2015-08-17;2015-08-19;22;2016-01-20;1000;1400;FR0123120158;4890;1197;4,09;25;1222;-0,00201;6 mois
2015-08-17;2015-08-19;48;2016-07-20;1100;1500;FR0123120174;4625;1296;3,57;0;1296;-0,002;12 mois
2015-08-24;2015-08-26;43;2016-06-22;100;500;FR0122945969;1933;497;3,89;0;497;-0,00215;12 mois
2015-08-24;2015-08-26;12;2015-11-18;3800;4200;FR0123120109;8140;4197;1,94;0;4197;-0,00218;3 mois
2015-08-24;2015-08-26;21;2016-01-20;1000;1400;FR0123120158;4805;1093;4,4;46;1139;-0,00211;6 mois
2015-08-24;2015-08-26;47;2016-07-20;500;900;FR0123120174;3525;892;3,95;0;892;-0,00201;12 mois
2015-08-31;2015-09-02;13;2015-12-02;3400;3800;FR0123120117;7450;3400;2,19;0;3400;-0,00207;3 mois
2015-08-31;2015-09-02;20;2016-01-20;1200;1600;FR0123120158;3855;1597;2,41;0;1597;-0,00207;6 mois
2015-08-31;2015-09-02;50;2016-08-18;1100;1500;FR0123120182;2855;1292;2,21;0;1292;-0,00194;12 mois
2015-09-07;2015-09-09;12;2015-12-02;3600;4000;FR0123120117;8175;3693;2,21;0;3693;-0,00205;3 mois
2015-09-07;2015-09-09;23;2016-02-17;1200;1600;FR0123120166;4600;1494;3,08;44;1538;-0,00194;6 mois
2015-09-07;2015-09-09;49;2016-08-18;900;1300;FR0123120182;4085;995;4,11;30;1025;-0,00187;12 mois
2015-09-14;2015-09-16;13;2015-12-16;3300;3700;FR0123120125;8900;3317;2,68;0;3317;-0,00198;3 mois
2015-09-14;2015-09-16;22;2016-02-17;1000;1400;FR0123120166;4405;1193;3,69;109;1302;-0,00194;6 mois
2015-09-14;2015-09-16;48;2016-08-18;1100;1500;FR0123120182;5592;1493;3,75;0;1493;-0,00188;12 mois
2015-09-21;2015-09-23;12;2015-12-16;3000;3400;FR0123120125;10000;3393;2,95;468;3861;-0,00196;3 mois
2015-09-21;2015-09-23;21;2016-02-17;1400;1800;FR0123120166;4805;1796;2,68;228;2024;-0,002;6 mois
2015-09-21;2015-09-23;47;2016-08-18;1400;1800;FR0123120182;5390;1796;3;256;2052;-0,00186;12 mois
2015-09-28;2015-09-30;13;2015-12-30;3600;4000;FR0123120133;8350;3992;2,09;0;3992;-0,00202;3 mois
2015-09-28;2015-09-30;20;2016-02-17;1000;1400;FR0123120166;3825;1197;3,2;36;1233;-0,00203;6 mois
2015-09-28;2015-09-30;50;2016-09-14;1400;1800;FR0123120190;4455;1787;2,49;29;1816;-0,0019;12 mois
2015-10-05;2015-10-07;12;2015-12-30;3700;4100;FR0123120133;9500;4000;2,38;0;4000;-0,00206;3 mois
2015-10-05;2015-10-07;49;2016-09-14;1400;1800;FR0123120190;5800;1794;3,23;0;1794;-0,00198;12 mois
2015-10-05;2015-10-07;23;2016-03-16;1300;1700;FR0123283733;6055;1698;3,57;87;1785;-0,00207;6 mois
2015-10-12;2015-10-14;48;2016-09-14;1500;1900;FR0123120190;6430;1889;3,4;56;1945;-0,00197;12 mois
2015-10-12;2015-10-14;13;2016-01-13;3400;3800;FR0123283675;8800;3794;2,32;0;3794;-0,00204;3 mois
2015-10-12;2015-10-14;22;2016-03-16;1500;1900;FR0123283733;6735;1893;3,56;39;1932;-0,00202;6 mois
2015-10-19;2015-10-21;12;2016-01-13;3400;3800;FR0123283675;9315;3793;2,46;0;3793;-0,00208;3 mois
2015-10-19;2015-10-21;21;2016-03-16;1400;1800;FR0123283733;6215;1788;3,48;0;1788;-0,00207;6 mois
2015-10-19;2015-10-21;51;2016-10-12;1600;2000;FR0123283774;6365;1992;3,2;0;1992;-0,00209;12 mois
2015-10-26;2015-10-28;13;2016-01-27;3700;4100;FR0123283683;9600;4087;2,35;346;4433;-0,00254;3 mois
2015-10-26;2015-10-28;20;2016-03-16;1300;1700;FR0123283733;4580;1698;2,7;264;1962;-0,00252;6 mois
2015-10-26;2015-10-28;50;2016-10-12;1400;1800;FR0123283774;5005;1792;2,79;328;2120;-0,00257;12 mois
2015-11-02;2015-11-04;12;2016-01-27;3600;4000;FR0123283683;9200;3925;2,34;35;3960;-0,00261;3 mois
2015-11-02;2015-11-04;23;2016-04-13;1300;1700;FR0123283741;4700;1689;2,78;128;1817;-0,00256;6 mois
2015-11-02;2015-11-04;49;2016-10-12;1300;1700;FR0123283774;4505;1691;2,66;120;1811;-0,00257;12 mois
2015-11-09;2015-11-11;13;2016-02-10;3400;3800;FR0123283691;8750;3496;2,5;465;3961;-0,00254;3 mois
2015-11-09;2015-11-11;22;2016-04-13;1300;1700;FR0123283741;4880;1698;2,87;237;1935;-0,00256;6 mois
2015-11-09;2015-11-11;48;2016-10-12;1400;1800;FR0123283774;5630;1792;3,14;334;2126;-0,00259;12 mois
2015-11-16;2015-11-18;12;2016-02-10;3400;3800;FR0123283691;9950;3791;2,62;103;3894;-0,00288;3 mois
2015-11-16;2015-11-18;21;2016-04-13;1100;1500;FR0123283741;5430;1291;4,21;247;1538;-0,00278;6 mois
2015-11-16;2015-11-18;51;2016-11-09;1400;1800;FR0123283782;5265;1793;2,94;243;2036;-0,00294;12 mois
2015-11-23;2015-11-25;13;2016-02-24;3800;4200;FR0123283709;11000;4193;2,62;63;4256;-0,00322;3 mois
2015-11-23;2015-11-25;20;2016-04-13;1300;1700;FR0123283741;4940;1693;2,92;36;1729;-0,00318;6 mois
2015-11-23;2015-11-25;50;2016-11-09;1500;1900;FR0123283782;4825;1875;2,57;40;1915;-0,00321;12 mois
2015-11-30;2015-12-02;12;2016-02-24;3600;4000;FR0123283709;7925;3996;1,98;198;4194;-0,00347;3 mois
2015-11-30;2015-12-02;23;2016-05-11;1400;1800;FR0123283758;5475;1795;3,05;202;1997;-0,00354;6 mois
2015-11-30;2015-12-02;49;2016-11-09;1400;1800;FR0123283782;4075;1593;2,56;0;1593;-0,00358;12 mois
2015-12-07;2015-12-09;8;2016-02-03;100;500;FR0122775465;1448;469;3,09;40;509;-0,00339;3 mois
2015-12-07;2015-12-09;13;2016-03-09;3300;3700;FR0123283717;8300;3693;2,25;211;3904;-0,00291;3 mois
2015-12-07;2015-12-09;22;2016-05-11;1400;1800;FR0123283758;4250;1793;2,37;216;2009;-0,00286;6 mois
2015-12-07;2015-12-09;48;2016-11-09;1100;1500;FR0123283782;4330;1440;3,01;177;1617;-0,00283;12 mois
2015-12-14;2015-12-16;12;2016-03-09;3300;3700;FR0123283717;9225;3693;2,5;646;4339;-0,00328;3 mois
2015-12-14;2015-12-16;21;2016-05-11;1300;1700;FR0123283758;4475;1696;2,64;316;2012;-0,00317;6 mois
2015-12-14;2015-12-16;51;2016-12-07;1200;1600;FR0123283790;3730;1596;2,34;0;1596;-0,00314;12 mois
2016-01-04;2016-01-06;22;2016-06-08;1600;2000;FR0123283766;5909;1993;2,96;179;2172;-0,00397;6 mois
2016-01-04;2016-01-06;48;2016-12-07;1600;2000;FR0123283790;3210;1994;1,61;0;1994;-0,00385;12 mois
2016-01-04;2016-01-06;13;2016-04-06;3600;4000;FR0123447957;7500;3995;1,88;0;3995;-0,00437;3 mois
2016-01-11;2016-01-13;21;2016-06-08;1300;1700;FR0123283766;5125;1690;3,03;0;1690;-0,00399;6 mois
2016-01-11;2016-01-13;12;2016-04-06;3100;3500;FR0123447957;9320;3294;2,83;0;3294;-0,00399;3 mois
2016-01-11;2016-01-13;51;2017-01-04;1400;1800;FR0123448054;4920;1794;2,74;0;1794;-0,00377;12 mois
2016-01-18;2016-01-20;20;2016-06-08;1200;1600;FR0123283766;4500;1592;2,83;0;1592;-0,00382;6 mois
2016-01-18;2016-01-20;13;2016-04-20;3100;3500;FR0123447965;8425;3325;2,53;0;3325;-0,00376;3 mois
2016-01-18;2016-01-20;50;2017-01-04;1200;1600;FR0123448054;3255;1594;2,04;0;1594;-0,00366;12 mois
2016-01-25;2016-01-27;12;2016-04-20;3000;3400;FR0123447965;6525;3015;2,16;41;3056;-0,00359;3 mois
2016-01-25;2016-01-27;23;2016-07-06;1200;1600;FR0123448021;4350;1586;2,74;0;1586;-0,00365;6 mois
2016-01-25;2016-01-27;49;2017-01-04;1400;1800;FR0123448054;4855;1794;2,71;30;1824;-0,00376;12 mois
2016-02-01;2016-02-03;12;2016-04-27;100;500;FR0122945944;1206;481;2,51;0;481;-0,0042;3 mois
2016-02-01;2016-02-03;13;2016-05-04;2800;3200;FR0123447973;6550;2995;2,19;0;2995;-0,00365;3 mois
2016-02-01;2016-02-03;22;2016-07-06;1000;1400;FR0123448021;3573;1393;2,56;0;1393;-0,00372;6 mois
2016-02-01;2016-02-03;48;2017-01-04;1400;1800;FR0123448054;4380;1792;2,44;86;1878;-0,00397;12 mois
2016-02-08;2016-02-10;12;2016-05-04;3100;3500;FR0123447973;6750;3291;2,05;0;3291;-0,00359;3 mois
2016-02-08;2016-02-10;21;2016-07-06;1100;1500;FR0123448021;4160;1495;2,78;191;1686;-0,00376;6 mois
2016-02-08;2016-02-10;51;2017-02-01;1600;2000;FR0123448062;5725;1995;2,87;0;1995;-0,00426;12 mois
2016-02-15;2016-02-17;13;2016-05-19;3300;3700;FR0123447981;8095;3496;2,32;0;3496;-0,00371;3 mois
2016-02-15;2016-02-17;20;2016-07-06;1200;1600;FR0123448021;5155;1594;3,23;107;1701;-0,00375;6 mois
2016-02-15;2016-02-17;50;2017-02-01;1300;1700;FR0123448062;3645;1515;2,41;101;1616;-0,00401;12 mois
2016-02-22;2016-02-24;12;2016-05-19;3100;3500;FR0123447981;7825;3489;2,24;317;3806;-0,00387;3 mois
2016-02-22;2016-02-24;23;2016-08-03;1400;1800;FR0123448039;5980;1794;3,33;220;2014;-0,00391;6 mois
2016-02-22;2016-02-24;49;2017-02-01;1100;1500;FR0123448062;3625;1193;3,04;53;1246;-0,00399;12 mois
2016-02-29;2016-03-02;13;2016-06-01;3200;3600;FR0123447999;8070;3595;2,24;514;4109;-0,00423;3 mois
2016-02-29;2016-03-02;22;2016-08-03;1200;1600;FR0123448039;3545;1410;2,51;109;1519;-0,00432;6 mois
2016-02-29;2016-03-02;48;2017-02-01;1200;1600;FR0123448062;3685;1589;2,32;300;1889;-0,00435;12 mois
2016-03-07;2016-03-09;12;2016-06-01;3100;3500;FR0123447999;7205;3492;2,06;0;3492;-0,00433;3 mois
2016-03-07;2016-03-09;21;2016-08-03;1000;1400;FR0123448039;4265;1395;3,06;0;1395;-0,00438;6 mois
2016-03-07;2016-03-09;51;2017-03-01;1300;1700;FR0123448070;3755;1694;2,22;0;1694;-0,00453;12 mois
2016-03-14;2016-03-16;13;2016-06-15;3300;3700;FR0123448005;7320;3695;1,98;0;3695;-0,00425;3 mois
2016-03-14;2016-03-16;20;2016-08-03;1100;1500;FR0123448039;5979;1495;4;115;1610;-0,00419;6 mois
2016-03-14;2016-03-16;50;2017-03-01;1200;1600;FR0123448070;3785;1595;2,37;99;1694;-0,00418;12 mois
2016-03-21;2016-03-23;12;2016-06-15;3000;3400;FR0123448005;8425;3397;2,48;0;3397;-0,00431;3 mois
2016-03-21;2016-03-23;23;2016-08-31;1200;1600;FR0123448047;4380;1595;2,75;0;1595;-0,00434;6 mois
2016-03-21;2016-03-23;49;2017-03-01;1200;1600;FR0123448070;4395;1594;2,76;104;1698;-0,00427;12 mois
2016-03-29;2016-03-31;13;2016-06-29;3100;3500;FR0123448013;7960;3494;2,28;367;3861;-0,00425;3 mois
2016-03-29;2016-03-31;22;2016-08-31;1000;1400;FR0123448047;3165;1395;2,27;141;1536;-0,00423;6 mois
2016-03-29;2016-03-31;48;2017-03-01;1000;1400;FR0123448070;3430;1280;2,68;0;1280;-0,00431;12 mois
2016-04-04;2016-04-06;12;2016-06-29;3200;3600;FR0123448013;7860;3599;2,18;116;3715;-0,00432;3 mois
2016-04-04;2016-04-06;21;2016-08-31;1200;1600;FR0123448047;5210;1596;3,26;135;1731;-0,00431;6 mois
2016-04-04;2016-04-06;51;2017-03-29;1400;1800;FR0123611396;4450;1795;2,48;173;1968;-0,00424;12 mois
2016-04-11;2016-04-13;20;2016-08-31;1200;1600;FR0123448047;4235;1597;2,65;45;1642;-0,00441;6 mois
2016-04-11;2016-04-13;13;2016-07-13;3300;3700;FR0123611305;9718;3692;2,63;205;3897;-0,00438;3 mois
2016-04-11;2016-04-13;50;2017-03-29;1100;1500;FR0123611396;5260;1296;4,06;23;1319;-0,00439;12 mois
2016-04-18;2016-04-20;12;2016-07-13;3000;3400;FR0123611305;7025;3393;2,07;0;3393;-0,00501;3 mois
2016-04-18;2016-04-20;23;2016-09-28;1300;1700;FR0123611362;4410;1695;2,6;0;1695;-0,00493;6 mois
2016-04-18;2016-04-20;49;2017-03-29;1000;1400;FR0123611396;4440;1388;3,2;0;1388;-0,00468;12 mois
2016-04-25;2016-04-27;13;2016-07-27;3200;3600;FR0123611313;6550;3594;1,82;0;3594;-0,00478;3 mois
2016-04-25;2016-04-27;22;2016-09-28;1200;1600;FR0123611362;3855;1455;2,65;0;1455;-0,00487;6 mois
2016-04-25;2016-04-27;48;2017-03-29;900;1300;FR0123611396;5170;1294;4;166;1460;-0,00466;12 mois
2016-05-02;2016-05-04;12;2016-07-27;3100;3500;FR0123611313;6810;3496;1,95;372;3868;-0,00477;3 mois
2016-05-02;2016-05-04;21;2016-09-28;800;1200;FR0123611362;3105;1196;2,6;90;1286;-0,00475;6 mois
2016-05-02;2016-05-04;51;2017-04-26;1200;1600;FR0123611404;4405;1594;2,76;174;1768;-0,00469;12 mois
2016-05-09;2016-05-11;13;2016-08-10;3200;3600;FR0123611321;12240;3595;3,4;655;4250;-0,00487;3 mois
2016-05-09;2016-05-11;20;2016-09-28;800;1200;FR0123611362;4295;1194;3,6;198;1392;-0,00485;6 mois
2016-05-09;2016-05-11;50;2017-04-26;800;1200;FR0123611404;5309;1194;4,45;74;1268;-0,00485;12 mois
2016-05-17;2016-05-19;12;2016-08-10;3100;3500;FR0123611321;9400;3493;2,69;0;3493;-0,00525;3 mois
2016-05-17;2016-05-19;23;2016-10-26;1100;1500;FR0123611370;6785;1492;4,55;66;1558;-0,00498;6 mois
2016-05-17;2016-05-19;49;2017-04-26;600;1000;FR0123611404;4060;996;4,08;0;996;-0,00493;12 mois
2016-05-23;2016-05-25;13;2016-08-24;3200;3600;FR0123611339;7635;3596;2,12;0;3596;-0,0051;3 mois
2016-05-23;2016-05-25;22;2016-10-26;1000;1400;FR0123611370;4140;1345;3,08;0;1345;-0,00503;6 mois
2016-05-23;2016-05-25;48;2017-04-26;600;1000;FR0123611404;4375;998;4,38;0;998;-0,00495;12 mois
2016-05-30;2016-06-01;12;2016-08-24;2900;3300;FR0123611339;6380;3299;1,93;0;3299;-0,00496;3 mois
2016-05-30;2016-06-01;21;2016-10-26;900;1300;FR0123611370;3300;1289;2,56;13;1302;-0,00486;6 mois
2016-05-30;2016-06-01;51;2017-05-24;1000;1400;FR0123611412;3745;1397;2,68;0;1397;-0,00487;12 mois
2016-06-06;2016-06-08;13;2016-09-07;3100;3500;FR0123611347;7730;3488;2,22;25;3513;-0,00493;3 mois
2016-06-06;2016-06-08;20;2016-10-26;600;1000;FR0123611370;3925;993;3,95;11;1004;-0,00493;6 mois
2016-06-06;2016-06-08;50;2017-05-24;1100;1500;FR0123611412;4105;1491;2,75;57;1548;-0,00497;12 mois
2016-06-13;2016-06-15;12;2016-09-07;3100;3500;FR0123611347;7259;3495;2,08;32;3527;-0,00497;3 mois
2016-06-13;2016-06-15;23;2016-11-23;1100;1500;FR0123611388;4880;1495;3,26;72;1567;-0,005;6 mois
2016-06-13;2016-06-15;49;2017-05-24;800;1200;FR0123611412;2945;1013;2,91;0;1013;-0,00494;12 mois
2016-06-20;2016-06-22;13;2016-09-21;3100;3500;FR0123611354;7964;3493;2,28;602;4095;-0,00506;3 mois
2016-06-20;2016-06-22;22;2016-11-23;1100;1500;FR0123611388;4300;1495;2,88;110;1605;-0,00512;6 mois
2016-06-20;2016-06-22;48;2017-05-24;800;1200;FR0123611412;3155;996;3,17;18;1014;-0,00496;12 mois
2016-06-27;2016-06-29;12;2016-09-21;2900;3300;FR0123611354;8618;3292;2,62;553;3845;-0,00543;3 mois
2016-06-27;2016-06-29;21;2016-11-23;1100;1500;FR0123611388;4150;1491;2,78;243;1734;-0,00547;6 mois
2016-06-27;2016-06-29;51;2017-06-21;900;1300;FR0123611420;3610;1291;2,8;18;1309;-0,00541;12 mois
2016-07-04;2016-07-06;20;2016-11-23;900;1300;FR0123611388;3500;1296;2,7;180;1476;-0,00572;6 mois
2016-07-04;2016-07-06;50;2017-06-21;900;1300;FR0123611420;3050;1095;2,79;79;1174;-0,00563;12 mois
2016-07-04;2016-07-06;13;2016-10-05;3200;3600;FR0123773501;5994;3397;1,76;316;3713;-0,00572;3 mois
2016-07-11;2016-07-13;49;2017-06-21;700;1100;FR0123611420;3060;1096;2,79;0;1096;-0,00582;12 mois
2016-07-11;2016-07-13;12;2016-10-05;3100;3500;FR0123773501;8373;3494;2,4;104;3598;-0,0058;3 mois
2016-07-11;2016-07-13;23;2016-12-21;1300;1700;FR0123773519;3700;1400;2,64;0;1400;-0,00581;6 mois
2016-07-18;2016-07-20;48;2017-06-21;800;1200;FR0123611420;3420;992;3,45;0;992;-0,00569;12 mois
2016-07-18;2016-07-20;22;2016-12-21;800;1200;FR0123773519;3155;1195;2,64;0;1195;-0,0057;6 mois
2016-07-18;2016-07-20;13;2016-10-19;3200;3600;FR0123773527;7885;3596;2,19;0;3596;-0,00582;3 mois
2016-07-25;2016-07-27;21;2016-12-21;600;1000;FR0123773519;3250;735;4,42;33;768;-0,00555;6 mois
2016-07-25;2016-07-27;12;2016-10-19;3200;3600;FR0123773527;8228;3594;2,29;0;3594;-0,00572;3 mois
2016-07-25;2016-07-27;51;2017-07-19;800;1200;FR0123773535;4375;1196;3,66;80;1276;-0,00546;12 mois
2016-08-01;2016-08-03;20;2016-12-21;500;900;FR0123773519;3865;888;4,35;32;920;-0,00556;6 mois
2016-08-01;2016-08-03;50;2017-07-19;700;1100;FR0123773535;4575;710;6,44;33;743;-0,0056;12 mois
2016-08-01;2016-08-03;13;2016-11-03;3000;3400;FR0123773543;10456;3394;3,08;86;3480;-0,0057;3 mois
2016-08-08;2016-08-10;49;2017-07-19;500;900;FR0123773535;2860;892;3,21;103;995;-0,00574;12 mois
2016-08-08;2016-08-10;12;2016-11-03;2600;3000;FR0123773543;8442;2994;2,82;228;3222;-0,00583;3 mois
2016-08-08;2016-08-10;23;2017-01-18;700;1100;FR0123773550;5604;1095;5,12;170;1265;-0,00587;6 mois
2016-08-16;2016-08-18;48;2017-07-19;500;900;FR0123773535;4259;896;4,75;69;965;-0,00583;12 mois
2016-08-16;2016-08-18;22;2017-01-18;500;900;FR0123773550;3360;894;3,76;10;904;-0,00601;6 mois
2016-08-16;2016-08-18;13;2016-11-16;2800;3200;FR0123773568;7974;2994;2,66;13;3007;-0,00589;3 mois
2016-08-22;2016-08-24;21;2017-01-18;400;800;FR0123773550;3000;794;3,78;0;794;-0,00595;6 mois
2016-08-22;2016-08-24;12;2016-11-16;2700;3100;FR0123773568;6499;3095;2,1;0;3095;-0,00593;3 mois
2016-08-22;2016-08-24;51;2017-08-17;700;1100;FR0123773576;3180;1093;2,91;74;1167;-0,00587;12 mois
2016-08-29;2016-08-31;20;2017-01-18;700;1100;FR0123773550;3205;1093;2,93;116;1209;-0,00586;6 mois
2016-08-29;2016-08-31;50;2017-08-17;1000;1400;FR0123773576;3490;1220;2,86;41;1261;-0,00585;12 mois
2016-08-29;2016-08-31;13;2016-11-30;3100;3500;FR0123773584;5375;3495;1,54;60;3555;-0,00578;3 mois
2016-09-05;2016-09-07;49;2017-08-17;900;1300;FR0123773576;2930;1293;2,27;0;1293;-0,00587;12 mois
2016-09-05;2016-09-07;12;2016-11-30;2700;3100;FR0123773584;9133;3096;2,95;25;3121;-0,0058;3 mois
2016-09-05;2016-09-07;23;2017-02-15;1000;1400;FR0123773592;4345;1394;3,12;0;1394;-0,0059;6 mois
2016-09-12;2016-09-14;48;2017-08-17;1000;1400;FR0123773576;3275;1205;2,72;162;1367;-0,00566;12 mois
2016-09-12;2016-09-14;22;2017-02-15;1100;1500;FR0123773592;3530;1495;2,36;143;1638;-0,00565;6 mois
2016-09-12;2016-09-14;13;2016-12-14;3100;3500;FR0123773600;5086;3136;1,62;0;3136;-0,00561;3 mois
2016-09-19;2016-09-21;21;2017-02-15;1200;1600;FR0123773592;3710;1596;2,32;86;1682;-0,00583;6 mois
2016-09-19;2016-09-21;12;2016-12-14;2900;3300;FR0123773600;9698;3288;2,95;461;3749;-0,0058;3 mois
2016-09-19;2016-09-21;51;2017-09-13;1100;1500;FR0123773618;2920;1497;1,95;0;1497;-0,00569;12 mois
2016-09-26;2016-09-28;20;2017-02-15;1400;1800;FR0123773592;3425;1650;2,08;181;1831;-0,00623;6 mois
2016-09-26;2016-09-28;50;2017-09-13;900;1300;FR0123773618;2910;1293;2,25;233;1526;-0,00589;12 mois
2016-09-26;2016-09-28;13;2016-12-29;3100;3500;FR0123773626;8675;3495;2,48;0;3495;-0,00659;3 mois
2016-10-03;2016-10-05;49;2017-09-13;1100;1500;FR0123773618;3375;1495;2,26;59;1554;-0,00633;12 mois
2016-10-03;2016-10-05;12;2016-12-29;3100;3500;FR0123773626;7011;3497;2;0;3497;-0,00685;3 mois
2016-10-03;2016-10-05;23;2017-03-15;1300;1700;FR0123934616;3535;1694;2,09;0;1694;-0,0067;6 mois
2016-10-10;2016-10-12;48;2017-09-13;900;1300;FR0123773618;4490;1294;3,47;0;1294;-0,00624;12 mois
2016-10-10;2016-10-12;22;2017-03-15;1100;1500;FR0123934616;3875;1495;2,59;0;1495;-0,00673;6 mois
2016-10-10;2016-10-12;13;2017-01-11;3200;3600;FR0123934624;9111;3596;2,53;0;3596;-0,00696;3 mois
2016-10-17;2016-10-19;21;2017-03-15;1100;1500;FR0123934616;3010;1398;2,15;55;1453;-0,0066;6 mois
2016-10-17;2016-10-19;12;2017-01-11;3100;3500;FR0123934624;6285;3496;1,8;249;3745;-0,00685;3 mois
2016-10-17;2016-10-19;51;2017-10-11;1000;1400;FR0123934632;4995;1350;3,7;137;1487;-0,00616;12 mois
2016-10-24;2016-10-26;20;2017-03-15;900;1300;FR0123934616;4400;1295;3,4;153;1448;-0,00662;6 mois
2016-10-24;2016-10-26;50;2017-10-11;1000;1400;FR0123934632;4160;1393;2,99;0;1393;-0,00635;12 mois
2016-10-24;2016-10-26;13;2017-01-25;3300;3700;FR0123934640;10454;3696;2,83;429;4125;-0,00687;3 mois
2016-10-31;2016-11-03;49;2017-10-11;900;1300;FR0123934632;4110;1294;3,18;198;1492;-0,00635;12 mois
2016-10-31;2016-11-03;12;2017-01-25;2900;3300;FR0123934640;7530;3295;2,29;531;3826;-0,00731;3 mois
2016-10-31;2016-11-03;23;2017-04-12;1000;1400;FR0123934657;4015;1397;2,87;214;1611;-0,00678;6 mois
2016-11-07;2016-11-09;48;2017-10-11;1100;1500;FR0123934632;4486;1496;3;284;1780;-0,00677;12 mois
2016-11-07;2016-11-09;22;2017-04-12;1000;1400;FR0123934657;5045;1397;3,61;267;1664;-0,00703;6 mois
2016-11-07;2016-11-09;13;2017-02-08;3100;3500;FR0123934665;9494;3493;2,72;629;4122;-0,00734;3 mois
2016-11-14;2016-11-16;21;2017-04-12;1000;1400;FR0123934657;3255;1400;2,33;0;1400;-0,00676;6 mois
2016-11-14;2016-11-16;12;2017-02-08;3100;3500;FR0123934665;5300;3200;1,66;0;3200;-0,00693;3 mois
2016-11-14;2016-11-16;51;2017-11-08;1100;1500;FR0123934673;2810;1496;1,88;0;1496;-0,00651;12 mois
2016-11-21;2016-11-23;20;2017-04-12;1000;1400;FR0123934657;3380;1394;2,42;53;1447;-0,00653;6 mois
2016-11-21;2016-11-23;50;2017-11-08;1000;1400;FR0123934673;3815;1391;2,74;53;1444;-0,00638;12 mois
2016-11-21;2016-11-23;13;2017-02-22;2900;3300;FR0123934681;8340;3288;2,54;47;3335;-0,00673;3 mois
2016-11-28;2016-11-30;49;2017-11-08;1200;1600;FR0123934673;3190;1594;2;276;1870;-0,00666;12 mois
2016-11-28;2016-11-30;12;2017-02-22;3100;3500;FR0123934681;7740;3494;2,22;450;3944;-0,00736;3 mois
2016-11-28;2016-11-30;23;2017-05-11;1300;1700;FR0123934699;5065;1694;2,99;317;2011;-0,00692;6 mois
2016-12-05;2016-12-07;48;2017-11-08;1200;1600;FR0123934673;2840;1598;1,78;32;1630;-0,00665;12 mois
2016-12-05;2016-12-07;22;2017-05-11;1300;1700;FR0123934699;4570;1694;2,7;0;1694;-0,00732;6 mois
2016-12-05;2016-12-07;13;2017-03-08;3200;3600;FR0123934707;7235;3596;2,01;254;3850;-0,00751;3 mois
2016-12-12;2016-12-14;21;2017-05-11;1100;1500;FR0123934699;3483;1497;2,33;74;1571;-0,00715;6 mois
2016-12-12;2016-12-14;12;2017-03-08;2600;3000;FR0123934707;7045;2997;2,35;540;3537;-0,00741;3 mois
2017-01-02;2017-01-04;48;2017-12-06;1300;1700;FR0123934715;3230;1565;2,06;0;1565;-0,00697;12 mois
2017-01-02;2017-01-04;22;2017-06-08;1300;1700;FR0123934731;3525;1699;2,07;0;1699;-0,00688;6 mois
2017-01-02;2017-01-04;13;2017-04-05;3200;3600;FR0124095334;5450;3250;1,68;0;3250;-0,00697;3 mois
2017-01-09;2017-01-11;47;2017-12-06;1300;1700;FR0123934715;2605;1380;1,89;71;1451;-0,00622;12 mois
2017-01-09;2017-01-11;21;2017-06-08;1200;1600;FR0123934731;3575;1593;2,24;66;1659;-0,00633;6 mois
2017-01-09;2017-01-11;12;2017-04-05;3000;3400;FR0124095334;6910;3393;2,04;537;3930;-0,00637;3 mois
2017-01-16;2017-01-18;46;2017-12-06;1000;1400;FR0123934715;3205;1395;2,3;277;1672;-0,00526;12 mois
2017-01-16;2017-01-18;20;2017-06-08;1200;1600;FR0123934731;3515;1594;2,21;315;1909;-0,00532;6 mois
2017-01-16;2017-01-18;13;2017-04-20;3000;3400;FR0124095342;6140;3394;1,81;646;4040;-0,00553;3 mois
2017-01-23;2017-01-25;45;2017-12-06;1200;1600;FR0123934715;4150;1594;2,6;330;1924;-0,0053;12 mois
2017-01-23;2017-01-25;12;2017-04-20;3100;3500;FR0124095342;8078;3493;2,31;723;4216;-0,00552;3 mois
2017-01-23;2017-01-25;23;2017-07-05;1400;1800;FR0124095359;5498;1791;3,07;347;2138;-0,0054;6 mois
2017-01-30;2017-02-01;44;2017-12-06;1100;1500;FR0123934715;3270;1494;2,19;306;1800;-0,00526;12 mois
2017-01-30;2017-02-01;22;2017-07-05;1200;1600;FR0124095359;6430;1598;4,02;354;1952;-0,00551;6 mois
2017-01-30;2017-02-01;13;2017-05-04;3000;3400;FR0124095367;7725;3394;2,28;693;4087;-0,00561;3 mois
2017-02-06;2017-02-08;21;2017-07-05;1500;1900;FR0124095359;5705;1894;3,01;411;2305;-0,00661;6 mois
2017-02-06;2017-02-08;12;2017-05-04;3200;3600;FR0124095367;7985;3594;2,22;641;4235;-0,00659;3 mois
2017-02-06;2017-02-08;51;2018-01-31;1400;1800;FR0124095375;5613;1795;3,13;350;2145;-0,00591;12 mois
2017-02-13;2017-02-15;20;2017-07-05;1200;1600;FR0124095359;5300;1595;3,32;0;1595;-0,00698;6 mois
2017-02-13;2017-02-15;50;2018-01-31;1100;1500;FR0124095375;3975;1496;2,66;288;1784;-0,00589;12 mois
2017-02-13;2017-02-15;13;2017-05-17;3300;3700;FR0124095383;9425;3699;2,55;0;3699;-0,00671;3 mois
2017-02-20;2017-02-22;49;2018-01-31;1000;1400;FR0124095375;3760;1396;2,69;0;1396;-0,00574;12 mois
2017-02-20;2017-02-22;12;2017-05-17;3100;3500;FR0124095383;4680;3130;1,5;0;3130;-0,00652;3 mois
2017-02-20;2017-02-22;23;2017-08-02;1200;1600;FR0124095391;3445;1593;2,16;0;1593;-0,00657;6 mois
2017-02-27;2017-03-01;48;2018-01-31;1200;1600;FR0124095375;3695;1465;2,52;146;1611;-0,00554;12 mois
2017-02-27;2017-03-01;22;2017-08-02;1200;1600;FR0124095391;4100;1595;2,57;150;1745;-0,00656;6 mois
2017-02-27;2017-03-01;13;2017-05-31;3000;3400;FR0124095409;6610;3400;1,94;66;3466;-0,00667;3 mois
2017-03-06;2017-03-08;21;2017-08-02;1200;1600;FR0124095391;3390;1560;2,17;189;1749;-0,00717;6 mois
2017-03-06;2017-03-08;12;2017-05-31;3100;3500;FR0124095409;8500;3495;2,43;503;3998;-0,00733;3 mois
2017-03-06;2017-03-08;51;2018-02-28;1300;1700;FR0124095417;3425;1625;2,11;326;1951;-0,00543;12 mois
2017-03-13;2017-03-15;20;2017-08-02;1200;1600;FR0124095391;3960;1595;2,48;0;1595;-0,00741;6 mois
2017-03-13;2017-03-15;50;2018-02-28;1300;1700;FR0124095417;3605;1695;2,13;0;1695;-0,00613;12 mois
2017-03-13;2017-03-15;13;2017-06-14;3300;3700;FR0124095425;5780;3697;1,56;0;3697;-0,00818;3 mois
2017-03-20;2017-03-22;49;2018-02-28;1000;1400;FR0124095417;3680;1393;2,64;275;1668;-0,00522;12 mois
2017-03-20;2017-03-22;12;2017-06-14;3000;3400;FR0124095425;3930;3030;1,3;456;3486;-0,00642;3 mois
2017-03-20;2017-03-22;23;2017-08-30;1200;1600;FR0124095433;2780;1598;1,74;42;1640;-0,00618;6 mois
2017-03-27;2017-03-29;48;2018-02-28;1200;1600;FR0124095417;4535;1560;2,91;259;1819;-0,0052;12 mois
2017-03-27;2017-03-29;22;2017-08-30;1100;1500;FR0124095433;3200;1497;2,14;23;1520;-0,00598;6 mois
2017-03-27;2017-03-29;13;2017-06-28;2900;3300;FR0124095441;5820;3299;1,76;115;3414;-0,00616;3 mois
2017-04-03;2017-04-05;21;2017-08-30;800;1200;FR0124095433;2905;1198;2,42;10;1208;-0,00552;6 mois
2017-04-03;2017-04-05;12;2017-06-28;2700;3100;FR0124095441;6120;3095;1,98;37;3132;-0,00561;3 mois
2017-04-03;2017-04-05;51;2018-03-28;1200;1600;FR0124257264;4730;1596;2,96;232;1828;-0,00527;12 mois
2017-04-10;2017-04-12;20;2017-08-30;800;1200;FR0124095433;2280;1030;2,21;67;1097;-0,00528;6 mois
2017-04-10;2017-04-12;50;2018-03-28;1100;1500;FR0124257264;2155;1497;1,44;0;1497;-0,00492;12 mois
2017-04-10;2017-04-12;13;2017-07-12;2900;3300;FR0124257272;5865;3297;1,78;156;3453;-0,00539;3 mois
2017-04-18;2017-04-20;49;2018-03-28;800;1200;FR0124257264;2615;1198;2,18;201;1399;-0,00453;12 mois
2017-04-18;2017-04-20;12;2017-07-12;3100;3500;FR0124257272;5470;3494;1,57;166;3660;-0,00524;3 mois
2017-04-18;2017-04-20;23;2017-09-27;1200;1600;FR0124257280;3350;1596;2,1;130;1726;-0,00504;6 mois
2017-04-24;2017-04-26;48;2018-03-28;700;1300;FR0124257264;3775;1296;2,91;252;1548;-0,00535;12 mois
2017-04-24;2017-04-26;22;2017-09-27;700;1300;FR0124257280;3165;1296;2,44;87;1383;-0,00557;6 mois
2017-04-24;2017-04-26;13;2017-07-26;2400;3400;FR0124257298;5770;3398;1,7;376;3774;-0,0056;3 mois
2017-05-02;2017-05-04;21;2017-09-27;700;1300;FR0124257280;3130;1290;2,43;80;1370;-0,00532;6 mois
2017-05-02;2017-05-04;12;2017-07-26;2400;3400;FR0124257298;5788;3388;1,71;25;3413;-0,00549;3 mois
2017-05-02;2017-05-04;51;2018-04-25;900;1500;FR0124257306;3420;1494;2,29;163;1657;-0,00541;12 mois
2017-05-09;2017-05-11;20;2017-09-27;700;1300;FR0124257280;3565;1291;2,76;240;1531;-0,00552;6 mois
2017-05-09;2017-05-11;50;2018-04-25;1000;1600;FR0124257306;3170;1598;1,98;0;1598;-0,00555;12 mois
2017-05-09;2017-05-11;13;2017-08-09;2500;3500;FR0124257314;11295;3492;3,23;618;4110;-0,00572;3 mois
2017-05-15;2017-05-17;49;2018-04-25;800;1200;FR0124257306;2795;1196;2,34;0;1196;-0,00545;12 mois
2017-05-15;2017-05-17;12;2017-08-09;3200;3600;FR0124257314;8300;3595;2,31;620;4215;-0,00587;3 mois
2017-05-15;2017-05-17;23;2017-10-25;1400;1800;FR0124257322;5200;1800;2,89;315;2115;-0,00607;6 mois
2017-05-22;2017-05-24;48;2018-04-25;900;1300;FR0124257306;3645;1295;2,81;49;1344;-0,00538;12 mois
2017-05-22;2017-05-24;22;2017-10-25;1400;1800;FR0124257322;4085;1796;2,27;14;1810;-0,00609;6 mois
2017-05-22;2017-05-24;13;2017-08-23;3100;3500;FR0124257330;8605;3493;2,46;112;3605;-0,00593;3 mois
2017-05-29;2017-05-31;35;2018-01-31;100;500;FR0124095375;2075;497;4,18;34;531;-0,00598;12 mois
2017-05-29;2017-05-31;21;2017-10-25;1000;1400;FR0124257322;3515;1399;2,51;174;1573;-0,00587;6 mois
2017-05-29;2017-05-31;12;2017-08-23;3000;3400;FR0124257330;7089;3398;2,09;550;3948;-0,00592;3 mois
2017-05-29;2017-05-31;51;2018-05-24;1100;1500;FR0124257348;3720;1491;2,49;245;1736;-0,00541;12 mois
2017-06-06;2017-06-08;14;2017-09-13;2900;3300;FR0123773618;5990;3296;1,82;0;3296;-0,00589;3 mois
2017-06-06;2017-06-08;20;2017-10-25;1000;1400;FR0124257322;4040;1399;2,89;94;1493;-0,00593;6 mois
2017-06-06;2017-06-08;50;2018-05-24;1100;1500;FR0124257348;5360;1494;3,59;137;1631;-0,00565;12 mois
2017-06-12;2017-06-14;49;2018-05-24;1200;1600;FR0124257348;4840;1595;3,03;308;1903;-0,00601;12 mois
2017-06-12;2017-06-14;23;2017-11-22;1000;1400;FR0124257355;4665;1395;3,34;268;1663;-0,00596;6 mois
2017-06-12;2017-06-14;12;2017-09-06;2900;3300;;5755;3295;1,75;259;3554;-0,00593;3 mois
2017-06-19;2017-06-21;48;2018-05-24;1000;1400;FR0124257348;4090;1394;2,93;264;1658;-0,00595;12 mois
2017-06-19;2017-06-21;22;2017-11-22;1100;1500;FR0124257355;5515;1496;3,69;201;1697;-0,00591;6 mois
2017-06-19;2017-06-21;13;2017-09-20;2900;3300;FR0124257363;8184;3295;2,48;652;3947;-0,00588;3 mois
2017-06-26;2017-06-28;21;2017-11-22;600;1000;FR0124257355;4575;995;4,6;99;1094;-0,00631;6 mois
2017-06-26;2017-06-28;12;2017-09-20;2100;2500;FR0124257363;6315;2296;2,75;151;2447;-0,00628;3 mois
2017-07-03;2017-07-05;20;2017-11-22;1200;1600;FR0124257355;3940;1597;2,47;40;1637;-0,00604;6 mois
2017-07-03;2017-07-05;50;2018-06-20;900;1300;FR0124257371;3565;1295;2,75;189;1484;-0,00562;12 mois
2017-07-03;2017-07-05;13;2017-10-04;3100;3500;FR0124423148;6690;3496;1,91;90;3586;-0,00618;3 mois
2017-07-10;2017-07-12;49;2018-06-20;800;1200;FR0124257371;4732;1198;3,95;57;1255;-0,0055;12 mois
2017-07-10;2017-07-12;12;2017-10-04;2800;3200;FR0124423148;6789;3194;2,13;0;3194;-0,00593;3 mois
2017-07-10;2017-07-12;23;2017-12-20;1100;1500;FR0124423205;3330;1496;2,23;71;1567;-0,00551;6 mois
2017-07-17;2017-07-19;48;2018-06-20;800;1200;FR0124257371;3940;1175;3,35;89;1264;-0,00542;12 mois
2017-07-17;2017-07-19;13;2017-10-18;3000;3400;FR0124423155;8155;3394;2,4;354;3748;-0,00576;3 mois
2017-07-17;2017-07-19;22;2017-12-20;1000;1400;FR0124423205;3665;1397;2,62;106;1503;-0,00536;6 mois
2017-07-24;2017-07-26;47;2018-06-20;900;1300;FR0124257371;4504;1296;3,48;198;1494;-0,00536;12 mois
2017-07-24;2017-07-26;12;2017-10-18;3200;3600;FR0124423155;8044;3595;2,24;84;3679;-0,00592;3 mois
2017-07-24;2017-07-26;21;2017-12-20;1000;1400;FR0124423205;5099;1399;3,64;253;1652;-0,00536;6 mois
2017-07-31;2017-08-02;13;2017-11-01;3000;3400;FR0124423163;8315;3393;2,45;276;3669;-0,00593;3 mois
2017-07-31;2017-08-02;20;2017-12-20;1000;1400;FR0124423205;4711;1395;3,38;22;1417;-0,00584;6 mois
2017-07-31;2017-08-02;50;2018-07-18;900;1300;FR0124423247;4165;1297;3,21;213;1510;-0,00546;12 mois
2017-08-07;2017-08-09;12;2017-11-01;2800;3200;FR0124423163;6699;3196;2,1;95;3291;-0,00632;3 mois
2017-08-07;2017-08-09;23;2018-01-17;1000;1400;FR0124423221;5500;1397;3,94;123;1520;-0,00644;6 mois
2017-08-07;2017-08-09;49;2018-07-18;700;1100;FR0124423247;3150;1095;2,88;0;1095;-0,00556;12 mois
2017-08-14;2017-08-17;13;2017-11-15;2700;3100;FR0124423171;6815;3095;2,2;29;3124;-0,00627;3 mois
2017-08-14;2017-08-17;22;2018-01-17;1200;1600;FR0124423221;3872;1597;2,42;0;1597;-0,00644;6 mois
2017-08-14;2017-08-17;48;2018-07-18;600;1000;FR0124423247;3902;998;3,91;29;1027;-0,00568;12 mois
2017-08-21;2017-08-23;12;2017-11-15;2600;3000;FR0124423171;7675;2993;2,56;329;3322;-0,00626;3 mois
2017-08-21;2017-08-23;21;2018-01-17;900;1300;FR0124423221;4420;1297;3,41;206;1503;-0,00636;6 mois
2017-08-21;2017-08-23;51;2018-08-15;800;1200;FR0124423254;3800;1196;3,18;0;1196;-0,00568;12 mois
2017-08-28;2017-08-30;13;2017-11-29;2900;3300;FR0124423189;7550;3296;2,29;27;3323;-0,00629;3 mois
2017-08-28;2017-08-30;20;2018-01-17;900;1300;FR0124423221;4705;1293;3,64;61;1354;-0,00642;6 mois
2017-08-28;2017-08-30;50;2018-08-15;800;1200;FR0124423254;4355;1197;3,64;140;1337;-0,00571;12 mois
2017-09-04;2017-09-06;12;2017-11-29;2600;3000;FR0124423189;7024;2993;2,35;0;2993;-0,00628;3 mois
2017-09-04;2017-09-06;23;2018-02-14;1200;1600;FR0124423239;5174;1597;3,24;84;1681;-0,00636;6 mois
2017-09-04;2017-09-06;49;2018-08-15;600;1000;FR0124423254;4575;996;4,59;0;996;-0,00586;12 mois
2017-09-11;2017-09-13;13;2017-12-13;2600;3000;FR0124423197;7575;2996;2,53;92;3088;-0,00635;3 mois
2017-09-11;2017-09-13;22;2018-02-14;1100;1500;FR0124423239;4100;1493;2,75;0;1493;-0,00637;6 mois
2017-09-11;2017-09-13;48;2018-08-15;500;700;FR0124423254;3085;560;5,51;0;560;-0,00586;12 mois
2017-09-18;2017-09-20;12;2017-12-13;2400;2800;FR0124423197;5435;2798;1,94;0;2798;-0,00619;3 mois
2017-09-18;2017-09-20;21;2018-02-14;1000;1400;FR0124423239;4755;1392;3,42;121;1513;-0,00627;6 mois
2017-09-18;2017-09-20;51;2018-09-12;600;1000;FR0124423262;3560;996;3,57;46;1042;-0,00586;12 mois
2017-09-25;2017-09-27;13;2017-12-28;2600;3000;FR0124423213;4650;2994;1,55;0;2994;-0,00604;3 mois
2017-09-25;2017-09-27;20;2018-02-14;1100;1500;FR0124423239;4160;1495;2,78;127;1622;-0,00644;6 mois
2017-09-25;2017-09-27;50;2018-09-12;500;900;FR0124423262;3195;897;3,56;8;905;-0,00577;12 mois
2017-10-02;2017-10-04;12;2017-12-28;2200;2600;FR0124423213;5265;2591;2,03;0;2591;-0,00588;3 mois
2017-10-02;2017-10-04;23;2018-03-14;1200;1600;FR0124584683;4120;1594;2,58;0;1594;-0,00629;6 mois
2017-10-09;2017-10-11;13;2018-01-10;2800;3200;FR0124584634;8200;3196;2,57;50;3246;-0,0069;3 mois
2017-10-09;2017-10-11;22;2018-03-14;800;1200;FR0124584683;4775;1196;3,99;133;1329;-0,00614;6 mois
2017-10-16;2017-10-18;12;2018-01-10;2700;3100;FR0124584634;6375;3095;2,06;0;3095;-0,00701;3 mois
2017-10-16;2017-10-18;21;2018-03-14;1000;1400;FR0124584683;4875;1396;3,49;77;1473;-0,00637;6 mois
2017-10-16;2017-10-18;51;2018-10-10;600;1000;FR0124584733;3575;996;3,59;43;1039;-0,00597;12 mois
2017-10-23;2017-10-25;13;2018-01-24;2700;3100;FR0124584642;5385;3095;1,74;0;3095;-0,00688;3 mois
2017-10-23;2017-10-25;20;2018-03-14;1000;1400;FR0124584683;4200;1396;3,01;49;1445;-0,00644;6 mois
2017-10-23;2017-10-25;50;2018-10-10;600;1000;FR0124584733;2850;999;2,85;66;1065;-0,00591;12 mois
2017-10-30;2017-11-01;12;2018-01-24;2600;3000;FR0124584642;7775;2994;2,6;51;3045;-0,00691;3 mois
2017-10-30;2017-11-01;23;2018-04-11;1100;1500;FR0124584709;4250;1496;2,84;0;1496;-0,00659;6 mois
2017-10-30;2017-11-01;49;2018-10-10;600;1000;FR0124584733;5560;998;5,57;181;1179;-0,00606;12 mois
2017-11-06;2017-11-08;13;2018-02-07;2600;3000;FR0124584659;6375;2995;2,13;10;3005;-0,00687;3 mois
2017-11-06;2017-11-08;22;2018-04-11;800;1200;FR0124584709;4250;1194;3,56;250;1444;-0,00667;6 mois
2017-11-06;2017-11-08;48;2018-10-10;800;1200;FR0124584733;5524;1197;4,61;254;1451;-0,00631;12 mois
2017-11-13;2017-11-15;12;2018-02-07;2400;2800;FR0124584659;7100;2795;2,54;263;3058;-0,00685;3 mois
2017-11-13;2017-11-15;21;2018-04-11;800;1200;FR0124584709;4350;1194;3,64;93;1287;-0,00672;6 mois
2017-11-13;2017-11-15;51;2018-11-07;1100;1500;FR0124584741;3825;1496;2,56;0;1496;-0,00643;12 mois
2017-11-20;2017-11-22;13;2018-02-21;3300;3700;FR0124584667;6235;3530;1,77;0;3530;-0,00703;3 mois
2017-11-20;2017-11-22;20;2018-04-11;1000;1400;FR0124584709;4890;1396;3,5;0;1396;-0,00693;6 mois
2017-11-20;2017-11-22;50;2018-11-07;700;1100;FR0124584741;3600;1075;3,35;0;1075;-0,00646;12 mois
2017-11-27;2017-11-29;12;2018-02-21;3100;3500;FR0124584667;5865;3497;1,68;489;3986;-0,00701;3 mois
2017-11-27;2017-11-29;23;2018-05-09;1000;1400;FR0124584717;3560;1398;2,55;206;1604;-0,00671;6 mois
2017-11-27;2017-11-29;49;2018-11-07;700;1100;FR0124584741;3370;1095;3,08;184;1279;-0,00631;12 mois
2017-12-04;2017-12-06;10;2018-02-14;200;600;FR0124423239;2273;599;3,79;37;636;-0,00752;3 mois
2017-12-04;2017-12-06;13;2018-03-07;2800;3400;FR0124584675;6400;3398;1,88;67;3465;-0,00711;3 mois
2017-12-04;2017-12-06;22;2018-05-09;1000;1400;FR0124584717;4150;1400;2,96;85;1485;-0,00691;6 mois
2017-12-04;2017-12-06;48;2018-11-07;600;1000;FR0124584741;3090;940;3,29;57;997;-0,00637;12 mois
2017-12-11;2017-12-13;12;2018-03-07;3100;3500;FR0124584675;6985;3499;2;478;3977;-0,0079;3 mois
2017-12-11;2017-12-13;21;2018-05-09;1200;1600;FR0124584717;3200;1596;2,01;0;1596;-0,00758;6 mois
2017-12-11;2017-12-13;51;2018-12-05;900;1300;FR0124584758;3050;1000;3,05;0;1000;-0,00665;12 mois
2017-12-18;2017-12-20;13;2018-03-21;3100;3500;FR0124584691;6720;3498;1,92;67;3565;-0,009;3 mois
2017-12-18;2017-12-20;20;2018-05-09;600;1000;FR0124584717;2705;997;2,71;0;997;-0,00792;6 mois
2018-01-02;2018-01-04;24;2018-06-20;1100;1500;FR0124257371;2975;1440;2,07;0;1440;-0,00616;6 mois
2018-01-02;2018-01-04;48;2018-12-05;800;1200;FR0124584758;3110;1175;2,65;0;1175;-0,00598;12 mois
2018-01-02;2018-01-04;13;2018-04-05;2600;3000;FR0124747462;5115;2994;1,71;0;2994;-0,00615;3 mois
2018-01-08;2018-01-10;23;2018-06-20;800;1200;FR0124257371;3300;1050;3,14;0;1050;-0,0056;6 mois
2018-01-08;2018-01-10;12;2018-04-05;3000;3400;FR0124747462;6545;3397;1,93;389;3786;-0,00571;3 mois
2018-01-08;2018-01-10;51;2019-01-04;900;1300;FR0124747561;3250;1300;2,5;0;1300;-0,00557;12 mois
2018-01-15;2018-01-17;22;2018-06-20;800;1200;FR0124257371;4627;1196;3,87;99;1295;-0,00542;6 mois
2018-01-15;2018-01-17;13;2018-04-18;3000;3400;FR0124747470;9135;3394;2,69;409;3803;-0,00569;3 mois
2018-01-15;2018-01-17;50;2019-01-04;700;1100;FR0124747561;4615;1093;4,22;152;1245;-0,00543;12 mois
2018-01-22;2018-01-24;12;2018-04-18;2900;3300;FR0124747470;6535;3294;1,98;83;3377;-0,00589;3 mois
2018-01-22;2018-01-24;23;2018-07-04;1100;1500;FR0124747538;5525;1495;3,7;78;1573;-0,00576;6 mois
2018-01-22;2018-01-24;49;2019-01-04;800;1200;FR0124747561;4575;1197;3,82;168;1365;-0,00568;12 mois
2018-01-29;2018-01-31;13;2018-05-03;2300;2700;FR0124747488;7900;2693;2,93;295;2988;-0,00561;3 mois
2018-01-29;2018-01-31;22;2018-07-04;1100;1500;FR0124747538;4895;1496;3,27;182;1678;-0,0057;6 mois
2018-01-29;2018-01-31;48;2019-01-04;900;1300;FR0124747561;3905;1295;3,02;52;1347;-0,00558;12 mois
2018-02-05;2018-02-07;12;2018-05-03;2900;3300;FR0124747488;6275;3293;1,91;96;3389;-0,00587;3 mois
2018-02-05;2018-02-07;21;2018-07-04;1100;1500;FR0124747538;6935;1495;4,64;55;1550;-0,00584;6 mois
2018-02-05;2018-02-07;51;2019-01-30;900;1300;FR0124747579;5185;1294;4,01;149;1443;-0,0056;12 mois
2018-02-12;2018-02-14;13;2018-05-16;2900;3300;FR0124747496;6810;3300;2,06;60;3360;-0,00582;3 mois
2018-02-12;2018-02-14;20;2018-07-04;1100;1500;FR0124747538;5500;1496;3,68;36;1532;-0,00587;6 mois
2018-02-12;2018-02-14;50;2019-01-30;900;1300;FR0124747579;4125;1295;3,19;0;1295;-0,00563;12 mois
2018-02-19;2018-02-21;12;2018-05-16;2900;3300;FR0124747496;6995;3295;2,12;159;3454;-0,00583;3 mois
2018-02-19;2018-02-21;23;2018-08-01;1200;1600;FR0124747546;5715;1593;3,59;200;1793;-0,00581;6 mois
2018-02-19;2018-02-21;49;2019-01-30;1100;1500;FR0124747579;4440;1495;2,97;264;1759;-0,00561;12 mois
2018-02-26;2018-02-28;13;2018-05-30;3000;3400;FR0124747504;7455;3394;2,2;470;3864;-0,00586;3 mois
2018-02-26;2018-02-28;22;2018-08-01;1300;1700;FR0124747546;5720;1696;3,37;243;1939;-0,00589;6 mois
2018-02-26;2018-02-28;48;2019-01-30;1100;1500;FR0124747579;4805;1495;3,21;153;1648;-0,00572;12 mois
2018-03-05;2018-03-07;12;2018-05-30;3300;3700;FR0124747504;7125;3698;1,93;232;3930;-0,00641;3 mois
2018-03-05;2018-03-07;21;2018-08-01;1300;1700;FR0124747546;5175;1692;3,06;153;1845;-0,00623;6 mois
2018-03-05;2018-03-07;51;2019-02-27;1100;1500;FR0124747587;4400;1498;2,94;0;1498;-0,00589;12 mois
2018-03-12;2018-03-14;13;2018-06-13;3500;3900;FR0124747512;4650;3850;1,21;494;4344;-0,00636;3 mois
2018-03-12;2018-03-14;20;2018-08-01;1500;1900;FR0124747546;4799;1897;2,53;162;2059;-0,00647;6 mois
2018-03-12;2018-03-14;50;2019-02-27;1000;1400;FR0124747587;4405;1394;3,16;194;1588;-0,00584;12 mois
2018-03-19;2018-03-21;12;2018-06-13;3500;3900;FR0124747512;6360;3896;1,63;0;3896;-0,00623;3 mois
2018-03-19;2018-03-21;23;2018-08-29;1200;1600;FR0124747553;3550;1597;2,22;0;1597;-0,00621;6 mois
2018-03-19;2018-03-21;49;2019-02-27;900;1300;FR0124747587;4340;1295;3,35;0;1295;-0,00578;12 mois
2018-03-26;2018-03-28;13;2018-06-27;3100;3500;FR0124747520;5500;3499;1,57;0;3499;-0,00599;3 mois
2018-03-26;2018-03-28;22;2018-08-29;800;1200;FR0124747553;3195;1196;2,67;0;1196;-0,00594;6 mois
2018-03-26;2018-03-28;48;2019-02-27;800;1200;FR0124747587;3455;1150;3;9;1159;-0,0057;12 mois
2018-04-03;2018-04-05;12;2018-06-27;3100;3500;FR0124747520;6325;3496;1,81;0;3496;-0,00573;3 mois
2018-04-03;2018-04-05;21;2018-08-29;700;1100;FR0124747553;4250;1096;3,88;39;1135;-0,00576;6 mois
2018-04-03;2018-04-05;51;2019-03-27;800;1200;FR0124909641;3795;1197;3,17;23;1220;-0,00566;12 mois
2018-04-09;2018-04-11;20;2018-08-29;900;1300;FR0124747553;3855;1300;2,97;0;1300;-0,00569;6 mois
2018-04-09;2018-04-11;50;2019-03-27;800;1200;FR0124909641;3400;1194;2,85;0;1194;-0,00559;12 mois
2018-04-09;2018-04-11;13;2018-07-11;3000;3400;FR0124909682;6275;3395;1,85;309;3704;-0,00573;3 mois
2018-04-16;2018-04-18;49;2019-03-27;700;1100;FR0124909641;3895;1098;3,55;166;1264;-0,0055;12 mois
2018-04-16;2018-04-18;12;2018-07-11;2900;3300;FR0124909682;8360;3295;2,54;381;3676;-0,00573;3 mois
2018-04-16;2018-04-18;23;2018-09-26;900;1300;FR0124909732;4370;1291;3,38;190;1481;-0,00566;6 mois
2018-04-23;2018-04-25;48;2019-03-27;600;1000;FR0124909641;3835;996;3,85;81;1077;-0,0055;12 mois
2018-04-23;2018-04-25;13;2018-07-25;2800;3200;FR0124909690;8845;3196;2,77;502;3698;-0,00572;3 mois
2018-04-23;2018-04-25;22;2018-09-26;600;1000;FR0124909732;3430;996;3,44;41;1037;-0,00566;6 mois
2018-04-30;2018-05-03;51;2019-04-25;700;1100;FR0124909658;5145;1098;4,69;207;1305;-0,0055;12 mois
2018-04-30;2018-05-03;12;2018-07-25;2800;3200;FR0124909690;8200;3194;2,57;299;3493;-0,00579;3 mois
2018-04-30;2018-05-03;21;2018-09-26;700;1100;FR0124909732;4720;1093;4,32;129;1222;-0,00567;6 mois
2018-05-07;2018-05-09;50;2019-04-25;900;1300;FR0124909658;3705;1296;2,86;104;1400;-0,0056;12 mois
2018-05-07;2018-05-09;13;2018-08-08;2900;3300;FR0124909708;8475;3299;2,57;0;3299;-0,00563;3 mois
2018-05-07;2018-05-09;20;2018-09-26;600;1000;FR0124909732;4878;998;4,89;84;1082;-0,00563;6 mois
2018-05-14;2018-05-16;49;2019-04-25;600;1000;FR0124909658;3675;996;3,69;0;996;-0,00557;12 mois
2018-05-14;2018-05-16;12;2018-08-08;2400;2800;FR0124909708;8440;2795;3,02;256;3051;-0,00565;3 mois
2018-05-14;2018-05-16;23;2018-10-24;900;1300;FR0124909740;4935;1293;3,82;0;1293;-0,00564;6 mois
2018-05-22;2018-05-24;48;2019-04-25;600;1000;FR0124909658;3425;1000;3,43;189;1189;-0,00567;12 mois
2018-05-22;2018-05-24;13;2018-08-22;2800;3200;FR0124909716;7825;3199;2,45;368;3567;-0,00568;3 mois
2018-05-22;2018-05-24;22;2018-10-24;800;1200;FR0124909740;6300;1199;5,25;128;1327;-0,00573;6 mois
2018-05-28;2018-05-30;51;2019-05-22;900;1300;FR0124909666;3030;1298;2,33;216;1514;-0,00567;12 mois
2018-05-28;2018-05-30;12;2018-08-22;3000;3400;FR0124909716;7060;3395;2,08;565;3960;-0,00583;3 mois
2018-05-28;2018-05-30;21;2018-10-24;900;1300;FR0124909740;4295;1299;3,31;227;1526;-0,0058;6 mois
2018-06-04;2018-06-06;50;2019-05-22;600;1000;FR0124909666;4650;998;4,66;187;1185;-0,00565;12 mois
2018-06-04;2018-06-06;20;2018-10-24;900;1300;FR0124909740;5055;1299;3,89;240;1539;-0,00595;6 mois
2018-06-04;2018-06-06;13;2018-09-05;2800;3200;;7525;3193;2,36;578;3771;-0,00596;3 mois
2018-06-11;2018-06-13;49;2019-05-22;600;1000;FR0124909666;3840;798;4,81;0;798;-0,00592;12 mois
2018-06-11;2018-06-13;23;2018-11-21;600;1000;FR0124909757;4625;997;4,64;5;1002;-0,0059;6 mois
2018-06-11;2018-06-13;12;2018-09-05;2600;3000;;7005;2995;2,34;66;3061;-0,00594;3 mois
2018-06-18;2018-06-20;48;2019-05-22;400;800;FR0124909666;3750;750;5;87;837;-0,00591;12 mois
2018-06-18;2018-06-20;13;2018-09-19;2600;3000;FR0124909724;7525;2996;2,51;194;3190;-0,00603;3 mois
2018-06-18;2018-06-20;22;2018-11-21;600;1000;FR0124909757;3805;880;4,32;39;919;-0,00601;6 mois
2018-06-25;2018-06-27;51;2019-06-19;600;1000;FR0124909674;3275;997;3,28;0;997;-0,00584;12 mois
2018-06-25;2018-06-27;12;2018-09-19;2600;3000;FR0124909724;9425;2994;3,15;565;3559;-0,00609;3 mois
2018-06-25;2018-06-27;21;2018-11-21;600;1000;FR0124909757;3980;998;3,99;69;1067;-0,00604;6 mois
2018-07-02;2018-07-04;50;2019-06-19;400;800;FR0124909674;3650;796;4,59;124;920;-0,0057;12 mois
2018-07-02;2018-07-04;20;2018-11-21;600;1000;FR0124909757;3700;994;3,72;28;1022;-0,00598;6 mois
2018-07-02;2018-07-04;13;2018-10-03;2600;3000;FR0125064776;7850;2999;2,62;179;3178;-0,00604;3 mois
2018-07-09;2018-07-11;49;2019-06-19;400;800;FR0124909674;3780;793;4,77;40;833;-0,00558;12 mois
2018-07-09;2018-07-11;12;2018-10-03;2600;3000;FR0125064776;10650;2997;3,55;569;3566;-0,00576;3 mois
2018-07-09;2018-07-11;23;2018-12-19;600;1000;FR0125064834;3980;996;4;31;1027;-0,00564;6 mois
2018-07-16;2018-07-18;48;2019-06-19;600;1000;FR0124909674;3875;995;3,89;0;995;-0,00563;12 mois
2018-07-16;2018-07-18;13;2018-10-17;2900;3300;FR0125064784;7350;3294;2,23;29;3323;-0,00575;3 mois
2018-07-16;2018-07-18;22;2018-12-19;700;1100;FR0125064834;3255;1096;2,97;32;1128;-0,00567;6 mois
2018-07-23;2018-07-25;12;2018-10-17;2500;2900;FR0125064784;6150;2893;2,13;0;2893;-0,00563;3 mois
2018-07-23;2018-07-25;21;2018-12-19;500;900;FR0125064834;3682;895;4,11;0;895;-0,00554;6 mois
2018-07-23;2018-07-25;51;2019-07-17;600;1000;FR0125064875;3985;996;4;0;996;-0,00558;12 mois
2018-07-30;2018-08-01;13;2018-10-31;2400;2800;FR0125064792;6790;2796;2,43;308;3104;-0,00534;3 mois
2018-07-30;2018-08-01;20;2018-12-19;600;1000;FR0125064834;4175;998;4,18;102;1100;-0,00532;6 mois
2018-07-30;2018-08-01;50;2019-07-17;600;1000;FR0125064875;3425;998;3,43;154;1152;-0,0054;12 mois
2018-08-06;2018-08-08;12;2018-10-31;2300;2700;FR0125064792;6025;2700;2,23;40;2740;-0,0054;3 mois
2018-08-06;2018-08-08;23;2019-01-16;700;1100;FR0125064859;4475;1094;4,09;228;1322;-0,00596;6 mois
2018-08-06;2018-08-08;49;2019-07-17;600;1000;FR0125064875;3530;998;3,54;52;1050;-0,00545;12 mois
2018-08-13;2018-08-15;13;2018-11-14;2300;2700;FR0125064800;9205;2697;3,41;518;3215;-0,00534;3 mois
2018-08-13;2018-08-15;22;2019-01-16;1100;1500;FR0125064859;4215;1499;2,81;280;1779;-0,00622;6 mois
2018-08-13;2018-08-15;48;2019-07-17;600;1000;FR0125064875;3712;997;3,72;174;1171;-0,00559;12 mois
2018-08-20;2018-08-22;12;2018-11-14;2400;2800;FR0125064800;7870;2797;2,81;248;3045;-0,00547;3 mois
2018-08-20;2018-08-22;21;2019-01-16;700;1100;FR0125064859;3500;1050;3,33;133;1183;-0,00612;6 mois
2018-08-20;2018-08-22;51;2019-08-14;700;1100;FR0125064883;3410;1097;3,11;0;1097;-0,00551;12 mois
2018-08-27;2018-08-29;13;2018-11-28;2400;2800;FR0125064818;6026;2794;2,16;0;2794;-0,00545;3 mois
2018-08-27;2018-08-29;20;2019-01-16;700;1100;FR0125064859;3210;1096;2,93;0;1096;-0,00616;6 mois
2018-08-27;2018-08-29;50;2019-08-14;400;800;FR0125064883;2700;798;3,38;0;798;-0,00545;12 mois
2018-09-03;2018-09-05;12;2018-11-28;2600;3000;FR0125064818;7005;2996;2,34;433;3429;-0,00551;3 mois
2018-09-03;2018-09-05;23;2019-02-13;800;1200;FR0125064867;4280;1196;3,58;72;1268;-0,0059;6 mois
2018-09-03;2018-09-05;49;2019-08-14;700;1100;FR0125064883;4075;1098;3,71;145;1243;-0,00555;12 mois
2018-09-10;2018-09-12;36;2019-05-22;0;400;FR0124909666;2035;399;5,1;19;418;-0,00618;12 mois
2018-09-10;2018-09-12;13;2018-12-12;2500;2900;FR0125064826;8520;2896;2,94;324;3220;-0,0055;3 mois
2018-09-10;2018-09-12;22;2019-02-13;800;1200;FR0125064867;3975;1198;3,32;0;1198;-0,00596;6 mois
2018-09-10;2018-09-12;48;2019-08-14;700;1100;FR0125064883;3726;1097;3,4;0;1097;-0,0056;12 mois
2018-09-17;2018-09-19;12;2018-12-12;2400;2800;FR0125064826;6560;2798;2,34;46;2844;-0,00556;3 mois
2018-09-17;2018-09-19;21;2019-02-13;700;1100;FR0125064867;3720;1097;3,39;0;1097;-0,00586;6 mois
2018-09-17;2018-09-19;51;2019-09-11;700;1100;FR0125064891;4065;1095;3,71;0;1095;-0,00551;12 mois
2018-09-24;2018-09-26;11;2018-12-12;2600;3000;FR0125064826;7050;2995;2,35;0;2995;-0,00561;3 mois
2018-09-24;2018-09-26;20;2019-02-13;600;1000;FR0125064867;4600;996;4,62;0;996;-0,00583;6 mois
2018-09-24;2018-09-26;50;2019-09-11;500;900;FR0125064891;3505;895;3,92;0;895;-0,00554;12 mois
2018-10-01;2018-10-03;49;2019-09-11;500;900;FR0125064891;4050;897;4,52;82;979;-0,00551;12 mois
2018-10-01;2018-10-03;14;2019-01-09;2400;2800;FR0125218158;7560;2793;2,71;464;3257;-0,00662;3 mois
2018-10-01;2018-10-03;23;2019-03-13;700;1100;FR0125218208;4775;1025;4,66;174;1199;-0,00581;6 mois
2018-10-08;2018-10-10;48;2019-09-11;500;900;FR0125064891;4050;899;4,51;58;957;-0,00568;12 mois
2018-10-08;2018-10-10;13;2019-01-09;2500;2900;FR0125218158;8490;2897;2,93;286;3183;-0,0066;3 mois
2018-10-08;2018-10-10;22;2019-03-13;600;1000;FR0125218208;5125;1000;5,13;180;1180;-0,00588;6 mois
2018-10-15;2018-10-17;12;2019-01-09;2400;2800;FR0125218158;8250;2796;2,95;271;3067;-0,00741;3 mois
2018-10-15;2018-10-17;21;2019-03-13;800;1200;FR0125218208;4835;1198;4,04;248;1446;-0,0067;6 mois
2018-10-15;2018-10-17;51;2019-10-09;700;1100;FR0125218257;3925;1098;3,57;185;1283;-0,00625;12 mois
2018-10-22;2018-10-24;13;2019-01-23;2600;3000;FR0125218166;4800;2998;1,6;0;2998;-0,00761;3 mois
2018-10-22;2018-10-24;20;2019-03-13;600;1000;FR0125218208;2985;994;3;16;1010;-0,00666;6 mois
2018-10-22;2018-10-24;50;2019-10-09;600;1000;FR0125218257;3375;995;3,39;163;1158;-0,00621;12 mois
2018-10-29;2018-10-31;12;2019-01-23;2300;2700;FR0125218166;7050;2450;2,88;25;2475;-0,00765;3 mois
2018-10-29;2018-10-31;23;2019-04-10;700;1100;FR0125218224;3700;1093;3,39;96;1189;-0,0066;6 mois
2018-10-29;2018-10-31;49;2019-10-09;600;1000;FR0125218257;3310;991;3,34;68;1059;-0,0062;12 mois
2018-11-05;2018-11-07;13;2019-02-06;2600;3000;FR0125218174;6020;2996;2,01;80;3076;-0,00735;3 mois
2018-11-05;2018-11-07;22;2019-04-10;700;1100;FR0125218224;3375;1085;3,11;0;1085;-0,00667;6 mois
2018-11-05;2018-11-07;48;2019-10-09;600;1000;FR0125218257;3410;905;3,77;0;905;-0,00626;12 mois
2018-11-12;2018-11-14;12;2019-02-06;2600;3000;FR0125218174;6950;2950;2,36;226;3176;-0,00686;3 mois
2018-11-12;2018-11-14;21;2019-04-10;1100;1500;FR0125218224;3100;1325;2,34;57;1382;-0,00655;6 mois
2018-11-12;2018-11-14;51;2019-11-06;700;1100;FR0125218265;3425;1097;3,12;0;1097;-0,00578;12 mois
2018-11-19;2018-11-21;13;2019-02-20;2600;3000;FR0125218182;7486;2995;2,5;342;3337;-0,00673;3 mois
2018-11-19;2018-11-21;20;2019-04-10;700;1100;FR0125218224;3736;1096;3,41;92;1188;-0,00652;6 mois
2018-11-19;2018-11-21;50;2019-11-06;600;1000;FR0125218265;3392;992;3,42;79;1071;-0,00566;12 mois
2018-11-26;2018-11-28;12;2019-02-20;2900;3300;FR0125218182;7701;3296;2,34;285;3581;-0,0071;3 mois
2018-11-26;2018-11-28;23;2019-05-08;700;1100;FR0125218232;3866;1094;3,53;69;1163;-0,00657;6 mois
2018-11-26;2018-11-28;49;2019-11-06;400;800;FR0125218265;3328;795;4,19;0;795;-0,00572;12 mois
2018-12-03;2018-12-05;13;2019-03-06;2400;2800;FR0125218190;5375;2794;1,92;0;2794;-0,00668;3 mois
2018-12-03;2018-12-05;22;2019-05-08;600;1000;FR0125218232;3510;1000;3,51;0;1000;-0,00645;6 mois
2018-12-03;2018-12-05;48;2019-11-06;400;800;FR0125218265;3550;796;4,46;40;836;-0,00577;12 mois
2018-12-10;2018-12-12;12;2019-03-06;2200;2600;FR0125218190;9325;2597;3,59;553;3150;-0,00701;3 mois
2018-12-10;2018-12-12;21;2019-05-08;600;1000;FR0125218232;4335;998;4,34;209;1207;-0,00651;6 mois
2019-01-02;2019-01-04;22;2019-06-05;700;1100;FR0125218240;3335;1099;3,03;4;1103;-0,00569;6 mois
2019-01-02;2019-01-04;13;2019-04-03;2600;3000;FR0125374993;7416;2916;2,54;383;3299;-0,0057;3 mois
2019-01-02;2019-01-04;52;2020-01-02;700;1100;FR0125375099;3530;960;3,68;146;1106;-0,00566;12 mois
2019-01-07;2019-01-09;17;2019-05-08;0;400;FR0125218232;2315;398;5,82;0;398;-0,00588;6 mois
2019-01-07;2019-01-09;21;2019-06-05;500;900;FR0125218240;3900;850;4,59;55;905;-0,00576;6 mois
2019-01-07;2019-01-09;12;2019-04-03;2600;3000;FR0125374993;8262;2995;2,76;33;3028;-0,00574;3 mois
2019-01-07;2019-01-09;51;2020-01-02;700;1100;FR0125375099;3285;1098;2,99;0;1098;-0,00565;12 mois
2019-01-14;2019-01-16;20;2019-06-05;700;1100;FR0125218240;3835;1092;3,51;0;1092;-0,00574;6 mois
2019-01-14;2019-01-16;13;2019-04-17;2600;3000;FR0125375008;8068;2993;2,7;0;2993;-0,00574;3 mois
2019-01-14;2019-01-16;50;2020-01-02;600;1000;FR0125375099;3154;996;3,17;21;1017;-0,00557;12 mois
2019-01-21;2019-01-23;12;2019-04-17;2700;3100;FR0125375008;7620;3094;2,46;0;3094;-0,00566;3 mois
2019-01-21;2019-01-23;23;2019-07-03;700;1100;FR0125375065;3925;1097;3,58;0;1097;-0,00566;6 mois
2019-01-21;2019-01-23;49;2020-01-02;500;900;FR0125375099;3250;800;4,06;0;800;-0,00551;12 mois
2019-01-28;2019-01-30;13;2019-05-02;2700;3100;FR0125375016;7003;3094;2,26;70;3164;-0,00542;3 mois
2019-01-28;2019-01-30;22;2019-07-03;600;1000;FR0125375065;3352;998;3,36;0;998;-0,00545;6 mois
2019-01-28;2019-01-30;48;2020-01-02;500;900;FR0125375099;3813;898;4,25;72;970;-0,00532;12 mois
2019-02-04;2019-02-06;12;2019-05-02;2400;2800;FR0125375016;5496;2794;1,97;0;2794;-0,00525;3 mois
2019-02-04;2019-02-06;21;2019-07-03;500;900;FR0125375065;3696;893;4,14;0;893;-0,00522;6 mois
2019-02-04;2019-02-06;51;2020-01-29;700;1100;FR0125375107;3469;1099;3,16;0;1099;-0,00518;12 mois
2019-02-11;2019-02-13;38;2019-11-06;0;400;FR0125218265;2290;399;5,74;6;405;-0,00503;12 mois
2019-02-11;2019-02-13;13;2019-05-15;2200;2600;FR0125375024;6410;2597;2,47;6;2603;-0,00503;3 mois
2019-02-11;2019-02-13;20;2019-07-03;300;700;FR0125375065;3455;696;4,96;47;743;-0,00494;6 mois
2019-02-11;2019-02-13;50;2020-01-29;200;600;FR0125375107;3213;592;5,43;0;592;-0,00499;12 mois
2019-02-18;2019-02-20;12;2019-05-15;2200;2600;FR0125375024;7035;2595;2,71;516;3111;-0,00505;3 mois
2019-02-18;2019-02-20;23;2019-07-31;700;1100;FR0125375073;3540;1070;3,31;192;1262;-0,00501;6 mois
2019-02-18;2019-02-20;49;2020-01-29;600;1000;FR0125375107;3720;995;3,74;203;1198;-0,00501;12 mois
2019-02-25;2019-02-27;13;2019-05-29;2400;2800;FR0125375032;7539;2497;3,02;31;2528;-0,00518;3 mois
2019-02-25;2019-02-27;22;2019-07-31;600;1000;FR0125375073;4373;996;4,39;13;1009;-0,00523;6 mois
2019-02-25;2019-02-27;48;2020-01-29;800;1200;FR0125375107;3785;1196;3,16;80;1276;-0,00517;12 mois
2019-03-04;2019-03-06;12;2019-05-29;2200;2600;FR0125375032;7153;2596;2,76;488;3084;-0,00534;3 mois
2019-03-04;2019-03-06;21;2019-07-31;800;1200;FR0125375073;4258;1196;3,56;235;1431;-0,0053;6 mois
2019-03-04;2019-03-06;51;2020-02-26;700;1100;FR0125375115;3545;1096;3,23;101;1197;-0,0051;12 mois
2019-03-11;2019-03-13;26;2019-09-11;200;500;FR0125064891;2670;499;5,35;85;584;-0,00559;6 mois
2019-03-11;2019-03-13;13;2019-06-13;2200;2600;FR0125375040;6035;2596;2,32;0;2596;-0,00538;3 mois
2019-03-11;2019-03-13;20;2019-07-31;500;900;FR0125375073;3695;896;4,12;50;946;-0,00542;6 mois
2019-03-11;2019-03-13;50;2020-02-26;500;900;FR0125375115;3654;897;4,07;0;897;-0,00521;12 mois
2019-03-18;2019-03-20;12;2019-06-13;2200;2600;FR0125375040;6335;2485;2,55;0;2485;-0,00525;3 mois
2019-03-18;2019-03-20;23;2019-08-28;700;1100;FR0125375081;3730;1095;3,41;32;1127;-0,00527;6 mois
2019-03-18;2019-03-20;49;2020-02-26;700;1100;FR0125375115;3785;1097;3,45;158;1255;-0,00521;12 mois
2019-03-25;2019-03-27;13;2019-06-26;2200;2600;FR0125375057;5557;2595;2,14;0;2595;-0,00528;3 mois
2019-03-25;2019-03-27;22;2019-08-28;700;1100;FR0125375081;3750;1096;3,42;0;1096;-0,00522;6 mois
2019-03-25;2019-03-27;48;2020-02-26;700;1100;FR0125375115;2938;1098;2,68;36;1134;-0,00531;12 mois
2019-04-01;2019-04-03;12;2019-06-26;2200;2600;FR0125375057;6568;2594;2,53;0;2594;-0,0053;3 mois
2019-04-01;2019-04-03;21;2019-08-28;500;900;FR0125375081;3878;897;4,32;0;897;-0,00529;6 mois
2019-04-01;2019-04-03;51;2020-03-25;900;1300;FR0125533119;3785;1297;2,92;26;1323;-0,0052;12 mois
2019-04-08;2019-04-10;18;2019-08-14;0;400;FR0125064883;2020;399;5,06;0;399;-0,00538;6 mois
2019-04-08;2019-04-10;20;2019-08-28;500;900;FR0125375081;3970;845;4,7;0;845;-0,00524;6 mois
2019-04-08;2019-04-10;13;2019-07-10;2200;2600;FR0125533028;7220;2593;2,78;0;2593;-0,00519;3 mois
2019-04-08;2019-04-10;50;2020-03-25;600;1000;FR0125533119;4328;998;4,34;0;998;-0,0052;12 mois
2019-04-15;2019-04-17;12;2019-07-10;2200;2600;FR0125533028;7966;2597;3,07;133;2730;-0,00519;3 mois
2019-04-15;2019-04-17;23;2019-09-25;700;1100;FR0125533085;4540;1065;4,26;0;1065;-0,00521;6 mois
2019-04-15;2019-04-17;49;2020-03-25;900;1300;FR0125533119;4684;1299;3,61;172;1471;-0,00521;12 mois
2019-04-23;2019-04-25;13;2019-07-24;2200;2600;FR0125533036;7150;2593;2,76;484;3077;-0,00516;3 mois
2019-04-23;2019-04-25;22;2019-09-25;600;1000;FR0125533085;3525;999;3,53;189;1188;-0,00515;6 mois
2019-04-23;2019-04-25;48;2020-03-25;600;1000;FR0125533119;3631;998;3,64;199;1197;-0,00527;12 mois
2019-04-29;2019-05-02;23;2019-10-09;0;400;FR0125218257;1955;398;4,91;45;443;-0,00551;6 mois
2019-04-29;2019-05-02;12;2019-07-24;2000;2400;FR0125533036;10496;2398;4,38;486;2884;-0,00546;3 mois
2019-04-29;2019-05-02;21;2019-09-25;300;700;FR0125533085;4061;696;5,83;137;833;-0,0054;6 mois
2019-04-29;2019-05-02;51;2020-04-22;700;1100;FR0125533127;4066;1098;3,7;145;1243;-0,00535;12 mois
2019-05-06;2019-05-08;13;2019-08-07;2300;2700;FR0125533044;7176;2693;2,66;0;2693;-0,00567;3 mois
2019-05-06;2019-05-08;20;2019-09-25;800;1200;FR0125533085;4491;1199;3,75;0;1199;-0,00573;6 mois
2019-05-06;2019-05-08;50;2020-04-22;500;900;FR0125533127;4216;897;4,7;188;1085;-0,00552;12 mois
2019-05-13;2019-05-15;12;2019-08-07;2100;2500;FR0125533044;6445;2499;2,58;50;2549;-0,00562;3 mois
2019-05-13;2019-05-15;23;2019-10-23;700;1100;FR0125533093;3730;1098;3,4;22;1120;-0,00562;6 mois
2019-05-13;2019-05-15;49;2020-04-22;600;1000;FR0125533127;3770;920;4,1;19;939;-0,00567;12 mois
2019-05-20;2019-05-22;13;2019-08-21;2200;2600;FR0125533051;7425;2596;2,86;0;2596;-0,0055;3 mois
2019-05-20;2019-05-22;22;2019-10-23;600;1000;FR0125533093;4795;945;5,07;0;945;-0,00562;6 mois
2019-05-20;2019-05-22;48;2020-04-22;800;1200;FR0125533127;4090;1185;3,45;4;1189;-0,00555;12 mois
2019-05-27;2019-05-29;12;2019-08-21;2200;2600;FR0125533051;6100;2596;2,35;0;2596;-0,00544;3 mois
2019-05-27;2019-05-29;21;2019-10-23;600;1000;FR0125533093;3685;999;3,69;0;999;-0,0055;6 mois
2019-05-27;2019-05-29;51;2020-05-20;800;1200;FR0125533135;3425;1197;2,86;0;1197;-0,00547;12 mois
2019-06-03;2019-06-05;13;2019-09-04;2200;2600;FR0125533069;7010;2598;2,7;0;2598;-0,00543;3 mois
2019-06-03;2019-06-05;20;2019-10-23;600;1000;FR0125533093;3400;994;3,42;43;1037;-0,00557;6 mois
2019-06-03;2019-06-05;50;2020-05-20;900;1300;FR0125533135;3425;1297;2,64;63;1360;-0,00562;12 mois
2019-06-11;2019-06-13;12;2019-09-04;2100;2500;FR0125533069;7740;2495;3,1;371;2866;-0,00546;3 mois
2019-06-11;2019-06-13;23;2019-11-20;700;1100;FR0125533101;4695;1098;4,28;48;1146;-0,00544;6 mois
2019-06-11;2019-06-13;41;2020-03-25;0;400;FR0125533119;3225;400;8,06;26;426;-0,00604;12 mois
2019-06-11;2019-06-13;49;2020-05-20;400;800;FR0125533135;4190;796;5,26;121;917;-0,00559;12 mois
2019-06-17;2019-06-19;13;2019-09-18;2400;2800;FR0125533077;8615;2797;3,08;406;3203;-0,00549;3 mois
2019-06-17;2019-06-19;22;2019-11-20;700;1100;FR0125533101;5590;1099;5,09;223;1322;-0,00565;6 mois
2019-06-17;2019-06-19;48;2020-05-20;600;1000;FR0125533135;4170;996;4,19;199;1195;-0,00566;12 mois
2019-06-24;2019-06-26;12;2019-09-18;2200;2600;FR0125533077;5675;2595;2,19;0;2595;-0,00559;3 mois
2019-06-24;2019-06-26;21;2019-11-20;900;1300;FR0125533101;3690;1299;2,84;0;1299;-0,00583;6 mois
2019-06-24;2019-06-26;51;2020-06-17;700;1100;FR0125533143;4135;1098;3,77;218;1316;-0,00592;12 mois
2019-07-01;2019-07-03;20;2019-11-20;500;900;FR0125533101;4810;898;5,36;0;898;-0,00581;6 mois
2019-07-01;2019-07-03;50;2020-06-17;800;1200;FR0125533143;4435;1198;3,7;0;1198;-0,00626;12 mois
2019-07-01;2019-07-03;13;2019-10-02;2300;2700;FR0125692352;7595;2696;2,82;0;2696;-0,00564;3 mois
2019-07-08;2019-07-10;49;2020-06-17;700;1100;FR0125533143;2990;1097;2,73;0;1097;-0,00625;12 mois
2019-07-08;2019-07-10;12;2019-10-02;2400;2800;FR0125692352;6770;2794;2,42;130;2924;-0,00556;3 mois
2019-07-08;2019-07-10;23;2019-12-18;700;1100;FR0125692410;4840;1097;4,41;201;1298;-0,00568;6 mois
2019-07-15;2019-07-17;48;2020-06-17;600;1000;FR0125533143;3525;900;3,92;105;1005;-0,00621;12 mois
2019-07-15;2019-07-17;13;2019-10-16;2100;2500;FR0125692360;5750;2498;2,3;0;2498;-0,00563;3 mois
2019-07-15;2019-07-17;22;2019-12-18;1200;1600;FR0125692410;4220;1597;2,64;160;1757;-0,00601;6 mois
2019-07-22;2019-07-24;12;2019-10-16;2100;2500;FR0125692360;6385;2496;2,56;0;2496;-0,00545;3 mois
2019-07-22;2019-07-24;21;2019-12-18;900;1300;FR0125692410;4605;1296;3,55;88;1384;-0,00596;6 mois
2019-07-22;2019-07-24;51;2020-07-15;800;1200;FR0125692451;4390;1196;3,67;223;1419;-0,00655;12 mois
2019-07-29;2019-07-31;34;2020-03-25;0;400;FR0125533119;1495;396;3,78;0;396;-0,00653;12 mois
2019-07-29;2019-07-31;13;2019-10-30;2100;2500;FR0125692378;6305;2496;2,53;117;2613;-0,00541;3 mois
2019-07-29;2019-07-31;20;2019-12-18;800;1200;FR0125692410;4670;1170;3,99;0;1170;-0,00589;6 mois
2019-07-29;2019-07-31;50;2020-07-15;800;1200;FR0125692451;3790;1195;3,17;0;1195;-0,0065;12 mois
2019-08-05;2019-08-07;12;2019-10-30;2300;2700;FR0125692378;9670;2620;3,69;496;3116;-0,00561;3 mois
2019-08-05;2019-08-07;23;2020-01-15;1100;1500;FR0125692428;4070;1495;2,72;0;1495;-0,00658;6 mois
2019-08-05;2019-08-07;49;2020-07-15;800;1200;FR0125692451;3160;1196;2,64;50;1246;-0,00645;12 mois
2019-08-12;2019-08-14;13;2019-11-14;2400;2800;FR0125692386;6813;2796;2,44;0;2796;-0,00599;3 mois
2019-08-12;2019-08-14;22;2020-01-15;800;1200;FR0125692428;5665;1197;4,73;101;1298;-0,00678;6 mois
2019-08-12;2019-08-14;48;2020-07-15;800;1200;FR0125692451;4730;1197;3,95;101;1298;-0,00679;12 mois
2019-08-19;2019-08-21;12;2019-11-14;2100;2500;FR0125692386;6150;2497;2,46;0;2497;-0,00612;3 mois
2019-08-19;2019-08-21;21;2020-01-15;1000;1400;FR0125692428;3890;1397;2,78;0;1397;-0,0073;6 mois
2019-08-19;2019-08-21;51;2020-08-12;900;1300;FR0125692469;3625;1297;2,79;87;1384;-0,00728;12 mois
2019-08-26;2019-08-28;34;2020-04-22;0;400;FR0125533127;2290;398;5,75;43;441;-0,00738;12 mois
2019-08-26;2019-08-28;13;2019-11-27;2100;2500;FR0125692394;5300;2500;2,12;287;2787;-0,00589;3 mois
2019-08-26;2019-08-28;20;2020-01-15;400;800;FR0125692428;3795;796;4,77;136;932;-0,00701;6 mois
2019-08-26;2019-08-28;50;2020-08-12;700;1100;FR0125692469;5511;1094;5,04;190;1284;-0,00717;12 mois
2019-09-02;2019-09-04;12;2019-11-27;2200;2600;FR0125692394;7441;2593;2,87;109;2702;-0,00614;3 mois
2019-09-02;2019-09-04;23;2020-02-12;700;1100;FR0125692436;4606;1099;4,19;126;1225;-0,00707;6 mois
2019-09-02;2019-09-04;49;2020-08-12;800;1200;FR0125692469;4846;1193;4,06;209;1402;-0,00742;12 mois
2019-09-09;2019-09-11;13;2019-12-11;2100;2500;FR0125692402;7291;2497;2,92;0;2497;-0,00609;3 mois
2019-09-09;2019-09-11;22;2020-02-12;700;1100;FR0125692436;4780;1095;4,37;0;1095;-0,00699;6 mois
2019-09-09;2019-09-11;48;2020-08-12;800;1200;FR0125692469;4216;1197;3,52;0;1197;-0,00729;12 mois
2019-09-16;2019-09-18;12;2019-12-11;2000;2400;FR0125692402;6245;2397;2,61;0;2397;-0,00573;3 mois
2019-09-16;2019-09-18;21;2020-02-12;600;1000;FR0125692436;3700;975;3,79;0;975;-0,00624;6 mois
2019-09-16;2019-09-18;51;2020-09-09;700;1100;FR0125692477;4000;1000;4;0;1000;-0,00624;12 mois
2019-09-23;2019-09-25;10;2019-12-04;2000;2400;FR0125218273;6090;2394;2,54;184;2578;-0,00567;3 mois
2019-09-23;2019-09-25;8;2019-11-20;0;400;FR0125533101;2158;397;5,44;0;397;-0,00596;3 mois
2019-09-23;2019-09-25;20;2020-02-12;400;800;FR0125692436;3285;798;4,12;91;889;-0,00591;6 mois
2019-09-23;2019-09-25;50;2020-09-09;400;800;FR0125692477;2945;796;3,7;37;833;-0,00609;12 mois
2019-09-30;2019-10-02;9;2019-12-04;1600;2000;FR0125218273;4935;1998;2,47;24;2022;-0,00588;3 mois
2019-09-30;2019-10-02;10;2019-12-11;300;700;FR0125692402;1894;699;2,71;9;708;-0,00647;3 mois
2019-09-30;2019-10-02;23;2020-03-11;700;1100;FR0125692444;3615;1096;3,3;194;1290;-0,00614;6 mois
2019-09-30;2019-10-02;49;2020-09-09;500;900;FR0125692477;2915;898;3,25;159;1057;-0,00632;12 mois
2019-10-07;2019-10-09;22;2020-03-11;600;1000;FR0125692444;3510;996;3,52;89;1085;-0,00627;6 mois
2019-10-07;2019-10-09;48;2020-09-09;800;1200;FR0125692477;3280;1197;2,74;0;1197;-0,00628;12 mois
2019-10-07;2019-10-09;13;2020-01-08;2300;2700;FR0125848491;5895;2696;2,19;0;2696;-0,00639;3 mois
2019-10-14;2019-10-16;21;2020-03-11;500;900;FR0125692444;3390;880;3,85;0;880;-0,00599;6 mois
2019-10-14;2019-10-16;51;2020-10-07;700;1100;FR0125848467;4260;1098;3,88;0;1098;-0,00593;12 mois
2019-10-14;2019-10-16;12;2020-01-08;2100;2500;FR0125848491;5760;2496;2,31;0;2496;-0,00604;3 mois
2019-10-21;2019-10-23;20;2020-03-11;600;1000;FR0125692444;4428;996;4,45;229;1225;-0,00615;6 mois
2019-10-21;2019-10-23;50;2020-10-07;900;1300;FR0125848467;4675;1298;3,6;275;1573;-0,00612;12 mois
2019-10-21;2019-10-23;13;2020-01-22;2100;2500;FR0125848509;5500;2496;2,2;539;3035;-0,006;3 mois
2019-10-28;2019-10-30;49;2020-10-07;1100;1500;FR0125848467;4796;1497;3,2;0;1497;-0,00648;12 mois
2019-10-28;2019-10-30;12;2020-01-22;2100;2500;FR0125848509;5145;2498;2,06;0;2498;-0,00682;3 mois
2019-10-28;2019-10-30;23;2020-04-08;700;1100;FR0125848558;5840;1097;5,32;0;1097;-0,00645;6 mois
2019-11-04;2019-11-06;48;2020-10-07;700;1100;FR0125848467;4110;1095;3,75;0;1095;-0,00628;12 mois
2019-11-04;2019-11-06;13;2020-02-05;2200;2600;FR0125848517;6700;2595;2,58;0;2595;-0,00629;3 mois
2019-11-04;2019-11-06;22;2020-04-08;600;1000;FR0125848558;4625;800;5,78;0;800;-0,00632;6 mois
2019-11-12;2019-11-14;51;2020-11-04;700;1100;FR0125848475;3815;1098;3,47;124;1222;-0,0058;12 mois
2019-11-12;2019-11-14;12;2020-02-05;2100;2500;FR0125848517;6030;2497;2,41;245;2742;-0,00594;3 mois
2019-11-12;2019-11-14;21;2020-04-08;600;1000;FR0125848558;3800;997;3,81;54;1051;-0,00596;6 mois
2019-11-18;2019-11-20;50;2020-11-04;700;1100;FR0125848475;3751;925;4,06;0;925;-0,0059;12 mois
2019-11-18;2019-11-20;13;2020-02-19;2200;2600;FR0125848525;5985;2594;2,31;0;2594;-0,006;3 mois
2019-11-18;2019-11-20;20;2020-04-08;700;1100;FR0125848558;4111;1060;3,88;0;1060;-0,00609;6 mois
2019-11-25;2019-11-27;49;2020-11-04;500;900;FR0125848475;3291;898;3,66;135;1033;-0,00576;12 mois
2019-11-25;2019-11-27;12;2020-02-19;2400;2800;FR0125848525;7415;2480;2,99;364;2844;-0,00623;3 mois
2019-11-25;2019-11-27;23;2020-05-06;700;1100;FR0125848566;4810;1098;4,38;88;1186;-0,00619;6 mois
2019-12-02;2019-12-04;48;2020-11-04;600;1000;FR0125848475;2965;997;2,97;179;1176;-0,00576;12 mois
2019-12-02;2019-12-04;13;2020-03-04;2400;2800;FR0125848533;5540;2665;2,08;255;2920;-0,00636;3 mois
2019-12-02;2019-12-04;22;2020-05-06;600;1000;FR0125848566;3945;996;3,96;178;1174;-0,00627;6 mois
2019-12-09;2019-12-11;7;2020-01-29;100;500;FR0125375107;1925;275;7;0;275;-0,00791;3 mois
2019-12-09;2019-12-11;47;2020-11-04;300;700;FR0125848475;3250;775;4,19;0;775;-0,00601;12 mois
2019-12-09;2019-12-11;12;2020-03-04;2200;2600;FR0125848533;5281;2631;2,01;0;2631;-0,00658;3 mois
2019-12-09;2019-12-11;21;2020-05-06;500;900;FR0125848566;3765;915;4,11;0;915;-0,00648;6 mois
2020-01-06;2020-01-08;23;2020-06-17;600;1000;FR0125533143;4290;945;4,54;0;945;-0,00616;6 mois
2020-01-06;2020-01-08;47;2020-12-02;800;1200;FR0125848483;3810;1113;3,42;0;1113;-0,00589;12 mois
2020-01-06;2020-01-08;13;2020-04-08;2100;2500;FR0125848558;6825;2495;2,74;0;2495;-0,0061;3 mois
2020-01-13;2020-01-15;46;2020-12-02;600;1000;FR0125848483;3375;997;3,39;33;1030;-0,00583;12 mois
2020-01-13;2020-01-15;13;2020-04-16;2000;2400;FR0125848582;6150;2395;2,57;0;2395;-0,0059;3 mois
2020-01-13;2020-01-15;24;2020-07-01;700;1100;FR0125848640;3990;1095;3,64;0;1095;-0,00589;6 mois
2020-01-20;2020-01-22;45;2020-12-02;400;800;FR0125848483;2715;600;4,53;0;600;-0,00576;12 mois
2020-01-20;2020-01-22;12;2020-04-16;1900;2300;FR0125848582;5375;2200;2,44;0;2200;-0,0058;3 mois
2020-01-20;2020-01-22;23;2020-07-01;500;900;FR0125848640;3475;895;3,88;0;895;-0,00576;6 mois
2020-01-27;2020-01-29;44;2020-12-02;700;1100;FR0125848483;3405;1094;3,11;142;1236;-0,00575;12 mois
2020-01-27;2020-01-29;13;2020-04-29;2000;2400;FR0125848590;6125;2400;2,55;111;2511;-0,00577;3 mois
2020-01-27;2020-01-29;22;2020-07-01;400;800;FR0125848640;3765;796;4,73;39;835;-0,00576;6 mois
2020-02-03;2020-02-05;12;2020-04-29;2000;2400;FR0125848590;6765;2397;2,82;124;2521;-0,00596;3 mois
2020-02-03;2020-02-05;21;2020-07-01;600;1000;FR0125848640;4225;995;4,25;12;1007;-0,00595;6 mois
2020-02-03;2020-02-05;51;2021-01-27;700;1100;FR0125848673;2735;1097;2,49;0;1097;-0,00596;12 mois
2020-02-10;2020-02-12;13;2020-05-13;2300;2700;FR0125848608;6075;2695;2,25;0;2695;-0,00609;3 mois
2020-02-10;2020-02-12;20;2020-07-01;600;1000;FR0125848640;2595;996;2,61;22;1018;-0,00592;6 mois
2020-02-10;2020-02-12;50;2021-01-27;500;900;FR0125848673;3145;820;3,84;18;838;-0,00586;12 mois
2020-02-17;2020-02-19;12;2020-05-13;2000;2400;FR0125848608;5908;2400;2,46;0;2400;-0,00596;3 mois
2020-02-17;2020-02-19;23;2020-07-29;700;1100;FR0125848657;3565;1096;3,25;0;1096;-0,00587;6 mois
2020-02-17;2020-02-19;49;2021-01-27;500;900;FR0125848673;4320;894;4,83;0;894;-0,00582;12 mois
2020-02-24;2020-02-26;32;2020-10-07;0;400;FR0125848467;2218;398;5,57;0;398;-0,00598;12 mois
2020-02-24;2020-02-26;13;2020-05-27;1800;2200;FR0125848616;5335;2197;2,43;60;2257;-0,00587;3 mois
2020-02-24;2020-02-26;22;2020-07-29;400;800;FR0125848657;3555;798;4,45;0;798;-0,00589;6 mois
2020-02-24;2020-02-26;48;2021-01-27;400;800;FR0125848673;3610;795;4,54;0;795;-0,00591;12 mois
2020-03-02;2020-03-04;12;2020-05-27;2100;2500;FR0125848616;5500;2475;2,22;204;2679;-0,00627;3 mois
2020-03-02;2020-03-04;21;2020-07-29;500;900;FR0125848657;4150;895;4,64;119;1014;-0,00628;6 mois
2020-03-02;2020-03-04;51;2021-02-24;700;1100;FR0125848681;5450;1097;4,97;248;1345;-0,00642;12 mois
2020-03-09;2020-03-11;13;2020-06-10;2100;2500;FR0125848624;3615;2395;1,51;0;2395;-0,00668;3 mois
2020-03-09;2020-03-11;20;2020-07-29;700;1100;FR0125848657;3030;1099;2,76;149;1248;-0,00672;6 mois
2020-03-09;2020-03-11;50;2021-02-24;1000;1400;FR0125848681;2845;1397;2,04;18;1415;-0,00716;12 mois
2020-03-16;2020-03-18;33;2020-11-04;100;500;FR0125848475;1030;499;2,06;58;557;-0,00634;12 mois
2020-03-16;2020-03-18;12;2020-06-10;2400;2800;FR0125848624;4040;2799;1,44;417;3216;-0,00608;3 mois
2020-03-16;2020-03-18;23;2020-08-26;900;1300;FR0125848665;2230;1298;1,72;195;1493;-0,00615;6 mois
2020-03-16;2020-03-18;49;2021-02-24;900;1300;FR0125848681;2395;1300;1,84;59;1359;-0,00625;12 mois
2020-03-23;2020-03-25;28;2020-10-07;0;500;FR0125848467;1570;499;3,15;0;499;-0,00535;6 mois
2020-03-23;2020-03-25;13;2020-06-24;2000;3000;FR0125848632;5655;2999;1,89;0;2999;-0,00528;3 mois
2020-03-23;2020-03-25;22;2020-08-26;700;1300;FR0125848665;4030;1299;3,1;0;1299;-0,0052;6 mois
2020-03-23;2020-03-25;48;2021-02-24;700;1300;FR0125848681;4825;1100;4,39;0;1100;-0,00534;12 mois
2020-03-30;2020-04-01;35;2020-12-02;0;400;FR0125848483;1325;335;3,96;17;352;-0,00488;12 mois
2020-03-30;2020-04-01;12;2020-06-24;2600;3000;FR0125848632;4245;2999;1,42;433;3432;-0,00486;3 mois
2020-03-30;2020-04-01;21;2020-08-26;1000;1400;FR0125848665;2255;1399;1,61;205;1604;-0,00478;6 mois
2020-03-30;2020-04-01;51;2021-03-24;800;1200;FR0125848699;2975;1200;2,48;127;1327;-0,00494;12 mois
2020-04-06;2020-04-08;10;2020-06-17;0;500;FR0125533143;1985;498;3,99;6;504;-0,00514;3 mois
2020-04-06;2020-04-08;20;2020-08-26;900;1300;FR0125848665;3625;1298;2,79;138;1436;-0,00479;6 mois
2020-04-06;2020-04-08;50;2021-03-24;1100;1500;FR0125848699;4420;1497;2,95;308;1805;-0,00465;12 mois
2020-04-06;2020-04-08;13;2020-07-08;2800;3200;FR0126001686;7600;3196;2,38;657;3853;-0,00477;3 mois
2020-04-14;2020-04-16;15;2020-07-29;100;500;FR0125848657;1985;480;4,14;23;503;-0,00488;3 mois
2020-04-14;2020-04-16;49;2021-03-24;500;900;FR0125848699;3080;897;3,43;46;943;-0,00431;12 mois
2020-04-14;2020-04-16;12;2020-07-08;4100;4500;FR0126001686;8320;4497;1,85;648;5145;-0,00476;3 mois
2020-04-14;2020-04-16;23;2020-09-23;1600;2000;FR0126001744;3630;1997;1,82;112;2109;-0,00445;6 mois
2020-04-20;2020-04-22;10;2020-07-01;600;1000;FR0125848640;3790;998;3,8;123;1121;-0,00456;3 mois
2020-04-20;2020-04-22;48;2021-03-24;1300;1700;FR0125848699;5735;1697;3,38;347;2044;-0,00388;12 mois
2020-04-20;2020-04-22;13;2020-07-22;3600;4000;FR0126001694;8010;3997;2;343;4340;-0,00451;3 mois
2020-04-20;2020-04-22;22;2020-09-23;1900;2300;FR0126001744;5670;2298;2,47;464;2762;-0,00414;6 mois
2020-04-27;2020-04-29;17;2020-08-26;600;1000;FR0125848665;3850;996;3,87;214;1210;-0,00437;6 mois
2020-04-27;2020-04-29;12;2020-07-22;3100;3500;FR0126001694;13160;3495;3,77;815;4310;-0,00454;3 mois
2020-04-27;2020-04-29;21;2020-09-23;1600;2000;FR0126001744;7945;1995;3,98;435;2430;-0,00427;6 mois
2020-04-27;2020-04-29;51;2021-04-21;2100;2500;FR0126001785;8330;2494;3,34;566;3060;-0,00403;12 mois
2020-05-04;2020-05-06;46;2021-03-24;600;1000;FR0125848699;4165;998;4,17;221;1219;-0,00477;12 mois
2020-05-04;2020-05-06;13;2020-08-05;3800;4200;FR0126001702;12855;4197;3,06;999;5196;-0,00475;3 mois
2020-05-04;2020-05-06;20;2020-09-23;1900;2300;FR0126001744;6660;2295;2,9;553;2848;-0,00455;6 mois
2020-05-04;2020-05-06;50;2021-04-21;1600;2000;FR0126001785;6895;1998;3,45;475;2473;-0,00462;12 mois
2020-05-11;2020-05-13;21;2020-10-07;600;1000;FR0125848467;3752;999;3,76;154;1153;-0,00516;6 mois
2020-05-11;2020-05-13;12;2020-08-05;3800;4200;FR0126001702;8325;4075;2,04;51;4126;-0,00549;3 mois
2020-05-11;2020-05-13;23;2020-10-21;1400;1800;FR0126001769;6950;1797;3,87;270;2067;-0,00505;6 mois
2020-05-11;2020-05-13;49;2021-04-21;2100;2500;FR0126001785;6090;2495;2,44;29;2524;-0,00496;12 mois
2020-05-18;2020-05-20;28;2020-12-02;600;1000;FR0125848483;3595;997;3,61;104;1101;-0,00516;6 mois
2020-05-18;2020-05-20;13;2020-08-19;3700;4100;FR0126001710;8270;4096;2,02;0;4096;-0,00551;3 mois
2020-05-18;2020-05-20;22;2020-10-21;1600;2000;FR0126001769;4750;1996;2,38;0;1996;-0,00519;6 mois
2020-05-18;2020-05-20;48;2021-04-21;2000;2400;FR0126001785;6360;2399;2,65;515;2914;-0,00498;12 mois
2020-05-25;2020-05-27;15;2020-09-09;600;1000;FR0125692477;5010;997;5,03;0;997;-0,00564;3 mois
2020-05-25;2020-05-27;12;2020-08-19;3600;4000;FR0126001710;8220;3998;2,06;0;3998;-0,00526;3 mois
2020-05-25;2020-05-27;21;2020-10-21;1800;2200;FR0126001769;5125;2194;2,34;0;2194;-0,00519;6 mois
2020-05-25;2020-05-27;51;2021-05-19;2400;2800;FR0126001793;6180;2794;2,21;0;2794;-0,00517;12 mois
2020-06-02;2020-06-04;38;2021-02-24;600;1000;FR0125848681;3695;996;3,71;0;996;-0,00522;12 mois
2020-06-02;2020-06-04;13;2020-09-02;3400;3800;FR0126001728;7825;3795;2,06;96;3891;-0,0052;3 mois
2020-06-02;2020-06-04;20;2020-10-21;2100;2500;FR0126001769;6275;2500;2,51;0;2500;-0,00513;6 mois
2020-06-02;2020-06-04;50;2021-05-19;1800;2200;FR0126001793;5300;2150;2,47;0;2150;-0,00514;12 mois
2020-06-08;2020-06-10;25;2020-12-02;600;1000;FR0125848483;1705;999;1,71;39;1038;-0,00505;6 mois
2020-06-08;2020-06-10;12;2020-09-02;3400;3800;FR0126001728;7450;3600;2,07;0;3600;-0,00514;3 mois
2020-06-08;2020-06-10;23;2020-11-18;1900;2300;FR0126001777;6475;2295;2,82;42;2337;-0,00513;6 mois
2020-06-08;2020-06-10;49;2021-05-19;1200;1600;FR0126001793;3150;1598;1,97;0;1598;-0,00488;12 mois
2020-06-15;2020-06-17;32;2021-01-27;600;1000;FR0125848673;3695;997;3,71;39;1036;-0,00515;12 mois
2020-06-15;2020-06-17;13;2020-09-16;3100;3500;FR0126001736;9880;3497;2,83;518;4015;-0,0051;3 mois
2020-06-15;2020-06-17;22;2020-11-18;2000;2400;FR0126001777;4950;2396;2,07;229;2625;-0,00507;6 mois
2020-06-15;2020-06-17;48;2021-05-19;1200;1600;FR0126001793;6675;1597;4,18;190;1787;-0,00496;12 mois
2020-06-22;2020-06-24;12;2020-09-16;3400;3800;FR0126001736;7764;3795;2,05;0;3795;-0,00551;3 mois
2020-06-22;2020-06-24;21;2020-11-18;1800;2200;FR0126001777;6700;2193;3,06;180;2373;-0,00529;6 mois
2020-06-22;2020-06-24;51;2021-06-16;2100;2500;FR0126001801;5870;2493;2,35;239;2732;-0,00526;12 mois
2020-06-29;2020-07-01;13;2020-09-30;3300;3700;FR0126001751;8145;3694;2,2;282;3976;-0,00523;3 mois
2020-06-29;2020-07-01;20;2020-11-18;2000;2400;FR0126001777;4716;2291;2,06;0;2291;-0,00531;6 mois
2020-06-29;2020-07-01;50;2021-06-16;1700;2100;FR0126001801;5060;2097;2,41;146;2243;-0,0053;12 mois
2020-07-06;2020-07-08;12;2020-09-30;3600;4000;FR0126001751;7990;3997;2;0;3997;-0,00551;3 mois
2020-07-06;2020-07-08;49;2021-06-16;2100;2500;FR0126001801;6702;2357;2,84;0;2357;-0,00559;12 mois
2020-07-06;2020-07-08;23;2020-12-16;2100;2500;FR0126310236;5915;2498;2,37;116;2614;-0,00557;6 mois
2020-07-13;2020-07-15;36;2021-03-24;400;800;FR0125848699;3360;799;4,21;33;832;-0,0056;12 mois
2020-07-13;2020-07-15;48;2021-06-16;1600;2000;FR0126001801;5800;1996;2,91;135;2131;-0,00557;12 mois
2020-07-13;2020-07-15;13;2020-10-14;3100;3500;FR0126310186;7950;3496;2,27;50;3546;-0,00555;3 mois
2020-07-13;2020-07-15;22;2020-12-16;2100;2500;FR0126310236;6055;2497;2,42;215;2712;-0,00552;6 mois
2020-07-20;2020-07-22;27;2021-01-27;400;8000;FR0125848673;2535;796;3,18;21;817;-0,00576;6 mois
2020-07-20;2020-07-22;12;2020-10-14;3100;3500;FR0126310186;7580;3496;2,17;131;3627;-0,00569;3 mois
2020-07-20;2020-07-22;21;2020-12-16;1600;2000;FR0126310236;5015;1998;2,51;0;1998;-0,00566;6 mois
2020-07-20;2020-07-22;51;2021-07-14;2100;2500;FR0126310285;4355;2494;1,75;0;2494;-0,00564;12 mois
2020-07-27;2020-07-29;13;2020-10-28;3100;3500;FR0126310194;8415;3495;2,41;241;3736;-0,00565;3 mois
2020-07-27;2020-07-29;20;2020-12-16;1600;2000;FR0126310236;6175;1996;3,09;237;2233;-0,00562;6 mois
2020-07-27;2020-07-29;50;2021-07-14;1500;1900;FR0126310285;5175;1895;2,73;206;2101;-0,00556;12 mois
2020-08-03;2020-08-05;12;2020-10-28;3000;3400;FR0126310194;7980;3398;2,35;0;3398;-0,00574;3 mois
2020-08-03;2020-08-05;23;2021-01-13;1700;2100;FR0126310251;7640;2095;3,65;401;2496;-0,0059;6 mois
2020-08-03;2020-08-05;49;2021-07-14;1100;1500;FR0126310285;6020;1495;4,03;115;1610;-0,0056;12 mois
2020-08-10;2020-08-12;13;2020-11-11;2300;2700;FR0126310202;7460;2660;2,8;0;2660;-0,00576;3 mois
2020-08-10;2020-08-12;22;2021-01-13;2500;2900;FR0126310251;6450;2897;2,23;0;2897;-0,00631;6 mois
2020-08-10;2020-08-12;48;2021-07-14;800;1200;FR0126310285;4080;1196;3,41;48;1244;-0,00565;12 mois
2020-08-17;2020-08-19;27;2021-02-24;100;500;FR0125848681;2150;499;4,31;41;540;-0,00605;6 mois
2020-08-17;2020-08-19;12;2020-11-11;2300;2700;FR0126310202;6525;2694;2,42;0;2694;-0,00571;3 mois
2020-08-17;2020-08-19;21;2021-01-13;1000;1400;FR0126310251;4430;1397;3,17;33;1430;-0,00602;6 mois
2020-08-17;2020-08-19;51;2021-08-11;1000;1400;FR0126310293;6175;1396;4,42;107;1503;-0,00571;12 mois
2020-08-24;2020-08-26;13;2020-11-25;2000;2400;FR0126310210;6896;2395;2,88;0;2395;-0,00568;3 mois
2020-08-24;2020-08-26;20;2021-01-13;800;1200;FR0126310251;6275;1197;5,24;0;1197;-0,00606;6 mois
2020-08-24;2020-08-26;50;2021-08-11;1400;1800;FR0126310293;5575;1797;3,1;0;1797;-0,00578;12 mois
2020-08-31;2020-09-02;12;2020-11-25;1800;2200;FR0126310210;7115;2199;3,24;0;2199;-0,00568;3 mois
2020-08-31;2020-09-02;23;2021-02-10;1200;1600;FR0126310269;6546;1425;4,59;67;1492;-0,00579;6 mois
2020-08-31;2020-09-02;49;2021-08-11;1300;1700;FR0126310293;5086;1693;3;0;1693;-0,00567;12 mois
2020-09-07;2020-09-09;13;2020-12-09;1900;2300;FR0126310228;6840;2296;2,98;0;2296;-0,00569;3 mois
2020-09-07;2020-09-09;22;2021-02-10;1400;1800;FR0126310269;5130;1794;2,86;0;1794;-0,00577;6 mois
2020-09-07;2020-09-09;48;2021-08-11;1300;1700;FR0126310293;7675;1695;4,53;0;1695;-0,00575;12 mois
2020-09-14;2020-09-16;12;2020-12-09;1800;2200;FR0126310228;7855;2195;3,58;256;2451;-0,00574;3 mois
2020-09-14;2020-09-16;21;2021-02-10;1000;1400;FR0126310269;6135;1394;4,4;36;1430;-0,00576;6 mois
2020-09-14;2020-09-16;51;2021-09-08;1300;1700;FR0126310301;6045;1692;3,57;351;2043;-0,00573;12 mois
2020-09-21;2020-09-23;11;2020-12-09;1900;2300;FR0126310228;6705;2294;2,92;290;2584;-0,00574;3 mois
2020-09-21;2020-09-23;20;2021-02-10;1200;1600;FR0126310269;6795;1596;4,26;305;1901;-0,00583;6 mois
2020-09-21;2020-09-23;50;2021-09-08;1600;2000;FR0126310301;6770;1995;3,39;381;2376;-0,00581;12 mois
2020-09-28;2020-09-30;14;2021-01-06;2000;2400;FR0126310244;5290;2220;2,38;0;2220;-0,00648;3 mois
2020-09-28;2020-09-30;23;2021-03-10;1000;1400;FR0126310277;5500;1396;3,94;46;1442;-0,00603;6 mois
2020-09-28;2020-09-30;49;2021-09-08;1600;2000;FR0126310301;5545;1997;2,78;74;2071;-0,00601;12 mois
2020-10-05;2020-10-07;13;2021-01-06;1900;2300;FR0126310244;6590;2285;2,88;163;2448;-0,00636;3 mois
2020-10-05;2020-10-07;22;2021-03-10;1100;1500;FR0126310277;6545;1493;4,38;169;1662;-0,00609;6 mois
2020-10-05;2020-10-07;48;2021-09-08;1500;1900;FR0126310301;5815;1897;3,07;298;2195;-0,00611;12 mois
2020-10-12;2020-10-14;12;2021-01-06;1600;2000;FR0126310244;8070;1995;4,05;238;2233;-0,00656;3 mois
2020-10-12;2020-10-14;21;2021-03-10;1000;1400;FR0126310277;6220;1397;4,45;185;1582;-0,00637;6 mois
2020-10-12;2020-10-14;51;2021-10-06;1500;1900;FR0126461682;5375;1896;2,83;106;2002;-0,00628;12 mois
2020-10-19;2020-10-21;20;2021-03-10;1200;1600;FR0126310277;4675;1597;2,93;0;1597;-0,00678;6 mois
2020-10-19;2020-10-21;13;2021-01-20;2100;2500;FR0126461591;5975;2495;2,39;0;2495;-0,00685;3 mois
2020-10-19;2020-10-21;50;2021-10-06;1000;1400;FR0126461682;4540;1397;3,25;0;1397;-0,00646;12 mois
2020-10-26;2020-10-28;12;2021-01-20;1700;2100;FR0126461591;5455;2096;2,6;49;2145;-0,00673;3 mois
2020-10-26;2020-10-28;23;2021-04-08;1100;1500;FR0126461658;4960;1495;3,32;35;1530;-0,00652;6 mois
2020-10-26;2020-10-28;49;2021-10-06;1300;1700;FR0126461682;4050;1698;2,39;0;1698;-0,00638;12 mois
2020-11-02;2020-11-04;13;2021-02-03;3100;3500;FR0126461609;5825;3497;1,67;0;3497;-0,00676;3 mois
2020-11-02;2020-11-04;22;2021-04-08;1300;1700;FR0126461658;4330;1695;2,55;0;1695;-0,00653;6 mois
2020-11-02;2020-11-04;48;2021-10-06;1100;1500;FR0126461682;3775;1498;2,52;0;1498;-0,00648;12 mois
2020-11-09;2020-11-11;12;2021-02-03;3000;3400;FR0126461609;4510;3400;1,33;0;3400;-0,00635;3 mois
2020-11-09;2020-11-11;21;2021-04-08;1700;2100;FR0126461658;4000;2096;1,91;0;2096;-0,00628;6 mois
2020-11-09;2020-11-11;51;2021-11-04;1600;2000;FR0126461690;5095;1996;2,55;0;1996;-0,00627;12 mois
2020-11-16;2020-11-18;30;2021-06-16;500;1000;FR0126001801;2565;999;2,57;123;1122;-0,00602;6 mois
2020-11-16;2020-11-18;13;2021-02-17;2300;2700;FR0126461617;5900;2693;2,19;397;3090;-0,006;3 mois
2020-11-16;2020-11-18;20;2021-04-08;1400;1800;FR0126461658;4385;1798;2,44;188;1986;-0,00601;6 mois
2020-11-16;2020-11-18;50;2021-11-04;1400;1800;FR0126461690;4535;1797;2,52;360;2157;-0,00598;12 mois
2020-11-23;2020-11-25;12;2021-02-17;3000;3400;FR0126461617;8925;3396;2,63;257;3653;-0,00634;3 mois
2020-11-23;2020-11-25;23;2021-05-05;1600;2000;FR0126461666;5817;1995;2,92;303;2298;-0,00618;6 mois
2020-11-23;2020-11-25;49;2021-11-04;1200;1600;FR0126461690;6314;1595;3,96;345;1940;-0,00616;12 mois
2020-11-30;2020-12-02;13;2021-03-03;3000;3400;FR0126461625;12090;3395;3,56;353;3748;-0,00655;3 mois
2020-11-30;2020-12-02;22;2021-05-05;1400;1800;FR0126461666;6535;1795;3,64;34;1829;-0,00646;6 mois
2020-11-30;2020-12-02;48;2021-11-04;1400;1800;FR0126461690;7220;1796;4,02;133;1929;-0,00647;12 mois
2020-12-07;2020-12-09;12;2021-03-03;2600;3000;FR0126461625;8275;2995;2,76;577;3572;-0,00706;3 mois
2020-12-07;2020-12-09;21;2021-05-05;1100;1500;FR0126461666;6255;1493;4,19;292;1785;-0,00682;6 mois
2020-12-07;2020-12-09;51;2021-12-01;1500;1900;FR0126461708;5095;1896;2,69;352;2248;-0,00676;12 mois
2020-12-14;2020-12-16;11;2021-03-03;1700;2100;FR0126461625;6845;2097;3,26;0;2097;-0,00743;3 mois
2020-12-14;2020-12-16;20;2021-05-05;1100;1500;FR0126461666;4435;1499;2,96;0;1499;-0,00719;6 mois
2020-12-14;2020-12-16;50;2021-12-01;1000;1400;FR0126461708;3954;1398;2,83;0;1398;-0,00692;12 mois
2021-01-04;2021-01-06;23;2021-06-16;1200;1600;FR0126001801;5205;1598;3,26;191;1789;-0,00605;6 mois
2021-01-04;2021-01-06;14;2021-04-14;2400;2800;FR0126461724;6860;2797;2,45;162;2959;-0,0062;3 mois
2021-01-04;2021-01-06;49;2021-12-15;1200;1600;FR0126461815;5525;1599;3,46;297;1896;-0,00602;12 mois
2021-01-11;2021-01-13;22;2021-06-16;1100;1500;FR0126001801;6145;1497;4,1;0;1497;-0,00627;6 mois
2021-01-11;2021-01-13;13;2021-04-14;2300;2700;FR0126461724;10795;2645;4,08;54;2699;-0,00623;3 mois
2021-01-11;2021-01-13;48;2021-12-15;1400;1800;FR0126461815;6010;1792;3,35;0;1792;-0,00632;12 mois
2021-01-18;2021-01-20;45;2021-12-01;300;700;FR0126461708;3847;696;5,53;47;743;-0,00617;12 mois
2021-01-18;2021-01-20;12;2021-04-14;2100;2500;FR0126461724;9580;2493;3,84;344;2837;-0,00625;3 mois
2021-01-18;2021-01-20;23;2021-06-30;1100;1500;FR0126461781;5760;1496;3,85;140;1636;-0,00621;6 mois
2021-01-18;2021-01-20;47;2021-12-15;900;1300;FR0126461815;5105;1296;3,94;0;1296;-0,00614;12 mois
2021-01-25;2021-01-27;13;2021-04-28;2500;2900;FR0126461732;9300;2895;3,21;0;2895;-0,00624;3 mois
2021-01-25;2021-01-27;22;2021-06-30;1000;1400;FR0126461781;6100;1399;4,36;0;1399;-0,00624;6 mois
2021-01-25;2021-01-27;46;2021-12-15;800;1200;FR0126461815;5390;1196;4,51;81;1277;-0,00621;12 mois
2021-02-01;2021-02-03;12;2021-04-28;2100;2500;FR0126461732;9525;2495;3,82;0;2495;-0,00631;3 mois
2021-02-01;2021-02-03;21;2021-06-30;1000;1400;FR0126461781;6275;1394;4,5;31;1425;-0,00627;6 mois
2021-02-01;2021-02-03;51;2022-01-26;1300;1700;FR0126461823;1696;1696;1;15;1711;-0,00642;12 mois
2021-02-08;2021-02-10;13;2021-05-12;2400;2800;FR0126461740;12685;2796;4,54;356;3152;-0,00643;3 mois
2021-02-08;2021-02-10;20;2021-06-30;800;1200;FR0126461781;7615;1196;6,37;0;1196;-0,00635;6 mois
2021-02-08;2021-02-10;50;2022-01-26;1500;1900;FR0126461823;5900;1897;3,11;86;1983;-0,00642;12 mois
2021-02-15;2021-02-17;12;2021-05-12;2900;3300;FR0126461740;6850;3300;2,08;0;3300;-0,00642;3 mois
2021-02-15;2021-02-17;23;2021-07-28;1000;1400;FR0126461799;6105;1396;4,37;0;1396;-0,00635;6 mois
2021-02-15;2021-02-17;49;2022-01-26;1200;1600;FR0126461823;5225;1598;3,27;0;1598;-0,00637;12 mois
2021-02-22;2021-02-24;40;2021-12-01;100;500;FR0126461708;2535;485;5,23;0;485;-0,00622;12 mois
2021-02-22;2021-02-24;13;2021-05-27;2200;2600;FR0126461757;6850;2596;2,64;0;2596;-0,00617;3 mois
2021-02-22;2021-02-24;22;2021-07-28;1100;1500;FR0126461799;5200;1400;3,71;0;1400;-0,00616;6 mois
2021-02-22;2021-02-24;48;2022-01-26;1000;1400;FR0126461823;4255;1392;3,06;0;1392;-0,00614;12 mois
2021-03-01;2021-03-03;35;2021-11-04;100;500;FR0126461690;3225;499;6,46;84;583;-0,00605;12 mois
2021-03-01;2021-03-03;12;2021-05-27;2200;2600;FR0126461757;7900;2599;3,04;523;3122;-0,00606;3 mois
2021-03-01;2021-03-03;21;2021-07-28;1100;1500;FR0126461799;5900;1494;3,95;284;1778;-0,00603;6 mois
2021-03-01;2021-03-03;51;2022-02-23;1000;1400;FR0126461831;4935;1397;3,53;284;1681;-0,0059;12 mois
2021-03-08;2021-03-10;13;2021-06-09;2900;3300;FR0126461765;9300;3293;2,82;0;3293;-0,00621;3 mois
2021-03-08;2021-03-10;20;2021-07-28;1100;1500;FR0126461799;7275;1494;4,87;0;1494;-0,00619;6 mois
2021-03-08;2021-03-10;50;2022-02-23;1000;1400;FR0126461831;6105;1395;4,38;0;1395;-0,0061;12 mois
2021-03-15;2021-03-17;12;2021-06-09;2400;2800;FR0126461765;8125;2797;2,9;0;2797;-0,00607;3 mois
2021-03-15;2021-03-17;23;2021-08-25;1100;1500;FR0126461807;6700;1493;4,49;43;1536;-0,00604;6 mois
2021-03-15;2021-03-17;39;2021-12-15;100;500;FR0126461815;4470;497;8,99;0;497;-0,00606;12 mois
2021-03-15;2021-03-17;49;2022-02-23;1000;1400;FR0126461831;7310;1392;5,25;233;1625;-0,00605;12 mois
2021-03-22;2021-03-24;28;2021-10-06;100;500;FR0126461682;4435;497;8,92;17;514;-0,00615;6 mois
2021-03-22;2021-03-24;13;2021-06-23;2200;2600;FR0126461773;9200;2594;3,55;41;2635;-0,00619;3 mois
2021-03-22;2021-03-24;22;2021-08-25;900;1300;FR0126461807;6950;1297;5,36;21;1318;-0,0062;6 mois
2021-03-22;2021-03-24;48;2022-02-23;1400;1800;FR0126461831;8450;1796;4,7;131;1927;-0,00625;12 mois
2021-03-29;2021-03-31;12;2021-06-23;2100;2500;FR0126461773;9105;2497;3,65;0;2497;-0,00629;3 mois
2021-03-29;2021-03-31;21;2021-08-25;1200;1600;FR0126461807;7720;1495;5,16;0;1495;-0,00627;6 mois
2021-03-29;2021-03-31;51;2022-03-23;1500;1900;FR0126461849;8595;1897;4,53;90;1987;-0,0063;12 mois
2021-04-06;2021-04-08;20;2021-08-25;1200;1600;FR0126461807;7360;1596;4,61;37;1633;-0,00621;6 mois
2021-04-06;2021-04-08;50;2022-03-23;1600;2000;FR0126461849;5325;1993;2,67;120;2113;-0,00632;12 mois
2021-04-06;2021-04-08;13;2021-07-07;2200;2600;FR0126750688;8625;2595;3,32;0;2595;-0,00625;3 mois
2021-04-12;2021-04-14;45;2022-02-23;100;500;FR0126461831;4460;498;8,96;0;498;-0,00634;12 mois
2021-04-12;2021-04-14;49;2022-03-23;1300;1700;FR0126461849;6905;1694;4,08;0;1694;-0,00629;12 mois
2021-04-12;2021-04-14;12;2021-07-07;2100;2500;FR0126750688;9320;2495;3,74;0;2495;-0,0063;3 mois
2021-04-12;2021-04-14;23;2021-09-22;1400;1800;FR0126750746;7340;1798;4,08;0;1798;-0,00633;6 mois
2021-04-19;2021-04-21;48;2022-03-23;1500;1900;FR0126461849;6095;1896;3,21;0;1896;-0,00618;12 mois
2021-04-19;2021-04-21;13;2021-07-21;2500;2900;FR0126750696;8890;2898;3,07;0;2898;-0,0063;3 mois
2021-04-19;2021-04-21;22;2021-09-22;1300;1700;FR0126750746;6930;1695;4,09;0;1695;-0,00622;6 mois
2021-04-26;2021-04-28;39;2022-01-26;100;500;FR0126461823;4675;499;9,37;10;509;-0,00637;12 mois
2021-04-26;2021-04-28;12;2021-07-21;2400;2800;FR0126750696;9243;2794;3,31;0;2794;-0,00627;3 mois
2021-04-26;2021-04-28;21;2021-09-22;1400;1800;FR0126750746;7708;1795;4,29;0;1795;-0,00629;6 mois
2021-04-26;2021-04-28;51;2022-04-21;1300;1700;FR0126750787;5882;1695;3,47;0;1695;-0,00623;12 mois
2021-05-03;2021-05-05;13;2021-08-04;2400;2800;FR0126750704;8700;2796;3,11;0;2796;-0,0063;3 mois
2021-05-03;2021-05-05;20;2021-09-22;1300;1700;FR0126750746;6395;1694;3,78;0;1694;-0,00627;6 mois
2021-05-03;2021-05-05;50;2022-04-21;1700;2100;FR0126750787;5850;2095;2,79;0;2095;-0,00619;12 mois
2021-05-10;2021-05-12;12;2021-08-04;2300;2700;FR0126750704;9150;2650;3,45;0;2650;-0,00636;3 mois
2021-05-10;2021-05-12;23;2021-10-20;1300;1700;FR0126750761;8050;1695;4,75;0;1695;-0,00638;6 mois
2021-05-10;2021-05-12;49;2022-04-21;1700;2100;FR0126750787;7195;2095;3,43;0;2095;-0,00628;12 mois
2021-05-17;2021-05-19;13;2021-08-18;2200;2600;FR0126750712;10645;2595;4,1;26;2621;-0,00626;3 mois
2021-05-17;2021-05-19;22;2021-10-20;1400;1800;FR0126750761;7990;1796;4,45;212;2008;-0,0063;6 mois
2021-05-17;2021-05-19;48;2022-04-21;1700;2100;FR0126750787;8425;2095;4,02;348;2443;-0,00626;12 mois
2021-05-25;2021-05-27;12;2021-08-18;2100;2500;FR0126750712;9870;2497;3,95;108;2605;-0,00629;3 mois
2021-05-25;2021-05-27;21;2021-10-20;1400;1800;FR0126750761;7876;1794;4,39;356;2150;-0,00635;6 mois
2021-05-25;2021-05-27;51;2022-05-18;1800;2200;FR0126750795;7814;2195;3,56;413;2608;-0,00632;12 mois
2021-05-31;2021-06-02;13;2021-09-01;2100;2500;FR0126750720;11225;2495;4,5;156;2651;-0,00633;3 mois
2021-05-31;2021-06-02;20;2021-10-20;1300;1700;FR0126750761;8561;1696;5,05;214;1910;-0,00645;6 mois
2021-05-31;2021-06-02;50;2022-05-18;1900;2300;FR0126750795;8859;2297;3,86;292;2589;-0,00641;12 mois
2021-06-07;2021-06-09;12;2021-09-01;2100;2500;FR0126750720;13215;2496;5,29;347;2843;-0,00643;3 mois
2021-06-07;2021-06-09;23;2021-11-17;1400;1800;FR0126750779;8730;1795;4,86;103;1898;-0,00641;6 mois
2021-06-07;2021-06-09;49;2022-05-18;1800;2200;FR0126750795;7276;2197;3,31;66;2263;-0,00636;12 mois
2021-06-14;2021-06-16;40;2022-03-23;0;400;FR0126461849;4570;397;11,51;12;409;-0,00646;12 mois
2021-06-14;2021-06-16;13;2021-09-15;2400;2800;FR0126750738;13655;2797;4,88;0;2797;-0,00656;3 mois
2021-06-14;2021-06-16;22;2021-11-17;1300;1700;FR0126750779;7870;1693;4,65;0;1693;-0,00649;6 mois
2021-06-14;2021-06-16;48;2022-05-18;1200;1600;FR0126750795;7955;1597;4,98;0;1597;-0,00647;12 mois
2021-06-21;2021-06-23;12;2021-09-15;2700;3100;FR0126750738;9625;3100;3,1;0;3100;-0,00646;3 mois
2021-06-21;2021-06-23;21;2021-11-17;1300;1700;FR0126750779;6200;1691;3,67;0;1691;-0,00646;6 mois
2021-06-21;2021-06-23;51;2022-06-15;1300;1700;FR0126750803;6990;1699;4,11;0;1699;-0,00646;12 mois
2021-06-28;2021-06-30;13;2021-09-29;2200;2600;FR0126750753;8920;2595;3,44;0;2595;-0,00651;3 mois
2021-06-28;2021-06-30;20;2021-11-17;1200;1600;FR0126750779;7410;1595;4,65;0;1595;-0,0065;6 mois
2021-06-28;2021-06-30;50;2022-06-15;1400;1800;FR0126750803;6365;1798;3,54;0;1798;-0,00648;12 mois
2021-07-05;2021-07-07;23;2021-12-15;1200;1600;FR0126461815;5375;1598;3,36;0;1598;-0,00643;6 mois
2021-07-05;2021-07-07;12;2021-09-29;2100;2500;FR0126750753;7525;2425;3,1;0;2425;-0,00648;3 mois
2021-07-05;2021-07-07;15;2021-10-20;100;500;FR0126750761;3815;499;7,65;33;532;-0,00664;3 mois
2021-07-05;2021-07-07;49;2022-06-15;1300;1700;FR0126750803;5755;1696;3,39;0;1696;-0,0064;12 mois
2021-07-12;2021-07-14;22;2021-12-15;1200;1600;FR0126461815;5805;1597;3,63;0;1597;-0,00641;6 mois
2021-07-12;2021-07-14;48;2022-06-15;1400;1800;FR0126750803;5665;1795;3,16;0;1795;-0,00637;12 mois
2021-07-12;2021-07-14;13;2021-10-13;2500;2900;FR0126893470;10940;2893;3,78;0;2893;-0,00647;3 mois
2021-07-19;2021-07-21;21;2021-12-15;900;1300;FR0126461815;4815;1297;3,71;0;1297;-0,0064;6 mois
2021-07-19;2021-07-21;12;2021-10-13;2600;3000;FR0126893470;9750;2875;3,39;0;2875;-0,00651;3 mois
2021-07-19;2021-07-21;51;2022-07-13;1600;2000;FR0126893561;5275;1997;2,64;0;1997;-0,00638;12 mois
2021-07-26;2021-07-28;20;2021-12-15;400;800;FR0126461815;2190;796;2,75;0;796;-0,00642;6 mois
2021-07-26;2021-07-28;16;2021-11-17;400;800;FR0126750779;1788;799;2,24;0;799;-0,00684;6 mois
2021-07-26;2021-07-28;13;2021-10-27;2400;2800;FR0126893488;6680;2794;2,39;0;2794;-0,00646;3 mois
2021-07-26;2021-07-28;50;2022-07-13;1200;1600;FR0126893561;4720;1520;3,11;22;1542;-0,00641;12 mois
2021-08-02;2021-08-04;12;2021-10-27;2300;2700;FR0126893488;6545;2696;2,43;306;3002;-0,00646;3 mois
2021-08-02;2021-08-04;23;2022-01-12;1300;1700;FR0126893538;4270;1697;2,52;0;1697;-0,0068;6 mois
2021-08-02;2021-08-04;49;2022-07-13;1200;1600;FR0126893561;4080;1595;2,56;26;1621;-0,00642;12 mois
2021-08-09;2021-08-11;13;2021-11-10;2200;2600;FR0126893496;8010;2594;3,09;0;2594;-0,00648;3 mois
2021-08-09;2021-08-11;22;2022-01-12;900;1300;FR0126893538;4815;1265;3,81;0;1265;-0,00673;6 mois
2021-08-09;2021-08-11;48;2022-07-13;900;1300;FR0126893561;6415;1295;4,95;0;1295;-0,00645;12 mois
2021-08-16;2021-08-18;12;2021-11-10;2100;2500;FR0126893496;8425;2495;3,38;13;2508;-0,00648;3 mois
2021-08-16;2021-08-18;21;2022-01-12;700;1100;FR0126893538;5650;1095;5,16;18;1113;-0,00672;6 mois
2021-08-16;2021-08-18;51;2022-08-10;1000;1400;FR0126893579;6520;1397;4,67;0;1397;-0,00648;12 mois
2021-08-23;2021-08-25;30;2022-03-23;0;400;FR0126461849;4100;397;10,33;26;423;-0,00691;6 mois
2021-08-23;2021-08-25;13;2021-11-24;2100;2500;FR0126893504;8285;2493;3,32;0;2493;-0,00649;3 mois
2021-08-23;2021-08-25;20;2022-01-12;1000;1400;FR0126893538;6450;1399;4,61;115;1514;-0,00682;6 mois
2021-08-23;2021-08-25;50;2022-08-10;800;1200;FR0126893579;5765;1198;4,81;201;1399;-0,00651;12 mois
2021-08-30;2021-09-01;12;2021-11-24;2100;2500;FR0126893504;9200;2492;3,69;0;2492;-0,00648;3 mois
2021-08-30;2021-09-01;23;2022-02-09;1300;1700;FR0126893546;5790;1692;3,42;84;1776;-0,00665;6 mois
2021-08-30;2021-09-01;49;2022-08-10;1400;1800;FR0126893579;6025;1795;3,36;0;1795;-0,00653;12 mois
2021-09-06;2021-09-08;13;2021-12-08;2600;3000;FR0126893512;9625;2991;3,22;0;2991;-0,00652;3 mois
2021-09-06;2021-09-08;22;2022-02-09;1300;1700;FR0126893546;5985;1692;3,54;0;1692;-0,00668;6 mois
2021-09-06;2021-09-08;48;2022-08-10;1400;1800;FR0126893579;6150;1799;3,42;0;1799;-0,00655;12 mois
2021-09-13;2021-09-15;12;2021-12-08;2600;3000;FR0126893512;11840;2997;3,95;236;3233;-0,00651;3 mois
2021-09-13;2021-09-15;21;2022-02-09;1500;1900;FR0126893546;8340;1840;4,53;338;2178;-0,00675;6 mois
2021-09-13;2021-09-15;51;2022-09-07;1500;1900;FR0126893587;5785;1897;3,05;118;2015;-0,00649;12 mois
2021-09-20;2021-09-22;11;2021-12-08;2500;2900;FR0126893512;7740;2890;2,68;0;2890;-0,00652;3 mois
2021-09-20;2021-09-22;20;2022-02-09;1800;2200;FR0126893546;7075;2125;3,33;0;2125;-0,00681;6 mois
2021-09-20;2021-09-22;50;2022-09-07;1400;1800;FR0126893587;7725;1798;4,3;0;1798;-0,00657;12 mois
2021-09-27;2021-09-29;14;2022-01-05;2600;3000;FR0126893520;9100;2996;3,04;421;3417;-0,00739;3 mois
2021-09-27;2021-09-29;49;2022-09-07;1300;1700;FR0126893587;5485;1697;3,23;70;1767;-0,0065;12 mois
2021-09-27;2021-09-29;23;2022-03-09;1800;2200;FR0126893595;5220;2196;2,38;110;2306;-0,00677;6 mois
2021-10-04;2021-10-06;13;2022-01-05;3000;3400;FR0126893520;9340;3399;2,75;0;3399;-0,00756;3 mois
2021-10-04;2021-10-06;48;2022-09-07;1100;1500;FR0126893587;5510;1496;3,68;46;1542;-0,00648;12 mois
2021-10-04;2021-10-06;22;2022-03-09;1500;1900;FR0126893595;6310;1897;3,33;0;1897;-0,00679;6 mois
2021-10-11;2021-10-13;12;2022-01-05;2600;3000;FR0126893520;11300;2995;3,77;0;2995;-0,0074;3 mois
2021-10-11;2021-10-13;21;2022-03-09;1500;1900;FR0126893595;5550;1894;2,93;0;1894;-0,00675;6 mois
2021-10-11;2021-10-13;51;2022-10-05;1500;1900;FR0126893694;6175;1750;3,53;0;1750;-0,00641;12 mois
2021-10-18;2021-10-20;20;2022-03-09;1600;2000;FR0126893595;5100;1998;2,55;106;2104;-0,00667;6 mois
2021-10-18;2021-10-20;13;2022-01-19;2700;3100;FR0126893603;6860;3100;2,21;0;3100;-0,00732;3 mois
2021-10-18;2021-10-20;50;2022-10-05;1300;1700;FR0126893694;4785;1635;2,93;0;1635;-0,00629;12 mois
2021-10-25;2021-10-27;12;2022-01-19;2600;3000;FR0126893603;9100;2950;3,08;500;3450;-0,00736;3 mois
2021-10-25;2021-10-27;23;2022-04-06;1600;2000;FR0126893660;7680;1993;3,85;198;2191;-0,00685;6 mois
2021-10-25;2021-10-27;49;2022-10-05;1200;1600;FR0126893694;5475;1596;3,43;183;1779;-0,00636;12 mois
2021-11-02;2021-11-04;13;2022-02-02;2700;3100;FR0126893611;10300;3094;3,33;198;3292;-0,00772;3 mois
2021-11-02;2021-11-04;22;2022-04-06;1500;1900;FR0126893660;7515;1896;3,96;0;1896;-0,00684;6 mois
2021-11-02;2021-11-04;48;2022-10-05;900;1300;FR0126893694;6915;1297;5,33;90;1387;-0,00651;12 mois
2021-11-08;2021-11-10;12;2022-02-02;2600;3000;FR0126893611;8900;2997;2,97;614;3611;-0,00782;3 mois
2021-11-08;2021-11-10;21;2022-04-06;1500;1900;FR0126893660;6540;1896;3,45;360;2256;-0,00711;6 mois
2021-11-08;2021-11-10;51;2022-11-02;1000;1400;FR0126893702;6915;1396;4,95;295;1691;-0,00675;12 mois
2021-11-15;2021-11-17;13;2022-02-16;2600;3000;FR0126893629;9720;2998;3,24;625;3623;-0,00863;3 mois
2021-11-15;2021-11-17;20;2022-04-06;1400;1800;FR0126893660;6105;1794;3,4;78;1872;-0,008;6 mois
2021-11-15;2021-11-17;50;2022-11-02;1000;1400;FR0126893702;5185;1397;3,71;0;1397;-0,00754;12 mois
2021-11-22;2021-11-24;12;2022-02-16;2500;2900;FR0126893629;10140;2896;3,5;379;3275;-0,00959;3 mois
2021-11-22;2021-11-24;23;2022-05-04;1200;1600;FR0126893678;5560;1597;3,48;310;1907;-0,00847;6 mois
2021-11-22;2021-11-24;49;2022-11-02;700;1100;FR0126893702;5290;1098;4,82;0;1098;-0,00754;12 mois
2021-11-29;2021-12-01;13;2022-03-02;2400;2800;FR0126893637;5715;2795;2,04;0;2795;-0,00949;3 mois
2021-11-29;2021-12-01;22;2022-05-04;1100;1500;FR0126893678;5265;1445;3,64;59;1504;-0,00863;6 mois
2021-11-29;2021-12-01;48;2022-11-02;800;1200;FR0126893702;4900;1197;4,09;210;1407;-0,00771;12 mois
2021-12-06;2021-12-08;12;2022-03-02;1800;2200;FR0126893637;6110;2198;2,78;300;2498;-0,00893;3 mois
2021-12-06;2021-12-08;21;2022-05-04;800;1200;FR0126893678;4295;1197;3,59;0;1197;-0,00824;6 mois
2021-12-06;2021-12-08;47;2022-11-02;0;400;FR0126893702;2500;400;6,25;38;468;-0,0084;12 mois
2021-12-06;2021-12-08;51;2022-11-30;800;1200;FR0126893710;3830;1192;3,21;0;1192;-0,00792;12 mois
2021-12-13;2021-12-15;13;2022-03-16;2300;2700;FR0126893645;3743;2348;1,59;0;2348;-0,00764;3 mois
2021-12-13;2021-12-15;20;2022-05-04;600;1000;FR0126893678;3929;999;3,93;179;1178;-0,00675;6 mois
2021-12-13;2021-12-15;50;2022-11-30;600;1000;FR0126893710;2833;998;2,84;61;1059;-0,00644;12 mois
2022-01-03;2022-01-05;10;2022-03-16;2100;2500;FR0126893645;6748;2497;2,7;0;2497;-0,00667;3 mois
2022-01-03;2022-01-05;21;2022-06-01;1100;1500;FR0126893686;5100;1498;3,4;0;1498;-0,0064;6 mois
2022-01-03;2022-01-05;52;2023-01-04;1100;1500;FR0127034694;4626;1492;3,1;16;1508;-0,00635;12 mois
2022-01-10;2022-01-12;20;2022-06-01;1200;1600;FR0126893686;6238;1596;3,91;241;1837;-0,00624;6 mois
2022-01-10;2022-01-12;13;2022-04-13;2200;2600;FR0127034603;6648;2573;2,58;50;2623;-0,00633;3 mois
2022-01-10;2022-01-12;51;2023-01-04;1300;1700;FR0127034694;4721;1695;2,79;340;2035;-0,00621;12 mois
2022-01-17;2022-01-19;12;2022-04-13;2300;2700;FR0127034603;12561;2695;4,66;192;2887;-0,0065;3 mois
2022-01-17;2022-01-19;23;2022-06-29;1100;1500;FR0127034660;6960;1495;4,66;100;1595;-0,00646;6 mois
2022-01-17;2022-01-19;50;2023-01-04;1200;1600;FR0127034694;6314;1596;3,96;264;1860;-0,00632;12 mois
2022-01-24;2022-01-26;13;2022-04-27;2100;2500;FR0127034611;13335;2498;5,34;210;2708;-0,00672;3 mois
2022-01-24;2022-01-26;22;2022-06-29;1100;1500;FR0127034660;9345;1497;6,24;118;1615;-0,0067;6 mois
2022-01-31;2022-02-02;12;2022-04-27;2200;2600;FR0127034611;11508;2590;4,44;212;2802;-0,00671;3 mois
2022-01-31;2022-02-02;21;2022-06-29;1000;1400;FR0127034660;8312;1398;5,95;0;1398;-0,0066;6 mois
2022-01-31;2022-02-02;51;2023-01-25;1000;1400;FR0127034702;5217;1398;3,73;0;1398;-0,00643;12 mois
2022-02-07;2022-02-09;13;2022-05-11;2400;2800;FR0127034629;7159;2797;2,56;335;3132;-0,00654;3 mois
2022-02-07;2022-02-09;20;2022-06-29;1100;1500;FR0127034660;6220;1496;4,16;156;1652;-0,00627;6 mois
2022-02-07;2022-02-09;50;2023-01-25;900;1300;FR0127034702;5234;1296;4,04;302;1598;-0,0047;12 mois
2022-02-14;2022-02-16;12;2022-05-11;2600;3000;FR0127034629;9565;2997;3,19;363;3360;-0,00705;3 mois
2022-02-14;2022-02-16;23;2022-07-27;1300;1700;FR0127034678;6411;1693;3,79;180;1873;-0,00677;6 mois
2022-02-14;2022-02-16;49;2023-01-25;800;1200;FR0127034702;5411;1197;4,52;168;1365;-0,00557;12 mois
2022-02-21;2022-02-23;13;2022-05-25;2300;2700;FR0127034637;8391;2698;3,11;0;2698;-0,00685;3 mois
2022-02-21;2022-02-23;22;2022-07-27;1300;1700;FR0127034678;7436;1696;4,38;0;1696;-0,00678;6 mois
2022-02-21;2022-02-23;48;2023-01-25;1100;1500;FR0127034702;6420;1495;4,29;109;1604;-0,00586;12 mois
2022-02-28;2022-03-02;12;2022-05-25;2400;2800;FR0127034637;9699;2796;3,47;521;3317;-0,00745;3 mois
2022-02-28;2022-03-02;21;2022-07-27;1200;1600;FR0127034678;4953;1528;3,24;315;1843;-0,00702;6 mois
2022-02-28;2022-03-02;51;2023-02-22;1000;1400;FR0127034710;5112;1398;3,66;332;1730;-0,00605;12 mois
2022-03-07;2022-03-09;30;2022-10-05;0;400;FR0126893694;1855;399;4,65;76;475;-0,00721;6 mois
2022-03-07;2022-03-09;13;2022-06-09;2700;3100;FR0127034645;8420;3097;2,72;563;3660;-0,00755;3 mois
2022-03-07;2022-03-09;20;2022-07-27;600;1000;FR0127034678;4291;997;4,3;143;1140;-0,0074;6 mois
2022-03-07;2022-03-09;50;2023-02-22;800;1200;FR0127034710;4427;1199;3,69;237;1436;-0,0064;12 mois
2022-03-14;2022-03-16;12;2022-06-09;2500;2900;FR0127034645;8197;2898;2,83;0;2898;-0,00722;3 mois
2022-03-14;2022-03-16;23;2022-08-24;1300;1700;FR0127034686;4236;1697;2,5;0;1697;-0,00706;6 mois
2022-03-14;2022-03-16;49;2023-02-22;700;1100;FR0127034710;3913;1097;3,57;190;1287;-0,00563;12 mois
2022-03-21;2022-03-23;20;2022-08-10;0;400;FR0126893579;1829;399;4,58;16;415;-0,00667;6 mois
2022-03-21;2022-03-23;13;2022-06-22;2600;3000;FR0127034652;5515;2997;1,84;186;3183;-0,00661;3 mois
2022-03-21;2022-03-23;22;2022-08-24;600;1000;FR0127034686;3209;999;3,21;129;1128;-0,00625;6 mois
2022-03-21;2022-03-23;48;2023-02-22;1000;1400;FR0127034710;4618;1396;3,31;201;1597;-0,00561;12 mois
2022-03-28;2022-03-30;35;2022-11-30;0;400;FR0126893710;1524;400;3,81;0;400;-0,00578;12 mois
2022-03-28;2022-03-30;12;2022-06-22;2500;2900;FR0127034652;6587;2896;2,27;0;2896;-0,0065;3 mois
2022-03-28;2022-03-30;21;2022-08-24;800;1200;FR0127034686;4156;1199;3,47;0;1199;-0,00616;6 mois
2022-03-28;2022-03-30;51;2023-03-22;900;1300;FR0127034728;3764;1298;2,9;0;1298;-0,00472;12 mois
2022-04-04;2022-04-06;22;2022-09-07;0;400;FR0126893587;2500;399;6,27;78;477;-0,00652;6 mois
2022-04-04;2022-04-06;20;2022-08-24;600;1000;FR0127034686;5890;925;6,37;20;945;-0,00616;6 mois
2022-04-04;2022-04-06;50;2023-03-22;600;1000;FR0127034728;4285;997;4,3;0;997;-0,0041;12 mois
2022-04-04;2022-04-06;13;2022-07-06;2600;3000;FR0127176404;9960;2994;3,33;159;3153;-0,00649;3 mois
2022-04-11;2022-04-13;49;2023-03-22;400;800;FR0127034728;4664;799;5,84;93;892;-0,0032;12 mois
2022-04-11;2022-04-13;12;2022-07-06;2700;3100;FR0127176404;8550;3092;2,77;482;3574;-0,00664;3 mois
2022-04-11;2022-04-13;23;2022-09-21;1000;1400;FR0127176461;4681;1395;3,36;40;1435;-0,00579;6 mois
2022-04-19;2022-04-21;48;2023-03-22;600;1000;FR0127034728;4055;998;4,06;228;1226;-0,00291;12 mois
2022-04-19;2022-04-21;13;2022-07-20;2900;3300;FR0127176412;8314;3297;2,52;314;3611;-0,00653;3 mois
2022-04-19;2022-04-21;22;2022-09-21;800;1200;FR0127176461;4608;1198;3,85;154;1352;-0,00561;6 mois
2022-04-25;2022-04-27;51;2023-04-19;800;1200;FR0127176370;4881;1175;4,15;267;1442;-0,00156;12 mois
2022-04-25;2022-04-27;12;2022-07-20;2800;3200;FR0127176412;11156;3195;3,49;0;3195;-0,00669;3 mois
2022-04-25;2022-04-27;21;2022-09-21;800;1200;FR0127176461;5903;1197;4,93;0;1197;-0,00541;6 mois
2022-05-02;2022-05-04;26;2022-11-02;0;400;FR0126893702;1725;399;4,32;0;399;-0,00519;6 mois
2022-05-02;2022-05-04;50;2023-04-19;700;1100;FR0127176370;4453;1065;4,18;133;1198;-0,00167;12 mois
2022-05-02;2022-05-04;13;2022-08-03;2800;3200;FR0127176420;8226;3193;2,58;0;3193;-0,00652;3 mois
2022-05-02;2022-05-04;20;2022-09-21;500;900;FR0127176461;5432;900;6,04;9;909;-0,00547;6 mois
2022-05-09;2022-05-11;45;2023-03-22;100;500;FR0127034728;3105;498;6,23;64;562;-0,00205;12 mois
2022-05-09;2022-05-11;49;2023-04-19;500;900;FR0127176370;3867;900;4,3;111;1011;-0,0012;12 mois
2022-05-09;2022-05-11;12;2022-08-03;2400;2800;FR0127176420;7574;2798;2,71;197;2995;-0,00631;3 mois
2022-05-09;2022-05-11;23;2022-10-19;1000;1400;FR0127176487;4262;1398;3,05;72;1470;-0,00477;6 mois
2022-05-16;2022-05-18;48;2023-04-19;800;1200;FR0127176370;3366;1200;2,81;0;1200;-0,00147;12 mois
2022-05-16;2022-05-18;13;2022-08-17;2600;3000;FR0127176438;7660;2994;2,56;0;2994;-0,00628;3 mois
2022-05-16;2022-05-18;22;2022-10-19;1000;1400;FR0127176487;3737;1397;2,68;0;1397;-0,00471;6 mois
2022-05-23;2022-05-25;12;2022-08-17;3000;3400;FR0127176438;8445;3396;2,49;147;3543;-0,00603;3 mois
2022-05-23;2022-05-25;21;2022-10-19;800;1200;FR0127176487;4155;1198;3,47;194;1392;-0,004;6 mois
2022-05-30;2022-06-01;50;2023-05-17;600;1000;FR0127176388;4165;998;4,17;0;998;0,00092;12 mois
2022-05-30;2022-06-01;13;2022-08-31;2800;3200;FR0127176446;7766;3194;2,43;0;3194;-0,00561;3 mois
2022-05-30;2022-06-01;20;2022-10-19;1000;1400;FR0127176487;4122;1398;2,95;0;1398;-0,00432;6 mois
2022-06-07;2022-06-09;49;2023-05-17;500;900;FR0127176388;3742;899;4,16;0;899;0,00239;12 mois
2022-06-07;2022-06-09;12;2022-08-31;3100;3500;FR0127176446;11040;3498;3,16;197;3695;-0,00555;3 mois
2022-06-07;2022-06-09;23;2022-11-16;1100;1500;FR0127176495;4266;1497;2,85;0;1497;-0,00295;6 mois
2022-06-13;2022-06-15;48;2023-05-17;500;900;FR0127176388;3517;899;3,91;0;899;0,00531;12 mois
2022-06-13;2022-06-15;13;2022-09-14;3200;3600;FR0127176453;6198;3599;1,72;0;3599;-0,00457;3 mois
2022-06-13;2022-06-15;22;2022-11-16;1000;1400;FR0127176495;4162;1399;2,97;0;1399;-0,00178;6 mois
2022-06-20;2022-06-22;39;2023-03-22;100;500;FR0127034728;3243;499;6,5;70;569;0,00309;12 mois
2022-06-20;2022-06-22;51;2023-06-14;700;1100;FR0127176396;4130;1099;3,76;218;1317;0,00708;12 mois
2022-06-20;2022-06-22;12;2022-09-14;2700;3100;FR0127176453;7108;3099;2,29;64;3163;-0,00465;3 mois
2022-06-20;2022-06-22;21;2022-11-16;900;1300;FR0127176495;5429;1298;4,18;94;1392;-0,00096;6 mois
2022-06-27;2022-06-29;46;2023-05-17;400;800;FR0127176388;3625;797;4,55;121;918;0,00464;12 mois
2022-06-27;2022-06-29;50;2023-06-14;500;900;FR0127176396;3542;899;3,94;0;899;0,00609;12 mois
2022-06-27;2022-06-29;13;2022-09-28;2600;3000;FR0127176479;6425;2997;2,14;15;3012;-0,00392;3 mois
2022-06-27;2022-06-29;20;2022-11-16;600;1000;FR0127176495;4810;996;4,83;0;996;-0,00163;6 mois
2022-07-04;2022-07-06;33;2023-02-22;400;800;FR0127034710;3700;798;4,64;57;855;0,00028;12 mois
2022-07-04;2022-07-06;49;2023-06-14;800;1200;FR0127176396;5497;1197;4,59;270;1467;0,00453;12 mois
2022-07-04;2022-07-06;12;2022-09-28;2400;2800;FR0127176479;7249;2799;2,59;36;2835;-0,00378;3 mois
2022-07-04;2022-07-06;23;2022-12-14;900;1300;FR0127316976;5114;1296;3,95;188;1484;-0,00021;6 mois
2022-07-11;2022-07-13;40;2023-04-19;200;600;FR0127176370;4290;600;7,15;138;738;0,00219;12 mois
2022-07-11;2022-07-13;48;2023-06-14;800;1200;FR0127176396;6200;1198;5,18;285;1483;0,0045;12 mois
2022-07-11;2022-07-13;13;2022-10-12;2700;3100;FR0127316927;7670;3096;2,48;248;3344;-0,00286;3 mois
2022-07-11;2022-07-13;22;2022-12-14;800;1200;FR0127316976;5400;1198;4,51;267;1465;0,00037;6 mois
2022-07-18;2022-07-20;19;2022-11-30;200;600;FR0126893710;2970;597;4,97;0;597;-0,00014;6 mois
2022-07-18;2022-07-20;12;2022-10-12;2600;3000;FR0127316927;7000;2999;2,33;0;2999;-0,00272;3 mois
2022-07-18;2022-07-20;21;2022-12-14;800;1200;FR0127316976;4281;1199;3,57;0;1199;0,00076;6 mois
2022-07-18;2022-07-20;51;2023-07-12;1100;1500;FR0127317016;6045;1498;4,04;119;1617;0,00545;12 mois
2022-07-25;2022-07-27;13;2022-10-26;2800;3200;FR0127316935;6401;3196;2;32;3228;2e-05;3 mois
2022-07-25;2022-07-27;20;2022-12-14;900;1300;FR0127316976;4183;1297;3,23;19;1316;0,00186;6 mois
2022-07-25;2022-07-27;50;2023-07-12;1400;1800;FR0127317016;5524;1799;3,07;303;2102;0,00457;12 mois
2022-08-01;2022-08-03;12;2022-10-26;2600;3000;FR0127316935;7190;2999;2,4;257;3256;1e-05;3 mois
2022-08-01;2022-08-03;23;2023-01-11;1300;1700;FR0127316984;4986;1666;2,99;422;2088;0,0018;6 mois
2022-08-01;2022-08-03;49;2023-07-12;900;1300;FR0127317016;5139;1299;3,96;121;1420;0,00453;12 mois
2022-08-08;2022-08-10;13;2022-11-09;2300;2700;FR0127316943;9780;2696;3,63;405;3101;0,00053;3 mois
2022-08-08;2022-08-10;22;2023-01-11;1300;1700;FR0127316984;6246;1671;3,74;176;1847;0,00177;6 mois
2022-08-08;2022-08-10;48;2023-07-12;1000;1400;FR0127317016;5092;1397;3,64;0;1397;0,00545;12 mois
2022-08-16;2022-08-18;12;2022-11-09;2300;2700;FR0127316943;8406;2698;3,12;212;2910;0,00019;3 mois
2022-08-16;2022-08-18;21;2023-01-11;1300;1700;FR0127316984;6440;1697;3,79;122;1819;0,00163;6 mois
2022-08-16;2022-08-18;51;2023-08-09;1000;1400;FR0127317024;4943;1400;3,53;28;1428;0,00615;12 mois
2022-08-22;2022-08-24;13;2022-11-23;2400;2800;FR0127316950;9169;2798;3,28;424;3222;0,00058;3 mois
2022-08-22;2022-08-24;20;2023-01-11;1000;1400;FR0127316984;7950;1400;5,68;282;1682;0,00084;6 mois
2022-08-22;2022-08-24;50;2023-08-09;1200;1600;FR0127317024;6423;1598;4,02;302;1900;0,0068;12 mois
2022-08-29;2022-08-31;41;2023-06-14;0;400;FR0127176396;3285;398;8,25;39;437;0,00481;12 mois
2022-08-29;2022-08-31;12;2022-11-23;2400;2700;FR0127316950;8266;2695;3,07;37;2732;-0,00027;3 mois
2022-08-29;2022-08-31;23;2023-02-08;1200;1600;FR0127316992;5833;1585;3,68;0;1585;0,00084;6 mois
2022-08-29;2022-08-31;49;2023-08-09;900;1300;FR0127317024;5110;1298;3,94;0;1298;0,00658;12 mois
2022-09-05;2022-09-07;40;2023-06-14;0;400;FR0127176396;1342;380;3,53;0;380;0,00473;12 mois
2022-09-05;2022-09-07;13;2022-12-07;2600;3000;FR0127316968;6890;3000;2,3;0;3000;0,00039;3 mois
2022-09-05;2022-09-07;22;2023-02-08;900;1300;FR0127316992;4246;1176;3,61;0;1176;0,0016;6 mois
2022-09-05;2022-09-07;48;2023-08-09;900;1300;FR0127317024;4901;1299;3,77;0;1299;0,00746;12 mois
2022-09-12;2022-09-14;12;2022-12-07;2200;2600;FR0127316968;6595;2596;2,54;442;3038;0,00648;3 mois
2022-09-12;2022-09-14;21;2023-02-08;1100;1500;FR0127316992;4360;1425;3,06;245;1670;0,00747;6 mois
2022-09-12;2022-09-14;51;2023-09-06;1100;1500;FR0127317032;3653;1498;2,44;0;1498;0,0145;12 mois
2022-09-19;2022-09-21;11;2022-12-07;2300;2700;FR0127316968;8205;2695;3,04;0;2695;0,00686;3 mois
2022-09-19;2022-09-21;20;2023-02-08;1100;1500;FR0127316992;8875;1498;5,92;31;1529;0,0089;6 mois
2022-09-19;2022-09-21;50;2023-09-06;700;1100;FR0127317032;7375;1085;6,8;17;1102;0,01798;12 mois
2022-09-26;2022-09-28;14;2023-01-04;2500;2900;FR0127034694;5720;2900;1,97;0;2900;0,00681;3 mois
2022-09-26;2022-09-28;23;2023-03-08;1200;1600;FR0127317008;4505;1598;2,82;343;1941;0,01325;6 mois
2022-09-26;2022-09-28;49;2023-09-06;1100;1500;FR0127317032;4065;1465;2,77;0;1465;0,01855;12 mois
2022-10-03;2022-10-05;13;2023-01-04;2400;2800;FR0127034694;6095;2799;2,18;0;2799;0,00646;3 mois
2022-10-03;2022-10-05;22;2023-03-08;1200;1600;FR0127317008;6325;1500;4,22;357;1857;0,01206;6 mois
2022-10-03;2022-10-05;44;2023-08-09;0;400;FR0127317008;3894;400;9,74;102;502;0,01677;12 mois
2022-10-03;2022-10-05;48;2023-09-06;1000;1400;FR0127317032;5480;1398;3,92;335;1733;0,01814;12 mois
2022-10-10;2022-10-12;12;2023-01-04;2000;2400;FR0127034694;4833;2398;2,02;0;2398;0,00781;3 mois
2022-10-10;2022-10-12;21;2023-03-08;1800;1400;FR0127317008;4291;1746;2,46;0;1746;0,01191;6 mois
2022-10-10;2022-10-12;51;2023-10-04;1600;2000;FR0127462895;4350;2000;2,18;0;2000;0,0195;12 mois
2022-10-17;2022-10-19;20;2023-03-08;1000;1400;FR0127317008;4029;1394;2,89;0;1394;0,01313;6 mois
2022-10-17;2022-10-19;13;2023-01-18;2500;2900;FR0127462804;5574;2899;1,92;0;2899;0,00895;3 mois
2022-10-17;2022-10-19;50;2023-10-04;1000;1400;FR0127462895;4319;1398;3,09;0;1398;0,02115;12 mois
2022-10-24;2022-10-26;12;2023-01-18;2200;2600;FR0127462804;5571;2597;2,15;360;2957;0,01;3 mois
2022-10-24;2022-10-26;23;2023-04-05;1100;1500;FR0127462861;3335;1500;2,22;0;1500;0,01579;6 mois
2022-10-24;2022-10-26;49;2023-10-04;1100;1500;FR0127462895;2618;1500;1,75;274;1774;0,02166;12 mois
2022-10-31;2022-11-02;13;2023-02-01;2500;2900;FR0127462812;4875;2825;1,73;0;2825;0,0133;3 mois
2022-10-31;2022-11-02;22;2023-04-05;900;1300;FR0127462861;2770;1298;2,13;0;1298;0,0168;6 mois
2022-10-31;2022-11-02;48;2023-10-04;1000;1400;FR0127462895;2965;1398;2,12;0;1398;0,02145;12 mois
2022-11-07;2022-11-09;39;2023-08-09;100;500;FR0127317024;1285;499;2,58;0;499;0,02129;12 mois
2022-11-07;2022-11-09;12;2023-02-01;2400;2800;FR0127462812;5790;2799;2,07;227;3026;0,01301;3 mois
2022-11-07;2022-11-09;21;2023-04-05;800;1200;FR0127462861;3710;1199;3,09;157;1356;0,01726;6 mois
2022-11-07;2022-11-09;51;2023-11-01;1200;1600;FR0127462903;2555;1597;1,6;0;1597;0,02344;12 mois
2022-11-14;2022-11-16;13;2023-02-15;2700;3100;FR0127462820;8290;3097;2,68;0;3097;0,01431;3 mois
2022-11-14;2022-11-16;20;2023-04-05;1100;1500;FR0127462861;4235;1499;2,83;0;1499;0,01759;6 mois
2022-11-14;2022-11-16;50;2023-11-01;1100;1500;FR0127462903;4455;1498;2,97;230;1728;0,02374;12 mois
2022-11-21;2022-11-23;12;2023-02-15;2800;3200;FR0127462820;5220;3199;1,63;0;3199;0,01341;3 mois
2022-11-21;2022-11-23;23;2023-05-04;1100;1500;FR0127462879;2850;1499;1,9;0;1499;0,01838;6 mois
2022-11-21;2022-11-23;49;2023-11-01;1100;1500;FR0127462903;3525;1475;2,39;0;1475;0,02275;12 mois
2022-11-28;2022-11-30;13;2023-03-01;3100;3500;FR0127462838;7220;3499;2,06;0;3499;0,015;3 mois
2022-11-28;2022-11-30;22;2023-05-04;900;1300;FR0127462879;3840;1300;2,95;56;1356;0,01927;6 mois
2022-11-28;2022-11-30;48;2023-11-01;1100;1500;FR0127462903;3525;1499;2,35;186;1685;0,02346;12 mois
2022-12-05;2022-12-07;12;2023-03-01;2900;3300;FR0127462838;9135;3297;2,77;678;3975;0,01445;3 mois
2022-12-05;2022-12-07;21;2023-05-04;800;1200;FR0127462879;3760;1198;3,14;246;1444;0,01925;6 mois
2022-12-05;2022-12-07;51;2023-11-29;1200;1600;FR0127462911;5740;1595;3,6;330;1925;0,02397;12 mois
2022-12-12;2022-12-14;13;2023-03-15;3100;3500;FR0127462846;3990;3190;1,25;24;3214;0,01693;3 mois
2022-12-12;2022-12-14;20;2023-05-04;700;1100;FR0127462879;3020;1098;2,75;149;1247;0,02011;6 mois
2022-12-12;2022-12-14;50;2023-11-29;800;1200;FR0127462911;2327;1177;1,98;0;1177;0,02426;12 mois
2022-12-19;2022-12-21;34;2023-08-09;100;500;FR0127317024;1015;499;2,03;0;499;0,02352;12 mois
2022-12-19;2022-12-21;12;2023-03-15;1400;1800;FR0127462846;2980;1680;1,77;0;1680;0,01714;3 mois
2022-12-19;2022-12-21;49;2023-11-29;400;800;FR0127462911;2355;799;2,95;0;799;0,02628;12 mois
2023-01-02;2023-01-04;12;2023-03-29;2700;3100;FR0127462853;6645;3099;2,14;0;3099;0,02096;3 mois
2023-01-02;2023-01-04;21;2023-06-01;900;1300;FR0127462887;5740;1298;4,42;239;1537;0,02432;6 mois
2023-01-02;2023-01-04;47;2023-11-29;1200;1600;FR0127462911;5450;1598;3,41;349;1947;0,02824;12 mois
2023-01-09;2023-01-11;20;2023-06-01;1200;1600;FR0127462887;6543;1596;4,1;241;1837;0,02413;6 mois
2023-01-09;2023-01-11;46;2023-11-29;1300;1700;FR0127462911;5900;1697;3,48;223;1920;0,02796;12 mois
2023-01-09;2023-01-11;13;2023-04-13;2600;3000;FR0127613406;7880;2997;2,63;136;3133;0,02164;3 mois
2023-01-16;2023-01-18;21;2023-06-14;0;400;FR0127176396;3040;399;7,62;31;430;0,02437;6 mois
2023-01-16;2023-01-18;12;2023-04-13;2100;2500;FR0127613406;6652;2499;2,66;73;2572;0,02164;3 mois
2023-01-16;2023-01-18;23;2023-06-28;1200;1600;FR0127613463;5588;1598;3,5;359;1957;0,02526;6 mois
2023-01-16;2023-01-18;45;2023-11-29;1400;1800;FR0127613463;5012;1797;2,79;403;2200;0,02822;12 mois
2023-01-23;2023-01-25;44;2023-11-29;1200;1600;FR0127462911;4853;1578;3,08;81;1659;0,02833;12 mois
2023-01-23;2023-01-25;13;2023-04-26;2600;3000;FR0127613414;6625;2998;2,21;0;2998;0,02285;3 mois
2023-01-23;2023-01-25;22;2023-06-28;1300;1700;FR0127613463;6541;1695;3,86;0;1695;0,02536;6 mois
2023-01-30;2023-02-01;12;2023-04-26;2500;2900;FR0127613414;7097;2897;2,45;44;2941;0,0233;3 mois
2023-01-30;2023-02-01;21;2023-06-28;1100;1500;FR0127613463;5775;1498;3,86;155;1653;0,02578;6 mois
2023-01-30;2023-02-01;51;2024-01-24;1600;2000;FR0127613497;5112;2000;2,56;0;2000;0,02875;12 mois
2023-02-06;2023-02-08;13;2023-05-11;2100;2500;FR0127613422;5930;2485;2,39;0;2485;0,02492;3 mois
2023-02-06;2023-02-08;20;2023-06-28;900;1300;FR0127613463;5419;1296;4,18;0;1296;0,02573;6 mois
2023-02-06;2023-02-08;50;2024-01-24;1800;2200;FR0127613497;5120;2198;2,33;0;2198;0,02772;12 mois
2023-02-13;2023-02-15;12;2023-05-11;2400;2800;FR0127613422;8214;2795;2,94;0;2795;0,02556;3 mois
2023-02-13;2023-02-15;23;2023-07-26;1400;1800;FR0127613471;5064;1799;2,81;0;1799;0,02802;6 mois
2023-02-13;2023-02-15;49;2024-01-24;1100;1500;FR0127613497;4215;1498;2,81;0;1498;0,03017;12 mois
2023-02-20;2023-02-22;13;2023-05-24;2400;2800;FR0127613430;8974;2759;3,25;247;3006;0,02693;3 mois
2023-02-20;2023-02-22;22;2023-07-26;1000;1400;FR0127613471;7400;1398;5,29;0;1398;0,02906;6 mois
2023-02-20;2023-02-22;48;2024-01-24;1400;1800;FR0127613497;6004;1759;3,41;0;1759;0,03132;12 mois
2023-02-27;2023-03-01;31;2023-10-04;0;400;FR0127462895;2400;366;6,56;0;366;0,03012;12 mois
2023-02-27;2023-03-01;12;2023-05-24;2300;2700;FR0127613430;5690;2699;2,11;0;2699;0,0269;3 mois
2023-02-27;2023-03-01;21;2023-07-26;1000;1400;FR0127613471;5790;1397;4,14;0;1397;0,02928;6 mois
2023-02-27;2023-03-01;51;2024-02-21;1400;1800;FR0127613505;4071;1799;2,26;0;1799;0,0324;12 mois
2023-03-06;2023-03-08;38;2023-11-29;0;400;FR0127462911;2207;399;5,53;0;399;0,03189;12 mois
2023-03-06;2023-03-08;13;2023-06-07;2200;2600;FR0127613448;6220;2596;2,4;0;2596;0,02825;3 mois
2023-03-06;2023-03-08;20;2023-07-26;1000;1400;FR0127613471;4407;1398;3,15;0;1398;0,03022;6 mois
2023-03-06;2023-03-08;50;2024-02-21;1400;1800;FR0127613505;4280;1770;2,42;0;1770;0,03358;12 mois
2023-03-13;2023-03-15;12;2023-06-07;2300;2700;FR0127613448;7146;2697;2,65;0;2697;0,02665;3 mois
2023-03-13;2023-03-15;23;2023-08-23;1300;1700;FR0127613489;4286;1699;2,52;0;1699;0,02819;6 mois
2023-03-13;2023-03-15;49;2024-02-21;1200;1600;FR0127613505;5513;1599;3,45;0;1599;0,02891;12 mois
2023-03-20;2023-03-22;12;2023-06-14;0;400;FR0127176396;2255;395;5,71;5;400;0,02613;3 mois
2023-03-20;2023-03-22;13;2023-06-21;2100;2500;FR0127613455;4790;2495;1,92;0;2495;0,0273;3 mois
2023-03-20;2023-03-22;22;2023-08-23;1200;1600;FR0127613489;4555;1598;2,85;0;1598;0,02823;6 mois
2023-03-20;2023-03-22;48;2024-02-21;1100;1500;FR0127613505;3750;1500;2,5;0;1500;0,0276;12 mois
2023-03-27;2023-03-29;11;2023-06-14;100;500;FR0127176396;1325;498;2,66;0;498;0,02679;3 mois
2023-03-27;2023-03-29;12;2023-06-21;2300;2700;FR0127613455;5261;2698;1,95;467;3165;0,02804;3 mois
2023-03-27;2023-03-29;21;2023-08-23;1200;1600;FR0127613489;3032;1598;1,9;44;1642;0,02946;6 mois
2023-03-27;2023-03-29;51;2024-03-20;1400;1800;FR0127613513;3155;1797;1,76;171;1968;0,03046;12 mois
2023-04-03;2023-04-05;22;2023-09-06;0;400;FR0127317032;2100;400;5,25;0;400;0,02861;6 mois
2023-04-03;2023-04-05;20;2023-08-23;1100;1500;FR0127613489;5520;1495;3,69;75;1570;0,02969;6 mois
2023-04-03;2023-04-05;50;2024-03-20;1400;1800;FR0127613513;4925;1794;2,75;269;2063;0,03158;12 mois
2023-04-03;2023-04-05;13;2023-07-05;2200;2600;FR0127921098;7880;2599;3,03;372;2971;0,02881;3 mois
2023-04-11;2023-04-13;49;2024-03-20;1300;1700;FR0127613513;5195;1700;3,06;0;1700;0,0317;12 mois
2023-04-11;2023-04-13;12;2023-07-05;2200;2600;FR0127921098;6065;2596;2,34;0;2596;0,02901;3 mois
2023-04-11;2023-04-13;23;2023-09-20;1500;1900;FR0127921155;5685;1898;3;0;1898;0,03093;6 mois
2023-04-17;2023-04-19;48;2024-03-20;1500;1900;FR0127613513;5905;1899;3,11;479;2378;0,03329;12 mois
2023-04-17;2023-04-19;13;2023-07-19;2300;2700;FR0127921106;7531;2696;2,79;529;3225;0,03056;3 mois
2023-04-17;2023-04-19;22;2023-09-20;1300;1700;FR0127921155;6701;1698;3,95;429;2127;0,03194;6 mois
2023-04-24;2023-04-26;51;2024-04-17;1600;2000;FR0127921064;5540;1997;2,77;506;2503;0,03354;12 mois
2023-04-24;2023-04-26;12;2023-07-19;2200;2600;FR0127921106;8875;2594;3,42;324;2918;0,03057;3 mois
2023-04-24;2023-04-26;21;2023-09-20;1500;1900;FR0127921155;7265;1897;3,83;409;2306;0,03216;6 mois
2023-05-02;2023-05-04;50;2024-04-17;1400;1800;FR0127921064;6289;1798;3,5;452;2250;0,03254;12 mois
2023-05-02;2023-05-04;13;2023-08-02;2300;2700;FR0127921114;6625;2697;2,46;0;2697;0,03089;3 mois
2023-05-02;2023-05-04;20;2023-09-20;1300;1700;FR0127921155;6515;1697;3,84;316;2013;0,03204;6 mois
2023-05-09;2023-05-11;49;2024-04-17;1600;2000;FR0127921064;6400;1996;3,21;96;2092;0,03215;12 mois
2023-05-09;2023-05-11;12;2023-08-02;2200;2600;FR0127921114;8645;2596;3,33;30;2626;0,03079;3 mois
2023-05-09;2023-05-11;23;2023-10-18;1300;1700;FR0127921171;6270;1630;3,85;20;1650;0,03205;6 mois
2023-05-15;2023-05-17;28;2023-11-29;100;500;FR0127462911;3050;499;6,11;10;509;0,03128;6 mois
2023-05-15;2023-05-17;48;2024-04-17;1100;1500;FR0127921064;5290;1494;3,54;37;1531;0,03249;12 mois
2023-05-15;2023-05-17;13;2023-08-16;2100;2500;FR0127921122;7615;2494;3,05;449;2943;0,03121;3 mois
2023-05-15;2023-05-17;22;2023-10-18;1400;1800;FR0127921171;4970;1796;2,77;202;1998;0,03214;6 mois
2023-05-22;2023-05-24;51;2024-05-15;1700;2100;FR0127921072;5700;2098;2,72;0;2098;0,03324;12 mois
2023-05-22;2023-05-24;12;2023-08-16;2300;2700;FR0127921122;6175;2692;2,29;40;2732;0,03115;3 mois
2023-05-22;2023-05-24;21;2023-10-18;1400;1800;FR0127921171;4890;1798;2,72;0;1798;0,03234;6 mois
2023-05-30;2023-06-01;14;2023-09-06;0;400;FR0127317032;2750;399;6,89;0;399;0,03147;3 mois
2023-05-30;2023-06-01;50;2024-05-15;1400;1800;FR0127921072;5040;1795;2,81;448;2243;0,03359;12 mois
2023-05-30;2023-06-01;13;2023-08-30;2300;2700;FR0127921130;6995;2695;2,6;381;3076;0,03202;3 mois
2023-05-30;2023-06-01;20;2023-10-18;1600;2000;FR0127921171;5585;1995;2,8;154;2149;0,03274;6 mois
2023-06-05;2023-06-07;9;2023-08-09;0;400;FR0127317024;1757;400;4,39;0;400;0,03113;3 mois
2023-06-05;2023-06-07;49;2024-05-15;1400;1800;FR0127921072;5616;1797;3,13;26;1823;0,0343;12 mois
2023-06-05;2023-06-07;12;2023-08-30;2300;2700;FR0127921130;6320;2699;2,34;30;2729;0,03267;3 mois
2023-06-05;2023-06-07;23;2023-11-15;1600;2000;FR0127921189;4600;1995;2,31;40;2035;0,03394;6 mois
2023-06-12;2023-06-14;32;2024-01-24;100;500;FR0127613497;1185;500;2,37;0;500;0,03392;12 mois
2023-06-12;2023-06-14;48;2024-05-15;1100;1500;FR0127921072;5225;1494;3,5;0;1494;0,03429;12 mois
2023-06-12;2023-06-14;13;2023-09-13;2300;2700;FR0127921148;5435;2698;2,01;0;2698;0,03323;3 mois
2023-06-12;2023-06-14;22;2023-11-15;1100;1500;FR0127921189;5080;1496;3,4;0;1496;0,0341;6 mois
2023-06-19;2023-06-21;31;2024-01-24;100;500;FR0127613497;1250;475;2,63;0;475;0,03485;12 mois
2023-06-19;2023-06-21;51;2024-06-12;1400;1800;FR0127921080;3855;1755;2,2;0;1755;0,03605;12 mois
2023-06-19;2023-06-21;12;2023-09-13;2300;2700;FR0127921148;5845;2698;2,17;0;2698;0,03387;3 mois
2023-06-19;2023-06-21;21;2023-11-15;1100;1500;FR0127921189;5075;1500;3,38;0;1500;0,03499;6 mois
2023-06-26;2023-06-28;30;2024-01-24;0;400;FR0127613497;1995;399;5;0;399;0,03551;6 mois
2023-06-26;2023-06-28;50;2024-06-12;1100;1500;FR0127921080;4240;1496;2,83;320;1816;0,03623;12 mois
2023-06-26;2023-06-28;13;2023-09-27;2400;2800;FR0127921163;5235;2760;1,9;78;2838;0,03431;3 mois
2023-06-26;2023-06-28;20;2023-11-15;1400;1800;FR0127921189;4335;1795;2,42;146;1941;0,03532;6 mois
2023-07-03;2023-07-05;49;2024-06-12;1600;2000;FR0127921080;4519;1992;2,27;395;2387;0,03697;12 mois
2023-07-03;2023-07-05;12;2023-09-27;2200;2600;FR0127921163;4580;2596;1,76;0;2596;0,03439;3 mois
2023-07-03;2023-07-05;23;2023-12-13;1400;1800;FR0127921262;4330;1798;2,41;0;1798;0,03584;6 mois
2023-07-10;2023-07-12;48;2024-06-12;1500;1900;FR0127921080;4940;1897;2,6;0;1897;0,03761;12 mois
2023-07-10;2023-07-12;13;2023-10-11;2000;2400;FR0127921213;3580;2400;1,49;0;2400;0,03556;3 mois
2023-07-10;2023-07-12;22;2023-12-13;1100;1500;FR0127921262;3920;1500;2,61;0;1500;0,03673;6 mois
2023-07-17;2023-07-19;12;2023-10-11;1800;2200;FR0127921213;4830;2200;2,2;512;2712;0,03584;3 mois
2023-07-17;2023-07-19;21;2023-12-13;1200;1600;FR0127921262;4750;1596;2,98;407;2003;0,03671;6 mois
2023-07-17;2023-07-19;51;2024-07-10;1600;2000;FR0127921312;5880;1997;2,94;508;2505;0,03759;12 mois
2023-07-24;2023-07-26;34;2024-03-20;0;400;FR0127613513;1400;398;3,52;0;398;0,03616;12 mois
2023-07-24;2023-07-26;13;2023-10-25;1900;2300;FR0127921221;5330;2298;2,32;399;2697;0,03613;3 mois
2023-07-24;2023-07-26;20;2023-12-13;1300;1700;FR0127921262;3215;1698;1,89;0;1698;0,03644;6 mois
2023-07-24;2023-07-26;50;2024-07-10;1600;2000;FR0127921312;3670;1999;1,84;0;1999;0,03659;12 mois
2023-07-31;2023-08-02;12;2023-10-25;2100;2500;FR0127921221;5640;2497;2,26;244;2741;0,03588;3 mois
2023-07-31;2023-08-02;23;2024-01-10;1400;1800;FR0127921288;5640;1800;3,13;374;2174;0,03634;6 mois
2023-07-31;2023-08-02;49;2024-07-10;1500;1900;FR0127921312;4680;1896;2,47;457;2353;0,03657;12 mois
2023-08-07;2023-08-09;13;2023-11-08;2000;2400;FR0127921239;3830;2380;1,61;99;2479;0,03617;3 mois
2023-08-07;2023-08-09;22;2024-01-10;1200;1600;FR0127921288;5470;1596;3,43;319;1915;0,03585;6 mois
2023-08-07;2023-08-09;48;2024-07-10;1500;1900;FR0127921312;5730;1896;3,02;276;2172;0,03574;12 mois
2023-08-14;2023-08-16;8;2023-10-11;0;400;FR0127921213;1100;400;2,75;26;426;0,03553;3 mois
2023-08-14;2023-08-16;12;2023-11-08;1600;2000;FR0127921239;4220;1997;2,11;51;2048;0,03657;3 mois
2023-08-14;2023-08-16;21;2024-01-10;1100;1500;FR0127921288;2930;1498;1,96;0;1498;0,03637;6 mois
2023-08-14;2023-08-16;51;2024-08-07;1900;2300;FR0127921320;4895;2299;2,13;0;2299;0,03627;12 mois
2023-08-21;2023-08-23;13;2023-11-22;1800;2200;FR0127921247;4295;2197;1,95;172;2369;0,03684;3 mois
2023-08-21;2023-08-23;20;2024-01-10;1300;1700;FR0127921288;4410;1696;2,6;109;1805;0,03658;6 mois
2023-08-21;2023-08-23;46;2024-07-10;200;600;FR0127921312;1165;599;1,94;0;599;0,03602;12 mois
2023-08-21;2023-08-23;50;2024-08-07;1300;1700;FR0127921320;4090;1698;2,41;256;1954;0,03639;12 mois
2023-08-28;2023-08-30;3;2023-09-20;600;1000;FR0127921155;3075;999;3,08;24;1023;0,03494;3 mois
2023-08-28;2023-08-30;12;2023-11-22;1800;2200;FR0127921247;5650;2197;2,57;0;2197;0,03664;3 mois
2023-08-28;2023-08-30;23;2024-02-07;1300;1700;FR0127921296;5251;1696;3,1;6;1702;0,03671;6 mois
2023-08-28;2023-08-30;49;2024-08-07;1400;1800;FR0127921320;4559;1794;2,54;295;2089;0,03631;12 mois
2023-09-04;2023-09-06;3;2023-09-27;300;700;FR0127921163;1531;700;2,19;0;700;0,03501;3 mois
2023-09-04;2023-09-06;13;2023-12-06;1800;2200;FR0127921254;4551;2192;2,08;0;2192;0,03657;3 mois
2023-09-04;2023-09-06;22;2024-02-07;1300;1700;FR0127921296;4586;1693;2,71;110;1803;0,03657;6 mois
2023-09-04;2023-09-06;48;2024-08-07;1600;2000;FR0127921320;4820;1998;2,41;0;1998;0,03609;12 mois
2023-09-11;2023-09-13;11;2023-11-29;400;800;FR0127462911;1315;735;1,79;0;735;0,03611;3 mois
2023-09-11;2023-09-13;12;2023-12-06;200;2400;FR0127921254;5496;2397;2,29;0;2397;0,03696;3 mois
2023-09-11;2023-09-13;21;2024-02-07;1300;1700;FR0127921296;5850;1696;3,45;0;1696;0,03684;6 mois
2023-09-11;2023-09-13;51;2024-09-04;1700;2100;FR0127921338;5280;2096;2,52;0;2096;0,03646;12 mois
2023-09-18;2023-09-20;13;2023-12-20;2100;2500;FR0127921270;5690;2499;2,28;0;2499;0,0383;3 mois
2023-09-18;2023-09-20;20;2024-02-07;1400;1800;FR0127921296;6161;1794;3,43;86;1880;0,03828;6 mois
2023-09-18;2023-09-20;50;2024-09-04;1800;2200;FR0127921338;3775;2200;1,72;0;2200;0,03773;12 mois
2023-09-25;2023-09-27;11;2023-12-13;100;500;FR0127921262;1535;509;3,02;10;519;0,03721;3 mois
2023-09-25;2023-09-27;12;2023-12-20;2300;2700;FR0127921270;6915;3043;2,27;346;3389;0,03822;3 mois
2023-09-25;2023-09-27;23;2024-03-06;1800;2200;FR0127921304;5015;2351;2,13;158;2509;0,03824;6 mois
2023-09-25;2023-09-27;49;2024-09-04;1200;1600;FR0127921338;3685;1962;1,88;368;2330;0,03789;12 mois
2023-10-02;2023-10-04;7;2023-11-22;200;600;FR0127921247;1487;600;2,48;0;600;0,03714;3 mois
2023-10-02;2023-10-04;22;2024-03-06;1400;1800;FR0127921304;4696;1798;2,61;32;1830;0,03828;6 mois
2023-10-02;2023-10-04;48;2024-09-04;1200;1600;FR0127921338;4570;1597;2,86;0;1597;0,03787;12 mois
2023-10-02;2023-10-04;13;2024-01-04;2400;2800;FR0128070952;6991;2798;2,5;334;3132;0,03773;3 mois
2023-10-09;2023-10-11;8;2023-12-06;100;500;FR0127921254;1160;485;2,39;0;485;0,03726;3 mois
2023-10-09;2023-10-11;21;2024-03-06;1100;1500;FR0127921304;5230;1496;3,5;286;1782;0,03825;6 mois
2023-10-09;2023-10-11;12;2024-01-04;2600;3000;FR0128070952;6760;2994;2,26;89;3083;0,03761;3 mois
2023-10-09;2023-10-11;51;2024-10-02;1100;1500;FR0128071059;4605;1497;3,08;130;1627;0,03755;12 mois
2023-10-16;2023-10-18;3;2023-11-08;200;600;FR0127921239;1542;599;2,57;0;599;0,03753;3 mois
2023-10-16;2023-10-18;20;2024-03-06;1400;1800;FR0127921304;3976;1797;2,21;0;1797;0,03816;6 mois
2023-10-16;2023-10-18;13;2024-01-17;2600;3000;FR0128070960;5680;2998;1,89;0;2998;0,03788;3 mois
2023-10-16;2023-10-18;50;2024-10-02;1000;1400;FR0128071059;5240;1398;3,75;0;1398;0,03776;12 mois
2023-10-23;2023-10-25;33;2024-06-12;200;600;FR0127921080;1375;597;2,3;20;617;0,0379;12 mois
2023-10-23;2023-10-25;12;2024-01-17;2400;2800;FR0128070960;6210;2797;2,22;466;3263;0,03788;3 mois
2023-10-23;2023-10-25;49;2024-10-02;1100;1500;FR0128071059;3715;1496;2,48;101;1597;0,0377;12 mois
2023-10-23;2023-10-25;23;2024-04-04;1400;1800;FR0128227685;4605;1796;2,56;47;1843;0,03823;6 mois
2023-10-30;2023-11-01;7;2023-12-20;200;600;FR0127921270;1185;535;2,21;4;539;0,03745;3 mois
2023-10-30;2023-11-01;13;2024-01-31;2500;2900;FR0128070978;5500;2850;1,93;0;2850;0,03779;3 mois
2023-10-30;2023-11-01;48;2024-10-02;100;1400;FR0128071059;4440;1398;3,18;197;1595;0,03711;12 mois
2023-10-30;2023-11-01;22;2024-04-04;1200;1600;FR0128227685;4925;1596;3,09;0;1596;0,03797;6 mois
2023-11-06;2023-11-08;23;2024-04-17;300;700;FR0127921064;1430;700;2,04;0;700;0,03758;6 mois
2023-11-06;2023-11-08;12;2024-01-31;2000;2400;FR0128070978;6230;2398;2,6;309;2707;0,03796;3 mois
2023-11-06;2023-11-08;51;2024-10-30;1300;1700;FR0128071067;4835;1698;2,85;383;2081;0,03682;12 mois
2023-11-06;2023-11-08;21;2024-04-04;1400;1800;FR0128227685;4610;1795;2,57;53;1848;0,03797;6 mois
2023-11-13;2023-11-15;38;2024-08-07;100;500;FR0127921320;930;325;2,86;36;361;0,0369;12 mois
2023-11-13;2023-11-15;13;2024-02-14;2500;2900;FR0128070986;5415;2830;1,91;36;2866;0,03796;3 mois
2023-11-13;2023-11-15;50;2024-10-30;1400;1800;FR0128071067;3405;1800;1,89;452;2252;0,03674;12 mois
2023-11-13;2023-11-15;20;2024-04-04;1200;1600;FR0128227685;3710;1598;2,32;143;1741;0,03796;6 mois
2023-11-20;2023-11-22;12;2024-02-14;2400;2800;FR0128070986;6367;2798;2,28;391;3189;0,03791;3 mois
2023-11-20;2023-11-22;23;2024-05-02;1400;1800;FR0128071034;4187;1796;2,33;151;1947;0,03788;6 mois
2023-11-20;2023-11-22;49;2024-10-30;1500;1900;FR0128071067;5109;1894;2,7;281;2175;0,0365;12 mois
2023-11-27;2023-11-29;5;2024-01-04;0;400;FR0128070952;2275;399;5,7;7;406;0,03642;3 mois
2023-11-27;2023-11-29;13;2024-02-28;2600;3000;FR0128070994;5585;2996;1,86;0;2996;0,03785;3 mois
2023-11-27;2023-11-29;22;2024-05-02;1300;1700;FR0128071034;4355;1699;2,56;0;1699;0,03776;6 mois
2023-11-27;2023-11-29;48;2024-10-30;1200;1600;FR0128071067;4615;1596;2,89;342;1938;0,03659;12 mois
2023-12-04;2023-12-06;31;2024-07-10;200;600;FR0127921312;1841;585;3,15;71;656;0,03553;12 mois
2023-12-04;2023-12-06;12;2024-02-28;2600;3000;FR0128070994;6351;2998;2,12;81;3079;0,03766;3 mois
2023-12-04;2023-12-06;21;2024-05-02;1500;1900;FR0128071034;5180;1898;2,73;474;2372;0,03739;6 mois
2023-12-04;2023-12-06;51;2024-11-27;1600;2000;FR0128071075;4515;2000;2,26;504;2504;0,03393;12 mois
2023-12-11;2023-12-13;14;2024-03-20;0;400;FR0127613513;985;399;2,47;0;399;0,03732;3 mois
2023-12-11;2023-12-13;13;2024-03-13;2700;3100;FR0128071000;5123;3097;1,65;0;3097;0,03778;3 mois
2023-12-11;2023-12-13;20;2024-05-02;1400;1800;FR0128071034;3725;1796;2,07;0;1796;0,03739;6 mois
2023-12-11;2023-12-13;50;2024-11-27;1000;1400;FR0128071075;2935;1375;2,13;0;1375;0,03423;12 mois
2023-12-18;2023-12-20;12;2024-03-13;900;1300;FR0128071000;4929;1298;3,8;280;1578;0,03729;3 mois
2023-12-18;2023-12-20;23;2024-05-29;600;1000;FR0128071042;3355;996;3,37;198;1194;0,0369;6 mois
2023-12-18;2023-12-20;49;2024-11-27;300;700;FR0128071075;3079;698;4,41;15;713;0,03333;12 mois
2024-01-02;2024-01-04;21;2024-05-29;1300;1700;FR0128071042;4918;1699;2,89;72;1771;0,03663;6 mois
2024-01-02;2024-01-04;12;2024-03-27;2600;3000;FR0128227693;6965;2999;2,32;0;2999;0,03757;3 mois
2024-01-02;2024-01-04;52;2025-01-02;1200;1600;FR0128227792;5592;1593;3,51;128;1721;0,03215;12 mois
2024-01-08;2024-01-10;20;2024-05-29;1200;1600;FR0128071042;4785;1597;3;1;1598;0,03766;6 mois
2024-01-08;2024-01-10;38;2024-10-02;100;500;FR0128071059;1625;499;3,26;0;499;0,03511;12 mois
2024-01-08;2024-01-10;13;2024-04-10;2400;2800;FR0128227701;6360;2798;2,27;400;3198;0,03844;3 mois
2024-01-08;2024-01-10;51;2025-01-02;1200;1600;FR0128227792;5905;1599;3,69;308;1907;0,03341;12 mois
2024-01-15;2024-01-17;12;2024-04-10;2600;3000;FR0128227701;9365;2995;3,13;718;3713;0,03829;3 mois
2024-01-15;2024-01-17;27;2024-07-24;1300;1700;FR0128227768;5150;1692;3,04;223;1915;0,03697;6 mois
2024-01-15;2024-01-17;50;2025-01-02;1200;1600;FR0128227792;5245;1594;3,29;381;1975;0,03319;12 mois
2024-01-22;2024-01-24;24;2024-07-10;100;500;FR0127921312;2560;495;5,17;0;495;0,03746;6 mois
2024-01-22;2024-01-24;13;2024-04-24;2600;3000;FR0128227719;7195;2995;2,4;411;3406;0,03837;3 mois
2024-01-22;2024-01-24;26;2024-07-24;900;1300;FR0128227768;6292;1294;4,86;38;1332;0,03755;6 mois
2024-01-22;2024-01-24;49;2025-01-02;1200;1600;FR0128227792;6196;1596;3,88;0;1596;0,0341;12 mois
2024-01-29;2024-01-31;13;2024-05-02;0;400;FR0128071034;2125;399;5,33;0;399;0,03771;3 mois
2024-01-29;2024-01-31;12;2024-04-24;2600;3000;FR0128227719;8785;2997;2,93;198;3195;0,03822;3 mois
2024-01-29;2024-01-31;25;2024-07-24;1200;1600;FR0128227768;6340;1596;3,97;0;1596;0,03687;6 mois
2024-01-29;2024-01-31;52;2025-01-29;1300;1700;FR0128227800;6360;1696;3,75;0;1696;0,03239;12 mois
2024-02-05;2024-02-07;18;2024-06-12;100;500;FR0127921080;2075;500;4,15;9;509;0,03785;6 mois
2024-02-05;2024-02-07;13;2024-05-08;2800;3200;FR0128227727;6930;3195;2,17;56;3251;0,03825;3 mois
2024-02-05;2024-02-07;24;2024-07-24;1200;1600;FR0128227768;5220;1599;3,26;0;1599;0,03739;6 mois
2024-02-05;2024-02-07;51;2025-01-29;1000;1400;FR0128227800;4535;1399;3,24;156;1555;0,03358;12 mois
2024-02-12;2024-02-14;25;2024-08-07;0;400;FR0127921320;1945;380;5,12;17;397;0,03714;6 mois
2024-02-12;2024-02-14;12;2024-05-08;2800;3200;FR0128227727;8090;3195;2,53;25;3220;0,03825;3 mois
2024-02-12;2024-02-14;27;2024-08-21;1500;1900;FR0128227776;5285;1897;2,79;0;1897;0,0371;6 mois
2024-02-12;2024-02-14;50;2025-01-29;1200;1600;FR0128227800;5110;1597;3,2;0;1597;0,03408;12 mois
2024-02-19;2024-02-21;16;2024-06-12;200;600;FR0127921080;2500;585;4,27;24;609;0,03798;6 mois
2024-02-19;2024-02-21;13;2024-05-23;3100;3500;FR0128227735;7215;3497;2,06;64;3561;0,03838;3 mois
2024-02-19;2024-02-21;26;2024-08-21;1300;1700;FR0128227776;7550;1696;4,45;427;2123;0,03746;6 mois
2024-02-19;2024-02-21;49;2025-01-29;1100;1500;FR0128227800;5355;1494;3,58;380;1874;0,03477;12 mois
2024-02-26;2024-02-28;31;2024-10-02;100;500;FR0128071059;2070;498;4,16;0;498;0,03691;12 mois
2024-02-26;2024-02-28;12;2024-05-23;2800;3200;FR0128227735;8180;3195;2,56;553;3748;0,03845;3 mois
2024-02-26;2024-02-28;25;2024-08-21;1300;1700;FR0128227776;4640;1698;2,73;0;1698;0,03768;6 mois
2024-02-26;2024-02-28;52;2025-02-26;1600;2000;FR0128227818;5710;1997;2,86;0;1997;0,03471;12 mois
2024-03-04;2024-03-06;22;2024-08-07;100;500;FR0127921320;1465;498;2,94;7;505;0,03772;6 mois
2024-03-04;2024-03-06;13;2024-06-05;3000;3400;FR0128227743;8530;3398;2,51;383;3781;0,0386;3 mois
2024-03-04;2024-03-06;24;2024-08-21;1400;1800;FR0128227776;5525;1799;3,07;253;2052;0,03792;6 mois
2024-03-04;2024-03-06;51;2025-02-26;1400;1800;FR0128227818;5635;1794;3,14;436;2230;0,03507;12 mois
2024-03-11;2024-03-13;13;2024-06-12;200;600;FR0127921080;2820;597;4,72;30;627;0,03813;3 mois
2024-03-11;2024-03-13;12;2024-06-05;3000;3400;FR0128227743;8975;3397;2,64;252;3649;0,0385;3 mois
2024-03-11;2024-03-13;27;2024-09-18;1300;1700;FR0128227784;5995;1698;3,53;40;1738;0,03747;6 mois
2024-03-11;2024-03-13;50;2025-02-26;1100;1500;FR0128227818;4910;1495;3,28;0;1495;0,0345;12 mois
2024-03-18;2024-03-20;16;2024-07-10;200;600;FR0127921312;2155;596;3,62;36;632;0,03796;6 mois
2024-03-18;2024-03-20;13;2024-06-19;3000;3400;FR0128227750;10540;3395;3,1;217;3612;0,03867;3 mois
2024-03-18;2024-03-20;26;2024-09-18;1400;1800;FR0128227784;6220;1796;3,46;443;2239;0,03775;6 mois
2024-03-18;2024-03-20;49;2025-02-26;1400;1800;FR0128227818;7510;1794;4,19;444;2238;0,03526;12 mois
2024-03-25;2024-03-27;27;2024-10-02;200;600;FR0128071059;1655;599;2,76;26;625;0,0369;6 mois
2024-03-25;2024-03-27;12;2024-06-19;3100;3500;FR0128227750;8520;3497;2,44;146;3643;0,03844;3 mois
2024-03-25;2024-03-27;25;2024-09-18;1200;1600;FR0128227784;4350;1600;2,72;97;1697;0,03738;6 mois
2024-03-25;2024-03-27;52;2025-03-26;1400;1800;FR0128227826;5545;1798;3,08;0;1798;0,03436;12 mois
2024-04-02;2024-04-04;22;2024-09-04;100;500;FR0127921338;2730;499;5,47;0;499;0,03709;6 mois
2024-04-02;2024-04-04;24;2024-09-18;1300;1700;FR0128227784;7070;1695;4,17;0;1695;0,03722;6 mois
2024-04-02;2024-04-04;51;2025-03-26;1100;1500;FR0128227826;6150;1496;4,11;0;1496;0,03413;12 mois
2024-04-02;2024-04-04;13;2024-07-03;3100;3500;FR0128379387;9510;3496;2,72;0;3496;0,03815;3 mois
2024-04-08;2024-04-10;15;2024-07-24;100;500;FR0128227768;2095;500;4,19;20;520;0,03772;3 mois
2024-04-08;2024-04-10;50;2025-03-26;1200;1600;FR0128227826;5755;1598;3,6;52;1650;0,03461;12 mois
2024-04-08;2024-04-10;12;2024-07-03;3100;3500;FR0128379387;12155;3495;3,48;519;4014;0,03827;3 mois
2024-04-08;2024-04-10;27;2024-10-16;1400;1800;FR0128379445;6590;1760;3,74;18;1778;0,03697;6 mois
2024-04-15;2024-04-17;20;2024-09-04;0;400;FR0127921338;3275;399;8,21;18;417;0,03728;6 mois
2024-04-15;2024-04-17;49;2025-03-26;1200;1600;FR0128227826;5850;1595;3,67;0;1595;0,03471;12 mois
2024-04-15;2024-04-17;13;2024-07-17;3300;3700;FR0128379395;8555;3697;2,31;0;3697;0,03814;3 mois
2024-04-15;2024-04-17;26;2024-10-16;1300;1700;FR0128379445;6735;1693;3,98;0;1693;0,03706;6 mois
2024-04-22;2024-04-24;12;2024-07-17;2900;3300;FR0128379395;10585;3296;3,21;455;3751;0,03825;3 mois
2024-04-22;2024-04-24;25;2024-10-16;1400;1800;FR0128379445;6670;1798;3,71;294;2092;0,0371;6 mois
2024-04-22;2024-04-24;52;2025-04-24;1600;2000;FR0128379486;6800;1996;3,41;439;2435;0,03474;12 mois
2024-04-29;2024-05-02;39;2025-01-29;200;600;FR0128227800;3368;600;5,61;0;600;0,03564;12 mois
2024-04-29;2024-05-02;13;2024-07-31;2900;3300;FR0128379403;7885;3296;2,39;0;3296;0,038;3 mois
2024-04-29;2024-05-02;24;2024-10-16;1200;1600;FR0128379445;5410;1593;3,4;0;1593;0,0371;6 mois
2024-04-29;2024-05-02;51;2025-04-24;1300;1700;FR0128379486;6050;1695;3,57;0;1695;0,03488;12 mois
2024-05-06;2024-05-08;17;2024-09-04;0;400;FR0127921338;2182;396;5,51;0;396;0,03718;6 mois
2024-05-06;2024-05-08;12;2024-07-31;2800;3200;FR0128379403;8370;3197;2,62;555;3752;0,03803;3 mois
2024-05-06;2024-05-08;27;2024-11-14;1500;1900;FR0128379452;5220;1894;2,76;26;1920;0,03666;6 mois
2024-05-06;2024-05-08;50;2025-04-24;1300;1700;FR0128379486;5415;1698;3,19;0;1698;0,0346;12 mois
2024-05-13;2024-05-15;13;2024-08-14;3200;3600;FR0128379411;11420;3596;3,18;768;4364;0,03781;3 mois
2024-05-13;2024-05-15;26;2024-11-13;1500;1900;FR0128379452;5760;1897;3,04;0;1897;0,0367;6 mois
2024-05-13;2024-05-15;49;2025-04-24;1200;1600;FR0128379486;6150;1596;3,85;0;1596;0,03481;12 mois
2024-05-20;2024-05-22;11;2024-08-07;100;500;FR0127921320;3180;497;6,4;55;552;0,0373;3 mois
2024-05-20;2024-05-22;12;2024-08-14;3100;3500;FR0128379411;11230;3494;3,21;503;3997;0,03746;3 mois
2024-05-20;2024-05-22;25;2024-11-14;1300;1700;FR0128379452;7000;1695;4,13;0;1695;0,03657;6 mois
2024-05-20;2024-05-22;52;2025-05-21;1400;1800;FR0128379494;7455;1795;4,15;0;1795;0,03467;12 mois
2024-05-27;2024-05-29;14;2024-09-04;0;400;FR0127921338;3122;399;7,82;53;452;0,03697;3 mois
2024-05-27;2024-05-29;13;2024-08-28;3200;3600;FR0128379429;9865;3596;2,74;713;4309;0,03734;3 mois
2024-05-27;2024-05-29;24;2024-11-14;1500;1900;FR0128379452;7910;1897;4,17;313;2210;0,03657;6 mois
2024-05-27;2024-05-29;51;2025-05-21;1100;1500;FR0128379494;8380;1497;5,6;243;1740;0,03503;12 mois
2024-06-03;2024-06-05;25;2024-11-27;0;400;FR0128071075;4720;399;11,83;53;452;0,036;6 mois
2024-06-03;2024-06-05;12;2024-08-28;3000;3400;FR0128379429;9585;3394;2,82;159;3553;0,03686;3 mois
2024-06-03;2024-06-05;27;2024-12-11;1500;1900;FR0128379460;5205;1900;2,74;226;2126;0,03606;6 mois
2024-06-03;2024-06-05;50;2025-05-21;1300;1700;FR0128379494;5890;1695;3,47;404;2099;0,03487;12 mois
2024-06-10;2024-06-12;14;2024-09-18;200;600;FR0128227784;2805;599;4,68;0;599;0,03647;3 mois
2024-06-10;2024-06-12;13;2024-09-11;3200;3600;FR0128379379;9575;3596;2,66;39;3635;0,03681;3 mois
2024-06-10;2024-06-12;26;2024-12-11;1400;1800;FR0128379460;5515;1797;3,07;20;1817;0,03624;6 mois
2024-06-10;2024-06-12;49;2025-05-21;1100;1500;FR0128379494;5600;1496;3,74;173;1669;0,03517;12 mois
2024-06-17;2024-06-19;40;2025-03-26;400;800;FR0128227826;2540;798;3,18;0;798;0,03477;12 mois
2024-06-17;2024-06-19;12;2024-09-11;3100;3500;FR0128379379;8205;3490;2,35;821;4311;0,03703;3 mois
2024-06-17;2024-06-19;26;2024-12-18;1200;1600;FR0128379478;4965;1585;3,13;234;1819;0,03643;6 mois
2024-06-17;2024-06-19;52;2025-06-18;1100;1500;FR0128379502;4710;1493;3,15;220;1713;0,03452;12 mois
2024-06-24;2024-06-26;13;2024-09-25;3400;3800;FR0128379437;9115;3796;2,4;343;4139;0,03699;3 mois
2024-06-24;2024-06-26;25;2024-12-18;1400;1800;FR0128379478;5850;1797;3,26;210;2007;0,03628;6 mois
2024-06-24;2024-06-26;51;2025-06-18;1200;1600;FR0128379502;5330;1598;3,34;291;1889;0,03445;12 mois
2024-07-01;2024-07-03;21;2024-11-27;200;600;FR0128071075;3275;598;5,48;30;628;0,03623;6 mois
2024-07-01;2024-07-03;12;2024-09-25;3200;3600;FR0128379437;11995;3598;3,33;334;3932;0,03687;3 mois
2024-07-01;2024-07-03;50;2025-06-18;900;1300;FR0128379502;6610;1295;5,1;180;1475;0,03477;12 mois
2024-07-01;2024-07-03;28;2025-01-15;1300;1700;FR0128537182;6720;1695;3,96;0;1695;0,03589;6 mois
2024-07-08;2024-07-10;8;2024-09-04;100;500;FR0127921338;4630;490;9,45;51;541;0,03668;3 mois
2024-07-08;2024-07-10;49;2025-06-18;1300;1700;FR0128379502;7545;1694;4,45;188;1882;0,03439;12 mois
2024-07-08;2024-07-10;13;2024-10-09;3200;3600;FR0128537125;8545;3596;2,38;148;3744;0,03674;3 mois
2024-07-08;2024-07-10;27;2025-01-15;1100;1500;FR0128537182;7745;1498;5,17;70;1568;0,03572;6 mois
2024-07-15;2024-07-17;15;2024-10-30;200;600;FR0128071067;3425;595;5,76;1;596;0,03602;3 mois
2024-07-15;2024-07-17;12;2024-10-09;3200;3600;FR0128537125;13025;3591;3,63;903;4494;0,03657;3 mois
2024-07-15;2024-07-17;26;2025-01-15;1300;1700;FR0128537182;6495;1695;3,83;431;2126;0,03537;6 mois
2024-07-15;2024-07-17;52;2025-07-17;1400;1800;FR0128537224;7240;1796;4,03;456;2252;0,03355;12 mois
2024-07-22;2024-07-24;16;2024-11-14;200;600;FR0128379452;1775;405;4,38;23;428;0,03576;6 mois
2024-07-22;2024-07-24;13;2024-10-23;3300;3700;FR0128537133;9736;3691;2,64;392;4083;0,03637;3 mois
2024-07-22;2024-07-24;25;2025-01-15;1500;1900;FR0128537182;6125;1898;3,23;98;1996;0,0354;6 mois
2024-07-22;2024-07-24;51;2025-07-17;1400;1800;FR0128537224;4900;1794;2,73;369;2163;0,03341;12 mois
2024-07-29;2024-07-31;9;2024-10-02;500;900;FR0128071059;4000;898;4,45;69;967;0,03612;3 mois
2024-07-29;2024-07-31;12;2024-10-23;3200;3600;FR0128537133;13646;3595;3,8;882;4477;0,0361;3 mois
2024-07-29;2024-07-31;28;2025-02-12;1400;1800;FR0128537190;7675;1797;4,27;391;2188;0,03456;6 mois
2024-07-29;2024-07-31;50;2025-07-17;1100;1500;FR0128537224;5775;1493;3,87;369;1862;0,03252;12 mois
2024-08-05;2024-08-07;10;2024-10-16;200;600;FR0128379445;3569;599;5,96;0;599;0,035;3 mois
2024-08-05;2024-08-07;13;2024-11-06;3100;3500;FR0128537141;8975;3495;2,57;0;3495;0,03485;3 mois
2024-08-05;2024-08-07;27;2025-02-12;1300;1700;FR0128537190;5975;1699;3,52;0;1699;0,03245;6 mois
2024-08-05;2024-08-07;49;2025-07-17;1100;1500;FR0128537224;5270;1500;3,51;0;1500;0,02924;12 mois
2024-08-12;2024-08-14;5;2024-09-18;100;500;FR0128227784;1160;455;2,55;9;464;0,03484;3 mois
2024-08-12;2024-08-14;12;2024-11-06;3100;3500;FR0128537141;12030;3493;3,44;872;4365;0,03553;3 mois
2024-08-12;2024-08-14;26;2025-02-12;1100;1500;FR0128537190;4910;1494;3,29;359;1853;0,0338;6 mois
2024-08-12;2024-08-14;52;2025-08-13;1100;1500;FR0128537232;5605;1493;3,75;376;1869;0,03053;12 mois
2024-08-19;2024-08-21;8;2024-10-16;200;600;FR0128379445;1325;590;2,25;78;668;0,0348;3 mois
2024-08-19;2024-08-21;13;2024-11-20;3200;3600;FR0128537158;8855;3592;2,47;510;4102;0,03502;3 mois
2024-08-19;2024-08-21;25;2025-02-12;900;1300;FR0128537190;6450;1292;4,99;328;1620;0,03358;6 mois
2024-08-19;2024-08-21;51;2025-08-13;1100;1500;FR0128537232;5767;1497;3,85;380;1877;0,03029;12 mois
2024-08-26;2024-08-28;15;2024-12-11;200;600;FR0128379460;1540;597;2,58;0;597;0,03372;3 mois
2024-08-26;2024-08-28;12;2024-11-20;3200;3600;FR0128537158;12015;3594;3,34;351;3945;0,03477;3 mois
2024-08-26;2024-08-28;28;2025-03-12;1500;1900;FR0128537208;6545;1898;3,45;19;1917;0,03285;6 mois
2024-08-26;2024-08-28;50;2025-08-13;1300;1700;FR0128537232;7745;1695;4,57;103;1798;0,02999;12 mois
2024-09-02;2024-09-04;13;2024-12-04;2800;3200;FR0128537166;10320;3190;3,24;180;3370;0,03462;3 mois
2024-09-02;2024-09-04;19;2025-01-15;100;500;FR0128537182;3700;498;7,43;45;543;0,03357;6 mois
2024-09-02;2024-09-04;27;2025-03-12;1200;1600;FR0128537208;6475;1595;4,06;201;1796;0,03308;6 mois
2024-09-02;2024-09-04;49;2025-08-13;1300;1700;FR0128537232;6540;1695;3,86;114;1809;0,02997;12 mois
2024-09-09;2024-09-11;14;2024-12-18;200;600;FR0128379478;1625;598;2,72;41;639;0,03396;3 mois
2024-09-09;2024-09-11;12;2024-12-04;2600;3000;FR0128537166;9510;2996;3,17;546;3542;0,03435;3 mois
2024-09-09;2024-09-11;26;2025-03-12;1200;1600;FR0128537208;6430;1596;4,03;338;1934;0,03258;6 mois
2024-09-09;2024-09-11;52;2025-09-10;1400;1800;FR0128537240;5005;1798;2,78;334;2132;0,02859;12 mois
2024-09-16;2024-09-18;13;2024-12-18;3100;3500;FR0128379478;10302;3495;2,95;34;3529;0,03397;3 mois
2024-09-16;2024-09-18;25;2025-03-12;1400;1800;FR0128537208;7510;1799;4,17;234;2033;0,03227;6 mois
2024-09-16;2024-09-18;51;2025-09-10;1400;1800;FR0128537240;6090;1798;3,39;0;1798;0,02823;12 mois
2024-09-23;2024-09-25;12;2024-12-18;3100;3500;FR0128379478;9173;3497;2,62;833;4330;0,03367;3 mois
2024-09-23;2024-09-25;16;2025-01-15;300;700;FR0128537182;2795;696;4,02;148;844;0,03251;6 mois
2024-09-23;2024-09-25;28;2025-04-09;1600;2000;FR0128537216;6330;1997;3,17;505;2502;0,03116;6 mois
2024-09-23;2024-09-25;50;2025-09-10;1400;1800;FR0128537240;5665;1799;3,15;456;2255;0,02789;12 mois
2024-09-30;2024-10-02;9;2024-12-04;100;500;FR0128537166;2223;497;4,47;108;605;0,0328;3 mois
2024-09-30;2024-10-02;14;2025-01-08;3100;3500;FR0128537174;7205;3498;2,06;805;4303;0,0325;3 mois
2024-09-30;2024-10-02;27;2025-04-09;1600;2000;FR0128537216;5215;1999;2,61;458;2457;0,03028;6 mois
2024-09-30;2024-10-02;49;2025-09-10;1100;1500;FR0128537240;4435;1497;2,96;349;1846;0,02714;12 mois
2024-10-07;2024-10-09;7;2024-11-27;0;400;FR0128071075;2170;390;5,56;43;433;0,03227;3 mois
2024-10-07;2024-10-09;13;2025-01-08;4000;4400;FR0128537174;11730;4396;2,67;843;5239;0,03167;3 mois
2024-10-07;2024-10-09;26;2025-04-09;1300;1700;FR0128537216;4290;1698;2,53;0;1698;0,03016;6 mois
2024-10-07;2024-10-09;52;2025-10-08;1100;1500;FR0128690718;4660;1485;3,14;0;1485;0,02746;12 mois
2024-10-14;2024-10-16;31;2025-05-21;300;700;FR0128379494;3630;694;5,23;142;836;0,02897;12 mois
2024-10-14;2024-10-16;25;2025-04-09;1500;1900;FR0128537216;9330;1895;4,92;475;2370;0,02994;6 mois
2024-10-14;2024-10-16;14;2025-01-22;3100;3500;FR0128690627;10145;3496;2,9;558;4054;0,03138;3 mois
2024-10-14;2024-10-16;51;2025-10-08;1800;2200;FR0128690718;7500;2197;3,41;551;2748;0,0273;12 mois
2024-10-21;2024-10-23;7;2024-12-11;600;1000;FR0128379460;2779;979;2,84;0;979;0,03155;3 mois
2024-10-21;2024-10-23;13;2025-01-22;3100;3500;FR0128690627;9385;3494;2,69;0;3494;0,03071;3 mois
2024-10-21;2024-10-23;28;2025-05-07;1600;2000;FR0128690684;6525;1997;3,27;0;1997;0,02824;6 mois
2024-10-21;2024-10-23;50;2025-10-08;1600;2000;FR0128690718;5460;1997;2,73;0;1997;0,02593;12 mois
2024-10-28;2024-10-30;13;2025-01-29;100;500;FR0128227800;3105;475;6,54;0;475;0,03039;3 mois
2024-10-28;2024-10-30;14;2025-02-05;3300;3700;FR0128690635;7086;3697;1,92;0;3697;0,03055;3 mois
2024-10-28;2024-10-30;27;2025-05-07;1400;1800;FR0128690684;4670;1798;2,6;0;1798;0,02778;6 mois
2024-10-28;2024-10-30;49;2025-10-08;1400;1800;FR0128690718;6382;1798;3,55;0;1798;0,02531;12 mois
2024-11-04;2024-11-06;9;2025-01-08;100;500;FR0128537174;1840;499;3,69;49;548;0,03079;3 mois
2024-11-04;2024-11-06;13;2025-02-05;3400;3800;FR0128690635;9049;3796;2,38;391;4187;0,03085;3 mois
2024-11-04;2024-11-06;26;2025-05-07;1300;1700;FR0128690684;4830;1697;2,85;0;1697;0,02892;6 mois
2024-11-04;2024-11-06;52;2025-11-05;1500;1900;FR0128690726;3980;1900;2,09;0;1900;0,02647;12 mois
2024-11-12;2024-11-14;12;2025-02-05;400;800;FR0128690635;1856;799;2,32;9;808;0,0296;3 mois
2024-11-12;2024-11-14;14;2025-02-19;2900;3300;FR0128690643;8040;3280;2,45;727;4007;0,02989;3 mois
2024-11-12;2024-11-14;25;2025-05-07;1600;2000;FR0128690684;5976;1994;3;421;2415;0,02806;6 mois
2024-11-12;2024-11-14;51;2025-11-05;1400;1800;FR0128690726;5265;1750;3,01;240;1990;0,02515;12 mois
2024-11-18;2024-11-20;22;2025-04-23;0;400;FR0128379486;1980;399;4,96;82;481;0,02795;6 mois
2024-11-18;2024-11-20;13;2025-02-19;3400;3800;FR0128690643;9245;3797;2,43;922;4719;0,02937;3 mois
2024-11-18;2024-11-20;28;2025-06-04;1600;2000;FR0128690692;5620;1994;2,82;191;2185;0,02724;6 mois
2024-11-18;2024-11-20;50;2025-11-05;1600;2000;FR0128690726;5558;1994;2,79;427;2421;0,02507;12 mois
2024-11-25;2024-11-27;17;2025-03-26;200;600;FR0128227826;2575;598;4,31;0;598;0,02737;6 mois
2024-11-25;2024-11-27;14;2025-03-05;3400;3800;FR0128690650;8585;3796;2,26;0;3796;0,02824;3 mois
2024-11-25;2024-11-27;27;2025-06-04;1600;2000;FR0128690692;5400;1960;2,76;0;1960;0,02613;6 mois
2024-11-25;2024-11-27;49;2025-11-05;1600;2000;FR0128690726;6260;1997;3,13;0;1997;0,02382;12 mois
2024-12-02;2024-12-04;32;2025-07-17;300;700;FR0128537224;2190;698;3,14;0;698;0,02516;12 mois
2024-12-02;2024-12-04;13;2025-03-05;2900;3300;FR0128690650;7694;3284;2,34;0;3284;0,02866;3 mois
2024-12-02;2024-12-04;26;2025-06-04;1200;1600;FR0128690692;5040;1595;3,16;367;1962;0,02661;6 mois
2024-12-02;2024-12-04;52;2025-12-03;1200;1600;FR0128690734;5165;1596;3,24;263;1859;0,02342;12 mois
2024-12-09;2024-12-11;11;2025-02-26;200;600;FR0128227818;1153;398;2,9;5;403;0,02796;3 mois
2024-12-09;2024-12-11;14;2025-03-19;3100;3500;FR0128690668;8650;3495;2,47;715;4210;0,02817;3 mois
2024-12-09;2024-12-11;25;2025-06-04;1100;1500;FR0128690692;4730;1496;3,16;287;1783;0,02641;6 mois
2024-12-09;2024-12-11;51;2025-12-03;1300;1700;FR0128690734;5140;1697;3,03;351;2048;0,02357;12 mois
2024-12-16;2024-12-18;8;2025-02-12;400;800;FR0128537190;2377;799;2,97;129;928;0,02755;3 mois
2024-12-16;2024-12-18;13;2025-03-19;2700;3100;FR0128690668;7825;3095;2,53;732;3827;0,0277;3 mois
2024-12-16;2024-12-18;28;2025-07-02;1100;1500;FR0128690700;3975;1485;2,68;282;1767;0,02575;6 mois
2024-12-16;2024-12-18;50;2025-12-03;800;1200;FR0128690734;4460;1197;3,73;59;1256;0,02372;12 mois
2025-01-06;2025-01-08;9;2025-03-12;200;600;FR0128537208;2197;598;3,67;108;706;0,02718;3 mois
2025-01-06;2025-01-08;25;2025-07-02;1200;1600;FR0128690700;7068;1594;4,43;405;1999;0,02592;6 mois
2025-01-06;2025-01-08;51;2025-12-31;1400;1800;FR0128690742;7166;1799;3,98;547;2346;0,02435;12 mois
2025-01-06;2025-01-08;14;2025-04-16;3100;3500;FR0128838390;7600;3497;2,17;624;4121;0,02704;3 mois
2025-01-13;2025-01-15;46;2025-12-03;200;600;FR0128690734;3640;599;6,08;155;754;0,02493;12 mois
2025-01-13;2025-01-15;50;2025-12-31;1500;1900;FR0128690742;6705;1897;3,53;361;2258;0,02489;12 mois
2025-01-13;2025-01-15;13;2025-04-16;3000;3400;FR0128838390;9573;3397;2,82;283;3680;0,02691;3 mois
2025-01-13;2025-01-15;28;2025-07-30;1600;2000;FR0128838465;7320;1960;3,73;522;2482;0,02593;6 mois
2025-01-20;2025-01-22;33;2025-09-10;300;700;FR0128537240;2485;698;3,56;55;753;0,02473;12 mois
2025-01-20;2025-01-22;49;2025-12-31;1800;2200;FR0128690742;10651;2195;4,85;381;2576;0,02408;12 mois
2025-01-20;2025-01-22;14;2025-04-30;2700;3100;FR0128838408;10460;3094;3,38;389;3483;0,02633;3 mois
2025-01-20;2025-01-22;27;2025-07-30;1500;1900;FR0128838465;7305;1894;3,86;564;2458;0,02532;6 mois
2025-01-27;2025-01-29;48;2025-12-31;500;1000;FR0128690742;5020;998;5,03;0;998;0,02414;12 mois
2025-01-27;2025-01-29;13;2025-04-30;2600;3000;FR0128838408;11701;2994;3,91;746;3740;0,02608;3 mois
2025-01-27;2025-01-29;26;2025-07-30;1700;2100;FR0128838465;8381;2098;3,99;124;2222;0,02508;6 mois
2025-01-27;2025-01-29;52;2026-01-28;1800;2200;FR0128838499;8896;2197;4,05;0;2197;0,02407;12 mois
2025-02-03;2025-02-05;23;2025-07-17;100;500;FR0128537224;2139;498;4,3;0;498;0,02381;6 mois
2025-02-03;2025-02-05;14;2025-05-14;2200;2600;FR0128838416;9125;2496;3,66;0;2496;0,02496;3 mois
2025-02-03;2025-02-05;25;2025-07-30;1500;1900;FR0128838465;6290;1898;3,31;0;1898;0,02395;6 mois
2025-02-03;2025-02-05;51;2026-01-28;1800;2200;FR0128838499;7380;2196;3,36;0;2196;0,02218;12 mois
2025-02-10;2025-02-12;14;2025-05-21;100;500;FR0128379494;2463;497;4,96;0;497;0,0245;3 mois
2025-02-10;2025-02-12;13;2025-05-14;2400;2800;FR0128838416;12800;2795;4,58;0;2795;0,02475;3 mois
2025-02-10;2025-02-12;28;2025-08-27;1500;1900;FR0128838473;7375;1896;3,89;0;1896;0,02358;6 mois
2025-02-10;2025-02-12;50;2026-01-28;1500;1900;FR0128838499;8425;1897;4,44;0;1897;0,02224;12 mois
2025-02-17;2025-02-19;17;2025-06-18;100;500;FR0128379502;3555;498;7,14;104;602;0,02428;6 mois
2025-02-17;2025-02-19;14;2025-05-28;2500;3900;FR0128838424;9737;2894;3,36;51;2945;0,02452;3 mois
2025-02-17;2025-02-19;27;2025-08-27;1700;2100;FR0128838473;6756;2097;3,22;0;2097;0,02369;6 mois
2025-02-17;2025-02-19;49;2026-01-28;1600;2000;FR0128838499;6816;1994;3,42;0;1994;0,02276;12 mois
2025-02-24;2025-02-26;28;2025-09-10;100;500;FR0128537240;3317;498;6,66;58;556;0,02316;6 mois
2025-02-24;2025-02-26;13;2025-05-28;2800;3200;FR0128838424;11796;3195;3,69;393;3588;0,02423;3 mois
2025-02-24;2025-02-26;26;2025-08-27;1700;2100;FR0128838473;6320;2080;3,04;215;2295;0,02339;6 mois
2025-02-24;2025-02-26;52;2026-02-25;1600;2000;FR0128838507;8095;1998;4,05;355;2353;0,02241;12 mois
2025-03-03;2025-03-05;23;2025-08-13;200;600;FR0128537232;2640;598;4,41;143;741;0,0233;6 mois
2025-03-03;2025-03-05;14;2025-06-12;3000;3400;FR0128838432;10646;3394;3,14;774;4168;0,02396;3 mois
2025-03-03;2025-03-05;25;2025-08-27;1500;1900;FR0128838473;5186;1898;2,73;577;2475;0,02339;6 mois
2025-03-03;2025-03-05;51;2026-02-25;1400;1800;FR0128838507;5016;1797;2,79;548;2345;0,02239;12 mois
2025-03-10;2025-03-12;14;2025-06-18;600;1000;FR0128379502;3983;997;3,99;97;1094;0,02363;3 mois
2025-03-10;2025-03-12;13;2025-06-12;2800;3200;FR0128838432;10771;3198;3,37;399;3597;0,02395;3 mois
2025-03-10;2025-03-12;28;2025-09-24;1500;1900;FR0128838481;6506;1894;3,44;38;1932;0,02326;6 mois
2025-03-10;2025-03-12;50;2026-02-25;1500;1900;FR0128838507;6246;1895;3,3;56;1951;0,02287;12 mois
2025-03-17;2025-03-19;25;2025-09-10;500;900;FR0128537240;4085;897;4,55;224;1121;0,02306;6 mois
2025-03-17;2025-03-19;14;2025-06-25;3000;3400;FR0128838440;10342;3394;3,05;304;3698;0,02348;3 mois
2025-03-17;2025-03-19;27;2025-09-24;1600;2000;FR0128838481;6751;1992;3,39;462;2454;0,02305;6 mois
2025-03-17;2025-03-19;49;2026-02-25;1300;1700;FR0128838507;5995;1697;3,53;188;1885;0,02279;12 mois
2025-03-24;2025-03-26;14;2025-07-02;400;800;FR0128690700;1845;798;2,31;55;853;0,023;3 mois
2025-03-24;2025-03-26;13;2025-06-25;3000;340;FR0128838440;8767;3394;2,58;719;4113;0,02328;3 mois
2025-03-24;2025-03-26;26;2025-09-24;1800;2200;FR0128838481;6972;2194;3,18;20;2214;0,02282;6 mois
2025-03-24;2025-03-26;52;2026-03-25;1400;1800;FR0128838515;5571;1795;3,1;0;1795;0,02226;12 mois
2025-03-31;2025-04-02;15;2025-07-16;100;500;FR0128537224;2625;496;5,29;0;496;0,02244;3 mois
2025-03-31;2025-04-02;14;2025-07-09;2900;3300;FR0128838457;7812;3297;2,37;0;3297;0,02259;3 mois
2025-03-31;2025-04-02;25;2025-09-24;1600;2000;FR0128838481;8186;1991;4,11;0;1991;0,02211;6 mois
2025-03-31;2025-04-02;51;2026-03-25;1600;2000;FR0128838515;6451;1990;3,24;0;1990;0,02131;12 mois
2025-04-07;2025-04-09;34;2025-12-03;300;700;FR0128690734;2965;699;4,24;0;699;0,02066;12 mois
2025-04-07;2025-04-09;13;2025-07-09;2700;3100;FR0128838457;8842;3095;2,86;0;3095;0,02212;3 mois
2025-04-07;2025-04-09;50;2026-03-25;1600;2000;FR0128838515;5420;1997;2,71;0;1997;0,01996;12 mois
2025-04-07;2025-04-09;28;2025-10-22;1600;2000;FR0128983956;4936;1999;2,47;0;1999;0,02092;6 mois
2025-04-14;2025-04-16;9;2025-06-18;200;600;FR0128379502;2664;596;4,47;0;596;0,02189;3 mois
2025-04-14;2025-04-16;49;2026-03-25;1400;1800;FR0128838515;6162;1798;3,43;275;2073;0,02013;12 mois
2025-04-14;2025-04-16;14;2025-07-23;2800;3200;FR0128983899;9927;3195;3,11;0;3195;0,02192;3 mois
2025-04-14;2025-04-16;27;2025-10-22;1400;1800;FR0128983956;6116;1798;3,4;0;1798;0,02101;6 mois
2025-04-22;2025-04-24;24;2025-10-08;100;500;FR0128690718;2820;485;5,81;0;485;0,02021;6 mois
2025-04-22;2025-04-24;13;2025-07-23;2800;3200;FR0128983899;8673;3191;2,72;0;3191;0,02121;3 mois
2025-04-22;2025-04-24;26;2025-10-22;1300;1700;FR0128983956;4080;1685;2,42;0;1685;0,02027;6 mois
2025-04-22;2025-04-24;52;2026-04-22;1600;2000;FR0128983998;5340;1998;2,67;0;1998;0,01893;12 mois
2025-04-28;2025-04-30;7;2025-06-18;300;700;FR0128379502;3341;696;4,8;54;750;0,02128;3 mois
2025-04-28;2025-04-30;14;2025-08-06;3000;3400;FR0128983907;10356;3395;3,05;116;3511;0,02076;3 mois
2025-04-28;2025-04-30;25;2025-10-22;1200;1600;FR0128983956;7661;1595;4,8;202;1797;0,02015;6 mois
2025-04-28;2025-04-30;51;2026-04-22;1400;1800;FR0128983998;7441;1795;4,15;177;1972;0,01905;12 mois
2025-05-05;2025-05-07;20;2025-09-24;100;500;FR0128838481;3265;498;6,56;137;635;0,02031;6 mois
2025-05-05;2025-05-07;13;2025-08-06;2600;3000;FR0128983907;12087;2993;4,04;741;3734;0,02072;3 mois
2025-05-05;2025-05-07;28;2025-11-19;1600;2000;FR0128983964;6476;1992;3,25;0;1992;0,01982;6 mois
2025-05-05;2025-05-07;50;2026-04-22;1400;1800;FR0128983998;7260;1794;4,05;0;1794;0,01901;12 mois
2025-05-12;2025-05-14;17;2025-09-10;200;600;FR0128537240;3365;600;5,61;0;600;0,02042;6 mois
2025-05-12;2025-05-14;14;2025-08-20;2600;3000;FR0128983915;11864;2993;3,96;0;2993;0,02057;3 mois
2025-05-12;2025-05-14;27;2025-11-19;1400;1800;FR0128983964;7465;1797;4,15;0;1797;0,02023;6 mois
2025-05-12;2025-05-14;49;2026-04-22;1600;2000;FR0128983998;6710;1998;3,36;0;1998;0,01985;12 mois
2025-05-19;2025-05-21;28;2025-12-03;200;600;FR0128690734;4100;598;6,86;45;643;0,02004;6 mois
2025-05-19;2025-05-21;13;2025-08-20;2600;3000;FR0128983915;12948;2993;4,33;323;3316;0,02042;3 mois
2025-05-19;2025-05-21;26;2025-11-19;1500;1900;FR0128983964;7472;1896;3,94;23;1919;0,02011;6 mois
2025-05-19;2025-05-21;52;2026-05-20;1700;2100;FR0128984004;7209;2098;3,44;93;2191;0,01947;12 mois
2025-05-26;2025-05-28;14;2025-09-03;2900;3300;FR0128983923;11170;3293;3,39;198;3491;0,01999;3 mois
2025-05-26;2025-05-28;25;2025-11-19;1500;1900;FR0128983964;9326;1899;4,91;474;2373;0,01982;6 mois
2025-05-26;2025-05-28;51;2026-05-20;1500;1900;FR0128984004;6756;1893;3,57;317;2210;0,01913;12 mois
2025-06-02;2025-06-04;16;2025-09-24;200;600;FR0128838481;3739;600;6,23;12;612;0,01952;6 mois
2025-06-02;2025-06-04;13;2025-09-03;2800;3200;FR0128983923;11658;3199;3,64;506;3705;0,01985;3 mois
2025-06-02;2025-06-04;28;2025-12-17;1600;2000;FR0128983972;7011;2000;3,51;39;2039;0,01962;6 mois
2025-06-02;2025-06-04;50;2026-05-20;1400;1800;FR0128984004;5948;1795;3,31;216;2011;0,01909;12 mois
2025-06-10;2025-06-12;13;2025-09-10;100;500;FR0128537240;2927;498;5,88;0;498;0,01943;3 mois
2025-06-10;2025-06-12;14;2025-09-17;2800;3200;FR0128983931;10231;3196;3,2;116;3312;0,01962;3 mois
2025-06-10;2025-06-12;27;2025-12-17;1400;1800;FR0128983972;8411;1798;4,68;99;1897;0,01963;6 mois
2025-06-10;2025-06-12;49;2026-05-20;1500;1900;FR0128984004;8626;1899;4,54;174;2073;0,01943;12 mois
2025-06-16;2025-06-18;28;2025-12-31;1600;2000;FR0128690742;5557;1996;2,78;0;1996;0,01953;6 mois
2025-06-16;2025-06-18;32;2026-01-28;100;500;FR0128838499;3694;483;7,65;89;572;0,0193;12 mois
2025-06-16;2025-06-18;13;2025-09-17;3000;3400;FR0128983931;12554;3400;3,69;0;3400;0,01948;3 mois
2025-06-16;2025-06-18;52;2026-06-17;1400;1800;FR0128984012;6343;1799;3,53;242;2041;0,0194;12 mois
2025-06-23;2025-06-25;27;2025-12-31;1300;1700;FR0128690742;7581;1698;4,46;0;1698;0,01953;6 mois
2025-06-23;2025-06-25;14;2025-10-01;2500;2900;FR0128983949;11420;2896;3,94;0;2896;0,01951;3 mois
2025-06-23;2025-06-25;25;2025-12-17;600;1000;FR0128983972;4625;1000;4,63;0;1000;0,01932;6 mois
2025-06-23;2025-06-25;51;2026-06-17;1700;2100;FR0128984012;8099;1994;4,06;0;1994;0,01932;12 mois
2025-06-30;2025-07-02;22;2025-12-03;200;600;FR0128690734;3559;599;5,94;0;599;0,01925;6 mois
2025-06-30;2025-07-02;13;2025-10-01;2500;2900;FR0128983949;10694;2785;3,84;0;2785;0,01957;3 mois
2025-06-30;2025-07-02;28;2026-01-14;1600;2000;FR0128983980;7789;1967;3,96;251;2218;0,01949;6 mois
2025-06-30;2025-07-02;50;2026-06-17;1400;1800;FR0128984012;7610;1792;4,25;0;1792;0,01918;12 mois
2025-07-07;2025-07-09;15;2025-10-22;0;400;FR0128983956;2520;375;6,72;0;375;0,01924;3 mois
2025-07-07;2025-07-09;27;2026-01-14;1800;2200;FR0128983980;5116;2200;2,33;0;2200;0,01903;6 mois
2025-07-07;2025-07-09;49;2026-06-17;1400;1800;FR0128984012;5568;1799;3,1;0;1799;0,01892;12 mois
2025-07-07;2025-07-09;14;2025-10-15;2700;3100;FR0129132637;9138;3100;2,95;0;3100;0,01934;3 mois
2025-07-15;2025-07-17;26;2026-01-14;1400;1800;FR0128983980;4471;1799;2,49;0;1799;0,01925;6 mois
2025-07-15;2025-07-17;13;2025-10-15;2700;3100;FR0129132637;7874;3099;2,54;0;3099;0,0194;3 mois
2025-07-15;2025-07-17;52;2026-07-15;1500;1900;FR0129132728;5826;1898;3,07;83;1981;0,01914;12 mois
2025-07-21;2025-07-23;21;2025-12-17;100;500;FR0128983972;2526;500;5,05;0;500;0,01916;6 mois
2025-07-21;2025-07-23;25;2026-01-14;1200;1600;FR0128983980;4435;1598;2,78;295;1893;0,01935;6 mois
2025-07-21;2025-07-23;14;2025-10-29;2700;3100;FR0129132645;9705;3099;3,13;0;3099;0,01938;3 mois
2025-07-21;2025-07-23;51;2026-07-15;1600;2000;FR0129132728;5555;1998;2,78;163;2161;0,01902;12 mois
2025-07-28;2025-07-30;38;2026-04-22;200;600;FR0128983998;3826;600;6,38;0;600;0,01961;12 mois
2025-07-28;2025-07-30;13;2025-10-29;2600;3000;FR0129132645;12615;2998;4,21;167;3165;0,01977;3 mois
2025-07-28;2025-07-30;28;2026-02-11;1400;1800;FR0129132694;6426;1800;3,57;414;2214;0,01973;6 mois
2025-07-28;2025-07-30;50;2026-07-15;1500;1900;FR0129132728;8108;1845;4,39;104;1949;0,01968;12 mois
2025-08-04;2025-08-06;33;2026-03-25;0;400;FR0128838515;2468;305;8,09;0;305;0,01941;12 mois
2025-08-04;2025-08-06;14;2025-11-12;2600;3000;FR0129132652;9094;3000;3,03;0;3000;0,01957;3 mois
2025-08-04;2025-08-06;27;2026-02-11;1400;1800;FR0129132694;6470;1800;3,59;0;1800;0,01961;6 mois
2025-08-04;2025-08-06;49;2026-07-15;1600;2000;FR0129132728;4516;1997;2,26;0;1997;0,01952;12 mois
2025-08-11;2025-08-13;18;2025-12-17;0;400;FR0128983972;2910;399;7,29;0;399;0,01949;6 mois
2025-08-11;2025-08-13;13;2025-11-12;2600;3000;FR0129132652;7710;3000;2,57;0;3000;0,01952;3 mois
2025-08-11;2025-08-13;26;2026-02-11;1400;1800;FR0129132694;6967;1800;3,87;0;1800;0,01971;6 mois
2025-08-11;2025-08-13;52;2026-08-12;1600;2000;FR0129132736;5655;2000;2,83;0;2000;0,01973;12 mois
2025-08-18;2025-08-20;7;2025-10-08;0;400;FR0128690718;2934;400;7,34;0;400;0,0193;3 mois
2025-08-18;2025-08-20;14;2025-11-26;2600;3000;FR0129132660;9005;3000;3;0;3000;0,01963;3 mois
2025-08-18;2025-08-20;25;2026-02-11;1600;2000;FR0129132694;6925;1999;3,46;34;2033;0,01973;6 mois
2025-08-18;2025-08-20;51;2026-08-12;1600;2000;FR0129132736;5115;1997;2,56;0;1997;0,0198;12 mois
2025-08-25;2025-08-27;26;2026-02-25;200;600;FR0128838507;4155;600;6,93;0;600;0,01963;6 mois
2025-08-25;2025-08-27;13;2025-11-26;2800;3200;FR0129132660;7760;3198;2,43;0;3198;0,01974;3 mois
2025-08-25;2025-08-27;28;2026-03-11;1600;2000;FR0129132702;5641;2000;2,82;0;2000;0,01995;6 mois
2025-08-25;2025-08-27;50;2026-08-12;1600;2000;FR0129132736;6730;2000;3,37;0;2000;0,01994;12 mois
2025-09-01;2025-09-03;19;2026-01-14;0;400;FR0128983980;2538;400;6,35;0;400;0,01981;6 mois
2025-09-01;2025-09-03;14;2025-12-10;2600;3000;FR0129132678;9040;3000;3,01;0;3000;0,01984;3 mois
2025-09-01;2025-09-03;27;2026-03-11;1400;1800;FR0129132702;8140;1753;4,64;0;1753;0,02009;6 mois
2025-09-01;2025-09-03;49;2026-08-12;1500;1900;FR0129132736;7155;1890;3,79;0;1890;0,0202;12 mois
2025-09-08;2025-09-10;13;2025-12-10;2600;3000;FR0129132678;11871;3000;3,96;0;3000;0,01989;3 mois
2025-09-08;2025-09-10;26;2026-03-11;1500;1900;FR0129132702;8240;1900;4,34;0;1900;0,02006;6 mois
2025-09-08;2025-09-10;52;2026-09-09;1800;2200;FR0129132744;7040;2155;3,27;0;2155;0,01997;12 mois
2025-09-15;2025-09-17;15;2025-12-31;2800;3200;FR0128690742;9256;3191;2,9;0;3191;0,02007;3 mois
2025-09-15;2025-09-17;23;2026-02-25;100;500;FR0128838507;3175;497;6,39;13;510;0,02004;6 mois
2025-09-15;2025-09-17;25;2026-03-11;1600;2000;FR0129132702;8335;1998;4,17;0;1998;0,02027;6 mois
2025-09-15;2025-09-17;51;2026-09-09;1600;2000;FR0129132744;6508;1999;3,26;0;1999;0,02046;12 mois
2025-09-22;2025-09-24;14;2025-12-31;2400;2800;FR0128690742;8019;2800;2,86;0;2800;0,02007;3 mois
2025-09-22;2025-09-24;20;2026-02-11;0;400;FR0129132694;2777;400;6,94;0;400;0,01985;6 mois
2025-09-22;2025-09-24;28;2026-04-09;1800;2200;FR0129132710;6196;2200;2,82;0;2200;0,02027;6 mois
2025-09-22;2025-09-24;50;2026-09-09;1600;2000;FR0129132744;5610;1992;2,82;0;1992;0,02048;12 mois
2025-09-29;2025-10-01;15;2026-01-14;100;500;FR0128983980;3190;499;6,39;0;499;0,01979;3 mois
2025-09-29;2025-10-01;14;2026-01-07;2600;3000;FR0129132686;9520;3000;3,17;181;3181;0,02002;3 mois
2025-09-29;2025-10-01;27;2026-04-09;1600;2000;FR0129132710;5795;1999;2,9;0;1999;0,02042;6 mois
2025-09-29;2025-10-01;49;2026-09-09;2000;2400;FR0129132744;5500;2400;2,29;0;2400;0,02058;12 mois
2025-10-06;2025-10-08;16;2026-01-28;100;500;FR0128838499;3288;499;6,59;10;509;0,01973;6 mois
2025-10-06;2025-10-08;14;2026-01-14;2900;3300;FR0128983980;9701;3294;2,95;608;3902;0,01999;3 mois
2025-10-06;2025-10-08;26;2026-04-09;1800;2200;FR0129132710;7304;2197;3,32;100;2297;0,02034;6 mois
2025-10-06;2025-10-08;52;2026-10-07;1900;2300;FR0129287316;7372;2300;3,21;0;2300;0,02051;12 mois
2025-10-13;2025-10-15;12;2026-01-07;200;600;FR0129132686;2371;598;3,96;0;598;0,01958;3 mois
2025-10-13;2025-10-15;25;2026-04-09;1700;2100;FR0129132710;8675;2099;4,13;134;2233;0,02009;6 mois
2025-10-13;2025-10-15;14;2026-01-21;2700;3100;FR0129287225;9274;3098;2,99;0;3098;0,0199;3 mois
2025-10-13;2025-10-15;51;2026-10-07;1900;2300;FR0129287316;6770;2300;2,94;56;2356;0,02019;12 mois
2025-10-20;2025-10-22;42;2026-08-12;0;400;FR0129132736;2695;400;6,74;0;400;0,01996;12 mois
2025-10-20;2025-10-22;13;2026-01-21;3000;3400;FR0129287225;9017;3362;2,68;145;3507;0,01987;3 mois
2025-10-20;2025-10-22;28;2026-05-06;1800;2200;FR0129287282;4816;2200;2,19;0;2200;0,02015;6 mois
2025-10-20;2025-10-22;50;2026-10-07;1600;2000;FR0129287316;4570;2000;2,29;0;2000;0,0202;12 mois
2025-10-27;2025-10-29;25;2026-04-22;200;600;FR0128983998;1560;360;4,33;0;360;0,02015;6 mois
2025-10-27;2025-10-29;14;2026-02-04;2900;3300;FR0129287233;7956;3300;2,41;0;3300;0,02011;3 mois
2025-10-27;2025-10-29;27;2026-05-06;1500;1900;FR0129287282;4492;1899;2,37;0;1899;0,02041;6 mois
2025-10-27;2025-10-29;49;2026-10-07;1400;1800;FR0129287316;5429;1798;3,02;0;1798;0,02053;12 mois
2025-11-03;2025-11-05;28;2026-05-20;1400;1800;FR0128984004;4984;1799;2,77;162;1961;0,0205;6 mois
2025-11-03;2025-11-05;13;2026-02-04;2800;3200;FR0129287233;10343;3200;3,23;129;3329;0,0201;3 mois
2025-11-03;2025-11-05;26;2026-05-06;100;500;FR0129287282;2737;497;5,51;0;497;0,02029;6 mois
2025-11-03;2025-11-05;52;2026-11-04;1700;2100;FR0129287324;6609;2100;3,15;120;2220;0,02059;12 mois
2025-11-10;2025-11-12;27;2026-05-20;1400;1800;FR0128984004;7308;1800;4,06;0;1800;0,02044;6 mois
2025-11-10;2025-11-12;39;2026-08-12;300;700;FR0129132736;2755;700;3,94;0;700;0,02047;12 mois
2025-11-10;2025-11-12;14;2026-02-18;2800;3200;FR0129287241;7872;3200;2,46;28;3228;0,0203;3 mois
2025-11-10;2025-11-12;51;2026-11-04;1400;1800;FR0129287324;5959;1797;3,32;0;1797;0,02065;12 mois
2025-11-17;2025-11-19;13;2026-02-18;2800;3200;FR0129287241;10261;3199;3,21;0;3199;0,02027;3 mois
2025-11-17;2025-11-19;24;2026-05-06;0;400;FR0129287282;2045;400;5,11;0;400;0,02041;6 mois
2025-11-17;2025-11-19;28;2026-06-03;1500;1900;FR0129287290;5405;1899;2,85;0;1899;0,02066;6 mois
2025-11-17;2025-11-19;50;2026-11-04;1600;2000;FR0129287324;5945;2000;2,97;159;2159;0,02084;12 mois
2025-11-24;2025-11-26;14;2026-03-04;3100;3500;FR0129287258;9420;3497;2,69;0;3497;0,02041;3 mois
2025-11-24;2025-11-26;27;2026-06-03;1500;1900;FR0129287290;6620;1898;3,49;64;1962;0,02053;6 mois
2025-11-24;2025-11-26;49;2026-11-04;1700;2100;FR0129287324;5480;2098;2,61;0;2098;0,02078;12 mois
2025-12-01;2025-12-03;28;2026-06-17;1400;1800;FR0128984012;4410;1770;2,49;82;1852;0,02091;6 mois
2025-12-01;2025-12-03;13;2026-03-04;3000;3400;FR0129287258;7550;3400;2,22;0;3400;0,02069;3 mois
2025-12-01;2025-12-03;52;2026-12-02;1700;2100;FR0129287332;5175;2100;2,46;0;2100;0,02101;12 mois
2025-12-08;2025-12-10;27;2026-06-17;1500;1900;FR0128984012;5655;1900;2,98;76;1976;0,02103;6 mois
2025-12-08;2025-12-10;14;2026-03-18;3100;3500;FR0129287266;6995;3500;2;199;3699;0,02088;3 mois
2025-12-08;2025-12-10;21;2026-05-06;0;400;FR0129287282;2105;400;5,26;0;400;0,02084;6 mois
2025-12-08;2025-12-10;51;2026-12-02;1300;1700;FR0129287332;6425;1700;3,78;161;1861;0,02148;12 mois
2025-12-15;2025-12-17;3;2026-01-07;100;500;FR0129132686;2145;500;4,29;33;533;0,01943;3 mois
2025-12-15;2025-12-17;13;2026-03-18;3200;3600;FR0129287266;7750;3600;2,15;713;4313;0,02079;3 mois
2025-12-15;2025-12-17;28;2026-07-01;1400;1800;FR0129287308;4525;1795;2,52;230;2025;0,02117;6 mois
2025-12-15;2025-12-17;50;2026-12-02;1500;1900;FR0129287332;5365;1895;2,83;446;2341;0,02146;12 mois
2026-01-05;2026-01-07;25;2026-07-01;1500;1900;FR0129287308;7125;1900;3,75;179;2079;0,0206;6 mois
2026-01-05;2026-01-07;51;2026-12-30;1600;2000;FR0129287332;6405;2000;3,2;489;2489;0,02116;12 mois
2026-01-05;2026-01-07;14;2026-04-15;3100;3500;FR0129437473;9326;3499;2,67;660;4159;0,02043;3 mois
2026-01-12;2026-01-14;50;2026-12-30;1600;2000;FR0129287332;9320;2000;4,66;353;2353;0,02098;12 mois
2026-01-12;2026-01-14;13;2026-04-15;3400;3800;FR0129437473;13425;3798;3,53;983;4781;0,02026;3 mois
2026-01-12;2026-01-14;28;2026-07-29;1700;2100;FR0129437549;9695;2100;4,62;235;2335;0,02068;6 mois
2026-01-19;2026-01-21;19;2026-06-03;0;400;FR0129287290;2585;400;6,46;11;411;0,02;6 mois
2026-01-19;2026-01-21;49;2026-12-30;1500;1900;FR0129287332;8060;1900;4,24;577;2477;0,02085;12 mois
2026-01-19;2026-01-21;14;2026-04-29;3400;3800;FR0129437481;12800;3800;3,37;164;3964;0,02019;3 mois
2026-01-19;2026-01-21;27;2026-07-29;1700;2100;FR0129437549;11015;2100;5,25;635;2735;0,02048;6 mois
2026-01-26;2026-01-28;13;2026-04-29;3200;3600;FR0129437481;10481;3599;2,91;644;4243;0,02021;3 mois
2026-01-26;2026-01-28;26;2026-07-29;1600;2000;FR0129437549;11220;1999;5,61;588;2587;0,02045;6 mois
2026-01-26;2026-01-28;52;2027-01-27;1800;2200;FR0129437572;12027;2197;5,47;592;2789;0,02084;12 mois
2026-02-02;2026-02-04;35;2026-10-07;0;400;FR0129287316;2650;397;6,68;0;397;0,02045;12 mois
2026-02-02;2026-02-04;14;2026-05-13;3000;3400;FR0129437499;11475;3330;3,45;167;3497;0,02007;3 mois
2026-02-02;2026-02-04;25;2026-07-29;1800;2200;FR0129437549;9450;2195;4,31;0;2195;0,02036;6 mois
2026-02-02;2026-02-04;51;2027-01-27;1800;2200;FR0129437572;9310;2185;4,26;0;2185;0,02058;12 mois
2026-02-09;2026-02-11;20;2026-07-01;0;400;FR0129287308;2351;400;5,88;0;400;0,02008;6 mois
2026-02-09;2026-02-11;13;2026-05-13;3000;3400;FR0129437499;11150;3393;3,29;0;3393;0,02004;3 mois
2026-02-09;2026-02-11;28;2026-08-26;1600;2000;FR0129437556;10600;1999;5,3;0;1999;0,02031;6 mois
2026-02-09;2026-02-11;50;2027-01-27;1800;2200;FR0129437572;9420;2200;4,28;0;2200;0,02038;12 mois
2026-02-16;2026-02-18;29;2026-09-09;100;500;FR0129132744;2625;450;5,83;0;450;0,02024;6 mois
2026-02-16;2026-02-18;14;2026-05-27;3000;3400;FR0129437507;8015;3400;2,36;0;3400;0,02004;3 mois
2026-02-16;2026-02-18;27;2026-08-26;1500;1900;FR0129437556;6310;1897;3,33;0;1897;0,02026;6 mois
2026-02-16;2026-02-18;49;2027-01-27;1600;2000;FR0129437572;7355;1999;3,68;0;1999;0,0204;12 mois
2026-02-23;2026-02-25;24;2026-08-12;100;500;FR0129132736;3155;499;6,32;0;499;0,02027;6 mois
2026-02-23;2026-02-25;13;2026-05-27;2800;3200;FR0129437507;9940;3197;3,11;248;3445;0,02008;3 mois
2026-02-23;2026-02-25;26;2026-08-26;1500;1900;FR0129437556;6752;1893;3,57;0;1893;0,02034;6 mois
2026-02-23;2026-02-25;52;2027-02-24;1600;2000;FR0129437580;7527;2000;3,76;0;2000;0,02055;12 mois
2026-03-02;2026-03-04;43;2026-12-30;0;400;FR0129287340;2760;400;6,9;0;400;0,02085;12 mois
2026-03-02;2026-03-04;14;2026-06-10;3200;3600;FR0129437515;8206;3598;2,28;0;3598;0,0203;3 mois
2026-03-02;2026-03-04;25;2026-08-26;1700;2100;FR0129437556;5824;2064;2,82;0;2064;0,02065;6 mois
2026-03-02;2026-03-04;51;2027-02-24;1500;1900;FR0129437580;6657;1900;3,5;0;1900;0,02097;12 mois
2026-03-09;2026-03-11;38;2026-12-02;100;500;FR0129287332;1793;343;5,23;95;438;0,0227;12 mois
2026-03-09;2026-03-11;13;2026-06-10;3000;3400;FR0129437515;5181;3400;1,52;564;3964;0,02097;3 mois
2026-03-09;2026-03-11;28;2026-09-23;1500;1900;FR0129437564;3727;1900;1,96;578;2478;0,02217;6 mois
2026-03-09;2026-03-11;50;2027-02-24;1500;1900;FR0129437580;5317;1894;2,81;574;2468;0,02339;12 mois
2026-03-16;2026-03-18;25;2026-09-09;100;500;FR0129132744;2775;500;5,55;18;518;0,02199;6 mois
2026-03-16;2026-03-18;14;2026-06-24;2700;3100;FR0129437523;8650;3095;2,79;277;3372;0,02108;3 mois
2026-03-16;2026-03-18;27;2026-09-23;1500;1900;FR0129437564;5830;1900;3,07;115;2015;0,02229;6 mois
2026-03-16;2026-03-18;49;2027-02-24;1800;2200;FR0129437580;7935;2120;3,74;375;2495;0,02353;12 mois
2026-03-23;2026-03-25;36;2026-12-02;200;600;FR0129287332;2378;598;3,98;0;598;0,02493;12 mois
2026-03-23;2026-03-25;13;2026-06-24;3000;3400;FR0129437523;5487;3287;1,67;454;3741;0,02226;3 mois
2026-03-23;2026-03-25;26;2026-09-23;1300;1700;FR0129437564;4606;1699;2,71;0;1699;0,02412;6 mois
2026-03-23;2026-03-25;52;2027-03-24;1700;2100;FR0129437598;4128;2068;2;0;2068;0,02585;12 mois
2026-03-30;2026-04-01;14;2026-07-08;3000;3400;FR0129437531;7964;3400;2,34;167;3567;0,02238;3 mois
2026-03-30;2026-04-01;17;2026-07-29;200;600;FR0129437549;3552;598;5,94;6;604;0,02263;6 mois
2026-03-30;2026-04-01;25;2026-09-23;1300;1700;FR0129437564;6276;1699;3,69;292;1991;0,02407;6 mois
2026-03-30;2026-04-01;51;2027-03-24;1600;2000;FR0129437598;7210;1998;3,61;466;2464;0,0266;12 mois
2026-04-07;2026-04-09;13;2026-07-08;3100;3500;FR0129437531;14844;3493;4,25;1031;4524;0,02253;3 mois
2026-04-07;2026-04-09;46;2027-02-24;200;600;FR0129437580;3034;597;5,08;183;780;0,02643;12 mois
2026-04-07;2026-04-09;50;2027-03-24;1800;2200;FR0129437598;8640;2200;3,93;668;2868;0,02694;12 mois
2026-04-07;2026-04-09;28;2026-10-21;1400;1800;FR0129570588;7987;1800;4,44;546;2346;0,02509;6 mois
2026-04-13;2026-04-15;19;2026-08-26;300;700;FR0129437556;4367;662;6,6;185;847;0,02335;6 mois
2026-04-13;2026-04-15;49;2027-03-24;1900;2300;FR0129437598;8664;2298;3,77;696;2994;0,02634;12 mois
2026-04-13;2026-04-15;14;2026-07-22;3200;3600;FR0129570521;10961;3552;3,09;1036;4588;0,02248;3 mois
2026-04-13;2026-04-15;27;2026-10-21;1300;1700;FR0129570588;7741;1698;4,56;517;2215;0,02448;6 mois
2026-04-20;2026-04-22;24;2026-10-07;300;700;FR0129287316;3391;700;4,84;0;700;0,02286;6 mois
2026-04-20;2026-04-22;13;2026-07-22;3000;3400;FR0129570521;12312;3399;3,62;87;3486;0,02159;3 mois
2026-04-20;2026-04-22;26;2026-10-21;1500;1900;FR0129570588;11195;1899;5,9;0;1899;0,02319;6 mois
2026-04-20;2026-04-22;52;2027-04-21;1600;2000;FR0129570620;8084;2000;4,04;0;2000;0,02476;12 mois
2026-04-27;2026-04-29;11;2026-07-15;200;600;FR0129132728;4110;550;7,47;0;550;0,02132;3 mois
2026-04-27;2026-04-29;14;2026-08-05;2900;3300;FR0129570539;11370;3299;3,45;0;3299;0,02192;3 mois
2026-04-27;2026-04-29;25;2026-10-21;1700;2100;FR0129570588;7034;2096;3,36;0;2096;0,02342;6 mois
2026-04-27;2026-04-29;51;2027-04-21;1700;2100;FR0129570620;5799;2100;2,76;0;2100;0,02551;12 mois
2026-05-04;2026-05-06;14;2026-08-12;100;500;FR0129132736;3325;498;6,68;0;498;0,02226;3 mois
2026-05-04;2026-05-06;13;2026-08-05;3000;3400;FR0129570539;9304;3396;2,74;32;3428;0,02219;3 mois
2026-05-04;2026-05-06;28;2026-11-18;1700;2100;FR0129570596;10244;2100;4,88;361;2461;0,02476;6 mois
2026-05-04;2026-05-06;50;2027-04-21;1800;2200;FR0129570620;8759;2200;3,98;341;2541;0,0267;12 mois
2026-05-11;2026-05-13;29;2026-12-02;100;500;FR0129287332;3448;500;6,9;0;500;0,02434;6 mois
2026-05-11;2026-05-13;14;2026-08-19;2800;3200;FR0129570547;11548;3198;3,61;0;3198;0,02234;3 mois
2026-05-11;2026-05-13;27;2026-11-18;1700;2100;FR0129570596;10335;2099;4,92;0;2099;0,02421;6 mois
2026-05-11;2026-05-13;49;2027-04-21;1800;2200;FR0129570620;8108;2200;3,69;0;2200;0,02613;12 mois
2026-05-18;2026-05-20;18;2026-09-23;0;400;FR0129437564;3401;400;8,5;0;400;0,02304;6 mois
2026-05-18;2026-05-20;13;2026-08-19;2900;3300;FR0129570547;11586;3300;3,51;0;3300;0,0225;3 mois
2026-05-18;2026-05-20;26;2026-11-18;1800;2200;FR0129570596;6916;2199;3,15;0;2199;0,02412;6 mois
2026-05-18;2026-05-20;52;2027-05-20;1700;2100;FR0129570638;7246;2098;3,45;0;2098;0,02642;12 mois
2026-05-26;2026-05-28;11;2026-08-12;200;600;FR0129132736;2896;600;4,83;0;600;0,02228;3 mois
2026-05-26;2026-05-28;14;2026-09-02;2900;3300;FR0129570554;10816;3300;3,28;30;3330;0,02277;3 mois
2026-05-26;2026-05-28;25;2026-11-18;1800;2200;FR0129570596;9752;2197;4,44;0;2197;0,02385;6 mois
2026-05-26;2026-05-28;51;2027-05-20;1600;2000;FR0129570638;8455;1997;4,23;0;1997;0,02577;12 mois
2026-06-01;2026-06-03;12;2026-08-26;100;500;FR0129437556;3243;500;6,49;0;500;0,02254;3 mois
2026-06-01;2026-06-03;13;2026-09-02;2800;3200;FR0129570554;8967;3199;2,8;0;3199;0,02289;3 mois
2026-06-01;2026-06-03;28;2026-12-16;1700;2100;FR0129570604;6759;2099;3,22;0;2099;0,0244;6 mois
2026-06-01;2026-06-03;50;2027-05-20;1800;2200;FR0129570638;6847;2198;3,12;0;2198;0,02588;12 mois
2026-06-08;2026-06-10;15;2026-09-23;100;500;FR0129437564;3351;500;6,7;64;564;0,02363;3 mois
2026-06-08;2026-06-10;14;2026-09-16;2800;3200;FR0129570562;9175;3199;2,87;282;3481;0,02361;3 mois
2026-06-08;2026-06-10;27;2026-12-16;1700;2100;FR0129570604;6108;2100;2,91;41;2141;0,02507;6 mois
2026-06-08;2026-06-10;49;2027-05-20;1700;2100;FR0129570638;4908;2099;2,34;527;2626;0,02667;12 mois
2026-06-15;2026-06-17;12;2026-09-09;0;400;FR0129132744;2870;400;7,18;0;400;0,02327;3 mois
2026-06-15;2026-06-17;13;2026-09-16;2800;3200;FR0129570562;9145;3197;2,86;0;3197;0,02352;3 mois
2026-06-15;2026-06-17;26;2026-12-16;1500;1900;FR0129570604;6348;1898;3,34;0;1898;0,02465;6 mois
2026-06-15;2026-06-17;52;2027-06-16;1700;2100;FR0129570646;5848;2098;2,79;0;2098;0,02602;12 mois
2026-06-22;2026-06-24;23;2026-12-02;0;400;FR0129287332;2646;400;6,62;55;455;0,02449;6 mois
2026-06-22;2026-06-24;14;2026-09-30;2900;3300;FR0129570570;8403;3299;2,55;682;3981;0,02388;3 mois
2026-06-22;2026-06-24;25;2026-12-16;1600;2000;FR0129570604;6605;1950;3,39;527;2477;0,02481;6 mois
2026-06-22;2026-06-24;51;2027-06-16;1600;2000;FR0129570646;6010;1999;3,01;604;2603;0,0264;12 mois
2026-06-29;2026-07-01;14;2026-10-07;100;500;FR0129287316;3038;495;6,14;0;495;0,02361;3 mois
2026-06-29;2026-07-01;13;2026-09-30;2700;3100;FR0129570570;7578;3100;2,44;75;3175;0,02377;3 mois
2026-06-29;2026-07-01;28;2027-01-13;1500;1900;FR0129570612;7138;1900;3,76;253;2153;0,02483;6 mois
2026-06-29;2026-07-01;50;2027-06-16;1300;1700;FR0129570646;6478;1697;3,82;288;1985;0,02579;12 mois
2026-07-06;2026-07-08;27;2027-01-13;1500;1900;FR0129570612;6448;1897;3,4;0;1897;0,02455;6 mois
2026-07-06;2026-07-08;45;2027-05-19;0;400;FR0129570638;2715;390;6,96;0;390;0,02517;12 mois
2026-07-06;2026-07-08;49;2027-06-16;1500;1900;FR0129570646;6625;1900;3,49;0;1900;0,02548;12 mois
2026-07-06;2026-07-08;14;2026-10-14;2900;3300;FR0129704203;9993;3298;3,03;68;3366;0,02374;3 mois
2026-07-13;2026-07-15;11;2026-09-30;200;600;FR0129570570;2411;599;4,03;0;599;0,02344;3 mois
2026-07-13;2026-07-15;26;2027-01-13;1400;1800;FR0129570612;6130;1798;3,41;0;1798;0,0254;6 mois
2026-07-13;2026-07-15;52;2027-07-14;1600;2000;FR0129704179;6369;1999;3,19;0;1999;0,02701;12 mois
2026-07-13;2026-07-15;13;2026-10-14;2600;3000;FR0129704203;8645;2998;2,88;0;2998;0,0241;3 mois
2026-07-20;2026-07-22;23;2026-12-30;200;600;FR0129287340;2780;600;4,63;70;670;0,02523;6 mois
2026-07-20;2026-07-22;25;2027-01-13;1500;1900;FR0129570612;6560;1896;3,46;16;1912;0,02554;6 mois
2026-07-20;2026-07-22;14;2026-10-28;2700;3100;FR0129704088;8338;3096;2,69;26;3122;0,02437;3 mois
2026-07-20;2026-07-22;51;2027-07-14;1600;2000;FR0129704179;6475;1990;3,25;0;1990;0,02749;12 mois
2026-07-27;2026-07-29;13;2026-10-28;2700;3100;FR0129704088;12218;3099;3,94;127;3226;0,02424;3 mois
2026-07-27;2026-07-29;28;2027-02-10;1600;2000;FR0129704146;5195;1998;2,6;0;1998;0,02587;6 mois
2026-07-27;2026-07-29;50;2027-07-14;1700;2100;FR0129704179;6300;2098;3;378;2476;0,02753;12 mois
2026-07-27;2026-07-29;11;2026-10-14;200;600;FR0129704203;2315;600;3,86;0;600;0,02363;3 mois
2026-08-03;2026-08-05;21;2026-12-30;300;700;FR0129287340;4140;645;6,42;66;711;0,0251;6 mois
2026-08-03;2026-08-05;14;2026-11-11;2600;3000;FR0129704096;13835;3000;4,61;833;3833;0,02448;3 mois
2026-08-03;2026-08-05;27;2027-02-10;1500;1900;FR0129704146;9285;1899;4,89;506;2405;0,02585;6 mois
2026-08-03;2026-08-05;49;2027-07-14;1500;1900;FR0129704179;6970;1899;3,67;572;2471;0,02738;12 mois
2026-08-10;2026-08-12;10;2026-10-21;200;600;FR0129570588;3143;600;5,24;124;724;0,02393;3 mois
2026-08-10;2026-08-12;13;2026-11-11;2700;3100;FR0129704096;10576;3092;3,42;396;3488;0,02448;3 mois
2026-08-10;2026-08-12;26;2027-02-10;1400;1800;FR0129704146;5098;1794;2,84;111;1905;0,02579;6 mois
2026-08-10;2026-08-12;52;2027-08-11;1500;1900;FR0129704187;5498;1896;2,9;118;2014;0,02752;12 mois
2026-08-17;2026-08-19;11;2026-11-04;0;400;FR0129287324;2255;400;5,64;0;400;0,02399;3 mois
2026-08-17;2026-08-19;14;2026-11-25;2600;3000;FR0129704104;10505;3000;3,5;0;3000;0,02484;3 mois
2026-08-17;2026-08-19;25;2027-02-10;1300;1700;FR0129704146;5888;1697;3,47;0;1697;0,02608;6 mois
2026-08-17;2026-08-19;51;2027-08-11;1500;1900;FR0129704187;6418;1900;3,38;0;1900;0,02781;12 mois
2026-08-24;2026-08-26;14;2026-12-02;100;500;FR0129287332;2613;500;5,23;0;500;0,02495;3 mois
2026-08-24;2026-08-26;13;2026-11-25;2500;2900;FR0129704104;11695;2898;4,04;0;2898;0,02502;3 mois
2026-08-24;2026-08-26;28;2027-03-10;1500;1900;FR0129704153;6760;1897;3,56;426;2323;0,02675;6 mois
2026-08-24;2026-08-26;50;2027-08-11;1400;1800;FR0129704187;6340;1794;3,53;529;2323;0,02832;12 mois
2026-08-31;2026-09-02;25;2027-02-24;100;500;FR0129437580;3853;500;7,71;0;500;0,02655;6 mois
2026-08-31;2026-09-02;14;2026-12-09;2500;2900;FR0129704112;10743;2895;3,71;142;3037;0,02533;3 mois
2026-08-31;2026-09-02;27;2027-03-10;1300;1700;FR0129704153;7005;1696;4,13;0;1696;0,02697;6 mois
2026-08-31;2026-09-02;49;2027-08-11;1500;1900;FR0129704187;7805;1898;4,11;0;1898;0,0286;12 mois
2026-09-07;2026-09-09;32;2027-04-21;300;700;FR0129570620;3545;698;5,08;0;698;0,02768;12 mois
2026-09-07;2026-09-09;13;2026-12-09;2600;3000;FR0129704112;13070;2999;4,36;277;3276;0,0254;3 mois
2026-09-07;2026-09-09;26;2027-03-10;1200;1600;FR0129704153;8290;1600;5,18;0;1600;0,0272;6 mois
2026-09-07;2026-09-09;52;2027-09-08;1400;1800;FR0129704195;7055;2032;3,47;0;2032;0,0294;12 mois
2026-09-14;2026-09-16;14;2026-12-23;2600;3000;FR0129704120;8350;3000;2,78;406;3406;0,02654;3 mois
2026-09-14;2026-09-16;25;2027-03-10;1500;1900;FR0129704153;8090;1897;4,26;567;2464;0,02868;6 mois
2026-09-14;2026-09-16;51;2027-09-08;1700;2100;FR0129704195;6650;2094;3,18;626;2720;0,03208;12 mois
2026-09-21;2026-09-22;13;2026-12-22;2700;3100;FR0129704120;7144;3095;2,31;224;3319;0,02639;3 mois
2026-09-21;2026-09-22;28;2027-04-06;1700;2100;FR0129704161;6498;2099;3,1;327;2426;0,02898;6 mois
2026-09-21;2026-09-22;50;2027-09-07;1500;1900;FR0129704195;5545;1900;2,92;235;2135;0,03161;12 mois
2026-09-28;2026-09-30;11;2026-12-16;200;600;FR0129570604;2345;598;3,92;37;635;0,02582;3 mois
2026-09-28;2026-09-30;14;2027-01-06;3000;3400;FR0129704138;6650;3398;1,96;0;3398;0,02701;3 mois
2026-09-28;2026-09-30;27;2027-04-07;1400;1800;FR0129704161;4890;1800;2,72;16;1816;0,0292;6 mois
2026-09-28;2026-09-30;49;2027-09-08;1000;1400;FR0129704195;3510;1400;2,51;0;1400;0,03236;12 mois
