date;daily_reference;btani_0-45_20160725;oati_1_20170725;oati_1-3_20190725;oati_0-1_20210725;oati_2-1_20230725;oati_0-1_20250301;oati_0-1_20280301;oati_3-4_20290725;oati_0-1_20320301;oati_0-1_20360301;oati_0-55_20390301
1998-07-25;66,363;;;;;;;;;;;
1998-07-26;66,363;;;;;;;;;;;
1998-07-27;66,363;;;;;;;;;;;
1998-07-28;66,363;;;;;;;;;;;
1998-07-29;66,363;;;;;;;;;;;
1998-07-30;66,363;;;;;;;;;;;
1998-07-31;66,363;;;;;;;;;;;
1998-08-01;66,363;;;;;;;;;;;
1998-08-02;66,36486;;;;;;;;;;;
1998-08-03;66,36672;;;;;;;;;;;
1998-08-04;66,36858;;;;;;;;;;;
1998-08-05;66,37045;;;;;;;;;;;
1998-08-06;66,37231;;;;;;;;;;;
1998-08-07;66,37417;;;;;;;;;;;
1998-08-08;66,37602;;;;;;;;;;;
1998-08-09;66,37788;;;;;;;;;;;
1998-08-10;66,37974;;;;;;;;;;;
1998-08-11;66,38161;;;;;;;;;;;
1998-08-12;66,38347;;;;;;;;;;;
1998-08-13;66,38532;;;;;;;;;;;
1998-08-14;66,38718;;;;;;;;;;;
1998-08-15;66,38904;;;;;;;;;;;
1998-08-16;66,39091;;;;;;;;;;;
1998-08-17;66,39276;;;;;;;;;;;
1998-08-18;66,39463;;;;;;;;;;;
1998-08-19;66,39649;;;;;;;;;;;
1998-08-20;66,39835;;;;;;;;;;;
1998-08-21;66,4002;;;;;;;;;;;
1998-08-22;66,40206;;;;;;;;;;;
1998-08-23;66,40392;;;;;;;;;;;
1998-08-24;66,40578;;;;;;;;;;;
1998-08-25;66,40764;;;;;;;;;;;
1998-08-26;66,40951;;;;;;;;;;;
1998-08-27;66,41137;;;;;;;;;;;
1998-08-28;66,41323;;;;;;;;;;;
1998-08-29;66,41509;;;;;;;;;;;
1998-08-30;66,41694;;;;;;;;;;;
1998-08-31;66,4188;;;;;;;;;;;
1998-09-01;66,42066;;;;;;;;;;;
1998-09-02;66,41105;;;;;;;;;;;
1998-09-03;66,40144;;;;;;;;;;;
1998-09-04;66,39184;;;;;;;;;;;
1998-09-05;66,38223;;;;;;;;;;;
1998-09-06;66,37262;;;;;;;;;;;
1998-09-07;66,36301;;;;;;;;;;;
1998-09-08;66,3534;;;;;;;;;;;
1998-09-09;66,34379;;;;;;;;;;;
1998-09-10;66,33418;;;;;;;;;;;
1998-09-11;66,32457;;;;;;;;;;;
1998-09-12;66,31496;;;;;;;;;;;
1998-09-13;66,30536;;;;;;;;;;;
1998-09-14;66,29574;;;;;;;;;;;
1998-09-15;66,28614;;;;;;;;;;;
1998-09-16;66,27652;;;;;;;;;;;
1998-09-17;66,26691;;;;;;;;;;;
1998-09-18;66,2573;;;;;;;;;;;
1998-09-19;66,2477;;;;;;;;;;;
1998-09-20;66,23809;;;;;;;;;;;
1998-09-21;66,22848;;;;;;;;;;;
1998-09-22;66,21887;;;;;;;;;;;
1998-09-23;66,20926;;;;;;;;;;;
1998-09-24;66,19965;;;;;;;;;;;
1998-09-25;66,19003;;;;;;;;;;;
1998-09-26;66,18043;;;;;;;;;;;
1998-09-27;66,17082;;;;;;;;;;;
1998-09-28;66,16122;;;;;;;;;;;
1998-09-29;66,1516;;;;;;;;;;;
1998-09-30;66,142;;;;;;;;;;;
1998-10-01;66,13238;;;;;;;;;;;
1998-10-02;66,1361;;;;;;;;;;;
1998-10-03;66,13982;;;;;;;;;;;
1998-10-04;66,14354;;;;;;;;;;;
1998-10-05;66,14726;;;;;;;;;;;
1998-10-06;66,15098;;;;;;;;;;;
1998-10-07;66,1547;;;;;;;;;;;
1998-10-08;66,15842;;;;;;;;;;;
1998-10-09;66,16214;;;;;;;;;;;
1998-10-10;66,16586;;;;;;;;;;;
1998-10-11;66,16958;;;;;;;;;;;
1998-10-12;66,17329;;;;;;;;;;;
1998-10-13;66,17702;;;;;;;;;;;
1998-10-14;66,18074;;;;;;;;;;;
1998-10-15;66,18446;;;;;;;;;;;
1998-10-16;66,18817;;;;;;;;;;;
1998-10-17;66,1919;;;;;;;;;;;
1998-10-18;66,19562;;;;;;;;;;;
1998-10-19;66,19934;;;;;;;;;;;
1998-10-20;66,20305;;;;;;;;;;;
1998-10-21;66,20678;;;;;;;;;;;
1998-10-22;66,2105;;;;;;;;;;;
1998-10-23;66,21422;;;;;;;;;;;
1998-10-24;66,21793;;;;;;;;;;;
1998-10-25;66,22166;;;;;;;;;;;
1998-10-26;66,22537;;;;;;;;;;;
1998-10-27;66,22909;;;;;;;;;;;
1998-10-28;66,23282;;;;;;;;;;;
1998-10-29;66,23654;;;;;;;;;;;
1998-10-30;66,24025;;;;;;;;;;;
1998-10-31;66,24397;;;;;;;;;;;
1998-11-01;66,2477;;;;;;;;;;;
1998-11-02;66,2477;;;;;;;;;;;
1998-11-03;66,2477;;;;;;;;;;;
1998-11-04;66,2477;;;;;;;;;;;
1998-11-05;66,2477;;;;;;;;;;;
1998-11-06;66,2477;;;;;;;;;;;
1998-11-07;66,2477;;;;;;;;;;;
1998-11-08;66,2477;;;;;;;;;;;
1998-11-09;66,2477;;;;;;;;;;;
1998-11-10;66,2477;;;;;;;;;;;
1998-11-11;66,2477;;;;;;;;;;;
1998-11-12;66,2477;;;;;;;;;;;
1998-11-13;66,2477;;;;;;;;;;;
1998-11-14;66,2477;;;;;;;;;;;
1998-11-15;66,2477;;;;;;;;;;;
1998-11-16;66,2477;;;;;;;;;;;
1998-11-17;66,2477;;;;;;;;;;;
1998-11-18;66,2477;;;;;;;;;;;
1998-11-19;66,2477;;;;;;;;;;;
1998-11-20;66,2477;;;;;;;;;;;
1998-11-21;66,2477;;;;;;;;;;;
1998-11-22;66,2477;;;;;;;;;;;
1998-11-23;66,2477;;;;;;;;;;;
1998-11-24;66,2477;;;;;;;;;;;
1998-11-25;66,2477;;;;;;;;;;;
1998-11-26;66,2477;;;;;;;;;;;
1998-11-27;66,2477;;;;;;;;;;;
1998-11-28;66,2477;;;;;;;;;;;
1998-11-29;66,2477;;;;;;;;;;;
1998-11-30;66,2477;;;;;;;;;;;
1998-12-01;66,2477;;;;;;;;;;;
1998-12-02;66,2477;;;;;;;;;;;
1998-12-03;66,2477;;;;;;;;;;;
1998-12-04;66,2477;;;;;;;;;;;
1998-12-05;66,2477;;;;;;;;;;;
1998-12-06;66,2477;;;;;;;;;;;
1998-12-07;66,2477;;;;;;;;;;;
1998-12-08;66,2477;;;;;;;;;;;
1998-12-09;66,2477;;;;;;;;;;;
1998-12-10;66,2477;;;;;;;;;;;
1998-12-11;66,2477;;;;;;;;;;;
1998-12-12;66,2477;;;;;;;;;;;
1998-12-13;66,2477;;;;;;;;;;;
1998-12-14;66,2477;;;;;;;;;;;
1998-12-15;66,2477;;;;;;;;;;;
1998-12-16;66,2477;;;;;;;;;;;
1998-12-17;66,2477;;;;;;;;;;;
1998-12-18;66,2477;;;;;;;;;;;
1998-12-19;66,2477;;;;;;;;;;;
1998-12-20;66,2477;;;;;;;;;;;
1998-12-21;66,2477;;;;;;;;;;;
1998-12-22;66,2477;;;;;;;;;;;
1998-12-23;66,2477;;;;;;;;;;;
1998-12-24;66,2477;;;;;;;;;;;
1998-12-25;66,2477;;;;;;;;;;;
1998-12-26;66,2477;;;;;;;;;;;
1998-12-27;66,2477;;;;;;;;;;;
1998-12-28;66,2477;;;;;;;;;;;
1998-12-29;66,2477;;;;;;;;;;;
1998-12-30;66,2477;;;;;;;;;;;
1998-12-31;66,2477;;;;;;;;;;;
1999-01-01;66,2477;;;;;;;;;;;
1999-01-02;66,24584;;;;;;;;;;;
1999-01-03;66,24397;;;;;;;;;;;
1999-01-04;66,24211;;;;;;;;;;;
1999-01-05;66,24025;;;;;;;;;;;
1999-01-06;66,23839;;;;;;;;;;;
1999-01-07;66,23654;;;;;;;;;;;
1999-01-08;66,23468;;;;;;;;;;;
1999-01-09;66,23282;;;;;;;;;;;
1999-01-10;66,23095;;;;;;;;;;;
1999-01-11;66,22909;;;;;;;;;;;
1999-01-12;66,22723;;;;;;;;;;;
1999-01-13;66,22537;;;;;;;;;;;
1999-01-14;66,22351;;;;;;;;;;;
1999-01-15;66,22166;;;;;;;;;;;
1999-01-16;66,2198;;;;;;;;;;;
1999-01-17;66,21793;;;;;;;;;;;
1999-01-18;66,21607;;;;;;;;;;;
1999-01-19;66,21422;;;;;;;;;;;
1999-01-20;66,21236;;;;;;;;;;;
1999-01-21;66,2105;;;;;;;;;;;
1999-01-22;66,20863;;;;;;;;;;;
1999-01-23;66,20678;;;;;;;;;;;
1999-01-24;66,20492;;;;;;;;;;;
1999-01-25;66,20305;;;;;;;;;;;
1999-01-26;66,20119;;;;;;;;;;;
1999-01-27;66,19934;;;;;;;;;;;
1999-01-28;66,19748;;;;;;;;;;;
1999-01-29;66,19562;;;;;;;;;;;
1999-01-30;66,19376;;;;;;;;;;;
1999-01-31;66,1919;;;;;;;;;;;
1999-02-01;66,19003;;;;;;;;;;;
1999-02-02;66,1921;;;;;;;;;;;
1999-02-03;66,19416;;;;;;;;;;;
1999-02-04;66,19621;;;;;;;;;;;
1999-02-05;66,19827;;;;;;;;;;;
1999-02-06;66,20033;;;;;;;;;;;
1999-02-07;66,20239;;;;;;;;;;;
1999-02-08;66,20446;;;;;;;;;;;
1999-02-09;66,20651;;;;;;;;;;;
1999-02-10;66,20857;;;;;;;;;;;
1999-02-11;66,21062;;;;;;;;;;;
1999-02-12;66,21269;;;;;;;;;;;
1999-02-13;66,21475;;;;;;;;;;;
1999-02-14;66,21681;;;;;;;;;;;
1999-02-15;66,21887;;;;;;;;;;;
1999-02-16;66,22092;;;;;;;;;;;
1999-02-17;66,22298;;;;;;;;;;;
1999-02-18;66,22505;;;;;;;;;;;
1999-02-19;66,22711;;;;;;;;;;;
1999-02-20;66,22916;;;;;;;;;;;
1999-02-21;66,23121;;;;;;;;;;;
1999-02-22;66,23327;;;;;;;;;;;
1999-02-23;66,23534;;;;;;;;;;;
1999-02-24;66,2374;;;;;;;;;;;
1999-02-25;66,23946;;;;;;;;;;;
1999-02-26;66,24152;;;;;;;;;;;
1999-02-27;66,24357;;;;;;;;;;;
1999-02-28;66,24563;;;;;;;;;;;
1999-03-01;66,2477;;;;;;;;;;;
1999-03-02;66,23915;;;;;;;;;;;
1999-03-03;66,2306;;;;;;;;;;;
1999-03-04;66,22205;;;;;;;;;;;
1999-03-05;66,2135;;;;;;;;;;;
1999-03-06;66,20495;;;;;;;;;;;
1999-03-07;66,1964;;;;;;;;;;;
1999-03-08;66,18786;;;;;;;;;;;
1999-03-09;66,1793;;;;;;;;;;;
1999-03-10;66,17076;;;;;;;;;;;
1999-03-11;66,16221;;;;;;;;;;;
1999-03-12;66,15366;;;;;;;;;;;
1999-03-13;66,14512;;;;;;;;;;;
1999-03-14;66,13657;;;;;;;;;;;
1999-03-15;66,12802;;;;;;;;;;;
1999-03-16;66,11947;;;;;;;;;;;
1999-03-17;66,11092;;;;;;;;;;;
1999-03-18;66,10238;;;;;;;;;;;
1999-03-19;66,09382;;;;;;;;;;;
1999-03-20;66,08528;;;;;;;;;;;
1999-03-21;66,07673;;;;;;;;;;;
1999-03-22;66,06819;;;;;;;;;;;
1999-03-23;66,05964;;;;;;;;;;;
1999-03-24;66,05109;;;;;;;;;;;
1999-03-25;66,04254;;;;;;;;;;;
1999-03-26;66,03399;;;;;;;;;;;
1999-03-27;66,02545;;;;;;;;;;;
1999-03-28;66,01689;;;;;;;;;;;
1999-03-29;66,00835;;;;;;;;;;;
1999-03-30;65,9998;;;;;;;;;;;
1999-03-31;65,99124;;;;;;;;;;;
1999-04-01;65,9827;;;;;;;;;;;
1999-04-02;65,98933;;;;;;;;;;;
1999-04-03;65,99595;;;;;;;;;;;
1999-04-04;66,00258;;;;;;;;;;;
1999-04-05;66,00921;;;;;;;;;;;
1999-04-06;66,01582;;;;;;;;;;;
1999-04-07;66,02245;;;;;;;;;;;
1999-04-08;66,02908;;;;;;;;;;;
1999-04-09;66,0357;;;;;;;;;;;
1999-04-10;66,04232;;;;;;;;;;;
1999-04-11;66,04895;;;;;;;;;;;
1999-04-12;66,05557;;;;;;;;;;;
1999-04-13;66,0622;;;;;;;;;;;
1999-04-14;66,06883;;;;;;;;;;;
1999-04-15;66,07545;;;;;;;;;;;
1999-04-16;66,08207;;;;;;;;;;;
1999-04-17;66,0887;;;;;;;;;;;
1999-04-18;66,09533;;;;;;;;;;;
1999-04-19;66,10194;;;;;;;;;;;
1999-04-20;66,10857;;;;;;;;;;;
1999-04-21;66,1152;;;;;;;;;;;
1999-04-22;66,12182;;;;;;;;;;;
1999-04-23;66,12845;;;;;;;;;;;
1999-04-24;66,13507;;;;;;;;;;;
1999-04-25;66,1417;;;;;;;;;;;
1999-04-26;66,14832;;;;;;;;;;;
1999-04-27;66,15495;;;;;;;;;;;
1999-04-28;66,16157;;;;;;;;;;;
1999-04-29;66,16819;;;;;;;;;;;
1999-04-30;66,17482;;;;;;;;;;;
1999-05-01;66,18145;;;;;;;;;;;
1999-05-02;66,18999;;;;;;;;;;;
1999-05-03;66,19855;;;;;;;;;;;
1999-05-04;66,20709;;;;;;;;;;;
1999-05-05;66,21563;;;;;;;;;;;
1999-05-06;66,22419;;;;;;;;;;;
1999-05-07;66,23273;;;;;;;;;;;
1999-05-08;66,24128;;;;;;;;;;;
1999-05-09;66,24983;;;;;;;;;;;
1999-05-10;66,25838;;;;;;;;;;;
1999-05-11;66,26693;;;;;;;;;;;
1999-05-12;66,27548;;;;;;;;;;;
1999-05-13;66,28403;;;;;;;;;;;
1999-05-14;66,29257;;;;;;;;;;;
1999-05-15;66,30112;;;;;;;;;;;
1999-05-16;66,30966;;;;;;;;;;;
1999-05-17;66,31821;;;;;;;;;;;
1999-05-18;66,32676;;;;;;;;;;;
1999-05-19;66,33531;;;;;;;;;;;
1999-05-20;66,34386;;;;;;;;;;;
1999-05-21;66,3524;;;;;;;;;;;
1999-05-22;66,36096;;;;;;;;;;;
1999-05-23;66,3695;;;;;;;;;;;
1999-05-24;66,37805;;;;;;;;;;;
1999-05-25;66,3866;;;;;;;;;;;
1999-05-26;66,39515;;;;;;;;;;;
1999-05-27;66,4037;;;;;;;;;;;
1999-05-28;66,41224;;;;;;;;;;;
1999-05-29;66,42079;;;;;;;;;;;
1999-05-30;66,42934;;;;;;;;;;;
1999-05-31;66,43789;;;;;;;;;;;
1999-06-01;66,44644;;;;;;;;;;;
1999-06-02;66,45306;;;;;;;;;;;
1999-06-03;66,45969;;;;;;;;;;;
1999-06-04;66,46631;;;;;;;;;;;
1999-06-05;66,47293;;;;;;;;;;;
1999-06-06;66,47956;;;;;;;;;;;
1999-06-07;66,48619;;;;;;;;;;;
1999-06-08;66,49281;;;;;;;;;;;
1999-06-09;66,49943;;;;;;;;;;;
1999-06-10;66,50606;;;;;;;;;;;
1999-06-11;66,51269;;;;;;;;;;;
1999-06-12;66,51931;;;;;;;;;;;
1999-06-13;66,52593;;;;;;;;;;;
1999-06-14;66,53256;;;;;;;;;;;
1999-06-15;66,53918;;;;;;;;;;;
1999-06-16;66,54581;;;;;;;;;;;
1999-06-17;66,55243;;;;;;;;;;;
1999-06-18;66,55906;;;;;;;;;;;
1999-06-19;66,56568;;;;;;;;;;;
1999-06-20;66,57231;;;;;;;;;;;
1999-06-21;66,57894;;;;;;;;;;;
1999-06-22;66,58555;;;;;;;;;;;
1999-06-23;66,59218;;;;;;;;;;;
1999-06-24;66,59881;;;;;;;;;;;
1999-06-25;66,60543;;;;;;;;;;;
1999-06-26;66,61205;;;;;;;;;;;
1999-06-27;66,61868;;;;;;;;;;;
1999-06-28;66,6253;;;;;;;;;;;
1999-06-29;66,63193;;;;;;;;;;;
1999-06-30;66,63856;;;;;;;;;;;
1999-07-01;66,64518;;;;;;;;;;;
1999-07-02;66,64518;;;;;;;;;;;
1999-07-03;66,64518;;;;;;;;;;;
1999-07-04;66,64518;;;;;;;;;;;
1999-07-05;66,64518;;;;;;;;;;;
1999-07-06;66,64518;;;;;;;;;;;
1999-07-07;66,64518;;;;;;;;;;;
1999-07-08;66,64518;;;;;;;;;;;
1999-07-09;66,64518;;;;;;;;;;;
1999-07-10;66,64518;;;;;;;;;;;
1999-07-11;66,64518;;;;;;;;;;;
1999-07-12;66,64518;;;;;;;;;;;
1999-07-13;66,64518;;;;;;;;;;;
1999-07-14;66,64518;;;;;;;;;;;
1999-07-15;66,64518;;;;;;;;;;;
1999-07-16;66,64518;;;;;;;;;;;
1999-07-17;66,64518;;;;;;;;;;;
1999-07-18;66,64518;;;;;;;;;;;
1999-07-19;66,64518;;;;;;;;;;;
1999-07-20;66,64518;;;;;;;;;;;
1999-07-21;66,64518;;;;;;;;;;;
1999-07-22;66,64518;;;;;;;;;;;
1999-07-23;66,64518;;;;;;;;;;;
1999-07-24;66,64518;;;;;;;;;;;
1999-07-25;66,64518;;;;;;;;1;;;
1999-07-26;66,64518;;;;;;;;1;;;
1999-07-27;66,64518;;;;;;;;1;;;
1999-07-28;66,64518;;;;;;;;1;;;
1999-07-29;66,64518;;;;;;;;1;;;
1999-07-30;66,64518;;;;;;;;1;;;
1999-07-31;66,64518;;;;;;;;1;;;
1999-08-01;66,64518;;;;;;;;1;;;
1999-08-02;66,64518;;;;;;;;1;;;
1999-08-03;66,64518;;;;;;;;1;;;
1999-08-04;66,64518;;;;;;;;1;;;
1999-08-05;66,64518;;;;;;;;1;;;
1999-08-06;66,64518;;;;;;;;1;;;
1999-08-07;66,64518;;;;;;;;1;;;
1999-08-08;66,64518;;;;;;;;1;;;
1999-08-09;66,64518;;;;;;;;1;;;
1999-08-10;66,64518;;;;;;;;1;;;
1999-08-11;66,64518;;;;;;;;1;;;
1999-08-12;66,64518;;;;;;;;1;;;
1999-08-13;66,64518;;;;;;;;1;;;
1999-08-14;66,64518;;;;;;;;1;;;
1999-08-15;66,64518;;;;;;;;1;;;
1999-08-16;66,64518;;;;;;;;1;;;
1999-08-17;66,64518;;;;;;;;1;;;
1999-08-18;66,64518;;;;;;;;1;;;
1999-08-19;66,64518;;;;;;;;1;;;
1999-08-20;66,64518;;;;;;;;1;;;
1999-08-21;66,64518;;;;;;;;1;;;
1999-08-22;66,64518;;;;;;;;1;;;
1999-08-23;66,64518;;;;;;;;1;;;
1999-08-24;66,64518;;;;;;;;1;;;
1999-08-25;66,64518;;;;;;;;1;;;
1999-08-26;66,64518;;;;;;;;1;;;
1999-08-27;66,64518;;;;;;;;1;;;
1999-08-28;66,64518;;;;;;;;1;;;
1999-08-29;66,64518;;;;;;;;1;;;
1999-08-30;66,64518;;;;;;;;1;;;
1999-08-31;66,64518;;;;;;;;1;;;
1999-09-01;66,64518;;;;;;;;1;;;
1999-09-02;66,63856;;;;;;;;0,9999;;;
1999-09-03;66,63193;;;;;;;;0,9998;;;
1999-09-04;66,6253;;;;;;;;0,9997;;;
1999-09-05;66,61868;;;;;;;;0,9996;;;
1999-09-06;66,61205;;;;;;;;0,9995;;;
1999-09-07;66,60543;;;;;;;;0,9994;;;
1999-09-08;66,59881;;;;;;;;0,9993;;;
1999-09-09;66,59218;;;;;;;;0,9992;;;
1999-09-10;66,58555;;;;;;;;0,99911;;;
1999-09-11;66,57894;;;;;;;;0,99901;;;
1999-09-12;66,57231;;;;;;;;0,99891;;;
1999-09-13;66,56568;;;;;;;;0,99881;;;
1999-09-14;66,55906;;;;;;;;0,99871;;;
1999-09-15;66,55243;;;;;;;;0,99861;;;
1999-09-16;66,54581;;;;;;;;0,99851;;;
1999-09-17;66,53918;;;;;;;;0,99841;;;
1999-09-18;66,53256;;;;;;;;0,99831;;;
1999-09-19;66,52593;;;;;;;;0,99821;;;
1999-09-20;66,51931;;;;;;;;0,99811;;;
1999-09-21;66,51269;;;;;;;;0,99801;;;
1999-09-22;66,50606;;;;;;;;0,99791;;;
1999-09-23;66,49943;;;;;;;;0,99781;;;
1999-09-24;66,49281;;;;;;;;0,99771;;;
1999-09-25;66,48619;;;;;;;;0,99761;;;
1999-09-26;66,47956;;;;;;;;0,99751;;;
1999-09-27;66,47293;;;;;;;;0,99742;;;
1999-09-28;66,46631;;;;;;;;0,99732;;;
1999-09-29;66,45969;;;;;;;;0,99722;;;
1999-09-30;66,45306;;;;;;;;0,99712;;;
1999-10-01;66,44644;;;;;;;;0,99702;;;
1999-10-02;66,45071;;;;;;;;0,99708;;;
1999-10-03;66,45498;;;;;;;;0,99715;;;
1999-10-04;66,45926;;;;;;;;0,99721;;;
1999-10-05;66,46354;;;;;;;;0,99727;;;
1999-10-06;66,46781;;;;;;;;0,99734;;;
1999-10-07;66,47208;;;;;;;;0,9974;;;
1999-10-08;66,47636;;;;;;;;0,99747;;;
1999-10-09;66,48063;;;;;;;;0,99753;;;
1999-10-10;66,4849;;;;;;;;0,9976;;;
1999-10-11;66,48918;;;;;;;;0,99766;;;
1999-10-12;66,49345;;;;;;;;0,99772;;;
1999-10-13;66,49772;;;;;;;;0,99779;;;
1999-10-14;66,50199;;;;;;;;0,99785;;;
1999-10-15;66,50627;;;;;;;;0,99792;;;
1999-10-16;66,51054;;;;;;;;0,99798;;;
1999-10-17;66,51482;;;;;;;;0,99804;;;
1999-10-18;66,5191;;;;;;;;0,99811;;;
1999-10-19;66,52337;;;;;;;;0,99817;;;
1999-10-20;66,52764;;;;;;;;0,99824;;;
1999-10-21;66,53191;;;;;;;;0,9983;;;
1999-10-22;66,53619;;;;;;;;0,99836;;;
1999-10-23;66,54047;;;;;;;;0,99843;;;
1999-10-24;66,54474;;;;;;;;0,99849;;;
1999-10-25;66,54902;;;;;;;;0,99856;;;
1999-10-26;66,55329;;;;;;;;0,99862;;;
1999-10-27;66,55756;;;;;;;;0,99869;;;
1999-10-28;66,56183;;;;;;;;0,99875;;;
1999-10-29;66,56612;;;;;;;;0,99881;;;
1999-10-30;66,57039;;;;;;;;0,99888;;;
1999-10-31;66,57466;;;;;;;;0,99894;;;
1999-11-01;66,57894;;;;;;;;0,99901;;;
1999-11-02;66,58114;;;;;;;;0,99904;;;
1999-11-03;66,58335;;;;;;;;0,99907;;;
1999-11-04;66,58555;;;;;;;;0,99911;;;
1999-11-05;66,58776;;;;;;;;0,99914;;;
1999-11-06;66,58998;;;;;;;;0,99917;;;
1999-11-07;66,59218;;;;;;;;0,9992;;;
1999-11-08;66,59438;;;;;;;;0,99924;;;
1999-11-09;66,5966;;;;;;;;0,99927;;;
1999-11-10;66,59881;;;;;;;;0,9993;;;
1999-11-11;66,60101;;;;;;;;0,99934;;;
1999-11-12;66,60322;;;;;;;;0,99937;;;
1999-11-13;66,60543;;;;;;;;0,9994;;;
1999-11-14;66,60764;;;;;;;;0,99944;;;
1999-11-15;66,60985;;;;;;;;0,99947;;;
1999-11-16;66,61205;;;;;;;;0,9995;;;
1999-11-17;66,61426;;;;;;;;0,99954;;;
1999-11-18;66,61647;;;;;;;;0,99957;;;
1999-11-19;66,61868;;;;;;;;0,9996;;;
1999-11-20;66,62089;;;;;;;;0,99964;;;
1999-11-21;66,6231;;;;;;;;0,99967;;;
1999-11-22;66,6253;;;;;;;;0,9997;;;
1999-11-23;66,62751;;;;;;;;0,99973;;;
1999-11-24;66,62972;;;;;;;;0,99977;;;
1999-11-25;66,63193;;;;;;;;0,9998;;;
1999-11-26;66,63413;;;;;;;;0,99983;;;
1999-11-27;66,63635;;;;;;;;0,99987;;;
1999-11-28;66,63856;;;;;;;;0,9999;;;
1999-11-29;66,64076;;;;;;;;0,99993;;;
1999-11-30;66,64297;;;;;;;;0,99997;;;
1999-12-01;66,64518;;;;;;;;1;;;
1999-12-02;66,64732;;;;;;;;1,00003;;;
1999-12-03;66,64945;;;;;;;;1,00006;;;
1999-12-04;66,65159;;;;;;;;1,0001;;;
1999-12-05;66,65372;;;;;;;;1,00013;;;
1999-12-06;66,65587;;;;;;;;1,00016;;;
1999-12-07;66,658;;;;;;;;1,00019;;;
1999-12-08;66,66014;;;;;;;;1,00022;;;
1999-12-09;66,66228;;;;;;;;1,00026;;;
1999-12-10;66,66441;;;;;;;;1,00029;;;
1999-12-11;66,66655;;;;;;;;1,00032;;;
1999-12-12;66,66869;;;;;;;;1,00035;;;
1999-12-13;66,67082;;;;;;;;1,00038;;;
1999-12-14;66,67296;;;;;;;;1,00042;;;
1999-12-15;66,6751;;;;;;;;1,00045;;;
1999-12-16;66,67723;;;;;;;;1,00048;;;
1999-12-17;66,67937;;;;;;;;1,00051;;;
1999-12-18;66,68151;;;;;;;;1,00055;;;
1999-12-19;66,68364;;;;;;;;1,00058;;;
1999-12-20;66,68578;;;;;;;;1,00061;;;
1999-12-21;66,68792;;;;;;;;1,00064;;;
1999-12-22;66,69005;;;;;;;;1,00067;;;
1999-12-23;66,6922;;;;;;;;1,00071;;;
1999-12-24;66,69432;;;;;;;;1,00074;;;
1999-12-25;66,69647;;;;;;;;1,00077;;;
1999-12-26;66,69861;;;;;;;;1,0008;;;
1999-12-27;66,70074;;;;;;;;1,00083;;;
1999-12-28;66,70288;;;;;;;;1,00087;;;
1999-12-29;66,70502;;;;;;;;1,0009;;;
1999-12-30;66,70715;;;;;;;;1,00093;;;
1999-12-31;66,70929;;;;;;;;1,00096;;;
2000-01-01;66,71143;;;;;;;;1,00099;;;
2000-01-02;66,71143;;;;;;;;1,00099;;;
2000-01-03;66,71143;;;;;;;;1,00099;;;
2000-01-04;66,71143;;;;;;;;1,00099;;;
2000-01-05;66,71143;;;;;;;;1,00099;;;
2000-01-06;66,71143;;;;;;;;1,00099;;;
2000-01-07;66,71143;;;;;;;;1,00099;;;
2000-01-08;66,71143;;;;;;;;1,00099;;;
2000-01-09;66,71143;;;;;;;;1,00099;;;
2000-01-10;66,71143;;;;;;;;1,00099;;;
2000-01-11;66,71143;;;;;;;;1,00099;;;
2000-01-12;66,71143;;;;;;;;1,00099;;;
2000-01-13;66,71143;;;;;;;;1,00099;;;
2000-01-14;66,71143;;;;;;;;1,00099;;;
2000-01-15;66,71143;;;;;;;;1,00099;;;
2000-01-16;66,71143;;;;;;;;1,00099;;;
2000-01-17;66,71143;;;;;;;;1,00099;;;
2000-01-18;66,71143;;;;;;;;1,00099;;;
2000-01-19;66,71143;;;;;;;;1,00099;;;
2000-01-20;66,71143;;;;;;;;1,00099;;;
2000-01-21;66,71143;;;;;;;;1,00099;;;
2000-01-22;66,71143;;;;;;;;1,00099;;;
2000-01-23;66,71143;;;;;;;;1,00099;;;
2000-01-24;66,71143;;;;;;;;1,00099;;;
2000-01-25;66,71143;;;;;;;;1,00099;;;
2000-01-26;66,71143;;;;;;;;1,00099;;;
2000-01-27;66,71143;;;;;;;;1,00099;;;
2000-01-28;66,71143;;;;;;;;1,00099;;;
2000-01-29;66,71143;;;;;;;;1,00099;;;
2000-01-30;66,71143;;;;;;;;1,00099;;;
2000-01-31;66,71143;;;;;;;;1,00099;;;
2000-02-01;66,71143;;;;;;;;1,00099;;;
2000-02-02;66,72285;;;;;;;;1,00117;;;
2000-02-03;66,73427;;;;;;;;1,00134;;;
2000-02-04;66,74569;;;;;;;;1,00151;;;
2000-02-05;66,75712;;;;;;;;1,00168;;;
2000-02-06;66,76854;;;;;;;;1,00185;;;
2000-02-07;66,77996;;;;;;;;1,00202;;;
2000-02-08;66,79138;;;;;;;;1,00219;;;
2000-02-09;66,8028;;;;;;;;1,00237;;;
2000-02-10;66,81422;;;;;;;;1,00254;;;
2000-02-11;66,82565;;;;;;;;1,00271;;;
2000-02-12;66,83707;;;;;;;;1,00288;;;
2000-02-13;66,84849;;;;;;;;1,00305;;;
2000-02-14;66,85992;;;;;;;;1,00322;;;
2000-02-15;66,87133;;;;;;;;1,00339;;;
2000-02-16;66,88276;;;;;;;;1,00356;;;
2000-02-17;66,89417;;;;;;;;1,00374;;;
2000-02-18;66,9056;;;;;;;;1,00391;;;
2000-02-19;66,91702;;;;;;;;1,00408;;;
2000-02-20;66,92845;;;;;;;;1,00425;;;
2000-02-21;66,93987;;;;;;;;1,00442;;;
2000-02-22;66,95129;;;;;;;;1,00459;;;
2000-02-23;66,96271;;;;;;;;1,00476;;;
2000-02-24;66,97413;;;;;;;;1,00494;;;
2000-02-25;66,98555;;;;;;;;1,00511;;;
2000-02-26;66,99697;;;;;;;;1,00528;;;
2000-02-27;67,0084;;;;;;;;1,00545;;;
2000-02-28;67,01982;;;;;;;;1,00562;;;
2000-02-29;67,03125;;;;;;;;1,00579;;;
2000-03-01;67,04266;;;;;;;;1,00596;;;
2000-03-02;67,04053;;;;;;;;1,00593;;;
2000-03-03;67,03839;;;;;;;;1,0059;;;
2000-03-04;67,03625;;;;;;;;1,00587;;;
2000-03-05;67,03412;;;;;;;;1,00584;;;
2000-03-06;67,03198;;;;;;;;1,0058;;;
2000-03-07;67,02985;;;;;;;;1,00577;;;
2000-03-08;67,02771;;;;;;;;1,00574;;;
2000-03-09;67,02556;;;;;;;;1,00571;;;
2000-03-10;67,02344;;;;;;;;1,00568;;;
2000-03-11;67,02129;;;;;;;;1,00564;;;
2000-03-12;67,01916;;;;;;;;1,00561;;;
2000-03-13;67,01702;;;;;;;;1,00558;;;
2000-03-14;67,01488;;;;;;;;1,00555;;;
2000-03-15;67,01274;;;;;;;;1,00552;;;
2000-03-16;67,01061;;;;;;;;1,00548;;;
2000-03-17;67,00847;;;;;;;;1,00545;;;
2000-03-18;67,00633;;;;;;;;1,00542;;;
2000-03-19;67,0042;;;;;;;;1,00539;;;
2000-03-20;67,00206;;;;;;;;1,00535;;;
2000-03-21;66,99993;;;;;;;;1,00532;;;
2000-03-22;66,99779;;;;;;;;1,00529;;;
2000-03-23;66,99565;;;;;;;;1,00526;;;
2000-03-24;66,99352;;;;;;;;1,00523;;;
2000-03-25;66,99138;;;;;;;;1,00519;;;
2000-03-26;66,98923;;;;;;;;1,00516;;;
2000-03-27;66,98711;;;;;;;;1,00513;;;
2000-03-28;66,98496;;;;;;;;1,0051;;;
2000-03-29;66,98283;;;;;;;;1,00507;;;
2000-03-30;66,98069;;;;;;;;1,00503;;;
2000-03-31;66,97856;;;;;;;;1,005;;;
2000-04-01;66,97641;;;;;;;;1,00497;;;
2000-04-02;66,97863;;;;;;;;1,005;;;
2000-04-03;66,98084;;;;;;;;1,00504;;;
2000-04-04;66,98304;;;;;;;;1,00507;;;
2000-04-05;66,98524;;;;;;;;1,0051;;;
2000-04-06;66,98746;;;;;;;;1,00514;;;
2000-04-07;66,98967;;;;;;;;1,00517;;;
2000-04-08;66,99187;;;;;;;;1,0052;;;
2000-04-09;66,99408;;;;;;;;1,00524;;;
2000-04-10;66,99629;;;;;;;;1,00527;;;
2000-04-11;66,9985;;;;;;;;1,0053;;;
2000-04-12;67,00071;;;;;;;;1,00533;;;
2000-04-13;67,00291;;;;;;;;1,00537;;;
2000-04-14;67,00512;;;;;;;;1,0054;;;
2000-04-15;67,00734;;;;;;;;1,00543;;;
2000-04-16;67,00954;;;;;;;;1,00547;;;
2000-04-17;67,01175;;;;;;;;1,0055;;;
2000-04-18;67,01396;;;;;;;;1,00553;;;
2000-04-19;67,01617;;;;;;;;1,00557;;;
2000-04-20;67,01837;;;;;;;;1,0056;;;
2000-04-21;67,02058;;;;;;;;1,00563;;;
2000-04-22;67,02279;;;;;;;;1,00567;;;
2000-04-23;67,025;;;;;;;;1,0057;;;
2000-04-24;67,02721;;;;;;;;1,00573;;;
2000-04-25;67,02942;;;;;;;;1,00577;;;
2000-04-26;67,03162;;;;;;;;1,0058;;;
2000-04-27;67,03383;;;;;;;;1,00583;;;
2000-04-28;67,03604;;;;;;;;1,00586;;;
2000-04-29;67,03825;;;;;;;;1,0059;;;
2000-04-30;67,04046;;;;;;;;1,00593;;;
2000-05-01;67,04266;;;;;;;;1,00596;;;
2000-05-02;67,05335;;;;;;;;1,00612;;;
2000-05-03;67,06404;;;;;;;;1,00628;;;
2000-05-04;67,07472;;;;;;;;1,00645;;;
2000-05-05;67,08541;;;;;;;;1,00661;;;
2000-05-06;67,09609;;;;;;;;1,00677;;;
2000-05-07;67,10678;;;;;;;;1,00693;;;
2000-05-08;67,11746;;;;;;;;1,00709;;;
2000-05-09;67,12814;;;;;;;;1,00725;;;
2000-05-10;67,13883;;;;;;;;1,00741;;;
2000-05-11;67,14952;;;;;;;;1,00757;;;
2000-05-12;67,1602;;;;;;;;1,00773;;;
2000-05-13;67,17089;;;;;;;;1,00789;;;
2000-05-14;67,18157;;;;;;;;1,00805;;;
2000-05-15;67,19226;;;;;;;;1,00821;;;
2000-05-16;67,20295;;;;;;;;1,00837;;;
2000-05-17;67,21362;;;;;;;;1,00853;;;
2000-05-18;67,22431;;;;;;;;1,00869;;;
2000-05-19;67,23499;;;;;;;;1,00885;;;
2000-05-20;67,24568;;;;;;;;1,00901;;;
2000-05-21;67,25637;;;;;;;;1,00917;;;
2000-05-22;67,26705;;;;;;;;1,00933;;;
2000-05-23;67,27774;;;;;;;;1,00949;;;
2000-05-24;67,28842;;;;;;;;1,00965;;;
2000-05-25;67,29911;;;;;;;;1,00981;;;
2000-05-26;67,3098;;;;;;;;1,00997;;;
2000-05-27;67,32047;;;;;;;;1,01013;;;
2000-05-28;67,33116;;;;;;;;1,01029;;;
2000-05-29;67,34185;;;;;;;;1,01045;;;
2000-05-30;67,35253;;;;;;;;1,01061;;;
2000-05-31;67,36322;;;;;;;;1,01077;;;
2000-06-01;67,3739;;;;;;;;1,01093;;;
2000-06-02;67,3739;;;;;;;;1,01093;;;
2000-06-03;67,3739;;;;;;;;1,01093;;;
2000-06-04;67,3739;;;;;;;;1,01093;;;
2000-06-05;67,3739;;;;;;;;1,01093;;;
2000-06-06;67,3739;;;;;;;;1,01093;;;
2000-06-07;67,3739;;;;;;;;1,01093;;;
2000-06-08;67,3739;;;;;;;;1,01093;;;
2000-06-09;67,3739;;;;;;;;1,01093;;;
2000-06-10;67,3739;;;;;;;;1,01093;;;
2000-06-11;67,3739;;;;;;;;1,01093;;;
2000-06-12;67,3739;;;;;;;;1,01093;;;
2000-06-13;67,3739;;;;;;;;1,01093;;;
2000-06-14;67,3739;;;;;;;;1,01093;;;
2000-06-15;67,3739;;;;;;;;1,01093;;;
2000-06-16;67,3739;;;;;;;;1,01093;;;
2000-06-17;67,3739;;;;;;;;1,01093;;;
2000-06-18;67,3739;;;;;;;;1,01093;;;
2000-06-19;67,3739;;;;;;;;1,01093;;;
2000-06-20;67,3739;;;;;;;;1,01093;;;
2000-06-21;67,3739;;;;;;;;1,01093;;;
2000-06-22;67,3739;;;;;;;;1,01093;;;
2000-06-23;67,3739;;;;;;;;1,01093;;;
2000-06-24;67,3739;;;;;;;;1,01093;;;
2000-06-25;67,3739;;;;;;;;1,01093;;;
2000-06-26;67,3739;;;;;;;;1,01093;;;
2000-06-27;67,3739;;;;;;;;1,01093;;;
2000-06-28;67,3739;;;;;;;;1,01093;;;
2000-06-29;67,3739;;;;;;;;1,01093;;;
2000-06-30;67,3739;;;;;;;;1,01093;;;
2000-07-01;67,3739;;;;;;;;1,01093;;;
2000-07-02;67,37818;;;;;;;;1,011;;;
2000-07-03;67,38245;;;;;;;;1,01106;;;
2000-07-04;67,38672;;;;;;;;1,01113;;;
2000-07-05;67,391;;;;;;;;1,01119;;;
2000-07-06;67,39528;;;;;;;;1,01126;;;
2000-07-07;67,39955;;;;;;;;1,01132;;;
2000-07-08;67,40382;;;;;;;;1,01138;;;
2000-07-09;67,4081;;;;;;;;1,01145;;;
2000-07-10;67,41237;;;;;;;;1,01151;;;
2000-07-11;67,41665;;;;;;;;1,01158;;;
2000-07-12;67,42092;;;;;;;;1,01164;;;
2000-07-13;67,4252;;;;;;;;1,0117;;;
2000-07-14;67,42946;;;;;;;;1,01177;;;
2000-07-15;67,43373;;;;;;;;1,01183;;;
2000-07-16;67,43801;;;;;;;;1,0119;;;
2000-07-17;67,44229;;;;;;;;1,01196;;;
2000-07-18;67,44656;;;;;;;;1,01202;;;
2000-07-19;67,45084;;;;;;;;1,01209;;;
2000-07-20;67,45511;;;;;;;;1,01215;;;
2000-07-21;67,45938;;;;;;;;1,01222;;;
2000-07-22;67,46365;;;;;;;;1,01228;;;
2000-07-23;67,46794;;;;;;;;1,01235;;;
2000-07-24;67,47221;;;;;;;;1,01241;;;
2000-07-25;67,47648;;;;;;;;1,01247;;;
2000-07-26;67,48076;;;;;;;;1,01254;;;
2000-07-27;67,48503;;;;;;;;1,0126;;;
2000-07-28;67,4893;;;;;;;;1,01267;;;
2000-07-29;67,49358;;;;;;;;1,01273;;;
2000-07-30;67,49786;;;;;;;;1,01279;;;
2000-07-31;67,50213;;;;;;;;1,01286;;;
2000-08-01;67,5064;;;;;;;;1,01292;;;
2000-08-02;67,51281;;;;;;;;1,01302;;;
2000-08-03;67,51922;;;;;;;;1,01311;;;
2000-08-04;67,52563;;;;;;;;1,01321;;;
2000-08-05;67,53204;;;;;;;;1,01331;;;
2000-08-06;67,53846;;;;;;;;1,0134;;;
2000-08-07;67,54486;;;;;;;;1,0135;;;
2000-08-08;67,55128;;;;;;;;1,0136;;;
2000-08-09;67,55769;;;;;;;;1,01369;;;
2000-08-10;67,5641;;;;;;;;1,01379;;;
2000-08-11;67,57051;;;;;;;;1,01388;;;
2000-08-12;67,57692;;;;;;;;1,01398;;;
2000-08-13;67,58333;;;;;;;;1,01408;;;
2000-08-14;67,58974;;;;;;;;1,01417;;;
2000-08-15;67,59615;;;;;;;;1,01427;;;
2000-08-16;67,60256;;;;;;;;1,01437;;;
2000-08-17;67,60898;;;;;;;;1,01446;;;
2000-08-18;67,61539;;;;;;;;1,01456;;;
2000-08-19;67,62179;;;;;;;;1,01465;;;
2000-08-20;67,62821;;;;;;;;1,01475;;;
2000-08-21;67,63462;;;;;;;;1,01485;;;
2000-08-22;67,64104;;;;;;;;1,01494;;;
2000-08-23;67,64744;;;;;;;;1,01504;;;
2000-08-24;67,65386;;;;;;;;1,01513;;;
2000-08-25;67,66027;;;;;;;;1,01523;;;
2000-08-26;67,66668;;;;;;;;1,01533;;;
2000-08-27;67,67309;;;;;;;;1,01542;;;
2000-08-28;67,6795;;;;;;;;1,01552;;;
2000-08-29;67,68591;;;;;;;;1,01562;;;
2000-08-30;67,69232;;;;;;;;1,01571;;;
2000-08-31;67,69873;;;;;;;;1,01581;;;
2000-09-01;67,70514;;;;;;;;1,0159;;;
2000-09-02;67,70073;;;;;;;;1,01584;;;
2000-09-03;67,69631;;;;;;;;1,01577;;;
2000-09-04;67,69189;;;;;;;;1,01571;;;
2000-09-05;67,68747;;;;;;;;1,01564;;;
2000-09-06;67,68306;;;;;;;;1,01557;;;
2000-09-07;67,67864;;;;;;;;1,01551;;;
2000-09-08;67,67422;;;;;;;;1,01544;;;
2000-09-09;67,66981;;;;;;;;1,01537;;;
2000-09-10;67,66539;;;;;;;;1,01531;;;
2000-09-11;67,66098;;;;;;;;1,01524;;;
2000-09-12;67,65656;;;;;;;;1,01518;;;
2000-09-13;67,65215;;;;;;;;1,01511;;;
2000-09-14;67,64772;;;;;;;;1,01504;;;
2000-09-15;67,64332;;;;;;;;1,01498;;;
2000-09-16;67,63889;;;;;;;;1,01491;;;
2000-09-17;67,63448;;;;;;;;1,01484;;;
2000-09-18;67,63006;;;;;;;;1,01478;;;
2000-09-19;67,62565;;;;;;;;1,01471;;;
2000-09-20;67,62122;;;;;;;;1,01465;;;
2000-09-21;67,61682;;;;;;;;1,01458;;;
2000-09-22;67,61239;;;;;;;;1,01451;;;
2000-09-23;67,60798;;;;;;;;1,01445;;;
2000-09-24;67,60356;;;;;;;;1,01438;;;
2000-09-25;67,59915;;;;;;;;1,01431;;;
2000-09-26;67,59473;;;;;;;;1,01425;;;
2000-09-27;67,59031;;;;;;;;1,01418;;;
2000-09-28;67,5859;;;;;;;;1,01412;;;
2000-09-29;67,58148;;;;;;;;1,01405;;;
2000-09-30;67,57707;;;;;;;;1,01398;;;
2000-10-01;67,57264;;;;;;;;1,01392;;;
2000-10-02;67,57692;;;;;;;;1,01398;;;
2000-10-03;67,58119;;;;;;;;1,01404;;;
2000-10-04;67,58546;;;;;;;;1,01411;;;
2000-10-05;67,58974;;;;;;;;1,01417;;;
2000-10-06;67,59402;;;;;;;;1,01424;;;
2000-10-07;67,59829;;;;;;;;1,0143;;;
2000-10-08;67,60256;;;;;;;;1,01437;;;
2000-10-09;67,60684;;;;;;;;1,01443;;;
2000-10-10;67,61111;;;;;;;;1,01449;;;
2000-10-11;67,61539;;;;;;;;1,01456;;;
2000-10-12;67,61966;;;;;;;;1,01462;;;
2000-10-13;67,62394;;;;;;;;1,01469;;;
2000-10-14;67,62821;;;;;;;;1,01475;;;
2000-10-15;67,63248;;;;;;;;1,01481;;;
2000-10-16;67,63676;;;;;;;;1,01488;;;
2000-10-17;67,64104;;;;;;;;1,01494;;;
2000-10-18;67,64531;;;;;;;;1,01501;;;
2000-10-19;67,64958;;;;;;;;1,01507;;;
2000-10-20;67,65386;;;;;;;;1,01513;;;
2000-10-21;67,65813;;;;;;;;1,0152;;;
2000-10-22;67,6624;;;;;;;;1,01526;;;
2000-10-23;67,66668;;;;;;;;1,01533;;;
2000-10-24;67,67095;;;;;;;;1,01539;;;
2000-10-25;67,67522;;;;;;;;1,01546;;;
2000-10-26;67,6795;;;;;;;;1,01552;;;
2000-10-27;67,68377;;;;;;;;1,01558;;;
2000-10-28;67,68804;;;;;;;;1,01565;;;
2000-10-29;67,69232;;;;;;;;1,01571;;;
2000-10-30;67,6966;;;;;;;;1,01578;;;
2000-10-31;67,70087;;;;;;;;1,01584;;;
2000-11-01;67,70514;;;;;;;;1,0159;;;
2000-11-02;67,71618;;;;;;;;1,01607;;;
2000-11-03;67,72722;;;;;;;;1,01624;;;
2000-11-04;67,73827;;;;;;;;1,0164;;;
2000-11-05;67,74931;;;;;;;;1,01657;;;
2000-11-06;67,76035;;;;;;;;1,01673;;;
2000-11-07;67,77139;;;;;;;;1,0169;;;
2000-11-08;67,78243;;;;;;;;1,01706;;;
2000-11-09;67,79347;;;;;;;;1,01723;;;
2000-11-10;67,80452;;;;;;;;1,0174;;;
2000-11-11;67,81556;;;;;;;;1,01756;;;
2000-11-12;67,82659;;;;;;;;1,01773;;;
2000-11-13;67,83764;;;;;;;;1,01789;;;
2000-11-14;67,84868;;;;;;;;1,01806;;;
2000-11-15;67,85972;;;;;;;;1,01822;;;
2000-11-16;67,87077;;;;;;;;1,01839;;;
2000-11-17;67,88181;;;;;;;;1,01856;;;
2000-11-18;67,89284;;;;;;;;1,01872;;;
2000-11-19;67,90388;;;;;;;;1,01889;;;
2000-11-20;67,91493;;;;;;;;1,01905;;;
2000-11-21;67,92596;;;;;;;;1,01922;;;
2000-11-22;67,93701;;;;;;;;1,01938;;;
2000-11-23;67,94806;;;;;;;;1,01955;;;
2000-11-24;67,95909;;;;;;;;1,01972;;;
2000-11-25;67,97013;;;;;;;;1,01988;;;
2000-11-26;67,98117;;;;;;;;1,02005;;;
2000-11-27;67,99221;;;;;;;;1,02021;;;
2000-11-28;68,00326;;;;;;;;1,02038;;;
2000-11-29;68,0143;;;;;;;;1,02054;;;
2000-11-30;68,02534;;;;;;;;1,02071;;;
2000-12-01;68,03638;;;;;;;;1,02087;;;
2000-12-02;68,03424;;;;;;;;1,02084;;;
2000-12-03;68,03211;;;;;;;;1,02081;;;
2000-12-04;68,02997;;;;;;;;1,02078;;;
2000-12-05;68,02783;;;;;;;;1,02075;;;
2000-12-06;68,0257;;;;;;;;1,02071;;;
2000-12-07;68,02356;;;;;;;;1,02068;;;
2000-12-08;68,02142;;;;;;;;1,02065;;;
2000-12-09;68,01928;;;;;;;;1,02062;;;
2000-12-10;68,01715;;;;;;;;1,02059;;;
2000-12-11;68,01501;;;;;;;;1,02055;;;
2000-12-12;68,01288;;;;;;;;1,02052;;;
2000-12-13;68,01073;;;;;;;;1,02049;;;
2000-12-14;68,0086;;;;;;;;1,02046;;;
2000-12-15;68,00646;;;;;;;;1,02043;;;
2000-12-16;68,00432;;;;;;;;1,02039;;;
2000-12-17;68,00219;;;;;;;;1,02036;;;
2000-12-18;68,00005;;;;;;;;1,02033;;;
2000-12-19;67,99791;;;;;;;;1,0203;;;
2000-12-20;67,99578;;;;;;;;1,02027;;;
2000-12-21;67,99364;;;;;;;;1,02023;;;
2000-12-22;67,9915;;;;;;;;1,0202;;;
2000-12-23;67,98937;;;;;;;;1,02017;;;
2000-12-24;67,98723;;;;;;;;1,02014;;;
2000-12-25;67,9851;;;;;;;;1,02011;;;
2000-12-26;67,98295;;;;;;;;1,02007;;;
2000-12-27;67,98082;;;;;;;;1,02004;;;
2000-12-28;67,97868;;;;;;;;1,02001;;;
2000-12-29;67,97655;;;;;;;;1,01998;;;
2000-12-30;67,9744;;;;;;;;1,01994;;;
2000-12-31;67,97228;;;;;;;;1,01991;;;
2001-01-01;67,97013;;;;;;;;1,01988;;;
2001-01-02;67,9744;;;;;;;;1,01994;;;
2001-01-03;67,97868;;;;;;;;1,02001;;;
2001-01-04;67,98295;;;;;;;;1,02007;;;
2001-01-05;67,98723;;;;;;;;1,02014;;;
2001-01-06;67,9915;;;;;;;;1,0202;;;
2001-01-07;67,99578;;;;;;;;1,02027;;;
2001-01-08;68,00005;;;;;;;;1,02033;;;
2001-01-09;68,00432;;;;;;;;1,02039;;;
2001-01-10;68,0086;;;;;;;;1,02046;;;
2001-01-11;68,01288;;;;;;;;1,02052;;;
2001-01-12;68,01715;;;;;;;;1,02059;;;
2001-01-13;68,02142;;;;;;;;1,02065;;;
2001-01-14;68,0257;;;;;;;;1,02071;;;
2001-01-15;68,02997;;;;;;;;1,02078;;;
2001-01-16;68,03424;;;;;;;;1,02084;;;
2001-01-17;68,03852;;;;;;;;1,02091;;;
2001-01-18;68,04279;;;;;;;;1,02097;;;
2001-01-19;68,04706;;;;;;;;1,02104;;;
2001-01-20;68,05134;;;;;;;;1,0211;;;
2001-01-21;68,05561;;;;;;;;1,02116;;;
2001-01-22;68,05988;;;;;;;;1,02123;;;
2001-01-23;68,06416;;;;;;;;1,02129;;;
2001-01-24;68,06844;;;;;;;;1,02136;;;
2001-01-25;68,07271;;;;;;;;1,02142;;;
2001-01-26;68,07698;;;;;;;;1,02148;;;
2001-01-27;68,08126;;;;;;;;1,02155;;;
2001-01-28;68,08553;;;;;;;;1,02161;;;
2001-01-29;68,08981;;;;;;;;1,02168;;;
2001-01-30;68,09408;;;;;;;;1,02174;;;
2001-01-31;68,09836;;;;;;;;1,0218;;;
2001-02-01;68,10263;;;;;;;;1,02187;;;
2001-02-02;68,10263;;;;;;;;1,02187;;;
2001-02-03;68,10263;;;;;;;;1,02187;;;
2001-02-04;68,10263;;;;;;;;1,02187;;;
2001-02-05;68,10263;;;;;;;;1,02187;;;
2001-02-06;68,10263;;;;;;;;1,02187;;;
2001-02-07;68,10263;;;;;;;;1,02187;;;
2001-02-08;68,10263;;;;;;;;1,02187;;;
2001-02-09;68,10263;;;;;;;;1,02187;;;
2001-02-10;68,10263;;;;;;;;1,02187;;;
2001-02-11;68,10263;;;;;;;;1,02187;;;
2001-02-12;68,10263;;;;;;;;1,02187;;;
2001-02-13;68,10263;;;;;;;;1,02187;;;
2001-02-14;68,10263;;;;;;;;1,02187;;;
2001-02-15;68,10263;;;;;;;;1,02187;;;
2001-02-16;68,10263;;;;;;;;1,02187;;;
2001-02-17;68,10263;;;;;;;;1,02187;;;
2001-02-18;68,10263;;;;;;;;1,02187;;;
2001-02-19;68,10263;;;;;;;;1,02187;;;
2001-02-20;68,10263;;;;;;;;1,02187;;;
2001-02-21;68,10263;;;;;;;;1,02187;;;
2001-02-22;68,10263;;;;;;;;1,02187;;;
2001-02-23;68,10263;;;;;;;;1,02187;;;
2001-02-24;68,10263;;;;;;;;1,02187;;;
2001-02-25;68,10263;;;;;;;;1,02187;;;
2001-02-26;68,10263;;;;;;;;1,02187;;;
2001-02-27;68,10263;;;;;;;;1,02187;;;
2001-02-28;68,10263;;;;;;;;1,02187;;;
2001-03-01;68,10263;;;;;;;;1,02187;;;
2001-03-02;68,09194;;;;;;;;1,02171;;;
2001-03-03;68,08126;;;;;;;;1,02155;;;
2001-03-04;68,07057;;;;;;;;1,02139;;;
2001-03-05;68,05988;;;;;;;;1,02123;;;
2001-03-06;68,0492;;;;;;;;1,02107;;;
2001-03-07;68,03852;;;;;;;;1,02091;;;
2001-03-08;68,02783;;;;;;;;1,02075;;;
2001-03-09;68,01715;;;;;;;;1,02059;;;
2001-03-10;68,00646;;;;;;;;1,02043;;;
2001-03-11;67,99578;;;;;;;;1,02027;;;
2001-03-12;67,9851;;;;;;;;1,02011;;;
2001-03-13;67,9744;;;;;;;;1,01994;;;
2001-03-14;67,96372;;;;;;;;1,01978;;;
2001-03-15;67,95303;;;;;;;;1,01962;;;
2001-03-16;67,94235;;;;;;;;1,01946;;;
2001-03-17;67,93167;;;;;;;;1,0193;;;
2001-03-18;67,92098;;;;;;;;1,01914;;;
2001-03-19;67,9103;;;;;;;;1,01898;;;
2001-03-20;67,89961;;;;;;;;1,01882;;;
2001-03-21;67,88893;;;;;;;;1,01866;;;
2001-03-22;67,87824;;;;;;;;1,0185;;;
2001-03-23;67,86755;;;;;;;;1,01834;;;
2001-03-24;67,85687;;;;;;;;1,01818;;;
2001-03-25;67,84619;;;;;;;;1,01802;;;
2001-03-26;67,8355;;;;;;;;1,01786;;;
2001-03-27;67,82482;;;;;;;;1,0177;;;
2001-03-28;67,81413;;;;;;;;1,01754;;;
2001-03-29;67,80345;;;;;;;;1,01738;;;
2001-03-30;67,79277;;;;;;;;1,01722;;;
2001-03-31;67,78207;;;;;;;;1,01706;;;
2001-04-01;67,77139;;;;;;;;1,0169;;;
2001-04-02;67,77581;;;;;;;;1,01696;;;
2001-04-03;67,78022;;;;;;;;1,01703;;;
2001-04-04;67,78464;;;;;;;;1,0171;;;
2001-04-05;67,78906;;;;;;;;1,01716;;;
2001-04-06;67,79347;;;;;;;;1,01723;;;
2001-04-07;67,79789;;;;;;;;1,0173;;;
2001-04-08;67,8023;;;;;;;;1,01736;;;
2001-04-09;67,80672;;;;;;;;1,01743;;;
2001-04-10;67,81113;;;;;;;;1,0175;;;
2001-04-11;67,81556;;;;;;;;1,01756;;;
2001-04-12;67,81997;;;;;;;;1,01763;;;
2001-04-13;67,82439;;;;;;;;1,01769;;;
2001-04-14;67,82881;;;;;;;;1,01776;;;
2001-04-15;67,83322;;;;;;;;1,01783;;;
2001-04-16;67,83764;;;;;;;;1,01789;;;
2001-04-17;67,84206;;;;;;;;1,01796;;;
2001-04-18;67,84647;;;;;;;;1,01803;;;
2001-04-19;67,85089;;;;;;;;1,01809;;;
2001-04-20;67,85531;;;;;;;;1,01816;;;
2001-04-21;67,85972;;;;;;;;1,01822;;;
2001-04-22;67,86414;;;;;;;;1,01829;;;
2001-04-23;67,86855;;;;;;;;1,01836;;;
2001-04-24;67,87297;;;;;;;;1,01842;;;
2001-04-25;67,87738;;;;;;;;1,01849;;;
2001-04-26;67,88181;;;;;;;;1,01856;;;
2001-04-27;67,88621;;;;;;;;1,01862;;;
2001-04-28;67,89064;;;;;;;;1,01869;;;
2001-04-29;67,89505;;;;;;;;1,01875;;;
2001-04-30;67,89947;;;;;;;;1,01882;;;
2001-05-01;67,90388;;;;;;;;1,01889;;;
2001-05-02;67,91457;;;;;;;;1,01905;;;
2001-05-03;67,92526;;;;;;;;1,01921;;;
2001-05-04;67,93595;;;;;;;;1,01937;;;
2001-05-05;67,94663;;;;;;;;1,01953;;;
2001-05-06;67,95731;;;;;;;;1,01969;;;
2001-05-07;67,96799;;;;;;;;1,01985;;;
2001-05-08;67,97868;;;;;;;;1,02001;;;
2001-05-09;67,98937;;;;;;;;1,02017;;;
2001-05-10;68,00005;;;;;;;;1,02033;;;
2001-05-11;68,01073;;;;;;;;1,02049;;;
2001-05-12;68,02142;;;;;;;;1,02065;;;
2001-05-13;68,03211;;;;;;;;1,02081;;;
2001-05-14;68,04279;;;;;;;;1,02097;;;
2001-05-15;68,05348;;;;;;;;1,02113;;;
2001-05-16;68,06416;;;;;;;;1,02129;;;
2001-05-17;68,07485;;;;;;;;1,02145;;;
2001-05-18;68,08553;;;;;;;;1,02161;;;
2001-05-19;68,09621;;;;;;;;1,02177;;;
2001-05-20;68,1069;;;;;;;;1,02193;;;
2001-05-21;68,11759;;;;;;;;1,02209;;;
2001-05-22;68,12828;;;;;;;;1,02225;;;
2001-05-23;68,13896;;;;;;;;1,02241;;;
2001-05-24;68,14964;;;;;;;;1,02257;;;
2001-05-25;68,16033;;;;;;;;1,02273;;;
2001-05-26;68,17102;;;;;;;;1,02289;;;
2001-05-27;68,1817;;;;;;;;1,02306;;;
2001-05-28;68,19238;;;;;;;;1,02322;;;
2001-05-29;68,20306;;;;;;;;1,02338;;;
2001-05-30;68,21376;;;;;;;;1,02354;;;
2001-05-31;68,22444;;;;;;;;1,0237;;;
2001-06-01;68,23512;;;;;;;;1,02386;;;
2001-06-02;68,24617;;;;;;;;1,02402;;;
2001-06-03;68,2572;;;;;;;;1,02419;;;
2001-06-04;68,26825;;;;;;;;1,02435;;;
2001-06-05;68,27929;;;;;;;;1,02452;;;
2001-06-06;68,29033;;;;;;;;1,02469;;;
2001-06-07;68,30137;;;;;;;;1,02485;;;
2001-06-08;68,31241;;;;;;;;1,02502;;;
2001-06-09;68,32345;;;;;;;;1,02518;;;
2001-06-10;68,33449;;;;;;;;1,02535;;;
2001-06-11;68,34554;;;;;;;;1,02551;;;
2001-06-12;68,35658;;;;;;;;1,02568;;;
2001-06-13;68,36762;;;;;;;;1,02584;;;
2001-06-14;68,37866;;;;;;;;1,02601;;;
2001-06-15;68,3897;;;;;;;;1,02618;;;
2001-06-16;68,40074;;;;;;;;1,02634;;;
2001-06-17;68,41179;;;;;;;;1,02651;;;
2001-06-18;68,42283;;;;;;;;1,02667;;;
2001-06-19;68,43387;;;;;;;;1,02684;;;
2001-06-20;68,44491;;;;;;;;1,027;;;
2001-06-21;68,45594;;;;;;;;1,02717;;;
2001-06-22;68,46699;;;;;;;;1,02734;;;
2001-06-23;68,47804;;;;;;;;1,0275;;;
2001-06-24;68,48907;;;;;;;;1,02767;;;
2001-06-25;68,50012;;;;;;;;1,02783;;;
2001-06-26;68,51116;;;;;;;;1,028;;;
2001-06-27;68,52219;;;;;;;;1,02816;;;
2001-06-28;68,53323;;;;;;;;1,02833;;;
2001-06-29;68,54428;;;;;;;;1,0285;;;
2001-06-30;68,55532;;;;;;;;1,02866;;;
2001-07-01;68,56636;;;;;;;;1,02883;;;
2001-07-02;68,58132;;;;;;;;1,02905;;;
2001-07-03;68,59628;;;;;;;;1,02928;;;
2001-07-04;68,61124;;;;;;;;1,0295;;;
2001-07-05;68,6262;;;;;;;;1,02972;;;
2001-07-06;68,64115;;;;;;;;1,02995;;;
2001-07-07;68,65611;;;;;;;;1,03017;;;
2001-07-08;68,67107;;;;;;;;1,0304;;;
2001-07-09;68,68604;;;;;;;;1,03062;;;
2001-07-10;68,70099;;;;;;;;1,03085;;;
2001-07-11;68,71596;;;;;;;;1,03107;;;
2001-07-12;68,73091;;;;;;;;1,0313;;;
2001-07-13;68,74587;;;;;;;;1,03152;;;
2001-07-14;68,76083;;;;;;;;1,03175;;;
2001-07-15;68,77579;;;;;;;;1,03197;;;
2001-07-16;68,79075;;;;;;;;1,03219;;;
2001-07-17;68,80571;;;;;;;;1,03242;;;
2001-07-18;68,82067;;;;;;;;1,03264;;;
2001-07-19;68,83562;;;;;;;;1,03287;;;
2001-07-20;68,85059;;;;;;;;1,03309;;;
2001-07-21;68,86554;;;;;;;;1,03332;;;
2001-07-22;68,88051;;;;;;;;1,03354;;;
2001-07-23;68,89546;;;;;;;;1,03377;;;
2001-07-24;68,91042;;;;;;;;1,03399;;;
2001-07-25;68,92538;;;;;;;;1,03421;;;
2001-07-26;68,94035;;;;;;;;1,03444;;;
2001-07-27;68,9553;;;;;;;;1,03466;;;
2001-07-28;68,97026;;;;;;;;1,03489;;;
2001-07-29;68,98522;;;;;;;;1,03511;;;
2001-07-30;69,00018;;;;;;;;1,03534;;;
2001-07-31;69,01514;;;;;;;;1,03556;;;
2001-08-01;69,0301;;;;;;;;1,03579;;;
2001-08-02;69,0301;;;;;;;;1,03579;;;
2001-08-03;69,0301;;;;;;;;1,03579;;;
2001-08-04;69,0301;;;;;;;;1,03579;;;
2001-08-05;69,0301;;;;;;;;1,03579;;;
2001-08-06;69,0301;;;;;;;;1,03579;;;
2001-08-07;69,0301;;;;;;;;1,03579;;;
2001-08-08;69,0301;;;;;;;;1,03579;;;
2001-08-09;69,0301;;;;;;;;1,03579;;;
2001-08-10;69,0301;;;;;;;;1,03579;;;
2001-08-11;69,0301;;;;;;;;1,03579;;;
2001-08-12;69,0301;;;;;;;;1,03579;;;
2001-08-13;69,0301;;;;;;;;1,03579;;;
2001-08-14;69,0301;;;;;;;;1,03579;;;
2001-08-15;69,0301;;;;;;;;1,03579;;;
2001-08-16;69,0301;;;;;;;;1,03579;;;
2001-08-17;69,0301;;;;;;;;1,03579;;;
2001-08-18;69,0301;;;;;;;;1,03579;;;
2001-08-19;69,0301;;;;;;;;1,03579;;;
2001-08-20;69,0301;;;;;;;;1,03579;;;
2001-08-21;69,0301;;;;;;;;1,03579;;;
2001-08-22;69,0301;;;;;;;;1,03579;;;
2001-08-23;69,0301;;;;;;;;1,03579;;;
2001-08-24;69,0301;;;;;;;;1,03579;;;
2001-08-25;69,0301;;;;;;;;1,03579;;;
2001-08-26;69,0301;;;;;;;;1,03579;;;
2001-08-27;69,0301;;;;;;;;1,03579;;;
2001-08-28;69,0301;;;;;;;;1,03579;;;
2001-08-29;69,0301;;;;;;;;1,03579;;;
2001-08-30;69,0301;;;;;;;;1,03579;;;
2001-08-31;69,0301;;;;;;;;1,03579;;;
2001-09-01;69,0301;;;;;;;;1,03579;;;
2001-09-02;69,02567;;;;;;;;1,03572;;;
2001-09-03;69,02127;;;;;;;;1,03565;;;
2001-09-04;69,01684;;;;;;;;1,03559;;;
2001-09-05;69,01243;;;;;;;;1,03552;;;
2001-09-06;69,00801;;;;;;;;1,03545;;;
2001-09-07;69,0036;;;;;;;;1,03539;;;
2001-09-08;68,99918;;;;;;;;1,03532;;;
2001-09-09;68,99477;;;;;;;;1,03526;;;
2001-09-10;68,99035;;;;;;;;1,03519;;;
2001-09-11;68,98593;;;;;;;;1,03512;;;
2001-09-12;68,98152;;;;;;;;1,03506;;;
2001-09-13;68,9771;;;;;;;;1,03499;;;
2001-09-14;68,97268;;;;;;;;1,03492;;;
2001-09-15;68,96827;;;;;;;;1,03486;;;
2001-09-16;68,96385;;;;;;;;1,03479;;;
2001-09-17;68,95943;;;;;;;;1,03472;;;
2001-09-18;68,95502;;;;;;;;1,03466;;;
2001-09-19;68,9506;;;;;;;;1,03459;;;
2001-09-20;68,94618;;;;;;;;1,03453;;;
2001-09-21;68,94176;;;;;;;;1,03446;;;
2001-09-22;68,93735;;;;;;;;1,03439;;;
2001-09-23;68,93293;;;;;;;;1,03433;;;
2001-09-24;68,92852;;;;;;;;1,03426;;;
2001-09-25;68,9241;;;;;;;;1,03419;;;
2001-09-26;68,91968;;;;;;;;1,03413;;;
2001-09-27;68,91527;;;;;;;;1,03406;;;
2001-09-28;68,91085;;;;;;;;1,034;;;
2001-09-29;68,90643;;;;;;;;1,03393;;;
2001-09-30;68,90202;;;;;;;;1,03386;;;
2001-10-01;68,8976;;;;;;;;1,0338;;;
2001-10-02;68,8976;;;;;;;;1,0338;;;
2001-10-03;68,8976;;;;;;;;1,0338;;;
2001-10-04;68,8976;;;;;;;;1,0338;;;
2001-10-05;68,8976;;;;;;;;1,0338;;;
2001-10-06;68,8976;;;;;;;;1,0338;;;
2001-10-07;68,8976;;;;;;;;1,0338;;;
2001-10-08;68,8976;;;;;;;;1,0338;;;
2001-10-09;68,8976;;;;;;;;1,0338;;;
2001-10-10;68,8976;;;;;;;;1,0338;;;
2001-10-11;68,8976;;;;;;;;1,0338;;;
2001-10-12;68,8976;;;;;;;;1,0338;;;
2001-10-13;68,8976;;;;;;;;1,0338;;;
2001-10-14;68,8976;;;;;;;;1,0338;;;
2001-10-15;68,8976;;;;;;;;1,0338;;;
2001-10-16;68,8976;;;;;;;;1,0338;;;
2001-10-17;68,8976;;;;;;;;1,0338;;;
2001-10-18;68,8976;;;;;;;;1,0338;;;
2001-10-19;68,8976;;;;;;;;1,0338;;;
2001-10-20;68,8976;;;;;;;;1,0338;;;
2001-10-21;68,8976;;;;;;;;1,0338;;;
2001-10-22;68,8976;;;;;;;;1,0338;;;
2001-10-23;68,8976;;;;;;;;1,0338;;;
2001-10-24;68,8976;;;;;;;;1,0338;;;
2001-10-25;68,8976;;;;;;;;1,0338;;;
2001-10-26;68,8976;;;;;;;;1,0338;;;
2001-10-27;68,8976;;;;;;;;1,0338;;;
2001-10-28;68,8976;;;;;;;;1,0338;;;
2001-10-29;68,8976;;;;;;;;1,0338;;;
2001-10-30;68,8976;;;;;;;;1,0338;;;
2001-10-31;68,8976;;;;;;;;1,0338;;;
2001-11-01;68,8976;;;;;;;;1,0338;;;
2001-11-02;68,90202;;;;;;;;1,03386;;;
2001-11-03;68,90643;;;;;;;;1,03393;;;
2001-11-04;68,91085;;;;;;;;1,034;;;
2001-11-05;68,91527;;;;;;;;1,03406;;;
2001-11-06;68,91968;;;;;;;;1,03413;;;
2001-11-07;68,9241;;;;;;;;1,03419;;;
2001-11-08;68,92852;;;;;;;;1,03426;;;
2001-11-09;68,93293;;;;;;;;1,03433;;;
2001-11-10;68,93735;;;;;;;;1,03439;;;
2001-11-11;68,94176;;;;;;;;1,03446;;;
2001-11-12;68,94618;;;;;;;;1,03453;;;
2001-11-13;68,9506;;;;;;;;1,03459;;;
2001-11-14;68,95502;;;;;;;;1,03466;;;
2001-11-15;68,95943;;;;;;;;1,03472;;;
2001-11-16;68,96385;;;;;;;;1,03479;;;
2001-11-17;68,96827;;;;;;;;1,03486;;;
2001-11-18;68,97268;;;;;;;;1,03492;;;
2001-11-19;68,9771;;;;;;;;1,03499;;;
2001-11-20;68,98152;;;;;;;;1,03506;;;
2001-11-21;68,98593;;;;;;;;1,03512;;;
2001-11-22;68,99035;;;;;;;;1,03519;;;
2001-11-23;68,99477;;;;;;;;1,03526;;;
2001-11-24;68,99918;;;;;;;;1,03532;;;
2001-11-25;69,0036;;;;;;;;1,03539;;;
2001-11-26;69,00801;;;;;;;;1,03545;;;
2001-11-27;69,01243;;;;;;;;1,03552;;;
2001-11-28;69,01684;;;;;;;;1,03559;;;
2001-11-29;69,02127;;;;;;;;1,03565;;;
2001-11-30;69,02567;;;;;;;;1,03572;;;
2001-12-01;69,0301;;;;;;;;1,03579;;;
2001-12-02;69,03223;;;;;;;;1,03582;;;
2001-12-03;69,03437;;;;;;;;1,03585;;;
2001-12-04;69,03651;;;;;;;;1,03588;;;
2001-12-05;69,03864;;;;;;;;1,03591;;;
2001-12-06;69,04078;;;;;;;;1,03595;;;
2001-12-07;69,04292;;;;;;;;1,03598;;;
2001-12-08;69,04505;;;;;;;;1,03601;;;
2001-12-09;69,0472;;;;;;;;1,03604;;;
2001-12-10;69,04933;;;;;;;;1,03607;;;
2001-12-11;69,05147;;;;;;;;1,03611;;;
2001-12-12;69,0536;;;;;;;;1,03614;;;
2001-12-13;69,05574;;;;;;;;1,03617;;;
2001-12-14;69,05788;;;;;;;;1,0362;;;
2001-12-15;69,06002;;;;;;;;1,03623;;;
2001-12-16;69,06215;;;;;;;;1,03627;;;
2001-12-17;69,06429;;;;;;;;1,0363;;;
2001-12-18;69,06643;;;;;;;;1,03633;;;
2001-12-19;69,06856;;;;;;;;1,03636;;;
2001-12-20;69,0707;;;;;;;;1,03639;;;
2001-12-21;69,07284;;;;;;;;1,03643;;;
2001-12-22;69,07497;;;;;;;;1,03646;;;
2001-12-23;69,07711;;;;;;;;1,03649;;;
2001-12-24;69,07925;;;;;;;;1,03652;;;
2001-12-25;69,08138;;;;;;;;1,03655;;;
2001-12-26;69,08353;;;;;;;;1,03659;;;
2001-12-27;69,08566;;;;;;;;1,03662;;;
2001-12-28;69,0878;;;;;;;;1,03665;;;
2001-12-29;69,08993;;;;;;;;1,03668;;;
2001-12-30;69,09207;;;;;;;;1,03672;;;
2001-12-31;69,0942;;;;;;;;1,03675;;;
2002-01-01;69,09635;;;;;;;;1,03678;;;
2002-01-02;69,08993;;;;;;;;1,03668;;;
2002-01-03;69,08353;;;;;;;;1,03659;;;
2002-01-04;69,07711;;;;;;;;1,03649;;;
2002-01-05;69,0707;;;;;;;;1,03639;;;
2002-01-06;69,06429;;;;;;;;1,0363;;;
2002-01-07;69,05788;;;;;;;;1,0362;;;
2002-01-08;69,05147;;;;;;;;1,03611;;;
2002-01-09;69,04505;;;;;;;;1,03601;;;
2002-01-10;69,03864;;;;;;;;1,03591;;;
2002-01-11;69,03223;;;;;;;;1,03582;;;
2002-01-12;69,02582;;;;;;;;1,03572;;;
2002-01-13;69,01941;;;;;;;;1,03562;;;
2002-01-14;69,013;;;;;;;;1,03553;;;
2002-01-15;69,0066;;;;;;;;1,03543;;;
2002-01-16;69,00018;;;;;;;;1,03534;;;
2002-01-17;68,99377;;;;;;;;1,03524;;;
2002-01-18;68,98735;;;;;;;;1,03514;;;
2002-01-19;68,98095;;;;;;;;1,03505;;;
2002-01-20;68,97453;;;;;;;;1,03495;;;
2002-01-21;68,96812;;;;;;;;1,03486;;;
2002-01-22;68,96171;;;;;;;;1,03476;;;
2002-01-23;68,9553;;;;;;;;1,03466;;;
2002-01-24;68,94889;;;;;;;;1,03457;;;
2002-01-25;68,94247;;;;;;;;1,03447;;;
2002-01-26;68,93606;;;;;;;;1,03437;;;
2002-01-27;68,92965;;;;;;;;1,03428;;;
2002-01-28;68,92324;;;;;;;;1,03418;;;
2002-01-29;68,91684;;;;;;;;1,03409;;;
2002-01-30;68,91042;;;;;;;;1,03399;;;
2002-01-31;68,90402;;;;;;;;1,03389;;;
2002-02-01;68,8976;;;;;;;;1,0338;;;
2002-02-02;68,89997;;;;;;;;1,03383;;;
2002-02-03;68,90233;;;;;;;;1,03387;;;
2002-02-04;68,90469;;;;;;;;1,0339;;;
2002-02-05;68,90707;;;;;;;;1,03394;;;
2002-02-06;68,90943;;;;;;;;1,03397;;;
2002-02-07;68,91179;;;;;;;;1,03401;;;
2002-02-08;68,91416;;;;;;;;1,03405;;;
2002-02-09;68,91653;;;;;;;;1,03408;;;
2002-02-10;68,91889;;;;;;;;1,03412;;;
2002-02-11;68,92126;;;;;;;;1,03415;;;
2002-02-12;68,92363;;;;;;;;1,03419;;;
2002-02-13;68,92599;;;;;;;;1,03422;;;
2002-02-14;68,92836;;;;;;;;1,03426;;;
2002-02-15;68,93072;;;;;;;;1,03429;;;
2002-02-16;68,93309;;;;;;;;1,03433;;;
2002-02-17;68,93545;;;;;;;;1,03437;;;
2002-02-18;68,93782;;;;;;;;1,0344;;;
2002-02-19;68,94019;;;;;;;;1,03444;;;
2002-02-20;68,94256;;;;;;;;1,03447;;;
2002-02-21;68,94492;;;;;;;;1,03451;;;
2002-02-22;68,94729;;;;;;;;1,03454;;;
2002-02-23;68,94965;;;;;;;;1,03458;;;
2002-02-24;68,95201;;;;;;;;1,03461;;;
2002-02-25;68,95438;;;;;;;;1,03465;;;
2002-02-26;68,95675;;;;;;;;1,03468;;;
2002-02-27;68,95912;;;;;;;;1,03472;;;
2002-02-28;68,96149;;;;;;;;1,03476;;;
2002-03-01;68,96385;;;;;;;;1,03479;;;
2002-03-02;68,97026;;;;;;;;1,03489;;;
2002-03-03;68,97667;;;;;;;;1,03498;;;
2002-03-04;68,98308;;;;;;;;1,03508;;;
2002-03-05;68,98949;;;;;;;;1,03518;;;
2002-03-06;68,9959;;;;;;;;1,03527;;;
2002-03-07;69,00231;;;;;;;;1,03537;;;
2002-03-08;69,00872;;;;;;;;1,03546;;;
2002-03-09;69,01514;;;;;;;;1,03556;;;
2002-03-10;69,02155;;;;;;;;1,03566;;;
2002-03-11;69,02795;;;;;;;;1,03575;;;
2002-03-12;69,03437;;;;;;;;1,03585;;;
2002-03-13;69,04078;;;;;;;;1,03595;;;
2002-03-14;69,0472;;;;;;;;1,03604;;;
2002-03-15;69,0536;;;;;;;;1,03614;;;
2002-03-16;69,06002;;;;;;;;1,03623;;;
2002-03-17;69,06643;;;;;;;;1,03633;;;
2002-03-18;69,07284;;;;;;;;1,03643;;;
2002-03-19;69,07925;;;;;;;;1,03652;;;
2002-03-20;69,08566;;;;;;;;1,03662;;;
2002-03-21;69,09207;;;;;;;;1,03672;;;
2002-03-22;69,09848;;;;;;;;1,03681;;;
2002-03-23;69,10489;;;;;;;;1,03691;;;
2002-03-24;69,1113;;;;;;;;1,037;;;
2002-03-25;69,11771;;;;;;;;1,0371;;;
2002-03-26;69,12413;;;;;;;;1,0372;;;
2002-03-27;69,13053;;;;;;;;1,03729;;;
2002-03-28;69,13695;;;;;;;;1,03739;;;
2002-03-29;69,14336;;;;;;;;1,03748;;;
2002-03-30;69,14978;;;;;;;;1,03758;;;
2002-03-31;69,15618;;;;;;;;1,03768;;;
2002-04-01;69,16259;;;;;;;;1,03777;;;
2002-04-02;69,16701;;;;;;;;1,03784;;;
2002-04-03;69,17143;;;;;;;;1,03791;;;
2002-04-04;69,17584;;;;;;;;1,03797;;;
2002-04-05;69,18026;;;;;;;;1,03804;;;
2002-04-06;69,18467;;;;;;;;1,0381;;;
2002-04-07;69,18909;;;;;;;;1,03817;;;
2002-04-08;69,19351;;;;;;;;1,03824;;;
2002-04-09;69,19792;;;;;;;;1,0383;;;
2002-04-10;69,20234;;;;;;;;1,03837;;;
2002-04-11;69,20676;;;;;;;;1,03844;;;
2002-04-12;69,21117;;;;;;;;1,0385;;;
2002-04-13;69,21559;;;;;;;;1,03857;;;
2002-04-14;69,22001;;;;;;;;1,03863;;;
2002-04-15;69,22442;;;;;;;;1,0387;;;
2002-04-16;69,22884;;;;;;;;1,03877;;;
2002-04-17;69,23326;;;;;;;;1,03883;;;
2002-04-18;69,23767;;;;;;;;1,0389;;;
2002-04-19;69,24209;;;;;;;;1,03897;;;
2002-04-20;69,24651;;;;;;;;1,03903;;;
2002-04-21;69,25092;;;;;;;;1,0391;;;
2002-04-22;69,25533;;;;;;;;1,03917;;;
2002-04-23;69,25976;;;;;;;;1,03923;;;
2002-04-24;69,26416;;;;;;;;1,0393;;;
2002-04-25;69,26859;;;;;;;;1,03936;;;
2002-04-26;69,273;;;;;;;;1,03943;;;
2002-04-27;69,27742;;;;;;;;1,0395;;;
2002-04-28;69,28183;;;;;;;;1,03956;;;
2002-04-29;69,28626;;;;;;;;1,03963;;;
2002-04-30;69,29067;;;;;;;;1,0397;;;
2002-05-01;69,29509;;;;;;;;1,03976;;;
2002-05-02;69,30363;;;;;;;;1,03989;;;
2002-05-03;69,31219;;;;;;;;1,04002;;;
2002-05-04;69,32073;;;;;;;;1,04015;;;
2002-05-05;69,32928;;;;;;;;1,04027;;;
2002-05-06;69,33783;;;;;;;;1,0404;;;
2002-05-07;69,34637;;;;;;;;1,04053;;;
2002-05-08;69,35492;;;;;;;;1,04066;;;
2002-05-09;69,36347;;;;;;;;1,04079;;;
2002-05-10;69,37202;;;;;;;;1,04092;;;
2002-05-11;69,38056;;;;;;;;1,04104;;;
2002-05-12;69,38912;;;;;;;;1,04117;;;
2002-05-13;69,39767;;;;;;;;1,0413;;;
2002-05-14;69,40621;;;;;;;;1,04143;;;
2002-05-15;69,41477;;;;;;;;1,04156;;;
2002-05-16;69,42331;;;;;;;;1,04169;;;
2002-05-17;69,43186;;;;;;;;1,04181;;;
2002-05-18;69,4404;;;;;;;;1,04194;;;
2002-05-19;69,44895;;;;;;;;1,04207;;;
2002-05-20;69,4575;;;;;;;;1,0422;;;
2002-05-21;69,46604;;;;;;;;1,04233;;;
2002-05-22;69,4746;;;;;;;;1,04245;;;
2002-05-23;69,48314;;;;;;;;1,04258;;;
2002-05-24;69,49169;;;;;;;;1,04271;;;
2002-05-25;69,50024;;;;;;;;1,04284;;;
2002-05-26;69,50879;;;;;;;;1,04297;;;
2002-05-27;69,51734;;;;;;;;1,0431;;;
2002-05-28;69,52589;;;;;;;;1,04322;;;
2002-05-29;69,53443;;;;;;;;1,04335;;;
2002-05-30;69,54297;;;;;;;;1,04348;;;
2002-05-31;69,55153;;;;;;;;1,04361;;;
2002-06-01;69,56008;;;;;;;;1,04374;;;
2002-06-02;69,56891;;;;;;;;1,04387;;;
2002-06-03;69,57774;;;;;;;;1,044;;;
2002-06-04;69,58657;;;;;;;;1,04414;;;
2002-06-05;69,5954;;;;;;;;1,04427;;;
2002-06-06;69,60424;;;;;;;;1,0444;;;
2002-06-07;69,61307;;;;;;;;1,04453;;;
2002-06-08;69,62191;;;;;;;;1,04467;;;
2002-06-09;69,63074;;;;;;;;1,0448;;;
2002-06-10;69,63958;;;;;;;;1,04493;;;
2002-06-11;69,64841;;;;;;;;1,04506;;;
2002-06-12;69,65725;;;;;;;;1,0452;;;
2002-06-13;69,66608;;;;;;;;1,04533;;;
2002-06-14;69,67491;;;;;;;;1,04546;;;
2002-06-15;69,68374;;;;;;;;1,04559;;;
2002-06-16;69,69257;;;;;;;;1,04573;;;
2002-06-17;69,7014;;;;;;;;1,04586;;;
2002-06-18;69,71024;;;;;;;;1,04599;;;
2002-06-19;69,71907;;;;;;;;1,04612;;;
2002-06-20;69,7279;;;;;;;;1,04626;;;
2002-06-21;69,73674;;;;;;;;1,04639;;;
2002-06-22;69,74557;;;;;;;;1,04652;;;
2002-06-23;69,7544;;;;;;;;1,04665;;;
2002-06-24;69,76324;;;;;;;;1,04679;;;
2002-06-25;69,77207;;;;;;;;1,04692;;;
2002-06-26;69,7809;;;;;;;;1,04705;;;
2002-06-27;69,78974;;;;;;;;1,04718;;;
2002-06-28;69,79857;;;;;;;;1,04732;;;
2002-06-29;69,8074;;;;;;;;1,04745;;;
2002-06-30;69,81624;;;;;;;;1,04758;;;
2002-07-01;69,82506;;;;;;;;1,04771;;;
2002-07-02;69,82934;;;;;;;;1,04778;;;
2002-07-03;69,83361;;;;;;;;1,04784;;;
2002-07-04;69,83788;;;;;;;;1,04791;;;
2002-07-05;69,84217;;;;;;;;1,04797;;;
2002-07-06;69,84644;;;;;;;;1,04803;;;
2002-07-07;69,85071;;;;;;;;1,0481;;;
2002-07-08;69,85498;;;;;;;;1,04816;;;
2002-07-09;69,85926;;;;;;;;1,04823;;;
2002-07-10;69,86353;;;;;;;;1,04829;;;
2002-07-11;69,86781;;;;;;;;1,04836;;;
2002-07-12;69,87209;;;;;;;;1,04842;;;
2002-07-13;69,87636;;;;;;;;1,04848;;;
2002-07-14;69,88063;;;;;;;;1,04855;;;
2002-07-15;69,8849;;;;;;;;1,04861;;;
2002-07-16;69,88918;;;;;;;;1,04868;;;
2002-07-17;69,89346;;;;;;;;1,04874;;;
2002-07-18;69,89773;;;;;;;;1,0488;;;
2002-07-19;69,90201;;;;;;;;1,04887;;;
2002-07-20;69,90628;;;;;;;;1,04893;;;
2002-07-21;69,91055;;;;;;;;1,049;;;
2002-07-22;69,91482;;;;;;;;1,04906;;;
2002-07-23;69,9191;;;;;;;;1,04912;;;
2002-07-24;69,92337;;;;;;;;1,04919;;;
2002-07-25;69,92764;;;;;;;;1,04925;;;
2002-07-26;69,93192;;;;;;;;1,04932;;;
2002-07-27;69,93619;;;;;;;;1,04938;;;
2002-07-28;69,94046;;;;;;;;1,04945;;;
2002-07-29;69,94474;;;;;;;;1,04951;;;
2002-07-30;69,94902;;;;;;;;1,04957;;;
2002-07-31;69,95329;;;;;;;;1,04964;;;
2002-08-01;69,95756;;;;;;;;1,0497;;;
2002-08-02;69,95543;;;;;;;;1,04967;;;
2002-08-03;69,95329;;;;;;;;1,04964;;;
2002-08-04;69,95115;;;;;;;;1,04961;;;
2002-08-05;69,94902;;;;;;;;1,04957;;;
2002-08-06;69,94688;;;;;;;;1,04954;;;
2002-08-07;69,94474;;;;;;;;1,04951;;;
2002-08-08;69,94261;;;;;;;;1,04948;;;
2002-08-09;69,94046;;;;;;;;1,04945;;;
2002-08-10;69,93833;;;;;;;;1,04941;;;
2002-08-11;69,93619;;;;;;;;1,04938;;;
2002-08-12;69,93406;;;;;;;;1,04935;;;
2002-08-13;69,93192;;;;;;;;1,04932;;;
2002-08-14;69,92978;;;;;;;;1,04928;;;
2002-08-15;69,92764;;;;;;;;1,04925;;;
2002-08-16;69,92551;;;;;;;;1,04922;;;
2002-08-17;69,92337;;;;;;;;1,04919;;;
2002-08-18;69,92123;;;;;;;;1,04916;;;
2002-08-19;69,9191;;;;;;;;1,04912;;;
2002-08-20;69,91696;;;;;;;;1,04909;;;
2002-08-21;69,91482;;;;;;;;1,04906;;;
2002-08-22;69,91269;;;;;;;;1,04903;;;
2002-08-23;69,91055;;;;;;;;1,049;;;
2002-08-24;69,90842;;;;;;;;1,04896;;;
2002-08-25;69,90628;;;;;;;;1,04893;;;
2002-08-26;69,90413;;;;;;;;1,0489;;;
2002-08-27;69,90201;;;;;;;;1,04887;;;
2002-08-28;69,89986;;;;;;;;1,04884;;;
2002-08-29;69,89773;;;;;;;;1,0488;;;
2002-08-30;69,89559;;;;;;;;1,04877;;;
2002-08-31;69,89346;;;;;;;;1,04874;;;
2002-09-01;69,89131;;;;;;;;1,04871;;;
2002-09-02;69,89131;;;;;;;;1,04871;;;
2002-09-03;69,89131;;;;;;;;1,04871;;;
2002-09-04;69,89131;;;;;;;;1,04871;;;
2002-09-05;69,89131;;;;;;;;1,04871;;;
2002-09-06;69,89131;;;;;;;;1,04871;;;
2002-09-07;69,89131;;;;;;;;1,04871;;;
2002-09-08;69,89131;;;;;;;;1,04871;;;
2002-09-09;69,89131;;;;;;;;1,04871;;;
2002-09-10;69,89131;;;;;;;;1,04871;;;
2002-09-11;69,89131;;;;;;;;1,04871;;;
2002-09-12;69,89131;;;;;;;;1,04871;;;
2002-09-13;69,89131;;;;;;;;1,04871;;;
2002-09-14;69,89131;;;;;;;;1,04871;;;
2002-09-15;69,89131;;;;;;;;1,04871;;;
2002-09-16;69,89131;;;;;;;;1,04871;;;
2002-09-17;69,89131;;;;;;;;1,04871;;;
2002-09-18;69,89131;;;;;;;;1,04871;;;
2002-09-19;69,89131;;;;;;;;1,04871;;;
2002-09-20;69,89131;;;;;;;;1,04871;;;
2002-09-21;69,89131;;;;;;;;1,04871;;;
2002-09-22;69,89131;;;;;;;;1,04871;;;
2002-09-23;69,89131;;;;;;;;1,04871;;;
2002-09-24;69,89131;;;;;;;;1,04871;;;
2002-09-25;69,89131;;;;;;;;1,04871;;;
2002-09-26;69,89131;;;;;;;;1,04871;;;
2002-09-27;69,89131;;;;;;;;1,04871;;;
2002-09-28;69,89131;;;;;;;;1,04871;;;
2002-09-29;69,89131;;;;;;;;1,04871;;;
2002-09-30;69,89131;;;;;;;;1,04871;;;
2002-10-01;69,89131;;;;;;;;1,04871;;;
2002-10-02;69,89773;;;;;;;;1,0488;;;
2002-10-03;69,90413;;;;;;;;1,0489;;;
2002-10-04;69,91055;;;;;;;;1,049;;;
2002-10-05;69,91696;;;;;;;;1,04909;;;
2002-10-06;69,92337;;;;;;;;1,04919;;;
2002-10-07;69,92978;;;;;;;;1,04928;;;
2002-10-08;69,93619;;;;;;;;1,04938;;;
2002-10-09;69,94261;;;;;;;;1,04948;;;
2002-10-10;69,94902;;;;;;;;1,04957;;;
2002-10-11;69,95543;;;;;;;;1,04967;;;
2002-10-12;69,96184;;;;;;;;1,04977;;;
2002-10-13;69,96825;;;;;;;;1,04986;;;
2002-10-14;69,97466;;;;;;;;1,04996;;;
2002-10-15;69,98107;;;;;;;;1,05005;;;
2002-10-16;69,98748;;;;;;;;1,05015;;;
2002-10-17;69,99389;;;;;;;;1,05025;;;
2002-10-18;70,0003;;;;;;;;1,05034;;;
2002-10-19;70,00671;;;;;;;;1,05044;;;
2002-10-20;70,01312;;;;;;;;1,05054;;;
2002-10-21;70,01954;;;;;;;;1,05063;;;
2002-10-22;70,02595;;;;;;;;1,05073;;;
2002-10-23;70,03236;;;;;;;;1,05082;;;
2002-10-24;70,03877;;;;;;;;1,05092;;;
2002-10-25;70,04518;;;;;;;;1,05102;;;
2002-10-26;70,0516;;;;;;;;1,05111;;;
2002-10-27;70,058;;;;;;;;1,05121;;;
2002-10-28;70,06442;;;;;;;;1,05131;;;
2002-10-29;70,07083;;;;;;;;1,0514;;;
2002-10-30;70,07724;;;;;;;;1,0515;;;
2002-10-31;70,08364;;;;;;;;1,05159;;;
2002-11-01;70,09006;;;;;;;;1,05169;;;
2002-11-02;70,09448;;;;;;;;1,05176;;;
2002-11-03;70,09889;;;;;;;;1,05182;;;
2002-11-04;70,10331;;;;;;;;1,05189;;;
2002-11-05;70,10773;;;;;;;;1,05195;;;
2002-11-06;70,11214;;;;;;;;1,05202;;;
2002-11-07;70,11656;;;;;;;;1,05209;;;
2002-11-08;70,12098;;;;;;;;1,05215;;;
2002-11-09;70,12539;;;;;;;;1,05222;;;
2002-11-10;70,12981;;;;;;;;1,05229;;;
2002-11-11;70,13423;;;;;;;;1,05235;;;
2002-11-12;70,13864;;;;;;;;1,05242;;;
2002-11-13;70,14306;;;;;;;;1,05249;;;
2002-11-14;70,14747;;;;;;;;1,05255;;;
2002-11-15;70,15189;;;;;;;;1,05262;;;
2002-11-16;70,1563;;;;;;;;1,05268;;;
2002-11-17;70,16073;;;;;;;;1,05275;;;
2002-11-18;70,16513;;;;;;;;1,05282;;;
2002-11-19;70,16956;;;;;;;;1,05288;;;
2002-11-20;70,17397;;;;;;;;1,05295;;;
2002-11-21;70,17839;;;;;;;;1,05302;;;
2002-11-22;70,1828;;;;;;;;1,05308;;;
2002-11-23;70,18723;;;;;;;;1,05315;;;
2002-11-24;70,19164;;;;;;;;1,05321;;;
2002-11-25;70,19606;;;;;;;;1,05328;;;
2002-11-26;70,20047;;;;;;;;1,05335;;;
2002-11-27;70,20489;;;;;;;;1,05341;;;
2002-11-28;70,20931;;;;;;;;1,05348;;;
2002-11-29;70,21372;;;;;;;;1,05355;;;
2002-11-30;70,21814;;;;;;;;1,05361;;;
2002-12-01;70,22255;;;;;;;;1,05368;;;
2002-12-02;70,22683;;;;;;;;1,05374;;;
2002-12-03;70,2311;;;;;;;;1,05381;;;
2002-12-04;70,23537;;;;;;;;1,05387;;;
2002-12-05;70,23965;;;;;;;;1,05393;;;
2002-12-06;70,24393;;;;;;;;1,054;;;
2002-12-07;70,2482;;;;;;;;1,05406;;;
2002-12-08;70,25247;;;;;;;;1,05413;;;
2002-12-09;70,25675;;;;;;;;1,05419;;;
2002-12-10;70,26102;;;;;;;;1,05426;;;
2002-12-11;70,2653;;;;;;;;1,05432;;;
2002-12-12;70,26957;;;;;;;;1,05438;;;
2002-12-13;70,27385;;;;;;;;1,05445;;;
2002-12-14;70,27812;;;;;;;;1,05451;;;
2002-12-15;70,28239;;;;;;;;1,05458;;;
2002-12-16;70,28667;;;;;;;;1,05464;;;
2002-12-17;70,29094;;;;;;;;1,0547;;;
2002-12-18;70,29521;;;;;;;;1,05477;;;
2002-12-19;70,29949;;;;;;;;1,05483;;;
2002-12-20;70,30376;;;;;;;;1,0549;;;
2002-12-21;70,30803;;;;;;;;1,05496;;;
2002-12-22;70,3123;;;;;;;;1,05502;;;
2002-12-23;70,31659;;;;;;;;1,05509;;;
2002-12-24;70,32086;;;;;;;;1,05515;;;
2002-12-25;70,32513;;;;;;;;1,05522;;;
2002-12-26;70,32941;;;;;;;;1,05528;;;
2002-12-27;70,33368;;;;;;;;1,05535;;;
2002-12-28;70,33795;;;;;;;;1,05541;;;
2002-12-29;70,34223;;;;;;;;1,05547;;;
2002-12-30;70,34651;;;;;;;;1,05554;;;
2002-12-31;70,35078;;;;;;;;1,0556;;;
2003-01-01;70,35505;;;;;;;;1,05567;;;
2003-01-02;70,35505;;;;;;;;1,05567;;;
2003-01-03;70,35505;;;;;;;;1,05567;;;
2003-01-04;70,35505;;;;;;;;1,05567;;;
2003-01-05;70,35505;;;;;;;;1,05567;;;
2003-01-06;70,35505;;;;;;;;1,05567;;;
2003-01-07;70,35505;;;;;;;;1,05567;;;
2003-01-08;70,35505;;;;;;;;1,05567;;;
2003-01-09;70,35505;;;;;;;;1,05567;;;
2003-01-10;70,35505;;;;;;;;1,05567;;;
2003-01-11;70,35505;;;;;;;;1,05567;;;
2003-01-12;70,35505;;;;;;;;1,05567;;;
2003-01-13;70,35505;;;;;;;;1,05567;;;
2003-01-14;70,35505;;;;;;;;1,05567;;;
2003-01-15;70,35505;;;;;;;;1,05567;;;
2003-01-16;70,35505;;;;;;;;1,05567;;;
2003-01-17;70,35505;;;;;;;;1,05567;;;
2003-01-18;70,35505;;;;;;;;1,05567;;;
2003-01-19;70,35505;;;;;;;;1,05567;;;
2003-01-20;70,35505;;;;;;;;1,05567;;;
2003-01-21;70,35505;;;;;;;;1,05567;;;
2003-01-22;70,35505;;;;;;;;1,05567;;;
2003-01-23;70,35505;;;;;;;;1,05567;;;
2003-01-24;70,35505;;;;;;;;1,05567;;;
2003-01-25;70,35505;;;;;;;;1,05567;;;
2003-01-26;70,35505;;;;;;;;1,05567;;;
2003-01-27;70,35505;;;;;;;;1,05567;;;
2003-01-28;70,35505;;;;;;;;1,05567;;;
2003-01-29;70,35505;;;;;;;;1,05567;;;
2003-01-30;70,35505;;;;;;;;1,05567;;;
2003-01-31;70,35505;;;;;;;;1,05567;;;
2003-02-01;70,35505;;;;;;;;1,05567;;;
2003-02-02;70,35741;;;;;;;;1,0557;;;
2003-02-03;70,35978;;;;;;;;1,05574;;;
2003-02-04;70,36215;;;;;;;;1,05577;;;
2003-02-05;70,36452;;;;;;;;1,05581;;;
2003-02-06;70,36688;;;;;;;;1,05584;;;
2003-02-07;70,36925;;;;;;;;1,05588;;;
2003-02-08;70,37161;;;;;;;;1,05591;;;
2003-02-09;70,37398;;;;;;;;1,05595;;;
2003-02-10;70,37634;;;;;;;;1,05599;;;
2003-02-11;70,3787;;;;;;;;1,05602;;;
2003-02-12;70,38107;;;;;;;;1,05606;;;
2003-02-13;70,38344;;;;;;;;1,05609;;;
2003-02-14;70,38581;;;;;;;;1,05613;;;
2003-02-15;70,38818;;;;;;;;1,05616;;;
2003-02-16;70,39054;;;;;;;;1,0562;;;
2003-02-17;70,3929;;;;;;;;1,05623;;;
2003-02-18;70,39527;;;;;;;;1,05627;;;
2003-02-19;70,39764;;;;;;;;1,05631;;;
2003-02-20;70,4;;;;;;;;1,05634;;;
2003-02-21;70,40237;;;;;;;;1,05638;;;
2003-02-22;70,40473;;;;;;;;1,05641;;;
2003-02-23;70,4071;;;;;;;;1,05645;;;
2003-02-24;70,40947;;;;;;;;1,05648;;;
2003-02-25;70,41183;;;;;;;;1,05652;;;
2003-02-26;70,4142;;;;;;;;1,05655;;;
2003-02-27;70,41657;;;;;;;;1,05659;;;
2003-02-28;70,41893;;;;;;;;1,05662;;;
2003-03-01;70,4213;;;;;;;;1,05666;;;
2003-03-02;70,4213;;;;;;;;1,05666;;;
2003-03-03;70,4213;;;;;;;;1,05666;;;
2003-03-04;70,4213;;;;;;;;1,05666;;;
2003-03-05;70,4213;;;;;;;;1,05666;;;
2003-03-06;70,4213;;;;;;;;1,05666;;;
2003-03-07;70,4213;;;;;;;;1,05666;;;
2003-03-08;70,4213;;;;;;;;1,05666;;;
2003-03-09;70,4213;;;;;;;;1,05666;;;
2003-03-10;70,4213;;;;;;;;1,05666;;;
2003-03-11;70,4213;;;;;;;;1,05666;;;
2003-03-12;70,4213;;;;;;;;1,05666;;;
2003-03-13;70,4213;;;;;;;;1,05666;;;
2003-03-14;70,4213;;;;;;;;1,05666;;;
2003-03-15;70,4213;;;;;;;;1,05666;;;
2003-03-16;70,4213;;;;;;;;1,05666;;;
2003-03-17;70,4213;;;;;;;;1,05666;;;
2003-03-18;70,4213;;;;;;;;1,05666;;;
2003-03-19;70,4213;;;;;;;;1,05666;;;
2003-03-20;70,4213;;;;;;;;1,05666;;;
2003-03-21;70,4213;;;;;;;;1,05666;;;
2003-03-22;70,4213;;;;;;;;1,05666;;;
2003-03-23;70,4213;;;;;;;;1,05666;;;
2003-03-24;70,4213;;;;;;;;1,05666;;;
2003-03-25;70,4213;;;;;;;;1,05666;;;
2003-03-26;70,4213;;;;;;;;1,05666;;;
2003-03-27;70,4213;;;;;;;;1,05666;;;
2003-03-28;70,4213;;;;;;;;1,05666;;;
2003-03-29;70,4213;;;;;;;;1,05666;;;
2003-03-30;70,4213;;;;;;;;1,05666;;;
2003-03-31;70,4213;;;;;;;;1,05666;;;
2003-04-01;70,4213;;;;;;;;1,05666;;;
2003-04-02;70,43897;;;;;;;;1,05693;;;
2003-04-03;70,45663;;;;;;;;1,05719;;;
2003-04-04;70,4743;;;;;;;;1,05746;;;
2003-04-05;70,49197;;;;;;;;1,05772;;;
2003-04-06;70,50963;;;;;;;;1,05799;;;
2003-04-07;70,52729;;;;;;;;1,05825;;;
2003-04-08;70,54496;;;;;;;;1,05852;;;
2003-04-09;70,56262;;;;;;;;1,05878;;;
2003-04-10;70,58029;;;;;;;;1,05905;;;
2003-04-11;70,59796;;;;;;;;1,05931;;;
2003-04-12;70,61562;;;;;;;;1,05958;;;
2003-04-13;70,63329;;;;;;;;1,05984;;;
2003-04-14;70,65095;;;;;;;;1,06011;;;
2003-04-15;70,66862;;;;;;;;1,06037;;;
2003-04-16;70,68629;;;;;;;;1,06064;;;
2003-04-17;70,70396;;;;;;;;1,0609;;;
2003-04-18;70,72162;;;;;;;;1,06117;;;
2003-04-19;70,73929;;;;;;;;1,06143;;;
2003-04-20;70,75696;;;;;;;;1,0617;;;
2003-04-21;70,77462;;;;;;;;1,06196;;;
2003-04-22;70,79228;;;;;;;;1,06223;;;
2003-04-23;70,80995;;;;;;;;1,06249;;;
2003-04-24;70,82761;;;;;;;;1,06276;;;
2003-04-25;70,84528;;;;;;;;1,06302;;;
2003-04-26;70,86295;;;;;;;;1,06329;;;
2003-04-27;70,88062;;;;;;;;1,06355;;;
2003-04-28;70,89828;;;;;;;;1,06382;;;
2003-04-29;70,91595;;;;;;;;1,06408;;;
2003-04-30;70,93361;;;;;;;;1,06435;;;
2003-05-01;70,95128;;;;;;;;1,06461;;;
2003-05-02;70,95983;;;;;;;;1,06474;;;
2003-05-03;70,96838;;;;;;;;1,06487;;;
2003-05-04;70,97693;;;;;;;;1,065;;;
2003-05-05;70,98547;;;;;;;;1,06513;;;
2003-05-06;70,99402;;;;;;;;1,06525;;;
2003-05-07;71,00257;;;;;;;;1,06538;;;
2003-05-08;71,01111;;;;;;;;1,06551;;;
2003-05-09;71,01967;;;;;;;;1,06564;;;
2003-05-10;71,02821;;;;;;;;1,06577;;;
2003-05-11;71,03676;;;;;;;;1,06589;;;
2003-05-12;71,04531;;;;;;;;1,06602;;;
2003-05-13;71,05386;;;;;;;;1,06615;;;
2003-05-14;71,06241;;;;;;;;1,06628;;;
2003-05-15;71,07095;;;;;;;;1,06641;;;
2003-05-16;71,0795;;;;;;;;1,06654;;;
2003-05-17;71,08804;;;;;;;;1,06666;;;
2003-05-18;71,09659;;;;;;;;1,06679;;;
2003-05-19;71,10514;;;;;;;;1,06692;;;
2003-05-20;71,11369;;;;;;;;1,06705;;;
2003-05-21;71,12224;;;;;;;;1,06718;;;
2003-05-22;71,13079;;;;;;;;1,06731;;;
2003-05-23;71,13934;;;;;;;;1,06743;;;
2003-05-24;71,14788;;;;;;;;1,06756;;;
2003-05-25;71,15644;;;;;;;;1,06769;;;
2003-05-26;71,16498;;;;;;;;1,06782;;;
2003-05-27;71,17353;;;;;;;;1,06795;;;
2003-05-28;71,18208;;;;;;;;1,06808;;;
2003-05-29;71,19062;;;;;;;;1,0682;;;
2003-05-30;71,19917;;;;;;;;1,06833;;;
2003-05-31;71,20772;;;;;;;;1,06846;;;
2003-06-01;71,21627;;;;;;;;1,06859;;;
2003-06-02;71,21407;;;;;;;;1,06856;;;
2003-06-03;71,21185;;;;;;;;1,06852;;;
2003-06-04;71,20964;;;;;;;;1,06849;;;
2003-06-05;71,20744;;;;;;;;1,06846;;;
2003-06-06;71,20523;;;;;;;;1,06842;;;
2003-06-07;71,20302;;;;;;;;1,06839;;;
2003-06-08;71,20081;;;;;;;;1,06836;;;
2003-06-09;71,1986;;;;;;;;1,06832;;;
2003-06-10;71,1964;;;;;;;;1,06829;;;
2003-06-11;71,19419;;;;;;;;1,06826;;;
2003-06-12;71,19197;;;;;;;;1,06822;;;
2003-06-13;71,18977;;;;;;;;1,06819;;;
2003-06-14;71,18757;;;;;;;;1,06816;;;
2003-06-15;71,18535;;;;;;;;1,06812;;;
2003-06-16;71,18314;;;;;;;;1,06809;;;
2003-06-17;71,18094;;;;;;;;1,06806;;;
2003-06-18;71,17873;;;;;;;;1,06803;;;
2003-06-19;71,17652;;;;;;;;1,06799;;;
2003-06-20;71,17431;;;;;;;;1,06796;;;
2003-06-21;71,1721;;;;;;;;1,06793;;;
2003-06-22;71,1699;;;;;;;;1,06789;;;
2003-06-23;71,16769;;;;;;;;1,06786;;;
2003-06-24;71,16548;;;;;;;;1,06783;;;
2003-06-25;71,16327;;;;;;;;1,06779;;;
2003-06-26;71,16106;;;;;;;;1,06776;;;
2003-06-27;71,15885;;;;;;;;1,06773;;;
2003-06-28;71,15665;;;;;;;;1,06769;;;
2003-06-29;71,15444;;;;;;;;1,06766;;;
2003-06-30;71,15223;;;;;;;;1,06763;;;
2003-07-01;71,15002;;;;;;;;1,06759;;;
2003-07-02;71,14575;;;;;;;;1,06753;;;
2003-07-03;71,14147;;;;;;;;1,06747;;;
2003-07-04;71,1372;;;;;;;;1,0674;;;
2003-07-05;71,13292;;;;;;;;1,06734;;;
2003-07-06;71,12865;;;;;;;;1,06727;;;
2003-07-07;71,12438;;;;;;;;1,06721;;;
2003-07-08;71,12011;;;;;;;;1,06715;;;
2003-07-09;71,11584;;;;;;;;1,06708;;;
2003-07-10;71,11156;;;;;;;;1,06702;;;
2003-07-11;71,10728;;;;;;;;1,06695;;;
2003-07-12;71,10301;;;;;;;;1,06689;;;
2003-07-13;71,09873;;;;;;;;1,06682;;;
2003-07-14;71,09446;;;;;;;;1,06676;;;
2003-07-15;71,09019;;;;;;;;1,0667;;;
2003-07-16;71,08592;;;;;;;;1,06663;;;
2003-07-17;71,08163;;;;;;;;1,06657;;;
2003-07-18;71,07736;;;;;;;;1,0665;;;
2003-07-19;71,07309;;;;;;;;1,06644;;;
2003-07-20;71,06881;;;;;;;;1,06638;;;
2003-07-21;71,06454;;;;;;;;1,06631;;;
2003-07-22;71,06027;;;;;;;;1,06625;;;
2003-07-23;71,05599;;;;;;;;1,06618;;;
2003-07-24;71,05171;;;;;;;;1,06612;;;
2003-07-25;71,04744;;;;;;;;1,06606;;;
2003-07-26;71,04317;;;;;;;;1,06599;;;
2003-07-27;71,03889;;;;;;;;1,06593;;;
2003-07-28;71,03462;;;;;;;;1,06586;;;
2003-07-29;71,03035;;;;;;;;1,0658;;;
2003-07-30;71,02608;;;;;;;;1,06573;;;
2003-07-31;71,0218;;;;;;;;1,06567;;;
2003-08-01;71,01753;;;;;;;;1,06561;;;
2003-08-02;71,0218;;;;;;;;1,06567;;;
2003-08-03;71,02608;;;;;;;;1,06573;;;
2003-08-04;71,03035;;;;;;;;1,0658;;;
2003-08-05;71,03462;;;;;;;;1,06586;;;
2003-08-06;71,03889;;;;;;;;1,06593;;;
2003-08-07;71,04317;;;;;;;;1,06599;;;
2003-08-08;71,04744;;;;;;;;1,06606;;;
2003-08-09;71,05171;;;;;;;;1,06612;;;
2003-08-10;71,05599;;;;;;;;1,06618;;;
2003-08-11;71,06027;;;;;;;;1,06625;;;
2003-08-12;71,06454;;;;;;;;1,06631;;;
2003-08-13;71,06881;;;;;;;;1,06638;;;
2003-08-14;71,07309;;;;;;;;1,06644;;;
2003-08-15;71,07736;;;;;;;;1,0665;;;
2003-08-16;71,08163;;;;;;;;1,06657;;;
2003-08-17;71,08592;;;;;;;;1,06663;;;
2003-08-18;71,09019;;;;;;;;1,0667;;;
2003-08-19;71,09446;;;;;;;;1,06676;;;
2003-08-20;71,09873;;;;;;;;1,06682;;;
2003-08-21;71,10301;;;;;;;;1,06689;;;
2003-08-22;71,10728;;;;;;;;1,06695;;;
2003-08-23;71,11156;;;;;;;;1,06702;;;
2003-08-24;71,11584;;;;;;;;1,06708;;;
2003-08-25;71,12011;;;;;;;;1,06715;;;
2003-08-26;71,12438;;;;;;;;1,06721;;;
2003-08-27;71,12865;;;;;;;;1,06727;;;
2003-08-28;71,13292;;;;;;;;1,06734;;;
2003-08-29;71,1372;;;;;;;;1,0674;;;
2003-08-30;71,14147;;;;;;;;1,06747;;;
2003-08-31;71,14575;;;;;;;;1,06753;;;
2003-09-01;71,15002;;;;;;;;1,06759;;;
2003-09-02;71,14782;;;;;;;;1,06756;;;
2003-09-03;71,14561;;;;;;;;1,06753;;;
2003-09-04;71,14339;;;;;;;;1,0675;;;
2003-09-05;71,14119;;;;;;;;1,06746;;;
2003-09-06;71,13898;;;;;;;;1,06743;;;
2003-09-07;71,13678;;;;;;;;1,0674;;;
2003-09-08;71,13456;;;;;;;;1,06736;;;
2003-09-09;71,13235;;;;;;;;1,06733;;;
2003-09-10;71,13015;;;;;;;;1,0673;;;
2003-09-11;71,12795;;;;;;;;1,06726;;;
2003-09-12;71,12573;;;;;;;;1,06723;;;
2003-09-13;71,12352;;;;;;;;1,0672;;;
2003-09-14;71,12132;;;;;;;;1,06716;;;
2003-09-15;71,11911;;;;;;;;1,06713;;;
2003-09-16;71,1169;;;;;;;;1,0671;;;
2003-09-17;71,11469;;;;;;;;1,06706;;;
2003-09-18;71,11248;;;;;;;;1,06703;;;
2003-09-19;71,11028;;;;;;;;1,067;;;
2003-09-20;71,10807;;;;;;;;1,06696;;;
2003-09-21;71,10585;;;;;;;;1,06693;;;
2003-09-22;71,10365;;;;;;;;1,0669;;;
2003-09-23;71,10144;;;;;;;;1,06687;;;
2003-09-24;71,09923;;;;;;;;1,06683;;;
2003-09-25;71,09702;;;;;;;;1,0668;;;
2003-09-26;71,09482;;;;;;;;1,06677;;;
2003-09-27;71,09261;;;;;;;;1,06673;;;
2003-09-28;71,0904;;;;;;;;1,0667;;;
2003-09-29;71,08819;;;;;;;;1,06667;;;
2003-09-30;71,08598;;;;;;;;1,06663;;;
2003-10-01;71,08377;;;;;;;;1,0666;;;
2003-10-02;71,09019;;;;;;;;1,0667;;;
2003-10-03;71,09659;;;;;;;;1,06679;;;
2003-10-04;71,10301;;;;;;;;1,06689;;;
2003-10-05;71,10942;;;;;;;;1,06699;;;
2003-10-06;71,11584;;;;;;;;1,06708;;;
2003-10-07;71,12224;;;;;;;;1,06718;;;
2003-10-08;71,12865;;;;;;;;1,06727;;;
2003-10-09;71,13506;;;;;;;;1,06737;;;
2003-10-10;71,14147;;;;;;;;1,06747;;;
2003-10-11;71,14788;;;;;;;;1,06756;;;
2003-10-12;71,15429;;;;;;;;1,06766;;;
2003-10-13;71,16071;;;;;;;;1,06775;;;
2003-10-14;71,16712;;;;;;;;1,06785;;;
2003-10-15;71,17353;;;;;;;;1,06795;;;
2003-10-16;71,17994;;;;;;;;1,06804;;;
2003-10-17;71,18635;;;;;;;;1,06814;;;
2003-10-18;71,19277;;;;;;;;1,06824;;;
2003-10-19;71,19917;;;;;;;;1,06833;;;
2003-10-20;71,20559;;;;;;;;1,06843;;;
2003-10-21;71,212;;;;;;;;1,06852;;;
2003-10-22;71,21841;;;;;;;;1,06862;;;
2003-10-23;71,22482;;;;;;;;1,06872;;;
2003-10-24;71,23123;;;;;;;;1,06881;;;
2003-10-25;71,23764;;;;;;;;1,06891;;;
2003-10-26;71,24405;;;;;;;;1,06901;;;
2003-10-27;71,25046;;;;;;;;1,0691;;;
2003-10-28;71,25687;;;;;;;;1,0692;;;
2003-10-29;71,26328;;;;;;;;1,06929;;;
2003-10-30;71,2697;;;;;;;;1,06939;;;
2003-10-31;71,2761;;;;;;;;1,06949;;;
2003-11-01;71,28252;;;;;;;;1,06958;;;
2003-11-02;71,29135;;;;;;;;1,06972;;;
2003-11-03;71,30019;;;;;;;;1,06985;;;
2003-11-04;71,30902;;;;;;;;1,06998;;;
2003-11-05;71,31785;;;;;;;;1,07011;;;
2003-11-06;71,32669;;;;;;;;1,07025;;;
2003-11-07;71,33552;;;;;;;;1,07038;;;
2003-11-08;71,34435;;;;;;;;1,07051;;;
2003-11-09;71,35318;;;;;;;;1,07064;;;
2003-11-10;71,36201;;;;;;;;1,07078;;;
2003-11-11;71,37084;;;;;;;;1,07091;;;
2003-11-12;71,37968;;;;;;;;1,07104;;;
2003-11-13;71,38851;;;;;;;;1,07117;;;
2003-11-14;71,39734;;;;;;;;1,07131;;;
2003-11-15;71,40618;;;;;;;;1,07144;;;
2003-11-16;71,41501;;;;;;;;1,07157;;;
2003-11-17;71,42385;;;;;;;;1,0717;;;
2003-11-18;71,43268;;;;;;;;1,07184;;;
2003-11-19;71,44152;;;;;;;;1,07197;;;
2003-11-20;71,45035;;;;;;;;1,0721;;;
2003-11-21;71,45918;;;;;;;;1,07223;;;
2003-11-22;71,46801;;;;;;;;1,07237;;;
2003-11-23;71,47684;;;;;;;;1,0725;;;
2003-11-24;71,48568;;;;;;;;1,07263;;;
2003-11-25;71,49451;;;;;;;;1,07276;;;
2003-11-26;71,50334;;;;;;;;1,0729;;;
2003-11-27;71,51218;;;;;;;;1,07303;;;
2003-11-28;71,52101;;;;;;;;1,07316;;;
2003-11-29;71,52984;;;;;;;;1,07329;;;
2003-11-30;71,53868;;;;;;;;1,07343;;;
2003-12-01;71,54751;;;;;;;;1,07356;;;
2003-12-02;71,54964;;;;;;;;1,07359;;;
2003-12-03;71,55178;;;;;;;;1,07362;;;
2003-12-04;71,55392;;;;;;;;1,07365;;;
2003-12-05;71,55605;;;;;;;;1,07369;;;
2003-12-06;71,55819;;;;;;;;1,07372;;;
2003-12-07;71,56033;;;;;;;;1,07375;;;
2003-12-08;71,56246;;;;;;;;1,07378;;;
2003-12-09;71,56461;;;;;;;;1,07382;;;
2003-12-10;71,56674;;;;;;;;1,07385;;;
2003-12-11;71,56888;;;;;;;;1,07388;;;
2003-12-12;71,57101;;;;;;;;1,07391;;;
2003-12-13;71,57316;;;;;;;;1,07394;;;
2003-12-14;71,57529;;;;;;;;1,07398;;;
2003-12-15;71,57743;;;;;;;;1,07401;;;
2003-12-16;71,57956;;;;;;;;1,07404;;;
2003-12-17;71,5817;;;;;;;;1,07407;;;
2003-12-18;71,58384;;;;;;;;1,0741;;;
2003-12-19;71,58597;;;;;;;;1,07414;;;
2003-12-20;71,58811;;;;;;;;1,07417;;;
2003-12-21;71,59025;;;;;;;;1,0742;;;
2003-12-22;71,59238;;;;;;;;1,07423;;;
2003-12-23;71,59452;;;;;;;;1,07426;;;
2003-12-24;71,59666;;;;;;;;1,0743;;;
2003-12-25;71,59879;;;;;;;;1,07433;;;
2003-12-26;71,60094;;;;;;;;1,07436;;;
2003-12-27;71,60307;;;;;;;;1,07439;;;
2003-12-28;71,60521;;;;;;;;1,07442;;;
2003-12-29;71,60734;;;;;;;;1,07446;;;
2003-12-30;71,60948;;;;;;;;1,07449;;;
2003-12-31;71,61161;;;;;;;;1,07452;;;
2004-01-01;71,61376;;;;;;;;1,07455;;;
2004-01-02;71,60948;;;;;;;;1,07449;;;
2004-01-03;71,60521;;;;;;;;1,07442;;;
2004-01-04;71,60094;;;;;;;;1,07436;;;
2004-01-05;71,59666;;;;;;;;1,0743;;;
2004-01-06;71,59238;;;;;;;;1,07423;;;
2004-01-07;71,58811;;;;;;;;1,07417;;;
2004-01-08;71,58384;;;;;;;;1,0741;;;
2004-01-09;71,57956;;;;;;;;1,07404;;;
2004-01-10;71,57529;;;;;;;;1,07398;;;
2004-01-11;71,57101;;;;;;;;1,07391;;;
2004-01-12;71,56674;;;;;;;;1,07385;;;
2004-01-13;71,56246;;;;;;;;1,07378;;;
2004-01-14;71,55819;;;;;;;;1,07372;;;
2004-01-15;71,55392;;;;;;;;1,07365;;;
2004-01-16;71,54964;;;;;;;;1,07359;;;
2004-01-17;71,54537;;;;;;;;1,07353;;;
2004-01-18;71,5411;;;;;;;;1,07346;;;
2004-01-19;71,53683;;;;;;;;1,0734;;;
2004-01-20;71,53255;;;;;;;;1,07333;;;
2004-01-21;71,52828;;;;;;;;1,07327;;;
2004-01-22;71,52401;;;;;;;;1,07321;;;
2004-01-23;71,51972;;;;;;;;1,07314;;;
2004-01-24;71,51545;;;;;;;;1,07308;;;
2004-01-25;71,51118;;;;;;;;1,07301;;;
2004-01-26;71,50691;;;;;;;;1,07295;;;
2004-01-27;71,50263;;;;;;;;1,07289;;;
2004-01-28;71,49836;;;;;;;;1,07282;;;
2004-01-29;71,49408;;;;;;;;1,07276;;;
2004-01-30;71,48981;;;;;;;;1,07269;;;
2004-01-31;71,48553;;;;;;;;1,07263;;;
2004-02-01;71,48126;;;;;;;;1,07256;;;
2004-02-02;71,48355;;;;;;;;1,0726;;;
2004-02-03;71,48583;;;;;;;;1,07263;;;
2004-02-04;71,48811;;;;;;;;1,07267;;;
2004-02-05;71,4904;;;;;;;;1,0727;;;
2004-02-06;71,49268;;;;;;;;1,07274;;;
2004-02-07;71,49497;;;;;;;;1,07277;;;
2004-02-08;71,49725;;;;;;;;1,0728;;;
2004-02-09;71,49954;;;;;;;;1,07284;;;
2004-02-10;71,50181;;;;;;;;1,07287;;;
2004-02-11;71,5041;;;;;;;;1,07291;;;
2004-02-12;71,50639;;;;;;;;1,07294;;;
2004-02-13;71,50868;;;;;;;;1,07298;;;
2004-02-14;71,51096;;;;;;;;1,07301;;;
2004-02-15;71,51325;;;;;;;;1,07304;;;
2004-02-16;71,51553;;;;;;;;1,07308;;;
2004-02-17;71,51781;;;;;;;;1,07311;;;
2004-02-18;71,52009;;;;;;;;1,07315;;;
2004-02-19;71,52238;;;;;;;;1,07318;;;
2004-02-20;71,52467;;;;;;;;1,07322;;;
2004-02-21;71,52695;;;;;;;;1,07325;;;
2004-02-22;71,52923;;;;;;;;1,07328;;;
2004-02-23;71,53152;;;;;;;;1,07332;;;
2004-02-24;71,5338;;;;;;;;1,07335;;;
2004-02-25;71,53609;;;;;;;;1,07339;;;
2004-02-26;71,53837;;;;;;;;1,07342;;;
2004-02-27;71,54066;;;;;;;;1,07346;;;
2004-02-28;71,54293;;;;;;;;1,07349;;;
2004-02-29;71,54522;;;;;;;;1,07352;;;
2004-03-01;71,54751;;;;;;;;1,07356;;;
2004-03-02;71,54324;;;;;;;;1,07349;;;
2004-03-03;71,53896;;;;;;;;1,07343;;;
2004-03-04;71,53469;;;;;;;;1,07337;;;
2004-03-05;71,53041;;;;;;;;1,0733;;;
2004-03-06;71,52613;;;;;;;;1,07324;;;
2004-03-07;71,52186;;;;;;;;1,07317;;;
2004-03-08;71,51759;;;;;;;;1,07311;;;
2004-03-09;71,51332;;;;;;;;1,07305;;;
2004-03-10;71,50904;;;;;;;;1,07298;;;
2004-03-11;71,50477;;;;;;;;1,07292;;;
2004-03-12;71,5005;;;;;;;;1,07285;;;
2004-03-13;71,49622;;;;;;;;1,07279;;;
2004-03-14;71,49195;;;;;;;;1,07272;;;
2004-03-15;71,48768;;;;;;;;1,07266;;;
2004-03-16;71,4834;;;;;;;;1,0726;;;
2004-03-17;71,47912;;;;;;;;1,07253;;;
2004-03-18;71,47485;;;;;;;;1,07247;;;
2004-03-19;71,47058;;;;;;;;1,0724;;;
2004-03-20;71,4663;;;;;;;;1,07234;;;
2004-03-21;71,46203;;;;;;;;1,07228;;;
2004-03-22;71,45776;;;;;;;;1,07221;;;
2004-03-23;71,45348;;;;;;;;1,07215;;;
2004-03-24;71,4492;;;;;;;;1,07208;;;
2004-03-25;71,44493;;;;;;;;1,07202;;;
2004-03-26;71,44066;;;;;;;;1,07196;;;
2004-03-27;71,43638;;;;;;;;1,07189;;;
2004-03-28;71,43211;;;;;;;;1,07183;;;
2004-03-29;71,42783;;;;;;;;1,07176;;;
2004-03-30;71,42356;;;;;;;;1,0717;;;
2004-03-31;71,41928;;;;;;;;1,07163;;;
2004-04-01;71,41501;;;;;;;;1,07157;;;
2004-04-02;71,42606;;;;;;;;1,07174;;;
2004-04-03;71,43709;;;;;;;;1,0719;;;
2004-04-04;71,44813;;;;;;;;1,07207;;;
2004-04-05;71,45918;;;;;;;;1,07223;;;
2004-04-06;71,47022;;;;;;;;1,0724;;;
2004-04-07;71,48126;;;;;;;;1,07256;;;
2004-04-08;71,4923;;;;;;;;1,07273;;;
2004-04-09;71,50334;;;;;;;;1,0729;;;
2004-04-10;71,51438;;;;;;;;1,07306;;;
2004-04-11;71,52543;;;;;;;;1,07323;;;
2004-04-12;71,53647;;;;;;;;1,07339;;;
2004-04-13;71,54751;;;;;;;;1,07356;;;
2004-04-14;71,55855;;;;;;;;1,07372;;;
2004-04-15;71,56959;;;;;;;;1,07389;;;
2004-04-16;71,58063;;;;;;;;1,07406;;;
2004-04-17;71,59167;;;;;;;;1,07422;;;
2004-04-18;71,60272;;;;;;;;1,07439;;;
2004-04-19;71,61376;;;;;;;;1,07455;;;
2004-04-20;71,6248;;;;;;;;1,07472;;;
2004-04-21;71,63583;;;;;;;;1,07488;;;
2004-04-22;71,64688;;;;;;;;1,07505;;;
2004-04-23;71,65792;;;;;;;;1,07522;;;
2004-04-24;71,66896;;;;;;;;1,07538;;;
2004-04-25;71,68001;;;;;;;;1,07555;;;
2004-04-26;71,69105;;;;;;;;1,07571;;;
2004-04-27;71,70208;;;;;;;;1,07588;;;
2004-04-28;71,71312;;;;;;;;1,07604;;;
2004-04-29;71,72417;;;;;;;;1,07621;;;
2004-04-30;71,73521;;;;;;;;1,07638;;;
2004-05-01;71,74625;;;;;;;;1,07654;;;
2004-05-02;71,75479;;;;;;;;1,07667;;;
2004-05-03;71,76335;;;;;;;;1,0768;;;
2004-05-04;71,7719;;;;;;;;1,07693;;;
2004-05-05;71,78044;;;;;;;;1,07705;;;
2004-05-06;71,789;;;;;;;;1,07718;;;
2004-05-07;71,79754;;;;;;;;1,07731;;;
2004-05-08;71,80609;;;;;;;;1,07744;;;
2004-05-09;71,81464;;;;;;;;1,07757;;;
2004-05-10;71,82319;;;;;;;;1,0777;;;
2004-05-11;71,83173;;;;;;;;1,07782;;;
2004-05-12;71,84028;;;;;;;;1,07795;;;
2004-05-13;71,84883;;;;;;;;1,07808;;;
2004-05-14;71,85737;;;;;;;;1,07821;;;
2004-05-15;71,86593;;;;;;;;1,07834;;;
2004-05-16;71,87447;;;;;;;;1,07846;;;
2004-05-17;71,88302;;;;;;;;1,07859;;;
2004-05-18;71,89157;;;;;;;;1,07872;;;
2004-05-19;71,90012;;;;;;;;1,07885;;;
2004-05-20;71,90867;;;;;;;;1,07898;;;
2004-05-21;71,91721;;;;;;;;1,07911;;;
2004-05-22;71,92576;;;;;;;;1,07923;;;
2004-05-23;71,93431;;;;;;;;1,07936;;;
2004-05-24;71,94285;;;;;;;;1,07949;;;
2004-05-25;71,95141;;;;;;;;1,07962;;;
2004-05-26;71,95995;;;;;;;;1,07975;;;
2004-05-27;71,9685;;;;;;;;1,07988;;;
2004-05-28;71,97705;;;;;;;;1,08;;;
2004-05-29;71,9856;;;;;;;;1,08013;;;
2004-05-30;71,99415;;;;;;;;1,08026;;;
2004-05-31;72,0027;;;;;;;;1,08039;;;
2004-06-01;72,01125;;;;;;;;1,08052;;;
2004-06-02;72,01786;;;;;;;;1,08062;;;
2004-06-03;72,02449;;;;;;;;1,08072;;;
2004-06-04;72,03112;;;;;;;;1,08082;;;
2004-06-05;72,03774;;;;;;;;1,08091;;;
2004-06-06;72,04436;;;;;;;;1,08101;;;
2004-06-07;72,05099;;;;;;;;1,08111;;;
2004-06-08;72,05762;;;;;;;;1,08121;;;
2004-06-09;72,06424;;;;;;;;1,08131;;;
2004-06-10;72,07087;;;;;;;;1,08141;;;
2004-06-11;72,07749;;;;;;;;1,08151;;;
2004-06-12;72,08411;;;;;;;;1,08161;;;
2004-06-13;72,09074;;;;;;;;1,08171;;;
2004-06-14;72,09737;;;;;;;;1,08181;;;
2004-06-15;72,10399;;;;;;;;1,08191;;;
2004-06-16;72,11061;;;;;;;;1,08201;;;
2004-06-17;72,11724;;;;;;;;1,08211;;;
2004-06-18;72,12386;;;;;;;;1,08221;;;
2004-06-19;72,13049;;;;;;;;1,08231;;;
2004-06-20;72,13711;;;;;;;;1,08241;;;
2004-06-21;72,14374;;;;;;;;1,0825;;;
2004-06-22;72,15036;;;;;;;;1,0826;;;
2004-06-23;72,15699;;;;;;;;1,0827;;;
2004-06-24;72,16361;;;;;;;;1,0828;;;
2004-06-25;72,17023;;;;;;;;1,0829;;;
2004-06-26;72,17686;;;;;;;;1,083;;;
2004-06-27;72,18349;;;;;;;;1,0831;;;
2004-06-28;72,19011;;;;;;;;1,0832;;;
2004-06-29;72,19673;;;;;;;;1,0833;;;
2004-06-30;72,20336;;;;;;;;1,0834;;;
2004-07-01;72,20999;;;;;;;;1,0835;;;
2004-07-02;72,21853;;;;;;;;1,08363;;;
2004-07-03;72,22709;;;;;;;;1,08376;;;
2004-07-04;72,23563;;;;;;;;1,08388;;;
2004-07-05;72,24418;;;;;;;;1,08401;;;
2004-07-06;72,25272;;;;;;;;1,08414;;;
2004-07-07;72,26127;;;;;;;;1,08427;;;
2004-07-08;72,26982;;;;;;;;1,0844;;;
2004-07-09;72,27837;;;;;;;;1,08453;;;
2004-07-10;72,28692;;;;;;;;1,08465;;;
2004-07-11;72,29546;;;;;;;;1,08478;;;
2004-07-12;72,30402;;;;;;;;1,08491;;;
2004-07-13;72,31256;;;;;;;;1,08504;;;
2004-07-14;72,32111;;;;;;;;1,08517;;;
2004-07-15;72,32967;;;;;;;;1,08529;;;
2004-07-16;72,33821;;;;;;;;1,08542;;;
2004-07-17;72,34675;;;;;;;;1,08555;;;
2004-07-18;72,3553;;;;;;;;1,08568;;;
2004-07-19;72,36385;;;;;;;;1,08581;;;
2004-07-20;72,3724;;;;;;;;1,08594;;;
2004-07-21;72,38094;;;;;;;;1,08606;;;
2004-07-22;72,3895;;;;;;;;1,08619;;;
2004-07-23;72,39804;;;;;;;;1,08632;;;
2004-07-24;72,40659;;;;;;;;1,08645;;;
2004-07-25;72,41514;;;;;;;;1,08658;;;
2004-07-26;72,42369;;;;;;;;1,08671;;;
2004-07-27;72,43224;;;;;;;;1,08683;;;
2004-07-28;72,44078;;;;;;;;1,08696;;;
2004-07-29;72,44933;;;;;;;;1,08709;;;
2004-07-30;72,45787;;;;;;;;1,08722;;;
2004-07-31;72,46643;;;;;;;;1,08735;;;
2004-08-01;72,47498;;;;;;;;1,08748;;;
2004-08-02;72,47711;;;;;;;;1,08751;;;
2004-08-03;72,47925;;;;;;;;1,08754;;;
2004-08-04;72,48138;;;;;;;;1,08757;;;
2004-08-05;72,48352;;;;;;;;1,0876;;;
2004-08-06;72,48566;;;;;;;;1,08764;;;
2004-08-07;72,48779;;;;;;;;1,08767;;;
2004-08-08;72,48993;;;;;;;;1,0877;;;
2004-08-09;72,49208;;;;;;;;1,08773;;;
2004-08-10;72,4942;;;;;;;;1,08776;;;
2004-08-11;72,49635;;;;;;;;1,0878;;;
2004-08-12;72,49848;;;;;;;;1,08783;;;
2004-08-13;72,50062;;;;;;;;1,08786;;;
2004-08-14;72,50276;;;;;;;;1,08789;;;
2004-08-15;72,5049;;;;;;;;1,08792;;;
2004-08-16;72,50703;;;;;;;;1,08796;;;
2004-08-17;72,50917;;;;;;;;1,08799;;;
2004-08-18;72,5113;;;;;;;;1,08802;;;
2004-08-19;72,51344;;;;;;;;1,08805;;;
2004-08-20;72,51558;;;;;;;;1,08808;;;
2004-08-21;72,51772;;;;;;;;1,08812;;;
2004-08-22;72,51985;;;;;;;;1,08815;;;
2004-08-23;72,522;;;;;;;;1,08818;;;
2004-08-24;72,52412;;;;;;;;1,08821;;;
2004-08-25;72,52627;;;;;;;;1,08824;;;
2004-08-26;72,52841;;;;;;;;1,08828;;;
2004-08-27;72,53054;;;;;;;;1,08831;;;
2004-08-28;72,53268;;;;;;;;1,08834;;;
2004-08-29;72,53481;;;;;;;;1,08837;;;
2004-08-30;72,53695;;;;;;;;1,08841;;;
2004-08-31;72,53908;;;;;;;;1,08844;;;
2004-09-01;72,54122;;;;;;;;1,08847;;;
2004-09-02;72,5368;;;;;;;;1,0884;;;
2004-09-03;72,53239;;;;;;;;1,08834;;;
2004-09-04;72,52797;;;;;;;;1,08827;;;
2004-09-05;72,52356;;;;;;;;1,0882;;;
2004-09-06;72,51914;;;;;;;;1,08814;;;
2004-09-07;72,51473;;;;;;;;1,08807;;;
2004-09-08;72,5103;;;;;;;;1,08801;;;
2004-09-09;72,5059;;;;;;;;1,08794;;;
2004-09-10;72,50147;;;;;;;;1,08787;;;
2004-09-11;72,49706;;;;;;;;1,08781;;;
2004-09-12;72,49264;;;;;;;;1,08774;;;
2004-09-13;72,48823;;;;;;;;1,08767;;;
2004-09-14;72,48381;;;;;;;;1,08761;;;
2004-09-15;72,4794;;;;;;;;1,08754;;;
2004-09-16;72,47498;;;;;;;;1,08748;;;
2004-09-17;72,47056;;;;;;;;1,08741;;;
2004-09-18;72,46615;;;;;;;;1,08734;;;
2004-09-19;72,46173;;;;;;;;1,08728;;;
2004-09-20;72,45731;;;;;;;;1,08721;;;
2004-09-21;72,45289;;;;;;;;1,08714;;;
2004-09-22;72,44848;;;;;;;;1,08708;;;
2004-09-23;72,44406;;;;;;;;1,08701;;;
2004-09-24;72,43965;;;;;;;;1,08695;;;
2004-09-25;72,43522;;;;;;;;1,08688;;;
2004-09-26;72,43081;;;;;;;;1,08681;;;
2004-09-27;72,42639;;;;;;;;1,08675;;;
2004-09-28;72,42198;;;;;;;;1,08668;;;
2004-09-29;72,41756;;;;;;;;1,08661;;;
2004-09-30;72,41315;;;;;;;;1,08655;;;
2004-10-01;72,40873;;;;;;;;1,08648;;;
2004-10-02;72,413;;;;;;;;1,08655;;;
2004-10-03;72,41727;;;;;;;;1,08661;;;
2004-10-04;72,42154;;;;;;;;1,08667;;;
2004-10-05;72,42583;;;;;;;;1,08674;;;
2004-10-06;72,4301;;;;;;;;1,0868;;;
2004-10-07;72,43437;;;;;;;;1,08687;;;
2004-10-08;72,43865;;;;;;;;1,08693;;;
2004-10-09;72,44292;;;;;;;;1,08699;;;
2004-10-10;72,44719;;;;;;;;1,08706;;;
2004-10-11;72,45147;;;;;;;;1,08712;;;
2004-10-12;72,45575;;;;;;;;1,08719;;;
2004-10-13;72,46002;;;;;;;;1,08725;;;
2004-10-14;72,46429;;;;;;;;1,08731;;;
2004-10-15;72,46857;;;;;;;;1,08738;;;
2004-10-16;72,47284;;;;;;;;1,08744;;;
2004-10-17;72,47711;;;;;;;;1,08751;;;
2004-10-18;72,48138;;;;;;;;1,08757;;;
2004-10-19;72,48566;;;;;;;;1,08764;;;
2004-10-20;72,48993;;;;;;;;1,0877;;;
2004-10-21;72,4942;;;;;;;;1,08776;;;
2004-10-22;72,49848;;;;;;;;1,08783;;;
2004-10-23;72,50276;;;;;;;;1,08789;;;
2004-10-24;72,50703;;;;;;;;1,08796;;;
2004-10-25;72,5113;;;;;;;;1,08802;;;
2004-10-26;72,51558;;;;;;;;1,08808;;;
2004-10-27;72,51985;;;;;;;;1,08815;;;
2004-10-28;72,52412;;;;;;;;1,08821;;;
2004-10-29;72,52841;;;;;;;;1,08828;;;
2004-10-30;72,53268;;;;;;;;1,08834;;;
2004-10-31;72,53695;;;;;;;;1,08841;;;
2004-11-01;72,54122;;;;;;;;1,08847;;;
2004-11-02;72,54343;;;;;;;;1,0885;;;
2004-11-03;72,54564;;;;;;;;1,08854;;;
2004-11-04;72,54785;;;;;;;;1,08857;;;
2004-11-05;72,55005;;;;;;;;1,0886;;;
2004-11-06;72,55227;;;;;;;;1,08863;;;
2004-11-07;72,55447;;;;;;;;1,08867;;;
2004-11-08;72,55668;;;;;;;;1,0887;;;
2004-11-09;72,55889;;;;;;;;1,08873;;;
2004-11-10;72,5611;;;;;;;;1,08877;;;
2004-11-11;72,56331;;;;;;;;1,0888;;;
2004-11-12;72,56552;;;;;;;;1,08883;;;
2004-11-13;72,56772;;;;;;;;1,08887;;;
2004-11-14;72,56993;;;;;;;;1,0889;;;
2004-11-15;72,57214;;;;;;;;1,08893;;;
2004-11-16;72,57435;;;;;;;;1,08897;;;
2004-11-17;72,57655;;;;;;;;1,089;;;
2004-11-18;72,57876;;;;;;;;1,08903;;;
2004-11-19;72,58098;;;;;;;;1,08907;;;
2004-11-20;72,58318;;;;;;;;1,0891;;;
2004-11-21;72,58539;;;;;;;;1,08913;;;
2004-11-22;72,58759;;;;;;;;1,08917;;;
2004-11-23;72,58981;;;;;;;;1,0892;;;
2004-11-24;72,59202;;;;;;;;1,08923;;;
2004-11-25;72,59422;;;;;;;;1,08926;;;
2004-11-26;72,59642;;;;;;;;1,0893;;;
2004-11-27;72,59864;;;;;;;;1,08933;;;
2004-11-28;72,60085;;;;;;;;1,08936;;;
2004-11-29;72,60305;;;;;;;;1,0894;;;
2004-11-30;72,60526;;;;;;;;1,08943;;;
2004-12-01;72,60747;;;;;;;;1,08946;;;
2004-12-02;72,61388;;;;;;;;1,08956;;;
2004-12-03;72,62029;;;;;;;;1,08966;;;
2004-12-04;72,6267;;;;;;;;1,08975;;;
2004-12-05;72,63311;;;;;;;;1,08985;;;
2004-12-06;72,63953;;;;;;;;1,08994;;;
2004-12-07;72,64593;;;;;;;;1,09004;;;
2004-12-08;72,65235;;;;;;;;1,09014;;;
2004-12-09;72,65876;;;;;;;;1,09023;;;
2004-12-10;72,66517;;;;;;;;1,09033;;;
2004-12-11;72,67158;;;;;;;;1,09043;;;
2004-12-12;72,67799;;;;;;;;1,09052;;;
2004-12-13;72,68441;;;;;;;;1,09062;;;
2004-12-14;72,69082;;;;;;;;1,09071;;;
2004-12-15;72,69723;;;;;;;;1,09081;;;
2004-12-16;72,70364;;;;;;;;1,09091;;;
2004-12-17;72,71005;;;;;;;;1,091;;;
2004-12-18;72,71646;;;;;;;;1,0911;;;
2004-12-19;72,72287;;;;;;;;1,09119;;;
2004-12-20;72,72928;;;;;;;;1,09129;;;
2004-12-21;72,73569;;;;;;;;1,09139;;;
2004-12-22;72,74211;;;;;;;;1,09148;;;
2004-12-23;72,74851;;;;;;;;1,09158;;;
2004-12-24;72,75493;;;;;;;;1,09168;;;
2004-12-25;72,76134;;;;;;;;1,09177;;;
2004-12-26;72,76775;;;;;;;;1,09187;;;
2004-12-27;72,77416;;;;;;;;1,09196;;;
2004-12-28;72,78057;;;;;;;;1,09206;;;
2004-12-29;72,78699;;;;;;;;1,09216;;;
2004-12-30;72,79339;;;;;;;;1,09225;;;
2004-12-31;72,7998;;;;;;;;1,09235;;;
2005-01-01;72,80621;;;;;;;;1,09245;;;
2005-01-02;72,80835;;;;;;;;1,09248;;;
2005-01-03;72,81049;;;;;;;;1,09251;;;
2005-01-04;72,81262;;;;;;;;1,09254;;;
2005-01-05;72,81476;;;;;;;;1,09257;;;
2005-01-06;72,8169;;;;;;;;1,09261;;;
2005-01-07;72,81903;;;;;;;;1,09264;;;
2005-01-08;72,82117;;;;;;;;1,09267;;;
2005-01-09;72,82331;;;;;;;;1,0927;;;
2005-01-10;72,82544;;;;;;;;1,09273;;;
2005-01-11;72,82759;;;;;;;;1,09277;;;
2005-01-12;72,82972;;;;;;;;1,0928;;;
2005-01-13;72,83186;;;;;;;;1,09283;;;
2005-01-14;72,834;;;;;;;;1,09286;;;
2005-01-15;72,83613;;;;;;;;1,09289;;;
2005-01-16;72,83827;;;;;;;;1,09293;;;
2005-01-17;72,84041;;;;;;;;1,09296;;;
2005-01-18;72,84254;;;;;;;;1,09299;;;
2005-01-19;72,84468;;;;;;;;1,09302;;;
2005-01-20;72,84682;;;;;;;;1,09305;;;
2005-01-21;72,84896;;;;;;;;1,09309;;;
2005-01-22;72,85109;;;;;;;;1,09312;;;
2005-01-23;72,85323;;;;;;;;1,09315;;;
2005-01-24;72,85536;;;;;;;;1,09318;;;
2005-01-25;72,8575;;;;;;;;1,09321;;;
2005-01-26;72,85964;;;;;;;;1,09325;;;
2005-01-27;72,86177;;;;;;;;1,09328;;;
2005-01-28;72,86392;;;;;;;;1,09331;;;
2005-01-29;72,86605;;;;;;;;1,09334;;;
2005-01-30;72,86819;;;;;;;;1,09338;;;
2005-01-31;72,87032;;;;;;;;1,09341;;;
2005-02-01;72,87246;;;;;;;;1,09344;;;
2005-02-02;72,87483;;;;;;;;1,09347;;;
2005-02-03;72,8772;;;;;;;;1,09351;;;
2005-02-04;72,87956;;;;;;;;1,09355;;;
2005-02-05;72,88193;;;;;;;;1,09358;;;
2005-02-06;72,8843;;;;;;;;1,09362;;;
2005-02-07;72,88666;;;;;;;;1,09365;;;
2005-02-08;72,88902;;;;;;;;1,09369;;;
2005-02-09;72,89139;;;;;;;;1,09372;;;
2005-02-10;72,89375;;;;;;;;1,09376;;;
2005-02-11;72,89612;;;;;;;;1,09379;;;
2005-02-12;72,89849;;;;;;;;1,09383;;;
2005-02-13;72,90086;;;;;;;;1,09387;;;
2005-02-14;72,90322;;;;;;;;1,0939;;;
2005-02-15;72,90559;;;;;;;;1,09394;;;
2005-02-16;72,90795;;;;;;;;1,09397;;;
2005-02-17;72,91032;;;;;;;;1,09401;;;
2005-02-18;72,91268;;;;;;;;1,09404;;;
2005-02-19;72,91505;;;;;;;;1,09408;;;
2005-02-20;72,91741;;;;;;;;1,09411;;;
2005-02-21;72,91978;;;;;;;;1,09415;;;
2005-02-22;72,92215;;;;;;;;1,09418;;;
2005-02-23;72,92452;;;;;;;;1,09422;;;
2005-02-24;72,92688;;;;;;;;1,09426;;;
2005-02-25;72,92924;;;;;;;;1,09429;;;
2005-02-26;72,93162;;;;;;;;1,09433;;;
2005-02-27;72,93398;;;;;;;;1,09436;;;
2005-02-28;72,93634;;;;;;;;1,0944;;;
2005-03-01;72,93871;;;;;;;;1,09443;;;
2005-03-02;72,92589;;;;;;;;1,09424;;;
2005-03-03;72,91307;;;;;;;;1,09405;;;
2005-03-04;72,90025;;;;;;;;1,09386;;;
2005-03-05;72,88742;;;;;;;;1,09366;;;
2005-03-06;72,8746;;;;;;;;1,09347;;;
2005-03-07;72,86177;;;;;;;;1,09328;;;
2005-03-08;72,84896;;;;;;;;1,09309;;;
2005-03-09;72,83613;;;;;;;;1,09289;;;
2005-03-10;72,82331;;;;;;;;1,0927;;;
2005-03-11;72,81049;;;;;;;;1,09251;;;
2005-03-12;72,79767;;;;;;;;1,09232;;;
2005-03-13;72,78484;;;;;;;;1,09212;;;
2005-03-14;72,77202;;;;;;;;1,09193;;;
2005-03-15;72,7592;;;;;;;;1,09174;;;
2005-03-16;72,74638;;;;;;;;1,09155;;;
2005-03-17;72,73355;;;;;;;;1,09136;;;
2005-03-18;72,72074;;;;;;;;1,09116;;;
2005-03-19;72,70791;;;;;;;;1,09097;;;
2005-03-20;72,69509;;;;;;;;1,09078;;;
2005-03-21;72,68226;;;;;;;;1,09059;;;
2005-03-22;72,66944;;;;;;;;1,09039;;;
2005-03-23;72,65662;;;;;;;;1,0902;;;
2005-03-24;72,6438;;;;;;;;1,09001;;;
2005-03-25;72,63098;;;;;;;;1,08982;;;
2005-03-26;72,61816;;;;;;;;1,08962;;;
2005-03-27;72,60533;;;;;;;;1,08943;;;
2005-03-28;72,59251;;;;;;;;1,08924;;;
2005-03-29;72,57969;;;;;;;;1,08905;;;
2005-03-30;72,56687;;;;;;;;1,08885;;;
2005-03-31;72,55404;;;;;;;;1,08866;;;
2005-04-01;72,54122;;;;;;;;1,08847;;;
2005-04-02;72,55668;;;;;;;;1,0887;;;
2005-04-03;72,57214;;;;;;;;1,08893;;;
2005-04-04;72,58759;;;;;;;;1,08917;;;
2005-04-05;72,60305;;;;;;;;1,0894;;;
2005-04-06;72,61852;;;;;;;;1,08963;;;
2005-04-07;72,63397;;;;;;;;1,08986;;;
2005-04-08;72,64943;;;;;;;;1,09009;;;
2005-04-09;72,66489;;;;;;;;1,09032;;;
2005-04-10;72,68034;;;;;;;;1,09056;;;
2005-04-11;72,6958;;;;;;;;1,09079;;;
2005-04-12;72,71126;;;;;;;;1,09102;;;
2005-04-13;72,72672;;;;;;;;1,09125;;;
2005-04-14;72,74218;;;;;;;;1,09148;;;
2005-04-15;72,75763;;;;;;;;1,09172;;;
2005-04-16;72,77309;;;;;;;;1,09195;;;
2005-04-17;72,78855;;;;;;;;1,09218;;;
2005-04-18;72,80401;;;;;;;;1,09241;;;
2005-04-19;72,81947;;;;;;;;1,09264;;;
2005-04-20;72,83492;;;;;;;;1,09288;;;
2005-04-21;72,85038;;;;;;;;1,09311;;;
2005-04-22;72,86584;;;;;;;;1,09334;;;
2005-04-23;72,88129;;;;;;;;1,09357;;;
2005-04-24;72,89676;;;;;;;;1,0938;;;
2005-04-25;72,91221;;;;;;;;1,09404;;;
2005-04-26;72,92766;;;;;;;;1,09427;;;
2005-04-27;72,94313;;;;;;;;1,0945;;;
2005-04-28;72,95858;;;;;;;;1,09473;;;
2005-04-29;72,97404;;;;;;;;1,09496;;;
2005-04-30;72,98951;;;;;;;;1,0952;;;
2005-05-01;73,00495;;;;;;;;1,09543;;;
2005-05-02;73,01992;;;;;;;;1,09565;;;
2005-05-03;73,03487;;;;;;;;1,09588;;;
2005-05-04;73,04983;;;;;;;;1,0961;;;
2005-05-05;73,06479;;;;;;;;1,09633;;;
2005-05-06;73,07975;;;;;;;;1,09655;;;
2005-05-07;73,09471;;;;;;;;1,09677;;;
2005-05-08;73,10967;;;;;;;;1,097;;;
2005-05-09;73,12463;;;;;;;;1,09722;;;
2005-05-10;73,13959;;;;;;;;1,09745;;;
2005-05-11;73,15455;;;;;;;;1,09767;;;
2005-05-12;73,16951;;;;;;;;1,0979;;;
2005-05-13;73,18446;;;;;;;;1,09812;;;
2005-05-14;73,19943;;;;;;;;1,09835;;;
2005-05-15;73,21438;;;;;;;;1,09857;;;
2005-05-16;73,22935;;;;;;;;1,09879;;;
2005-05-17;73,2443;;;;;;;;1,09902;;;
2005-05-18;73,25926;;;;;;;;1,09924;;;
2005-05-19;73,27422;;;;;;;;1,09947;;;
2005-05-20;73,28918;;;;;;;;1,09969;;;
2005-05-21;73,30414;;;;;;;;1,09992;;;
2005-05-22;73,3191;;;;;;;;1,10014;;;
2005-05-23;73,33406;;;;;;;;1,10037;;;
2005-05-24;73,34901;;;;;;;;1,10059;;;
2005-05-25;73,36398;;;;;;;;1,10081;;;
2005-05-26;73,37894;;;;;;;;1,10104;;;
2005-05-27;73,3939;;;;;;;;1,10126;;;
2005-05-28;73,40886;;;;;;;;1,10149;;;
2005-05-29;73,42382;;;;;;;;1,10171;;;
2005-05-30;73,43877;;;;;;;;1,10194;;;
2005-05-31;73,45374;;;;;;;;1,10216;;;
2005-06-01;73,46869;;;;;;;;1,10239;;;
2005-06-02;73,47311;;;;;;;;1,10245;;;
2005-06-03;73,47752;;;;;;;;1,10252;;;
2005-06-04;73,48194;;;;;;;;1,10258;;;
2005-06-05;73,48636;;;;;;;;1,10265;;;
2005-06-06;73,49077;;;;;;;;1,10272;;;
2005-06-07;73,49519;;;;;;;;1,10278;;;
2005-06-08;73,49961;;;;;;;;1,10285;;;
2005-06-09;73,50402;;;;;;;;1,10292;;;
2005-06-10;73,50844;;;;;;;;1,10298;;;
2005-06-11;73,51286;;;;;;;;1,10305;;;
2005-06-12;73,51727;;;;;;;;1,10311;;;
2005-06-13;73,52169;;;;;;;;1,10318;;;
2005-06-14;73,52611;;;;;;;;1,10325;;;
2005-06-15;73,53052;;;;;;;;1,10331;;;
2005-06-16;73,53494;;;;;;;;1,10338;;;
2005-06-17;73,53936;;;;;;;;1,10345;;;
2005-06-18;73,54377;;;;;;;;1,10351;;;
2005-06-19;73,54819;;;;;;;;1,10358;;;
2005-06-20;73,55261;;;;;;;;1,10364;;;
2005-06-21;73,55702;;;;;;;;1,10371;;;
2005-06-22;73,56144;;;;;;;;1,10378;;;
2005-06-23;73,56585;;;;;;;;1,10384;;;
2005-06-24;73,57027;;;;;;;;1,10391;;;
2005-06-25;73,57468;;;;;;;;1,10398;;;
2005-06-26;73,57911;;;;;;;;1,10404;;;
2005-06-27;73,58352;;;;;;;;1,10411;;;
2005-06-28;73,58794;;;;;;;;1,10417;;;
2005-06-29;73,59235;;;;;;;;1,10424;;;
2005-06-30;73,59677;;;;;;;;1,10431;;;
2005-07-01;73,60119;;;;;;;;1,10437;;;
2005-07-02;73,60333;;;;;;;;1,10441;;;
2005-07-03;73,60546;;;;;;;;1,10444;;;
2005-07-04;73,6076;;;;;;;;1,10447;;;
2005-07-05;73,60974;;;;;;;;1,1045;;;
2005-07-06;73,61187;;;;;;;;1,10453;;;
2005-07-07;73,61401;;;;;;;;1,10457;;;
2005-07-08;73,61615;;;;;;;;1,1046;;;
2005-07-09;73,61828;;;;;;;;1,10463;;;
2005-07-10;73,62042;;;;;;;;1,10466;;;
2005-07-11;73,62256;;;;;;;;1,10469;;;
2005-07-12;73,62469;;;;;;;;1,10473;;;
2005-07-13;73,62683;;;;;;;;1,10476;;;
2005-07-14;73,62897;;;;;;;;1,10479;;;
2005-07-15;73,6311;;;;;;;;1,10482;;;
2005-07-16;73,63325;;;;;;;;1,10485;;;
2005-07-17;73,63537;;;;;;;;1,10489;;;
2005-07-18;73,63752;;;;;;;;1,10492;;;
2005-07-19;73,63965;;;;;;;;1,10495;;;
2005-07-20;73,64179;;;;;;;;1,10498;;;
2005-07-21;73,64393;;;;;;;;1,10502;;;
2005-07-22;73,64607;;;;;;;;1,10505;;;
2005-07-23;73,6482;;;;;;;;1,10508;;;
2005-07-24;73,65034;;;;;;;;1,10511;;;
2005-07-25;73,65248;;1;;;;;;1,10514;;;
2005-07-26;73,65461;;1,00003;;;;;;1,10518;;;
2005-07-27;73,65675;;1,00006;;;;;;1,10521;;;
2005-07-28;73,65889;;1,00009;;;;;;1,10524;;;
2005-07-29;73,66102;;1,00012;;;;;;1,10527;;;
2005-07-30;73,66316;;1,00015;;;;;;1,1053;;;
2005-07-31;73,66529;;1,00017;;;;;;1,10534;;;
2005-08-01;73,66743;;1,0002;;;;;;1,10537;;;
2005-08-02;73,66958;;1,00023;;;;;;1,1054;;;
2005-08-03;73,6717;;1,00026;;;;;;1,10543;;;
2005-08-04;73,67385;;1,00029;;;;;;1,10546;;;
2005-08-05;73,67598;;1,00032;;;;;;1,1055;;;
2005-08-06;73,67812;;1,00035;;;;;;1,10553;;;
2005-08-07;73,68025;;1,00038;;;;;;1,10556;;;
2005-08-08;73,6824;;1,00041;;;;;;1,10559;;;
2005-08-09;73,68453;;1,00044;;;;;;1,10562;;;
2005-08-10;73,68667;;1,00046;;;;;;1,10566;;;
2005-08-11;73,68881;;1,00049;;;;;;1,10569;;;
2005-08-12;73,69094;;1,00052;;;;;;1,10572;;;
2005-08-13;73,69308;;1,00055;;;;;;1,10575;;;
2005-08-14;73,69521;;1,00058;;;;;;1,10578;;;
2005-08-15;73,69735;;1,00061;;;;;;1,10582;;;
2005-08-16;73,69949;;1,00064;;;;;;1,10585;;;
2005-08-17;73,70162;;1,00067;;;;;;1,10588;;;
2005-08-18;73,70376;;1,0007;;;;;;1,10591;;;
2005-08-19;73,7059;;1,00073;;;;;;1,10594;;;
2005-08-20;73,70803;;1,00075;;;;;;1,10598;;;
2005-08-21;73,71018;;1,00078;;;;;;1,10601;;;
2005-08-22;73,71231;;1,00081;;;;;;1,10604;;;
2005-08-23;73,71445;;1,00084;;;;;;1,10607;;;
2005-08-24;73,71658;;1,00087;;;;;;1,10611;;;
2005-08-25;73,71873;;1,0009;;;;;;1,10614;;;
2005-08-26;73,72086;;1,00093;;;;;;1,10617;;;
2005-08-27;73,723;;1,00096;;;;;;1,1062;;;
2005-08-28;73,72513;;1,00099;;;;;;1,10623;;;
2005-08-29;73,72727;;1,00102;;;;;;1,10627;;;
2005-08-30;73,72941;;1,00104;;;;;;1,1063;;;
2005-08-31;73,73154;;1,00107;;;;;;1,10633;;;
2005-09-01;73,73368;;1,0011;;;;;;1,10636;;;
2005-09-02;73,72927;;1,00104;;;;;;1,1063;;;
2005-09-03;73,72485;;1,00098;;;;;;1,10623;;;
2005-09-04;73,72044;;1,00092;;;;;;1,10616;;;
2005-09-05;73,71601;;1,00086;;;;;;1,1061;;;
2005-09-06;73,7116;;1,0008;;;;;;1,10603;;;
2005-09-07;73,70718;;1,00074;;;;;;1,10596;;;
2005-09-08;73,70277;;1,00068;;;;;;1,1059;;;
2005-09-09;73,69835;;1,00062;;;;;;1,10583;;;
2005-09-10;73,69393;;1,00056;;;;;;1,10577;;;
2005-09-11;73,68951;;1,0005;;;;;;1,1057;;;
2005-09-12;73,6851;;1,00044;;;;;;1,10563;;;
2005-09-13;73,68068;;1,00038;;;;;;1,10557;;;
2005-09-14;73,67626;;1,00032;;;;;;1,1055;;;
2005-09-15;73,67185;;1,00026;;;;;;1,10543;;;
2005-09-16;73,66743;;1,0002;;;;;;1,10537;;;
2005-09-17;73,66302;;1,00014;;;;;;1,1053;;;
2005-09-18;73,6586;;1,00008;;;;;;1,10524;;;
2005-09-19;73,65419;;1,00002;;;;;;1,10517;;;
2005-09-20;73,64976;;0,99996;;;;;;1,1051;;;
2005-09-21;73,64536;;0,9999;;;;;;1,10504;;;
2005-09-22;73,64093;;0,99984;;;;;;1,10497;;;
2005-09-23;73,63652;;0,99978;;;;;;1,1049;;;
2005-09-24;73,6321;;0,99972;;;;;;1,10484;;;
2005-09-25;73,62769;;0,99966;;;;;;1,10477;;;
2005-09-26;73,62327;;0,9996;;;;;;1,10471;;;
2005-09-27;73,61886;;0,99954;;;;;;1,10464;;;
2005-09-28;73,61444;;0,99948;;;;;;1,10457;;;
2005-09-29;73,61002;;0,99942;;;;;;1,10451;;;
2005-09-30;73,60561;;0,99936;;;;;;1,10444;;;
2005-10-01;73,60119;;0,9993;;;;;;1,10437;;;
2005-10-02;73,61187;;0,99945;;;;;;1,10453;;;
2005-10-03;73,62256;;0,99959;;;;;;1,10469;;;
2005-10-04;73,63325;;0,99974;;;;;;1,10485;;;
2005-10-05;73,64393;;0,99988;;;;;;1,10502;;;
2005-10-06;73,65461;;1,00003;;;;;;1,10518;;;
2005-10-07;73,66529;;1,00017;;;;;;1,10534;;;
2005-10-08;73,67598;;1,00032;;;;;;1,1055;;;
2005-10-09;73,68667;;1,00046;;;;;;1,10566;;;
2005-10-10;73,69735;;1,00061;;;;;;1,10582;;;
2005-10-11;73,70803;;1,00075;;;;;;1,10598;;;
2005-10-12;73,71873;;1,0009;;;;;;1,10614;;;
2005-10-13;73,72941;;1,00104;;;;;;1,1063;;;
2005-10-14;73,7401;;1,00119;;;;;;1,10646;;;
2005-10-15;73,75078;;1,00133;;;;;;1,10662;;;
2005-10-16;73,76146;;1,00148;;;;;;1,10678;;;
2005-10-17;73,77215;;1,00162;;;;;;1,10694;;;
2005-10-18;73,78283;;1,00177;;;;;;1,1071;;;
2005-10-19;73,79352;;1,00191;;;;;;1,10726;;;
2005-10-20;73,8042;;1,00206;;;;;;1,10742;;;
2005-10-21;73,81489;;1,00221;;;;;;1,10758;;;
2005-10-22;73,82558;;1,00235;;;;;;1,10774;;;
2005-10-23;73,83626;;1,0025;;;;;;1,1079;;;
2005-10-24;73,84694;;1,00264;;;;;;1,10806;;;
2005-10-25;73,85763;;1,00279;;;;;;1,10822;;;
2005-10-26;73,86832;;1,00293;;;;;;1,10838;;;
2005-10-27;73,879;;1,00308;;;;;;1,10854;;;
2005-10-28;73,88968;;1,00322;;;;;;1,1087;;;
2005-10-29;73,90036;;1,00337;;;;;;1,10886;;;
2005-10-30;73,91106;;1,00351;;;;;;1,10902;;;
2005-10-31;73,92174;;1,00366;;;;;;1,10918;;;
2005-11-01;73,93243;;1,0038;;;;;;1,10934;;;
2005-11-02;73,94126;;1,00392;;;;;;1,10948;;;
2005-11-03;73,9501;;1,00404;;;;;;1,10961;;;
2005-11-04;73,95893;;1,00416;;;;;;1,10974;;;
2005-11-05;73,96776;;1,00428;;;;;;1,10987;;;
2005-11-06;73,9766;;1,0044;;;;;;1,11001;;;
2005-11-07;73,98543;;1,00452;;;;;;1,11014;;;
2005-11-08;73,99426;;1,00464;;;;;;1,11027;;;
2005-11-09;74,00309;;1,00476;;;;;;1,1104;;;
2005-11-10;74,01192;;1,00488;;;;;;1,11054;;;
2005-11-11;74,02075;;1,005;;;;;;1,11067;;;
2005-11-12;74,02959;;1,00512;;;;;;1,1108;;;
2005-11-13;74,03842;;1,00524;;;;;;1,11093;;;
2005-11-14;74,04725;;1,00536;;;;;;1,11107;;;
2005-11-15;74,05609;;1,00548;;;;;;1,1112;;;
2005-11-16;74,06492;;1,0056;;;;;;1,11133;;;
2005-11-17;74,07375;;1,00572;;;;;;1,11146;;;
2005-11-18;74,08259;;1,00584;;;;;;1,1116;;;
2005-11-19;74,09142;;1,00596;;;;;;1,11173;;;
2005-11-20;74,10025;;1,00608;;;;;;1,11186;;;
2005-11-21;74,10909;;1,0062;;;;;;1,11199;;;
2005-11-22;74,11792;;1,00632;;;;;;1,11213;;;
2005-11-23;74,12675;;1,00644;;;;;;1,11226;;;
2005-11-24;74,13558;;1,00656;;;;;;1,11239;;;
2005-11-25;74,14441;;1,00668;;;;;;1,11252;;;
2005-11-26;74,15325;;1,0068;;;;;;1,11266;;;
2005-11-27;74,16208;;1,00692;;;;;;1,11279;;;
2005-11-28;74,17092;;1,00704;;;;;;1,11292;;;
2005-11-29;74,17975;;1,00716;;;;;;1,11305;;;
2005-11-30;74,18859;;1,00728;;;;;;1,11319;;;
2005-12-01;74,19742;;1,0074;;;;;;1,11332;;;
2005-12-02;74,19742;;1,0074;;;;;;1,11332;;;
2005-12-03;74,19742;;1,0074;;;;;;1,11332;;;
2005-12-04;74,19742;;1,0074;;;;;;1,11332;;;
2005-12-05;74,19742;;1,0074;;;;;;1,11332;;;
2005-12-06;74,19742;;1,0074;;;;;;1,11332;;;
2005-12-07;74,19742;;1,0074;;;;;;1,11332;;;
2005-12-08;74,19742;;1,0074;;;;;;1,11332;;;
2005-12-09;74,19742;;1,0074;;;;;;1,11332;;;
2005-12-10;74,19742;;1,0074;;;;;;1,11332;;;
2005-12-11;74,19742;;1,0074;;;;;;1,11332;;;
2005-12-12;74,19742;;1,0074;;;;;;1,11332;;;
2005-12-13;74,19742;;1,0074;;;;;;1,11332;;;
2005-12-14;74,19742;;1,0074;;;;;;1,11332;;;
2005-12-15;74,19742;;1,0074;;;;;;1,11332;;;
2005-12-16;74,19742;;1,0074;;;;;;1,11332;;;
2005-12-17;74,19742;;1,0074;;;;;;1,11332;;;
2005-12-18;74,19742;;1,0074;;;;;;1,11332;;;
2005-12-19;74,19742;;1,0074;;;;;;1,11332;;;
2005-12-20;74,19742;;1,0074;;;;;;1,11332;;;
2005-12-21;74,19742;;1,0074;;;;;;1,11332;;;
2005-12-22;74,19742;;1,0074;;;;;;1,11332;;;
2005-12-23;74,19742;;1,0074;;;;;;1,11332;;;
2005-12-24;74,19742;;1,0074;;;;;;1,11332;;;
2005-12-25;74,19742;;1,0074;;;;;;1,11332;;;
2005-12-26;74,19742;;1,0074;;;;;;1,11332;;;
2005-12-27;74,19742;;1,0074;;;;;;1,11332;;;
2005-12-28;74,19742;;1,0074;;;;;;1,11332;;;
2005-12-29;74,19742;;1,0074;;;;;;1,11332;;;
2005-12-30;74,19742;;1,0074;;;;;;1,11332;;;
2005-12-31;74,19742;;1,0074;;;;;;1,11332;;;
2006-01-01;74,19742;;1,0074;;;;;;1,11332;;;
2006-01-02;74,19315;;1,00734;;;;;;1,11326;;;
2006-01-03;74,18887;;1,00728;;;;;;1,11319;;;
2006-01-04;74,1846;;1,00722;;;;;;1,11313;;;
2006-01-05;74,18032;;1,00717;;;;;;1,11306;;;
2006-01-06;74,17604;;1,00711;;;;;;1,113;;;
2006-01-07;74,17177;;1,00705;;;;;;1,11294;;;
2006-01-08;74,1675;;1,00699;;;;;;1,11287;;;
2006-01-09;74,16323;;1,00693;;;;;;1,11281;;;
2006-01-10;74,15895;;1,00688;;;;;;1,11274;;;
2006-01-11;74,15467;;1,00682;;;;;;1,11268;;;
2006-01-12;74,1504;;1,00676;;;;;;1,11261;;;
2006-01-13;74,14612;;1,0067;;;;;;1,11255;;;
2006-01-14;74,14185;;1,00664;;;;;;1,11249;;;
2006-01-15;74,13758;;1,00659;;;;;;1,11242;;;
2006-01-16;74,13331;;1,00653;;;;;;1,11236;;;
2006-01-17;74,12903;;1,00647;;;;;;1,11229;;;
2006-01-18;74,12476;;1,00641;;;;;;1,11223;;;
2006-01-19;74,12049;;1,00635;;;;;;1,11217;;;
2006-01-20;74,11621;;1,0063;;;;;;1,1121;;;
2006-01-21;74,11194;;1,00624;;;;;;1,11204;;;
2006-01-22;74,10767;;1,00618;;;;;;1,11197;;;
2006-01-23;74,10339;;1,00612;;;;;;1,11191;;;
2006-01-24;74,09911;;1,00606;;;;;;1,11185;;;
2006-01-25;74,09484;;1,00601;;;;;;1,11178;;;
2006-01-26;74,09057;;1,00595;;;;;;1,11172;;;
2006-01-27;74,08629;;1,00589;;;;;;1,11165;;;
2006-01-28;74,08202;;1,00583;;;;;;1,11159;;;
2006-01-29;74,07774;;1,00577;;;;;;1,11152;;;
2006-01-30;74,07347;;1,00572;;;;;;1,11146;;;
2006-01-31;74,06919;;1,00566;;;;;;1,1114;;;
2006-02-01;74,06492;;1,0056;;;;;;1,11133;;;
2006-02-02;74,06728;;1,00563;;;;;;1,11137;;;
2006-02-03;74,06965;;1,00566;;;;;;1,1114;;;
2006-02-04;74,07201;;1,0057;;;;;;1,11144;;;
2006-02-05;74,07438;;1,00573;;;;;;1,11147;;;
2006-02-06;74,07675;;1,00576;;;;;;1,11151;;;
2006-02-07;74,07912;;1,00579;;;;;;1,11155;;;
2006-02-08;74,08149;;1,00582;;;;;;1,11158;;;
2006-02-09;74,08385;;1,00586;;;;;;1,11162;;;
2006-02-10;74,08621;;1,00589;;;;;;1,11165;;;
2006-02-11;74,08858;;1,00592;;;;;;1,11169;;;
2006-02-12;74,09095;;1,00595;;;;;;1,11172;;;
2006-02-13;74,09331;;1,00599;;;;;;1,11176;;;
2006-02-14;74,09568;;1,00602;;;;;;1,11179;;;
2006-02-15;74,09804;;1,00605;;;;;;1,11183;;;
2006-02-16;74,10041;;1,00608;;;;;;1,11186;;;
2006-02-17;74,10278;;1,00611;;;;;;1,1119;;;
2006-02-18;74,10514;;1,00615;;;;;;1,11194;;;
2006-02-19;74,10751;;1,00618;;;;;;1,11197;;;
2006-02-20;74,10988;;1,00621;;;;;;1,11201;;;
2006-02-21;74,11224;;1,00624;;;;;;1,11204;;;
2006-02-22;74,1146;;1,00627;;;;;;1,11208;;;
2006-02-23;74,11697;;1,00631;;;;;;1,11211;;;
2006-02-24;74,11933;;1,00634;;;;;;1,11215;;;
2006-02-25;74,1217;;1,00637;;;;;;1,11218;;;
2006-02-26;74,12408;;1,0064;;;;;;1,11222;;;
2006-02-27;74,12644;;1,00644;;;;;;1,11226;;;
2006-02-28;74,12881;;1,00647;;;;;;1,11229;;;
2006-03-01;74,13117;;1,0065;;;;;;1,11233;;;
2006-03-02;74,12861;;1,00646;;;;;;1,11229;;;
2006-03-03;74,12604;;1,00643;;;;;;1,11225;;;
2006-03-04;74,12347;;1,00639;;;;;;1,11221;;;
2006-03-05;74,12091;;1,00636;;;;;;1,11217;;;
2006-03-06;74,11835;;1,00633;;;;;;1,11213;;;
2006-03-07;74,11578;;1,00629;;;;;;1,1121;;;
2006-03-08;74,11322;;1,00626;;;;;;1,11206;;;
2006-03-09;74,11065;;1,00622;;;;;;1,11202;;;
2006-03-10;74,10808;;1,00619;;;;;;1,11198;;;
2006-03-11;74,10552;;1,00615;;;;;;1,11194;;;
2006-03-12;74,10296;;1,00612;;;;;;1,1119;;;
2006-03-13;74,1004;;1,00608;;;;;;1,11186;;;
2006-03-14;74,09784;;1,00605;;;;;;1,11183;;;
2006-03-15;74,09527;;1,00601;;;;;;1,11179;;;
2006-03-16;74,0927;;1,00598;;;;;;1,11175;;;
2006-03-17;74,09013;;1,00594;;;;;;1,11171;;;
2006-03-18;74,08757;;1,00591;;;;;;1,11167;;;
2006-03-19;74,08501;;1,00587;;;;;;1,11163;;;
2006-03-20;74,08245;;1,00584;;;;;;1,11159;;;
2006-03-21;74,07988;;1,0058;;;;;;1,11156;;;
2006-03-22;74,07731;;1,00577;;;;;;1,11152;;;
2006-03-23;74,07475;;1,00573;;;;;;1,11148;;;
2006-03-24;74,07219;;1,0057;;;;;;1,11144;;;
2006-03-25;74,06963;;1,00566;;;;;;1,1114;;;
2006-03-26;74,06706;;1,00563;;;;;;1,11136;;;
2006-03-27;74,06449;;1,00559;;;;;;1,11133;;;
2006-03-28;74,06192;;1,00556;;;;;;1,11129;;;
2006-03-29;74,05936;;1,00552;;;;;;1,11125;;;
2006-03-30;74,0568;;1,00549;;;;;;1,11121;;;
2006-03-31;74,05424;;1,00545;;;;;;1,11117;;;
2006-04-01;74,05167;;1,00542;;;;;;1,11113;;;
2006-04-02;74,06116;;1,00555;;;;;;1,11128;;;
2006-04-03;74,07066;;1,00568;;;;;;1,11142;;;
2006-04-04;74,08016;;1,00581;;;;;;1,11156;;;
2006-04-05;74,08965;;1,00594;;;;;;1,1117;;;
2006-04-06;74,09915;;1,00606;;;;;;1,11185;;;
2006-04-07;74,10864;;1,00619;;;;;;1,11199;;;
2006-04-08;74,11814;;1,00632;;;;;;1,11213;;;
2006-04-09;74,12764;;1,00645;;;;;;1,11227;;;
2006-04-10;74,13713;;1,00658;;;;;;1,11242;;;
2006-04-11;74,14663;;1,00671;;;;;;1,11256;;;
2006-04-12;74,15612;;1,00684;;;;;;1,1127;;;
2006-04-13;74,16562;;1,00697;;;;;;1,11284;;;
2006-04-14;74,17511;;1,0071;;;;;;1,11299;;;
2006-04-15;74,18461;;1,00722;;;;;;1,11313;;;
2006-04-16;74,19411;;1,00735;;;;;;1,11327;;;
2006-04-17;74,20359;;1,00748;;;;;;1,11341;;;
2006-04-18;74,2131;;1,00761;;;;;;1,11356;;;
2006-04-19;74,22259;;1,00774;;;;;;1,1137;;;
2006-04-20;74,23209;;1,00787;;;;;;1,11384;;;
2006-04-21;74,24158;;1,008;;;;;;1,11398;;;
2006-04-22;74,25107;;1,00813;;;;;;1,11413;;;
2006-04-23;74,26057;;1,00826;;;;;;1,11427;;;
2006-04-24;74,27007;;1,00839;;;;;;1,11441;;;
2006-04-25;74,27957;;1,00851;;;;;;1,11455;;;
2006-04-26;74,28906;;1,00864;;;;;;1,1147;;;
2006-04-27;74,29855;;1,00877;;;;;;1,11484;;;
2006-04-28;74,30805;;1,0089;;;;;;1,11498;;;
2006-04-29;74,31754;;1,00903;;;;;;1,11512;;;
2006-04-30;74,32705;;1,00916;;;;;;1,11527;;;
2006-05-01;74,33654;;1,00929;;;;;;1,11541;;;
2006-05-02;74,34359;;1,00938;;;;;;1,11551;;;
2006-05-03;74,35064;;1,00948;;;;;;1,11562;;;
2006-05-04;74,35769;;1,00957;;;;;;1,11573;;;
2006-05-05;74,36474;;1,00967;;;;;;1,11583;;;
2006-05-06;74,3718;;1,00977;;;;;;1,11594;;;
2006-05-07;74,37885;;1,00986;;;;;;1,11604;;;
2006-05-08;74,3859;;1,00996;;;;;;1,11615;;;
2006-05-09;74,39295;;1,01005;;;;;;1,11625;;;
2006-05-10;74,40001;;1,01015;;;;;;1,11636;;;
2006-05-11;74,40706;;1,01025;;;;;;1,11647;;;
2006-05-12;74,41411;;1,01034;;;;;;1,11657;;;
2006-05-13;74,42116;;1,01044;;;;;;1,11668;;;
2006-05-14;74,42821;;1,01053;;;;;;1,11678;;;
2006-05-15;74,43527;;1,01063;;;;;;1,11689;;;
2006-05-16;74,44232;;1,01072;;;;;;1,11699;;;
2006-05-17;74,44937;;1,01082;;;;;;1,1171;;;
2006-05-18;74,45642;;1,01092;;;;;;1,11721;;;
2006-05-19;74,46348;;1,01101;;;;;;1,11731;;;
2006-05-20;74,47053;;1,01111;;;;;;1,11742;;;
2006-05-21;74,47758;;1,0112;;;;;;1,11752;;;
2006-05-22;74,48463;;1,0113;;;;;;1,11763;;;
2006-05-23;74,49169;;1,01139;;;;;;1,11774;;;
2006-05-24;74,49874;;1,01149;;;;;;1,11784;;;
2006-05-25;74,50579;;1,01159;;;;;;1,11795;;;
2006-05-26;74,51284;;1,01168;;;;;;1,11805;;;
2006-05-27;74,51989;;1,01178;;;;;;1,11816;;;
2006-05-28;74,52695;;1,01187;;;;;;1,11826;;;
2006-05-29;74,53399;;1,01197;;;;;;1,11837;;;
2006-05-30;74,54105;;1,01206;;;;;;1,11848;;;
2006-05-31;74,54809;;1,01216;;;;;;1,11858;;;
2006-06-01;74,55516;;1,01226;;;;;;1,11869;;;
2006-06-02;74,56575;;1,0124;;;;;;1,11885;;;
2006-06-03;74,57635;;1,01254;;;;;;1,11901;;;
2006-06-04;74,58695;;1,01269;;;;;;1,11917;;;
2006-06-05;74,59755;;1,01283;;;;;;1,11932;;;
2006-06-06;74,60815;;1,01298;;;;;;1,11948;;;
2006-06-07;74,61875;;1,01312;;;;;;1,11964;;;
2006-06-08;74,62935;;1,01326;;;;;;1,1198;;;
2006-06-09;74,63995;;1,01341;;;;;;1,11996;;;
2006-06-10;74,65055;;1,01355;;;;;;1,12012;;;
2006-06-11;74,66115;;1,0137;;;;;;1,12028;;;
2006-06-12;74,67175;;1,01384;;;;;;1,12044;;;
2006-06-13;74,68235;;1,01398;;;;;;1,1206;;;
2006-06-14;74,69295;;1,01413;;;;;;1,12076;;;
2006-06-15;74,70354;;1,01427;;;;;;1,12091;;;
2006-06-16;74,71414;;1,01441;;;;;;1,12107;;;
2006-06-17;74,72475;;1,01456;;;;;;1,12123;;;
2006-06-18;74,73535;;1,0147;;;;;;1,12139;;;
2006-06-19;74,74595;;1,01485;;;;;;1,12155;;;
2006-06-20;74,75655;;1,01499;;;;;;1,12171;;;
2006-06-21;74,76715;;1,01513;;;;;;1,12187;;;
2006-06-22;74,77775;;1,01528;;;;;;1,12203;;;
2006-06-23;74,78835;;1,01542;;;;;;1,12219;;;
2006-06-24;74,79895;;1,01557;;;;;;1,12235;;;
2006-06-25;74,80955;;1,01571;;;;;;1,1225;;;
2006-06-26;74,82014;;1,01585;;;;;;1,12266;;;
2006-06-27;74,83074;;1,016;;;;;;1,12282;;;
2006-06-28;74,84134;;1,01614;;;;;;1,12298;;;
2006-06-29;74,85194;;1,01629;;;;;;1,12314;;;
2006-06-30;74,86254;;1,01643;;;;;;1,1233;;;
2006-07-01;74,87314;;1,01657;;;;;;1,12346;;;
2006-07-02;74,88383;;1,01672;;;;;;1,12362;;;
2006-07-03;74,89451;;1,01686;;;;;;1,12378;;;
2006-07-04;74,9052;;1,01701;;;;;;1,12394;;;
2006-07-05;74,91589;;1,01715;;;;;;1,1241;;;
2006-07-06;74,92657;;1,0173;;;;;;1,12426;;;
2006-07-07;74,93725;;1,01744;;;;;;1,12442;;;
2006-07-08;74,94794;;1,01759;;;;;;1,12458;;;
2006-07-09;74,95862;;1,01773;;;;;;1,12474;;;
2006-07-10;74,96931;;1,01788;;;;;;1,1249;;;
2006-07-11;74,97999;;1,01802;;;;;;1,12506;;;
2006-07-12;74,99068;;1,01817;;;;;;1,12522;;;
2006-07-13;75,00137;;1,01831;;;;;;1,12538;;;
2006-07-14;75,01205;;1,01846;;;;;;1,12554;;;
2006-07-15;75,02274;;1,0186;;;;;;1,1257;;;
2006-07-16;75,03342;;1,01875;;;;;;1,12586;;;
2006-07-17;75,0441;;1,01889;;;;;;1,12602;;;
2006-07-18;75,05479;;1,01904;;;;;;1,12618;;;
2006-07-19;75,06547;;1,01918;;;;;;1,12635;;;
2006-07-20;75,07616;;1,01933;;;;;;1,12651;;;
2006-07-21;75,08684;;1,01947;;;;;;1,12667;;;
2006-07-22;75,09753;;1,01962;;;;;;1,12683;;;
2006-07-23;75,10822;;1,01976;;;;;;1,12699;;;
2006-07-24;75,1189;;1,01991;;;;;;1,12715;;;
2006-07-25;75,12958;;1,02006;;;;;;1,12731;;;
2006-07-26;75,14028;;1,0202;;;;;;1,12747;;;
2006-07-27;75,15095;;1,02035;;;;;;1,12763;;;
2006-07-28;75,16164;;1,02049;;;;;;1,12779;;;
2006-07-29;75,17232;;1,02064;;;;;;1,12795;;;
2006-07-30;75,18301;;1,02078;;;;;;1,12811;;;
2006-07-31;75,1937;;1,02093;;;;;;1,12827;;;
2006-08-01;75,20438;;1,02107;;;;;;1,12843;;;
2006-08-02;75,20417;;1,02107;;;;;;1,12843;;;
2006-08-03;75,20395;;1,02106;;;;;;1,12842;;;
2006-08-04;75,20374;;1,02106;;;;;;1,12842;;;
2006-08-05;75,20353;;1,02106;;;;;;1,12842;;;
2006-08-06;75,20331;;1,02106;;;;;;1,12841;;;
2006-08-07;75,20309;;1,02105;;;;;;1,12841;;;
2006-08-08;75,20289;;1,02105;;;;;;1,12841;;;
2006-08-09;75,20267;;1,02105;;;;;;1,1284;;;
2006-08-10;75,20246;;1,02104;;;;;;1,1284;;;
2006-08-11;75,20224;;1,02104;;;;;;1,1284;;;
2006-08-12;75,20203;;1,02104;;;;;;1,12839;;;
2006-08-13;75,20182;;1,02104;;;;;;1,12839;;;
2006-08-14;75,20161;;1,02103;;;;;;1,12839;;;
2006-08-15;75,20138;;1,02103;;;;;;1,12838;;;
2006-08-16;75,20117;;1,02103;;;;;;1,12838;;;
2006-08-17;75,20097;;1,02102;;;;;;1,12838;;;
2006-08-18;75,20075;;1,02102;;;;;;1,12837;;;
2006-08-19;75,20053;;1,02102;;;;;;1,12837;;;
2006-08-20;75,20032;;1,02102;;;;;;1,12837;;;
2006-08-21;75,20011;;1,02101;;;;;;1,12837;;;
2006-08-22;75,1999;;1,02101;;;;;;1,12836;;;
2006-08-23;75,19968;;1,02101;;;;;;1,12836;;;
2006-08-24;75,19946;;1,021;;;;;;1,12836;;;
2006-08-25;75,19926;;1,021;;;;;;1,12835;;;
2006-08-26;75,19904;;1,021;;;;;;1,12835;;;
2006-08-27;75,19882;;1,021;;;;;;1,12835;;;
2006-08-28;75,19861;;1,02099;;;;;;1,12834;;;
2006-08-29;75,1984;;1,02099;;;;;;1,12834;;;
2006-08-30;75,19819;;1,02099;;;;;;1,12834;;;
2006-08-31;75,19797;;1,02098;;;;;;1,12833;;;
2006-09-01;75,19775;;1,02098;;;;;;1,12833;;;
2006-09-02;75,19356;;1,02092;;;;;;1,12827;;;
2006-09-03;75,18937;;1,02087;;;;;;1,1282;;;
2006-09-04;75,18517;;1,02081;;;;;;1,12814;;;
2006-09-05;75,18098;;1,02075;;;;;;1,12808;;;
2006-09-06;75,17677;;1,0207;;;;;;1,12802;;;
2006-09-07;75,17258;;1,02064;;;;;;1,12795;;;
2006-09-08;75,16839;;1,02058;;;;;;1,12789;;;
2006-09-09;75,16419;;1,02052;;;;;;1,12783;;;
2006-09-10;75,16;;1,02047;;;;;;1,12776;;;
2006-09-11;75,1558;;1,02041;;;;;;1,1277;;;
2006-09-12;75,1516;;1,02035;;;;;;1,12764;;;
2006-09-13;75,14741;;1,0203;;;;;;1,12757;;;
2006-09-14;75,14321;;1,02024;;;;;;1,12751;;;
2006-09-15;75,13901;;1,02018;;;;;;1,12745;;;
2006-09-16;75,13482;;1,02013;;;;;;1,12739;;;
2006-09-17;75,13063;;1,02007;;;;;;1,12732;;;
2006-09-18;75,12643;;1,02001;;;;;;1,12726;;;
2006-09-19;75,12223;;1,01996;;;;;;1,1272;;;
2006-09-20;75,11804;;1,0199;;;;;;1,12713;;;
2006-09-21;75,11384;;1,01984;;;;;;1,12707;;;
2006-09-22;75,10965;;1,01978;;;;;;1,12701;;;
2006-09-23;75,10546;;1,01973;;;;;;1,12695;;;
2006-09-24;75,10125;;1,01967;;;;;;1,12688;;;
2006-09-25;75,09706;;1,01961;;;;;;1,12682;;;
2006-09-26;75,09286;;1,01956;;;;;;1,12676;;;
2006-09-27;75,08866;;1,0195;;;;;;1,12669;;;
2006-09-28;75,08447;;1,01944;;;;;;1,12663;;;
2006-09-29;75,08028;;1,01939;;;;;;1,12657;;;
2006-09-30;75,07608;;1,01933;;;;;;1,1265;;;
2006-10-01;75,07189;;1,01927;;;;;;1,12644;;;
2006-10-02;75,08022;;1,01938;;;;;;1,12657;;;
2006-10-03;75,08856;;1,0195;;;;;;1,12669;;;
2006-10-04;75,09689;;1,01961;;;;;;1,12682;;;
2006-10-05;75,10522;;1,01972;;;;;;1,12694;;;
2006-10-06;75,11355;;1,01984;;;;;;1,12707;;;
2006-10-07;75,12189;;1,01995;;;;;;1,12719;;;
2006-10-08;75,13023;;1,02006;;;;;;1,12732;;;
2006-10-09;75,13856;;1,02018;;;;;;1,12744;;;
2006-10-10;75,1469;;1,02029;;;;;;1,12757;;;
2006-10-11;75,15523;;1,0204;;;;;;1,12769;;;
2006-10-12;75,16357;;1,02052;;;;;;1,12782;;;
2006-10-13;75,1719;;1,02063;;;;;;1,12794;;;
2006-10-14;75,18024;;1,02074;;;;;;1,12807;;;
2006-10-15;75,18856;;1,02086;;;;;;1,12819;;;
2006-10-16;75,1969;;1,02097;;;;;;1,12832;;;
2006-10-17;75,20524;;1,02108;;;;;;1,12844;;;
2006-10-18;75,21357;;1,0212;;;;;;1,12857;;;
2006-10-19;75,22191;;1,02131;;;;;;1,12869;;;
2006-10-20;75,23024;;1,02142;;;;;;1,12882;;;
2006-10-21;75,23857;;1,02153;;;;;;1,12894;;;
2006-10-22;75,2469;;1,02165;;;;;;1,12907;;;
2006-10-23;75,25524;;1,02176;;;;;;1,12919;;;
2006-10-24;75,26358;;1,02187;;;;;;1,12932;;;
2006-10-25;75,27191;;1,02199;;;;;;1,12944;;;
2006-10-26;75,28025;;1,0221;;;;;;1,12957;;;
2006-10-27;75,28858;;1,02221;;;;;;1,12969;;;
2006-10-28;75,29692;;1,02233;;;;;;1,12982;;;
2006-10-29;75,30525;;1,02244;;;;;;1,12994;;;
2006-10-30;75,31359;;1,02255;;;;;;1,13007;;;
2006-10-31;75,32191;;1,02267;;;;;;1,13019;;;
2006-11-01;75,33025;;1,02278;;;;;;1,13032;;;
2006-11-02;75,32451;;1,0227;;;;;;1,13023;;;
2006-11-03;75,31877;;1,02262;;;;;;1,13015;;;
2006-11-04;75,31303;;1,02255;;;;;;1,13006;;;
2006-11-05;75,30728;;1,02247;;;;;;1,12997;;;
2006-11-06;75,30155;;1,02239;;;;;;1,12989;;;
2006-11-07;75,2958;;1,02231;;;;;;1,1298;;;
2006-11-08;75,29006;;1,02223;;;;;;1,12972;;;
2006-11-09;75,28432;;1,02216;;;;;;1,12963;;;
2006-11-10;75,27857;;1,02208;;;;;;1,12954;;;
2006-11-11;75,27283;;1,022;;;;;;1,12946;;;
2006-11-12;75,2671;;1,02192;;;;;;1,12937;;;
2006-11-13;75,26136;;1,02184;;;;;;1,12928;;;
2006-11-14;75,25561;;1,02177;;;;;;1,1292;;;
2006-11-15;75,24987;;1,02169;;;;;;1,12911;;;
2006-11-16;75,24413;;1,02161;;;;;;1,12903;;;
2006-11-17;75,23839;;1,02153;;;;;;1,12894;;;
2006-11-18;75,23265;;1,02145;;;;;;1,12885;;;
2006-11-19;75,22691;;1,02138;;;;;;1,12877;;;
2006-11-20;75,22116;;1,0213;;;;;;1,12868;;;
2006-11-21;75,21542;;1,02122;;;;;;1,1286;;;
2006-11-22;75,20968;;1,02114;;;;;;1,12851;;;
2006-11-23;75,20394;;1,02106;;;;;;1,12842;;;
2006-11-24;75,1982;;1,02099;;;;;;1,12834;;;
2006-11-25;75,19245;;1,02091;;;;;;1,12825;;;
2006-11-26;75,18671;;1,02083;;;;;;1,12816;;;
2006-11-27;75,18098;;1,02075;;;;;;1,12808;;;
2006-11-28;75,17524;;1,02067;;;;;;1,12799;;;
2006-11-29;75,16949;;1,0206;;;;;;1,12791;;;
2006-11-30;75,16375;;1,02052;;;;;;1,12782;;;
2006-12-01;75,15801;;1,02044;;;;;;1,12773;;;
2006-12-02;75,15267;;1,02037;;;;;;1,12765;;;
2006-12-03;75,14732;;1,0203;;;;;;1,12757;;;
2006-12-04;75,14199;;1,02022;;;;;;1,12749;;;
2006-12-05;75,13664;;1,02015;;;;;;1,12741;;;
2006-12-06;75,13129;;1,02008;;;;;;1,12733;;;
2006-12-07;75,12595;;1,02001;;;;;;1,12725;;;
2006-12-08;75,12061;;1,01993;;;;;;1,12717;;;
2006-12-09;75,11526;;1,01986;;;;;;1,12709;;;
2006-12-10;75,10992;;1,01979;;;;;;1,12701;;;
2006-12-11;75,10458;;1,01972;;;;;;1,12693;;;
2006-12-12;75,09924;;1,01964;;;;;;1,12685;;;
2006-12-13;75,0939;;1,01957;;;;;;1,12677;;;
2006-12-14;75,08856;;1,0195;;;;;;1,12669;;;
2006-12-15;75,08321;;1,01943;;;;;;1,12661;;;
2006-12-16;75,07786;;1,01935;;;;;;1,12653;;;
2006-12-17;75,07253;;1,01928;;;;;;1,12645;;;
2006-12-18;75,06718;;1,01921;;;;;;1,12637;;;
2006-12-19;75,06184;;1,01914;;;;;;1,12629;;;
2006-12-20;75,0565;;1,01906;;;;;;1,12621;;;
2006-12-21;75,05116;;1,01899;;;;;;1,12613;;;
2006-12-22;75,04582;;1,01892;;;;;;1,12605;;;
2006-12-23;75,04047;;1,01885;;;;;;1,12597;;;
2006-12-24;75,03513;;1,01877;;;;;;1,12589;;;
2006-12-25;75,02978;;1,0187;;;;;;1,12581;;;
2006-12-26;75,02444;;1,01863;;;;;;1,12573;;;
2006-12-27;75,0191;;1,01856;;;;;;1,12565;;;
2006-12-28;75,01376;;1,01848;;;;;;1,12557;;;
2006-12-29;75,00841;;1,01841;;;;;;1,12549;;;
2006-12-30;75,00308;;1,01834;;;;;;1,12541;;;
2006-12-31;74,99773;;1,01826;;;;;;1,12533;;;
2007-01-01;74,99239;;1,01819;;;;;;1,12525;;;
2007-01-02;74,99517;;1,01823;;;;;;1,12529;;;
2007-01-03;74,99794;;1,01827;;;;;;1,12533;;;
2007-01-04;75,00072;;1,01831;;;;;;1,12537;;;
2007-01-05;75,00349;;1,01834;;;;;;1,12542;;;
2007-01-06;75,00628;;1,01838;;;;;;1,12546;;;
2007-01-07;75,00905;;1,01842;;;;;;1,1255;;;
2007-01-08;75,01183;;1,01846;;;;;;1,12554;;;
2007-01-09;75,01461;;1,01849;;;;;;1,12558;;;
2007-01-10;75,01739;;1,01853;;;;;;1,12562;;;
2007-01-11;75,02017;;1,01857;;;;;;1,12567;;;
2007-01-12;75,02295;;1,01861;;;;;;1,12571;;;
2007-01-13;75,02573;;1,01864;;;;;;1,12575;;;
2007-01-14;75,02851;;1,01868;;;;;;1,12579;;;
2007-01-15;75,03128;;1,01872;;;;;;1,12583;;;
2007-01-16;75,03406;;1,01876;;;;;;1,12587;;;
2007-01-17;75,03684;;1,0188;;;;;;1,12592;;;
2007-01-18;75,03962;;1,01883;;;;;;1,12596;;;
2007-01-19;75,04239;;1,01887;;;;;;1,126;;;
2007-01-20;75,04517;;1,01891;;;;;;1,12604;;;
2007-01-21;75,04795;;1,01895;;;;;;1,12608;;;
2007-01-22;75,05072;;1,01898;;;;;;1,12612;;;
2007-01-23;75,05351;;1,01902;;;;;;1,12617;;;
2007-01-24;75,05628;;1,01906;;;;;;1,12621;;;
2007-01-25;75,05907;;1,0191;;;;;;1,12625;;;
2007-01-26;75,06184;;1,01914;;;;;;1,12629;;;
2007-01-27;75,06462;;1,01917;;;;;;1,12633;;;
2007-01-28;75,0674;;1,01921;;;;;;1,12637;;;
2007-01-29;75,07018;;1,01925;;;;;;1,12642;;;
2007-01-30;75,07295;;1,01929;;;;;;1,12646;;;
2007-01-31;75,07574;;1,01932;;;;;;1,1265;;;
2007-02-01;75,07851;;1,01936;;;;;;1,12654;;;
2007-02-02;75,08467;;1,01945;;;;;;1,12663;;;
2007-02-03;75,09081;;1,01953;;;;;;1,12673;;;
2007-02-04;75,09697;;1,01961;;;;;;1,12682;;;
2007-02-05;75,10311;;1,0197;;;;;;1,12691;;;
2007-02-06;75,10927;;1,01978;;;;;;1,127;;;
2007-02-07;75,11541;;1,01986;;;;;;1,12709;;;
2007-02-08;75,12157;;1,01995;;;;;;1,12719;;;
2007-02-09;75,12772;;1,02003;;;;;;1,12728;;;
2007-02-10;75,13387;;1,02011;;;;;;1,12737;;;
2007-02-11;75,14002;;1,0202;;;;;;1,12746;;;
2007-02-12;75,14618;;1,02028;;;;;;1,12756;;;
2007-02-13;75,15233;;1,02036;;;;;;1,12765;;;
2007-02-14;75,15848;;1,02045;;;;;;1,12774;;;
2007-02-15;75,16463;;1,02053;;;;;;1,12783;;;
2007-02-16;75,17079;;1,02061;;;;;;1,12793;;;
2007-02-17;75,17694;;1,0207;;;;;;1,12802;;;
2007-02-18;75,18309;;1,02078;;;;;;1,12811;;;
2007-02-19;75,18924;;1,02087;;;;;;1,1282;;;
2007-02-20;75,19539;;1,02095;;;;;;1,12829;;;
2007-02-21;75,20154;;1,02103;;;;;;1,12839;;;
2007-02-22;75,20769;;1,02112;;;;;;1,12848;;;
2007-02-23;75,21384;;1,0212;;;;;;1,12857;;;
2007-02-24;75,21999;;1,02128;;;;;;1,12866;;;
2007-02-25;75,22615;;1,02137;;;;;;1,12876;;;
2007-02-26;75,2323;;1,02145;;;;;;1,12885;;;
2007-02-27;75,23846;;1,02153;;;;;;1,12894;;;
2007-02-28;75,2446;;1,02162;;;;;;1,12903;;;
2007-03-01;75,25076;;1,0217;;;;;;1,12913;;;
2007-03-02;75,24221;;1,02158;;;;;;1,129;;;
2007-03-03;75,23366;;1,02147;;;;;;1,12887;;;
2007-03-04;75,22511;;1,02135;;;;;;1,12874;;;
2007-03-05;75,21656;;1,02124;;;;;;1,12861;;;
2007-03-06;75,20801;;1,02112;;;;;;1,12848;;;
2007-03-07;75,19946;;1,021;;;;;;1,12836;;;
2007-03-08;75,19092;;1,02089;;;;;;1,12823;;;
2007-03-09;75,18236;;1,02077;;;;;;1,1281;;;
2007-03-10;75,17382;;1,02066;;;;;;1,12797;;;
2007-03-11;75,16527;;1,02054;;;;;;1,12784;;;
2007-03-12;75,15672;;1,02042;;;;;;1,12771;;;
2007-03-13;75,14818;;1,02031;;;;;;1,12759;;;
2007-03-14;75,13963;;1,02019;;;;;;1,12746;;;
2007-03-15;75,13108;;1,02008;;;;;;1,12733;;;
2007-03-16;75,12253;;1,01996;;;;;;1,1272;;;
2007-03-17;75,11399;;1,01984;;;;;;1,12707;;;
2007-03-18;75,10544;;1,01973;;;;;;1,12694;;;
2007-03-19;75,09689;;1,01961;;;;;;1,12682;;;
2007-03-20;75,08834;;1,0195;;;;;;1,12669;;;
2007-03-21;75,07979;;1,01938;;;;;;1,12656;;;
2007-03-22;75,07125;;1,01926;;;;;;1,12643;;;
2007-03-23;75,0627;;1,01915;;;;;;1,1263;;;
2007-03-24;75,05415;;1,01903;;;;;;1,12618;;;
2007-03-25;75,0456;;1,01891;;;;;;1,12605;;;
2007-03-26;75,03705;;1,0188;;;;;;1,12592;;;
2007-03-27;75,02851;;1,01868;;;;;;1,12579;;;
2007-03-28;75,01995;;1,01857;;;;;;1,12566;;;
2007-03-29;75,01141;;1,01845;;;;;;1,12553;;;
2007-03-30;75,00286;;1,01833;;;;;;1,12541;;;
2007-03-31;74,99431;;1,01822;;;;;;1,12528;;;
2007-04-01;74,98576;;1,0181;;;;;;1,12515;;;
2007-04-02;74,99062;;1,01817;;;;;;1,12522;;;
2007-04-03;74,99548;;1,01823;;;;;;1,12529;;;
2007-04-04;75,00034;;1,0183;;;;;;1,12537;;;
2007-04-05;75,0052;;1,01837;;;;;;1,12544;;;
2007-04-06;75,01005;;1,01843;;;;;;1,12551;;;
2007-04-07;75,01491;;1,0185;;;;;;1,12559;;;
2007-04-08;75,01977;;1,01856;;;;;;1,12566;;;
2007-04-09;75,02463;;1,01863;;;;;;1,12573;;;
2007-04-10;75,02948;;1,0187;;;;;;1,12581;;;
2007-04-11;75,03434;;1,01876;;;;;;1,12588;;;
2007-04-12;75,03921;;1,01883;;;;;;1,12595;;;
2007-04-13;75,04406;;1,01889;;;;;;1,12602;;;
2007-04-14;75,04892;;1,01896;;;;;;1,1261;;;
2007-04-15;75,05378;;1,01903;;;;;;1,12617;;;
2007-04-16;75,05864;;1,01909;;;;;;1,12624;;;
2007-04-17;75,06349;;1,01916;;;;;;1,12632;;;
2007-04-18;75,06835;;1,01922;;;;;;1,12639;;;
2007-04-19;75,07321;;1,01929;;;;;;1,12646;;;
2007-04-20;75,07807;;1,01936;;;;;;1,12653;;;
2007-04-21;75,08293;;1,01942;;;;;;1,12661;;;
2007-04-22;75,08779;;1,01949;;;;;;1,12668;;;
2007-04-23;75,09264;;1,01955;;;;;;1,12675;;;
2007-04-24;75,0975;;1,01962;;;;;;1,12683;;;
2007-04-25;75,10236;;1,01969;;;;;;1,1269;;;
2007-04-26;75,10722;;1,01975;;;;;;1,12697;;;
2007-04-27;75,11207;;1,01982;;;;;;1,12704;;;
2007-04-28;75,11693;;1,01988;;;;;;1,12712;;;
2007-04-29;75,12179;;1,01995;;;;;;1,12719;;;
2007-04-30;75,12665;;1,02002;;;;;;1,12726;;;
2007-05-01;75,13151;;1,02008;;;;;;1,12734;;;
2007-05-02;75,14199;;1,02022;;;;;;1,12749;;;
2007-05-03;75,15245;;1,02037;;;;;;1,12765;;;
2007-05-04;75,16293;;1,02051;;;;;;1,12781;;;
2007-05-05;75,1734;;1,02065;;;;;;1,12796;;;
2007-05-06;75,18387;;1,02079;;;;;;1,12812;;;
2007-05-07;75,19434;;1,02093;;;;;;1,12828;;;
2007-05-08;75,20481;;1,02108;;;;;;1,12844;;;
2007-05-09;75,21528;;1,02122;;;;;;1,12859;;;
2007-05-10;75,22575;;1,02136;;;;;;1,12875;;;
2007-05-11;75,23622;;1,0215;;;;;;1,12891;;;
2007-05-12;75,24669;;1,02165;;;;;;1,12906;;;
2007-05-13;75,25717;;1,02179;;;;;;1,12922;;;
2007-05-14;75,26763;;1,02193;;;;;;1,12938;;;
2007-05-15;75,27811;;1,02207;;;;;;1,12954;;;
2007-05-16;75,28858;;1,02221;;;;;;1,12969;;;
2007-05-17;75,29905;;1,02236;;;;;;1,12985;;;
2007-05-18;75,30952;;1,0225;;;;;;1,13001;;;
2007-05-19;75,31999;;1,02264;;;;;;1,13016;;;
2007-05-20;75,33046;;1,02278;;;;;;1,13032;;;
2007-05-21;75,34093;;1,02292;;;;;;1,13048;;;
2007-05-22;75,35141;;1,02307;;;;;;1,13064;;;
2007-05-23;75,36187;;1,02321;;;;;;1,13079;;;
2007-05-24;75,37235;;1,02335;;;;;;1,13095;;;
2007-05-25;75,38282;;1,02349;;;;;;1,13111;;;
2007-05-26;75,3933;;1,02364;;;;;;1,13126;;;
2007-05-27;75,40377;;1,02378;;;;;;1,13142;;;
2007-05-28;75,41424;;1,02392;;;;;;1,13158;;;
2007-05-29;75,42471;;1,02406;;;;;;1,13174;;;
2007-05-30;75,43518;;1,0242;;;;;;1,13189;;;
2007-05-31;75,44565;;1,02435;;;;;;1,13205;;;
2007-06-01;75,45612;;1,02449;;;;;;1,13221;;;
2007-06-02;75,46849;;1,02466;;;;;;1,13239;;;
2007-06-03;75,48085;;1,02482;;;;;;1,13258;;;
2007-06-04;75,49322;;1,02499;;;;;;1,13276;;;
2007-06-05;75,50559;;1,02516;;;;;;1,13295;;;
2007-06-06;75,51795;;1,02533;;;;;;1,13313;;;
2007-06-07;75,53032;;1,0255;;;;;;1,13332;;;
2007-06-08;75,54269;;1,02566;;;;;;1,13351;;;
2007-06-09;75,55505;;1,02583;;;;;;1,13369;;;
2007-06-10;75,56742;;1,026;;;;;;1,13388;;;
2007-06-11;75,57978;;1,02617;;;;;;1,13406;;;
2007-06-12;75,59214;;1,02634;;;;;;1,13425;;;
2007-06-13;75,60451;;1,0265;;;;;;1,13443;;;
2007-06-14;75,61688;;1,02667;;;;;;1,13462;;;
2007-06-15;75,62925;;1,02684;;;;;;1,1348;;;
2007-06-16;75,64162;;1,02701;;;;;;1,13499;;;
2007-06-17;75,65399;;1,02718;;;;;;1,13518;;;
2007-06-18;75,66635;;1,02734;;;;;;1,13536;;;
2007-06-19;75,67872;;1,02751;;;;;;1,13555;;;
2007-06-20;75,69109;;1,02768;;;;;;1,13573;;;
2007-06-21;75,70345;;1,02785;;;;;;1,13592;;;
2007-06-22;75,71581;;1,02801;;;;;;1,1361;;;
2007-06-23;75,72818;;1,02818;;;;;;1,13629;;;
2007-06-24;75,74054;;1,02835;;;;;;1,13647;;;
2007-06-25;75,75291;;1,02852;;;;;;1,13666;;;
2007-06-26;75,76528;;1,02869;;;;;;1,13685;;;
2007-06-27;75,77764;;1,02885;;;;;;1,13703;;;
2007-06-28;75,79001;;1,02902;;;;;;1,13722;;;
2007-06-29;75,80238;;1,02919;;;;;;1,1374;;;
2007-06-30;75,81474;;1,02936;;;;;;1,13759;;;
2007-07-01;75,82711;;1,02953;;;;;;1,13777;;;
2007-07-02;75,83331;;1,02961;;;;;;1,13787;;;
2007-07-03;75,83951;;1,02969;;;;;;1,13796;;;
2007-07-04;75,8457;;1,02978;;;;;;1,13805;;;
2007-07-05;75,8519;;1,02986;;;;;;1,13815;;;
2007-07-06;75,85809;;1,02995;;;;;;1,13824;;;
2007-07-07;75,8643;;1,03003;;;;;;1,13833;;;
2007-07-08;75,87049;;1,03011;;;;;;1,13842;;;
2007-07-09;75,87669;;1,0302;;;;;;1,13852;;;
2007-07-10;75,88288;;1,03028;;;;;;1,13861;;;
2007-07-11;75,88908;;1,03037;;;;;;1,1387;;;
2007-07-12;75,89527;;1,03045;;;;;;1,1388;;;
2007-07-13;75,90148;;1,03054;;;;;;1,13889;;;
2007-07-14;75,90768;;1,03062;;;;;;1,13898;;;
2007-07-15;75,91388;;1,0307;;;;;;1,13908;;;
2007-07-16;75,92007;;1,03079;;;;;;1,13917;;;
2007-07-17;75,92627;;1,03087;;;;;;1,13926;;;
2007-07-18;75,93246;;1,03096;;;;;;1,13935;;;
2007-07-19;75,93866;;1,03104;;;;;;1,13945;;;
2007-07-20;75,94486;;1,03112;;;;;;1,13954;;;
2007-07-21;75,95106;;1,03121;;;;;;1,13963;;;
2007-07-22;75,95725;;1,03129;;;;;;1,13973;;;
2007-07-23;75,96345;;1,03138;;;;;;1,13982;;;
2007-07-24;75,96964;;1,03146;;;;;;1,13991;;;
2007-07-25;75,97585;;1,03155;;;1;;;1,14001;;;
2007-07-26;75,98205;;1,03163;;;1,00008;;;1,1401;;;
2007-07-27;75,98824;;1,03171;;;1,00016;;;1,14019;;;
2007-07-28;75,99444;;1,0318;;;1,00024;;;1,14028;;;
2007-07-29;76,00064;;1,03188;;;1,00033;;;1,14038;;;
2007-07-30;76,00683;;1,03197;;;1,00041;;;1,14047;;;
2007-07-31;76,01303;;1,03205;;;1,00049;;;1,14056;;;
2007-08-01;76,01923;;1,03213;;;1,00057;;;1,14066;;;
2007-08-02;76,02243;;1,03218;;;1,00061;;;1,1407;;;
2007-08-03;76,02564;;1,03222;;;1,00066;;;1,14075;;;
2007-08-04;76,02885;;1,03226;;;1,0007;;;1,1408;;;
2007-08-05;76,03205;;1,03231;;;1,00074;;;1,14085;;;
2007-08-06;76,03525;;1,03235;;;1,00078;;;1,1409;;;
2007-08-07;76,03846;;1,0324;;;1,00082;;;1,14094;;;
2007-08-08;76,04167;;1,03244;;;1,00087;;;1,14099;;;
2007-08-09;76,04487;;1,03248;;;1,00091;;;1,14104;;;
2007-08-10;76,04808;;1,03253;;;1,00095;;;1,14109;;;
2007-08-11;76,05128;;1,03257;;;1,00099;;;1,14114;;;
2007-08-12;76,05449;;1,03261;;;1,00104;;;1,14119;;;
2007-08-13;76,05769;;1,03266;;;1,00108;;;1,14123;;;
2007-08-14;76,0609;;1,0327;;;1,00112;;;1,14128;;;
2007-08-15;76,0641;;1,03274;;;1,00116;;;1,14133;;;
2007-08-16;76,06731;;1,03279;;;1,0012;;;1,14138;;;
2007-08-17;76,07051;;1,03283;;;1,00125;;;1,14143;;;
2007-08-18;76,07373;;1,03287;;;1,00129;;;1,14147;;;
2007-08-19;76,07693;;1,03292;;;1,00133;;;1,14152;;;
2007-08-20;76,08014;;1,03296;;;1,00137;;;1,14157;;;
2007-08-21;76,08333;;1,033;;;1,00141;;;1,14162;;;
2007-08-22;76,08655;;1,03305;;;1,00146;;;1,14167;;;
2007-08-23;76,08975;;1,03309;;;1,0015;;;1,14171;;;
2007-08-24;76,09295;;1,03314;;;1,00154;;;1,14176;;;
2007-08-25;76,09616;;1,03318;;;1,00158;;;1,14181;;;
2007-08-26;76,09936;;1,03322;;;1,00163;;;1,14186;;;
2007-08-27;76,10258;;1,03327;;;1,00167;;;1,14191;;;
2007-08-28;76,10578;;1,03331;;;1,00171;;;1,14195;;;
2007-08-29;76,10898;;1,03335;;;1,00175;;;1,142;;;
2007-08-30;76,11218;;1,0334;;;1,00179;;;1,14205;;;
2007-08-31;76,11539;;1,03344;;;1,00184;;;1,1421;;;
2007-09-01;76,1186;;1,03348;;;1,00188;;;1,14215;;;
2007-09-02;76,11198;;1,03339;;;1,00179;;;1,14205;;;
2007-09-03;76,10535;;1,0333;;;1,0017;;;1,14195;;;
2007-09-04;76,09872;;1,03321;;;1,00162;;;1,14185;;;
2007-09-05;76,0921;;1,03312;;;1,00153;;;1,14175;;;
2007-09-06;76,08548;;1,03303;;;1,00144;;;1,14165;;;
2007-09-07;76,07885;;1,03294;;;1,00136;;;1,14155;;;
2007-09-08;76,07222;;1,03285;;;1,00127;;;1,14145;;;
2007-09-09;76,0656;;1,03276;;;1,00118;;;1,14135;;;
2007-09-10;76,05898;;1,03267;;;1,00109;;;1,14125;;;
2007-09-11;76,05235;;1,03258;;;1,00101;;;1,14115;;;
2007-09-12;76,04573;;1,03249;;;1,00092;;;1,14105;;;
2007-09-13;76,0391;;1,0324;;;1,00083;;;1,14095;;;
2007-09-14;76,03248;;1,03231;;;1,00075;;;1,14085;;;
2007-09-15;76,02585;;1,03222;;;1,00066;;;1,14076;;;
2007-09-16;76,01923;;1,03213;;;1,00057;;;1,14066;;;
2007-09-17;76,0126;;1,03204;;;1,00048;;;1,14056;;;
2007-09-18;76,00597;;1,03195;;;1,0004;;;1,14046;;;
2007-09-19;75,99936;;1,03186;;;1,00031;;;1,14036;;;
2007-09-20;75,99273;;1,03177;;;1,00022;;;1,14026;;;
2007-09-21;75,9861;;1,03168;;;1,00013;;;1,14016;;;
2007-09-22;75,97948;;1,03159;;;1,00005;;;1,14006;;;
2007-09-23;75,97286;;1,0315;;;0,99996;;;1,13996;;;
2007-09-24;75,96623;;1,03141;;;0,99987;;;1,13986;;;
2007-09-25;75,9596;;1,03132;;;0,99979;;;1,13976;;;
2007-09-26;75,95298;;1,03123;;;0,9997;;;1,13966;;;
2007-09-27;75,94635;;1,03114;;;0,99961;;;1,13956;;;
2007-09-28;75,93973;;1,03105;;;0,99952;;;1,13946;;;
2007-09-29;75,93311;;1,03096;;;0,99944;;;1,13936;;;
2007-09-30;75,92648;;1,03087;;;0,99935;;;1,13926;;;
2007-10-01;75,91985;;1,03078;;;0,99926;;;1,13917;;;
2007-10-02;75,92777;;1,03089;;;0,99937;;;1,13928;;;
2007-10-03;75,93567;;1,031;;;0,99947;;;1,1394;;;
2007-10-04;75,94358;;1,03111;;;0,99958;;;1,13952;;;
2007-10-05;75,95148;;1,03121;;;0,99968;;;1,13964;;;
2007-10-06;75,9594;;1,03132;;;0,99978;;;1,13976;;;
2007-10-07;75,9673;;1,03143;;;0,99989;;;1,13988;;;
2007-10-08;75,9752;;1,03154;;;0,99999;;;1,14;;;
2007-10-09;75,98311;;1,03164;;;1,0001;;;1,14011;;;
2007-10-10;75,99102;;1,03175;;;1,0002;;;1,14023;;;
2007-10-11;75,99892;;1,03186;;;1,0003;;;1,14035;;;
2007-10-12;76,00683;;1,03197;;;1,00041;;;1,14047;;;
2007-10-13;76,01475;;1,03207;;;1,00051;;;1,14059;;;
2007-10-14;76,02265;;1,03218;;;1,00062;;;1,14071;;;
2007-10-15;76,03055;;1,03229;;;1,00072;;;1,14083;;;
2007-10-16;76,03846;;1,0324;;;1,00082;;;1,14094;;;
2007-10-17;76,04637;;1,0325;;;1,00093;;;1,14106;;;
2007-10-18;76,05427;;1,03261;;;1,00103;;;1,14118;;;
2007-10-19;76,06218;;1,03272;;;1,00114;;;1,1413;;;
2007-10-20;76,07009;;1,03282;;;1,00124;;;1,14142;;;
2007-10-21;76,078;;1,03293;;;1,00134;;;1,14154;;;
2007-10-22;76,0859;;1,03304;;;1,00145;;;1,14166;;;
2007-10-23;76,09381;;1,03315;;;1,00155;;;1,14178;;;
2007-10-24;76,10172;;1,03325;;;1,00166;;;1,14189;;;
2007-10-25;76,10962;;1,03336;;;1,00176;;;1,14201;;;
2007-10-26;76,11753;;1,03347;;;1,00186;;;1,14213;;;
2007-10-27;76,12544;;1,03358;;;1,00197;;;1,14225;;;
2007-10-28;76,13335;;1,03368;;;1,00207;;;1,14237;;;
2007-10-29;76,14125;;1,03379;;;1,00218;;;1,14249;;;
2007-10-30;76,14916;;1,0339;;;1,00228;;;1,14261;;;
2007-10-31;76,15706;;1,03401;;;1,00239;;;1,14272;;;
2007-11-01;76,16497;;1,03411;;;1,00249;;;1,14284;;;
2007-11-02;76,1674;;1,03415;;;1,00252;;;1,14288;;;
2007-11-03;76,16983;;1,03418;;;1,00255;;;1,14292;;;
2007-11-04;76,17226;;1,03421;;;1,00259;;;1,14295;;;
2007-11-05;76,17469;;1,03424;;;1,00262;;;1,14299;;;
2007-11-06;76,17711;;1,03428;;;1,00265;;;1,14303;;;
2007-11-07;76,17954;;1,03431;;;1,00268;;;1,14306;;;
2007-11-08;76,18198;;1,03434;;;1,00271;;;1,1431;;;
2007-11-09;76,1844;;1,03438;;;1,00275;;;1,14313;;;
2007-11-10;76,18684;;1,03441;;;1,00278;;;1,14317;;;
2007-11-11;76,18927;;1,03444;;;1,00281;;;1,14321;;;
2007-11-12;76,19169;;1,03448;;;1,00284;;;1,14324;;;
2007-11-13;76,19412;;1,03451;;;1,00287;;;1,14328;;;
2007-11-14;76,19655;;1,03454;;;1,0029;;;1,14332;;;
2007-11-15;76,19898;;1,03457;;;1,00294;;;1,14335;;;
2007-11-16;76,20141;;1,03461;;;1,00297;;;1,14339;;;
2007-11-17;76,20384;;1,03464;;;1,003;;;1,14343;;;
2007-11-18;76,20627;;1,03467;;;1,00303;;;1,14346;;;
2007-11-19;76,2087;;1,03471;;;1,00306;;;1,1435;;;
2007-11-20;76,21112;;1,03474;;;1,0031;;;1,14354;;;
2007-11-21;76,21355;;1,03477;;;1,00313;;;1,14357;;;
2007-11-22;76,21598;;1,03481;;;1,00316;;;1,14361;;;
2007-11-23;76,21842;;1,03484;;;1,00319;;;1,14364;;;
2007-11-24;76,22084;;1,03487;;;1,00322;;;1,14368;;;
2007-11-25;76,22327;;1,0349;;;1,00326;;;1,14372;;;
2007-11-26;76,2257;;1,03494;;;1,00329;;;1,14375;;;
2007-11-27;76,22812;;1,03497;;;1,00332;;;1,14379;;;
2007-11-28;76,23056;;1,035;;;1,00335;;;1,14383;;;
2007-11-29;76,23299;;1,03504;;;1,00338;;;1,14386;;;
2007-11-30;76,23541;;1,03507;;;1,00342;;;1,1439;;;
2007-12-01;76,23785;;1,0351;;;1,00345;;;1,14394;;;
2007-12-02;76,24404;;1,03519;;;1,00353;;;1,14403;;;
2007-12-03;76,25024;;1,03527;;;1,00361;;;1,14412;;;
2007-12-04;76,25643;;1,03535;;;1,00369;;;1,14422;;;
2007-12-05;76,26263;;1,03544;;;1,00377;;;1,14431;;;
2007-12-06;76,26883;;1,03552;;;1,00386;;;1,1444;;;
2007-12-07;76,27503;;1,03561;;;1,00394;;;1,14449;;;
2007-12-08;76,28122;;1,03569;;;1,00402;;;1,14459;;;
2007-12-09;76,28742;;1,03578;;;1,0041;;;1,14468;;;
2007-12-10;76,29362;;1,03586;;;1,00418;;;1,14477;;;
2007-12-11;76,29982;;1,03594;;;1,00426;;;1,14487;;;
2007-12-12;76,30602;;1,03603;;;1,00435;;;1,14496;;;
2007-12-13;76,31222;;1,03611;;;1,00443;;;1,14505;;;
2007-12-14;76,31841;;1,0362;;;1,00451;;;1,14515;;;
2007-12-15;76,32461;;1,03628;;;1,00459;;;1,14524;;;
2007-12-16;76,3308;;1,03636;;;1,00467;;;1,14533;;;
2007-12-17;76,337;;1,03645;;;1,00475;;;1,14542;;;
2007-12-18;76,3432;;1,03653;;;1,00484;;;1,14552;;;
2007-12-19;76,3494;;1,03662;;;1,00492;;;1,14561;;;
2007-12-20;76,35559;;1,0367;;;1,005;;;1,1457;;;
2007-12-21;76,36179;;1,03679;;;1,00508;;;1,1458;;;
2007-12-22;76,36799;;1,03687;;;1,00516;;;1,14589;;;
2007-12-23;76,37419;;1,03695;;;1,00524;;;1,14598;;;
2007-12-24;76,38039;;1,03704;;;1,00532;;;1,14608;;;
2007-12-25;76,38659;;1,03712;;;1,00541;;;1,14617;;;
2007-12-26;76,39278;;1,03721;;;1,00549;;;1,14626;;;
2007-12-27;76,39898;;1,03729;;;1,00557;;;1,14635;;;
2007-12-28;76,40517;;1,03737;;;1,00565;;;1,14645;;;
2007-12-29;76,41137;;1,03746;;;1,00573;;;1,14654;;;
2007-12-30;76,41757;;1,03754;;;1,00581;;;1,14663;;;
2007-12-31;76,42377;;1,03763;;;1,0059;;;1,14673;;;
2008-01-01;76,42996;;1,03771;;;1,00598;;;1,14682;;;
2008-01-02;76,44386;;1,0379;;;1,00616;;;1,14703;;;
2008-01-03;76,45774;;1,03809;;;1,00634;;;1,14724;;;
2008-01-04;76,47163;;1,03828;;;1,00653;;;1,14744;;;
2008-01-05;76,48553;;1,03847;;;1,00671;;;1,14765;;;
2008-01-06;76,49941;;1,03865;;;1,00689;;;1,14786;;;
2008-01-07;76,51331;;1,03884;;;1,00707;;;1,14807;;;
2008-01-08;76,5272;;1,03903;;;1,00726;;;1,14828;;;
2008-01-09;76,54109;;1,03922;;;1,00744;;;1,14849;;;
2008-01-10;76,55498;;1,03941;;;1,00762;;;1,14869;;;
2008-01-11;76,56887;;1,0396;;;1,00781;;;1,1489;;;
2008-01-12;76,58276;;1,03979;;;1,00799;;;1,14911;;;
2008-01-13;76,59665;;1,03997;;;1,00817;;;1,14932;;;
2008-01-14;76,61054;;1,04016;;;1,00835;;;1,14953;;;
2008-01-15;76,62444;;1,04035;;;1,00854;;;1,14974;;;
2008-01-16;76,63832;;1,04054;;;1,00872;;;1,14995;;;
2008-01-17;76,65221;;1,04073;;;1,0089;;;1,15015;;;
2008-01-18;76,66611;;1,04092;;;1,00909;;;1,15036;;;
2008-01-19;76,67999;;1,04111;;;1,00927;;;1,15057;;;
2008-01-20;76,69389;;1,04129;;;1,00945;;;1,15078;;;
2008-01-21;76,70777;;1,04148;;;1,00963;;;1,15099;;;
2008-01-22;76,72167;;1,04167;;;1,00982;;;1,1512;;;
2008-01-23;76,73556;;1,04186;;;1,01;;;1,1514;;;
2008-01-24;76,74945;;1,04205;;;1,01018;;;1,15161;;;
2008-01-25;76,76334;;1,04224;;;1,01037;;;1,15182;;;
2008-01-26;76,77722;;1,04243;;;1,01055;;;1,15203;;;
2008-01-27;76,79112;;1,04261;;;1,01073;;;1,15224;;;
2008-01-28;76,80502;;1,0428;;;1,01091;;;1,15245;;;
2008-01-29;76,8189;;1,04299;;;1,0111;;;1,15266;;;
2008-01-30;76,83279;;1,04318;;;1,01128;;;1,15286;;;
2008-01-31;76,84668;;1,04337;;;1,01146;;;1,15307;;;
2008-02-01;76,86057;;1,04356;;;1,01164;;;1,15328;;;
2008-02-02;76,87062;;1,04369;;;1,01178;;;1,15343;;;
2008-02-03;76,88067;;1,04383;;;1,01191;;;1,15358;;;
2008-02-04;76,89073;;1,04397;;;1,01204;;;1,15373;;;
2008-02-05;76,90078;;1,0441;;;1,01217;;;1,15388;;;
2008-02-06;76,91083;;1,04424;;;1,01231;;;1,15403;;;
2008-02-07;76,92088;;1,04438;;;1,01244;;;1,15419;;;
2008-02-08;76,93094;;1,04451;;;1,01257;;;1,15434;;;
2008-02-09;76,94099;;1,04465;;;1,0127;;;1,15449;;;
2008-02-10;76,95103;;1,04479;;;1,01284;;;1,15464;;;
2008-02-11;76,96108;;1,04492;;;1,01297;;;1,15479;;;
2008-02-12;76,97114;;1,04506;;;1,0131;;;1,15494;;;
2008-02-13;76,98119;;1,04519;;;1,01323;;;1,15509;;;
2008-02-14;76,99124;;1,04533;;;1,01336;;;1,15524;;;
2008-02-15;77,00129;;1,04547;;;1,0135;;;1,15539;;;
2008-02-16;77,01135;;1,0456;;;1,01363;;;1,15554;;;
2008-02-17;77,0214;;1,04574;;;1,01376;;;1,15569;;;
2008-02-18;77,03145;;1,04588;;;1,01389;;;1,15584;;;
2008-02-19;77,0415;;1,04601;;;1,01403;;;1,156;;;
2008-02-20;77,05155;;1,04615;;;1,01416;;;1,15615;;;
2008-02-21;77,0616;;1,04629;;;1,01429;;;1,1563;;;
2008-02-22;77,07165;;1,04642;;;1,01442;;;1,15645;;;
2008-02-23;77,08171;;1,04656;;;1,01456;;;1,1566;;;
2008-02-24;77,09175;;1,0467;;;1,01469;;;1,15675;;;
2008-02-25;77,10181;;1,04683;;;1,01482;;;1,1569;;;
2008-02-26;77,11186;;1,04697;;;1,01495;;;1,15705;;;
2008-02-27;77,12191;;1,04711;;;1,01508;;;1,1572;;;
2008-02-28;77,13196;;1,04724;;;1,01522;;;1,15735;;;
2008-02-29;77,14201;;1,04738;;;1,01535;;;1,1575;;;
2008-03-01;77,15206;;1,04751;;;1,01548;;;1,15765;;;
2008-03-02;77,14906;;1,04747;;;1,01544;;;1,15761;;;
2008-03-03;77,14608;;1,04743;;;1,0154;;;1,15756;;;
2008-03-04;77,14309;;1,04739;;;1,01536;;;1,15752;;;
2008-03-05;77,1401;;1,04735;;;1,01532;;;1,15747;;;
2008-03-06;77,13711;;1,04731;;;1,01528;;;1,15743;;;
2008-03-07;77,13411;;1,04727;;;1,01525;;;1,15738;;;
2008-03-08;77,13112;;1,04723;;;1,01521;;;1,15734;;;
2008-03-09;77,12813;;1,04719;;;1,01517;;;1,15729;;;
2008-03-10;77,12514;;1,04715;;;1,01513;;;1,15725;;;
2008-03-11;77,12215;;1,04711;;;1,01509;;;1,15721;;;
2008-03-12;77,11915;;1,04707;;;1,01505;;;1,15716;;;
2008-03-13;77,11617;;1,04703;;;1,01501;;;1,15712;;;
2008-03-14;77,11317;;1,04699;;;1,01497;;;1,15707;;;
2008-03-15;77,11017;;1,04695;;;1,01493;;;1,15703;;;
2008-03-16;77,10719;;1,04691;;;1,01489;;;1,15698;;;
2008-03-17;77,10419;;1,04686;;;1,01485;;;1,15694;;;
2008-03-18;77,1012;;1,04682;;;1,01481;;;1,15689;;;
2008-03-19;77,09821;;1,04678;;;1,01477;;;1,15685;;;
2008-03-20;77,09522;;1,04674;;;1,01473;;;1,1568;;;
2008-03-21;77,09223;;1,0467;;;1,01469;;;1,15676;;;
2008-03-22;77,08923;;1,04666;;;1,01465;;;1,15671;;;
2008-03-23;77,08625;;1,04662;;;1,01462;;;1,15667;;;
2008-03-24;77,08325;;1,04658;;;1,01458;;;1,15662;;;
2008-03-25;77,08025;;1,04654;;;1,01454;;;1,15658;;;
2008-03-26;77,07727;;1,0465;;;1,0145;;;1,15653;;;
2008-03-27;77,07428;;1,04646;;;1,01446;;;1,15649;;;
2008-03-28;77,07128;;1,04642;;;1,01442;;;1,15644;;;
2008-03-29;77,06829;;1,04638;;;1,01438;;;1,1564;;;
2008-03-30;77,0653;;1,04634;;;1,01434;;;1,15635;;;
2008-03-31;77,06231;;1,0463;;;1,0143;;;1,15631;;;
2008-04-01;77,05931;;1,04626;;;1,01426;;;1,15626;;;
2008-04-02;77,06484;;1,04633;;;1,01433;;;1,15635;;;
2008-04-03;77,07036;;1,04641;;;1,01441;;;1,15643;;;
2008-04-04;77,07588;;1,04648;;;1,01448;;;1,15651;;;
2008-04-05;77,0814;;1,04656;;;1,01455;;;1,15659;;;
2008-04-06;77,08692;;1,04663;;;1,01462;;;1,15668;;;
2008-04-07;77,09244;;1,04671;;;1,0147;;;1,15676;;;
2008-04-08;77,09795;;1,04678;;;1,01477;;;1,15684;;;
2008-04-09;77,10348;;1,04686;;;1,01484;;;1,15693;;;
2008-04-10;77,109;;1,04693;;;1,01491;;;1,15701;;;
2008-04-11;77,11452;;1,04701;;;1,01499;;;1,15709;;;
2008-04-12;77,12005;;1,04708;;;1,01506;;;1,15717;;;
2008-04-13;77,12556;;1,04716;;;1,01513;;;1,15726;;;
2008-04-14;77,13108;;1,04723;;;1,01521;;;1,15734;;;
2008-04-15;77,1366;;1,04731;;;1,01528;;;1,15742;;;
2008-04-16;77,14213;;1,04738;;;1,01535;;;1,1575;;;
2008-04-17;77,14765;;1,04745;;;1,01542;;;1,15759;;;
2008-04-18;77,15317;;1,04753;;;1,0155;;;1,15767;;;
2008-04-19;77,15869;;1,0476;;;1,01557;;;1,15775;;;
2008-04-20;77,1642;;1,04768;;;1,01564;;;1,15784;;;
2008-04-21;77,16973;;1,04775;;;1,01571;;;1,15792;;;
2008-04-22;77,17525;;1,04783;;;1,01579;;;1,158;;;
2008-04-23;77,18077;;1,0479;;;1,01586;;;1,15808;;;
2008-04-24;77,1863;;1,04798;;;1,01593;;;1,15817;;;
2008-04-25;77,19181;;1,04805;;;1,016;;;1,15825;;;
2008-04-26;77,19733;;1,04813;;;1,01608;;;1,15833;;;
2008-04-27;77,20285;;1,0482;;;1,01615;;;1,15842;;;
2008-04-28;77,20837;;1,04828;;;1,01622;;;1,1585;;;
2008-04-29;77,2139;;1,04835;;;1,0163;;;1,15858;;;
2008-04-30;77,21942;;1,04843;;;1,01637;;;1,15866;;;
2008-05-01;77,22494;;1,0485;;;1,01644;;;1,15875;;;
2008-05-02;77,24396;;1,04876;;;1,01669;;;1,15903;;;
2008-05-03;77,26298;;1,04902;;;1,01694;;;1,15932;;;
2008-05-04;77,282;;1,04928;;;1,01719;;;1,1596;;;
2008-05-05;77,30102;;1,04954;;;1,01744;;;1,15989;;;
2008-05-06;77,32004;;1,0498;;;1,01769;;;1,16017;;;
2008-05-07;77,33905;;1,05005;;;1,01794;;;1,16046;;;
2008-05-08;77,35807;;1,05031;;;1,01819;;;1,16075;;;
2008-05-09;77,37709;;1,05057;;;1,01844;;;1,16103;;;
2008-05-10;77,39611;;1,05083;;;1,01869;;;1,16132;;;
2008-05-11;77,41513;;1,05109;;;1,01894;;;1,1616;;;
2008-05-12;77,43415;;1,05134;;;1,01919;;;1,16189;;;
2008-05-13;77,45317;;1,0516;;;1,01944;;;1,16217;;;
2008-05-14;77,47219;;1,05186;;;1,01969;;;1,16246;;;
2008-05-15;77,49121;;1,05212;;;1,01995;;;1,16274;;;
2008-05-16;77,51023;;1,05238;;;1,0202;;;1,16303;;;
2008-05-17;77,52924;;1,05264;;;1,02045;;;1,16331;;;
2008-05-18;77,54826;;1,05289;;;1,0207;;;1,1636;;;
2008-05-19;77,56728;;1,05315;;;1,02095;;;1,16388;;;
2008-05-20;77,5863;;1,05341;;;1,0212;;;1,16417;;;
2008-05-21;77,60532;;1,05367;;;1,02145;;;1,16446;;;
2008-05-22;77,62434;;1,05393;;;1,0217;;;1,16474;;;
2008-05-23;77,64336;;1,05419;;;1,02195;;;1,16503;;;
2008-05-24;77,66239;;1,05444;;;1,0222;;;1,16531;;;
2008-05-25;77,68141;;1,0547;;;1,02245;;;1,1656;;;
2008-05-26;77,70043;;1,05496;;;1,0227;;;1,16588;;;
2008-05-27;77,71944;;1,05522;;;1,02295;;;1,16617;;;
2008-05-28;77,73846;;1,05548;;;1,0232;;;1,16645;;;
2008-05-29;77,75748;;1,05573;;;1,02345;;;1,16674;;;
2008-05-30;77,7765;;1,05599;;;1,0237;;;1,16702;;;
2008-05-31;77,79552;;1,05625;;;1,02395;;;1,16731;;;
2008-06-01;77,81454;;1,05651;;;1,0242;;;1,16759;;;
2008-06-02;77,82337;;1,05663;;;1,02432;;;1,16773;;;
2008-06-03;77,83221;;1,05675;;;1,02443;;;1,16786;;;
2008-06-04;77,84104;;1,05687;;;1,02455;;;1,16799;;;
2008-06-05;77,84987;;1,05699;;;1,02467;;;1,16812;;;
2008-06-06;77,8587;;1,05711;;;1,02478;;;1,16826;;;
2008-06-07;77,86753;;1,05723;;;1,0249;;;1,16839;;;
2008-06-08;77,87637;;1,05735;;;1,02501;;;1,16852;;;
2008-06-09;77,8852;;1,05747;;;1,02513;;;1,16865;;;
2008-06-10;77,89404;;1,05759;;;1,02525;;;1,16879;;;
2008-06-11;77,90287;;1,05771;;;1,02536;;;1,16892;;;
2008-06-12;77,91171;;1,05783;;;1,02548;;;1,16905;;;
2008-06-13;77,92054;;1,05795;;;1,0256;;;1,16918;;;
2008-06-14;77,92937;;1,05807;;;1,02571;;;1,16932;;;
2008-06-15;77,93821;;1,05819;;;1,02583;;;1,16945;;;
2008-06-16;77,94704;;1,05831;;;1,02594;;;1,16958;;;
2008-06-17;77,95587;;1,05843;;;1,02606;;;1,16972;;;
2008-06-18;77,96471;;1,05855;;;1,02618;;;1,16985;;;
2008-06-19;77,97354;;1,05867;;;1,02629;;;1,16998;;;
2008-06-20;77,98237;;1,05879;;;1,02641;;;1,17011;;;
2008-06-21;77,9912;;1,05891;;;1,02653;;;1,17025;;;
2008-06-22;78,00003;;1,05903;;;1,02664;;;1,17038;;;
2008-06-23;78,00886;;1,05915;;;1,02676;;;1,17051;;;
2008-06-24;78,0177;;1,05927;;;1,02688;;;1,17064;;;
2008-06-25;78,02653;;1,05939;;;1,02699;;;1,17078;;;
2008-06-26;78,03536;;1,05951;;;1,02711;;;1,17091;;;
2008-06-27;78,0442;;1,05963;;;1,02722;;;1,17104;;;
2008-06-28;78,05303;;1,05975;;;1,02734;;;1,17117;;;
2008-06-29;78,06186;;1,05987;;;1,02746;;;1,17131;;;
2008-06-30;78,0707;;1,05999;;;1,02757;;;1,17144;;;
2008-07-01;78,07953;;1,06011;;;1,02769;;;1,17157;;;
2008-07-02;78,09321;;1,06029;;;1,02787;;;1,17178;;;
2008-07-03;78,10689;;1,06048;;;1,02805;;;1,17198;;;
2008-07-04;78,12056;;1,06066;;;1,02823;;;1,17219;;;
2008-07-05;78,13423;;1,06085;;;1,02841;;;1,17239;;;
2008-07-06;78,14792;;1,06104;;;1,02859;;;1,1726;;;
2008-07-07;78,16159;;1,06122;;;1,02877;;;1,1728;;;
2008-07-08;78,17527;;1,06141;;;1,02895;;;1,17301;;;
2008-07-09;78,18894;;1,06159;;;1,02913;;;1,17321;;;
2008-07-10;78,20263;;1,06178;;;1,02931;;;1,17342;;;
2008-07-11;78,2163;;1,06196;;;1,02949;;;1,17362;;;
2008-07-12;78,22998;;1,06215;;;1,02967;;;1,17383;;;
2008-07-13;78,24365;;1,06234;;;1,02985;;;1,17403;;;
2008-07-14;78,25734;;1,06252;;;1,03003;;;1,17424;;;
2008-07-15;78,27101;;1,06271;;;1,03021;;;1,17444;;;
2008-07-16;78,28469;;1,06289;;;1,03039;;;1,17465;;;
2008-07-17;78,29836;;1,06308;;;1,03057;;;1,17485;;;
2008-07-18;78,31204;;1,06326;;;1,03075;;;1,17506;;;
2008-07-19;78,32571;;1,06345;;;1,03093;;;1,17526;;;
2008-07-20;78,33939;;1,06364;;;1,03111;;;1,17547;;;
2008-07-21;78,35306;;1,06382;;;1,03129;;;1,17567;;;
2008-07-22;78,36675;;1,06401;;;1,03147;;;1,17588;;;
2008-07-23;78,38042;;1,06419;;;1,03165;;;1,17609;;;
2008-07-24;78,3941;;1,06438;;;1,03183;;;1,17629;;;
2008-07-25;78,40778;;1,06456;;;1,03201;;;1,1765;;;
2008-07-26;78,42146;;1,06475;;;1,03219;;;1,1767;;;
2008-07-27;78,43513;;1,06494;;;1,03237;;;1,17691;;;
2008-07-28;78,44881;;1,06512;;;1,03255;;;1,17711;;;
2008-07-29;78,46249;;1,06531;;;1,03273;;;1,17732;;;
2008-07-30;78,47616;;1,06549;;;1,03291;;;1,17752;;;
2008-07-31;78,48984;;1,06568;;;1,03309;;;1,17773;;;
2008-08-01;78,50351;;1,06586;;;1,03327;;;1,17793;;;
2008-08-02;78,51314;;1,06599;;;1,0334;;;1,17808;;;
2008-08-03;78,52275;;1,06613;;;1,03352;;;1,17822;;;
2008-08-04;78,53237;;1,06626;;;1,03365;;;1,17837;;;
2008-08-05;78,54198;;1,06639;;;1,03378;;;1,17851;;;
2008-08-06;78,55159;;1,06652;;;1,0339;;;1,17865;;;
2008-08-07;78,56122;;1,06665;;;1,03403;;;1,1788;;;
2008-08-08;78,57083;;1,06678;;;1,03416;;;1,17894;;;
2008-08-09;78,58045;;1,06691;;;1,03428;;;1,17909;;;
2008-08-10;78,59007;;1,06704;;;1,03441;;;1,17923;;;
2008-08-11;78,59968;;1,06717;;;1,03454;;;1,17938;;;
2008-08-12;78,6093;;1,0673;;;1,03466;;;1,17952;;;
2008-08-13;78,61891;;1,06743;;;1,03479;;;1,17966;;;
2008-08-14;78,62854;;1,06756;;;1,03491;;;1,17981;;;
2008-08-15;78,63815;;1,06769;;;1,03504;;;1,17995;;;
2008-08-16;78,64776;;1,06782;;;1,03517;;;1,1801;;;
2008-08-17;78,65739;;1,06795;;;1,03529;;;1,18024;;;
2008-08-18;78,66699;;1,06808;;;1,03542;;;1,18039;;;
2008-08-19;78,67662;;1,06821;;;1,03555;;;1,18053;;;
2008-08-20;78,68623;;1,06834;;;1,03567;;;1,18067;;;
2008-08-21;78,69584;;1,06848;;;1,0358;;;1,18082;;;
2008-08-22;78,70547;;1,06861;;;1,03593;;;1,18096;;;
2008-08-23;78,71508;;1,06874;;;1,03605;;;1,18111;;;
2008-08-24;78,7247;;1,06887;;;1,03618;;;1,18125;;;
2008-08-25;78,73432;;1,069;;;1,03631;;;1,1814;;;
2008-08-26;78,74392;;1,06913;;;1,03643;;;1,18154;;;
2008-08-27;78,75355;;1,06926;;;1,03656;;;1,18168;;;
2008-08-28;78,76317;;1,06939;;;1,03669;;;1,18183;;;
2008-08-29;78,77278;;1,06952;;;1,03681;;;1,18197;;;
2008-08-30;78,7824;;1,06965;;;1,03694;;;1,18212;;;
2008-08-31;78,79201;;1,06978;;;1,03707;;;1,18226;;;
2008-09-01;78,80163;;1,06991;;;1,03719;;;1,18241;;;
2008-09-02;78,79589;;1,06983;;;1,03712;;;1,18232;;;
2008-09-03;78,79015;;1,06976;;;1,03704;;;1,18223;;;
2008-09-04;78,7844;;1,06968;;;1,03697;;;1,18215;;;
2008-09-05;78,77866;;1,0696;;;1,03689;;;1,18206;;;
2008-09-06;78,77293;;1,06952;;;1,03682;;;1,18197;;;
2008-09-07;78,76718;;1,06944;;;1,03674;;;1,18189;;;
2008-09-08;78,76143;;1,06937;;;1,03666;;;1,1818;;;
2008-09-09;78,7557;;1,06929;;;1,03659;;;1,18172;;;
2008-09-10;78,74996;;1,06921;;;1,03651;;;1,18163;;;
2008-09-11;78,74422;;1,06913;;;1,03644;;;1,18154;;;
2008-09-12;78,73848;;1,06905;;;1,03636;;;1,18146;;;
2008-09-13;78,73273;;1,06898;;;1,03629;;;1,18137;;;
2008-09-14;78,72699;;1,0689;;;1,03621;;;1,18129;;;
2008-09-15;78,72125;;1,06882;;;1,03614;;;1,1812;;;
2008-09-16;78,71551;;1,06874;;;1,03606;;;1,18111;;;
2008-09-17;78,70977;;1,06866;;;1,03598;;;1,18103;;;
2008-09-18;78,70403;;1,06859;;;1,03591;;;1,18094;;;
2008-09-19;78,69828;;1,06851;;;1,03583;;;1,18085;;;
2008-09-20;78,69254;;1,06843;;;1,03576;;;1,18077;;;
2008-09-21;78,68681;;1,06835;;;1,03568;;;1,18068;;;
2008-09-22;78,68106;;1,06827;;;1,03561;;;1,1806;;;
2008-09-23;78,67531;;1,0682;;;1,03553;;;1,18051;;;
2008-09-24;78,66958;;1,06812;;;1,03546;;;1,18042;;;
2008-09-25;78,66384;;1,06804;;;1,03538;;;1,18034;;;
2008-09-26;78,65809;;1,06796;;;1,0353;;;1,18025;;;
2008-09-27;78,65235;;1,06788;;;1,03523;;;1,18017;;;
2008-09-28;78,64661;;1,06781;;;1,03515;;;1,18008;;;
2008-09-29;78,64087;;1,06773;;;1,03508;;;1,17999;;;
2008-09-30;78,63513;;1,06765;;;1,035;;;1,17991;;;
2008-10-01;78,62939;;1,06757;;;1,03493;;;1,17982;;;
2008-10-02;78,62832;;1,06756;;;1,03491;;;1,17981;;;
2008-10-03;78,62725;;1,06754;;;1,0349;;;1,17979;;;
2008-10-04;78,62618;;1,06753;;;1,03488;;;1,17977;;;
2008-10-05;78,62511;;1,06751;;;1,03487;;;1,17976;;;
2008-10-06;78,62405;;1,0675;;;1,03486;;;1,17974;;;
2008-10-07;78,62298;;1,06749;;;1,03484;;;1,17972;;;
2008-10-08;78,62191;;1,06747;;;1,03483;;;1,17971;;;
2008-10-09;78,62084;;1,06746;;;1,03481;;;1,17969;;;
2008-10-10;78,61976;;1,06744;;;1,0348;;;1,17968;;;
2008-10-11;78,6187;;1,06743;;;1,03479;;;1,17966;;;
2008-10-12;78,61764;;1,06741;;;1,03477;;;1,17964;;;
2008-10-13;78,61657;;1,0674;;;1,03476;;;1,17963;;;
2008-10-14;78,61549;;1,06738;;;1,03474;;;1,17961;;;
2008-10-15;78,61443;;1,06737;;;1,03473;;;1,1796;;;
2008-10-16;78,61336;;1,06736;;;1,03472;;;1,17958;;;
2008-10-17;78,61229;;1,06734;;;1,0347;;;1,17956;;;
2008-10-18;78,61122;;1,06733;;;1,03469;;;1,17955;;;
2008-10-19;78,61016;;1,06731;;;1,03467;;;1,17953;;;
2008-10-20;78,60908;;1,0673;;;1,03466;;;1,17952;;;
2008-10-21;78,60801;;1,06728;;;1,03464;;;1,1795;;;
2008-10-22;78,60694;;1,06727;;;1,03463;;;1,17948;;;
2008-10-23;78,60588;;1,06725;;;1,03462;;;1,17947;;;
2008-10-24;78,60481;;1,06724;;;1,0346;;;1,17945;;;
2008-10-25;78,60374;;1,06722;;;1,03459;;;1,17944;;;
2008-10-26;78,60268;;1,06721;;;1,03457;;;1,17942;;;
2008-10-27;78,6016;;1,0672;;;1,03456;;;1,1794;;;
2008-10-28;78,60053;;1,06718;;;1,03455;;;1,17939;;;
2008-10-29;78,59947;;1,06717;;;1,03453;;;1,17937;;;
2008-10-30;78,59841;;1,06715;;;1,03452;;;1,17936;;;
2008-10-31;78,59733;;1,06714;;;1,0345;;;1,17934;;;
2008-11-01;78,59626;;1,06712;;;1,03449;;;1,17932;;;
2008-11-02;78,59449;;1,0671;;;1,03447;;;1,1793;;;
2008-11-03;78,59273;;1,06708;;;1,03444;;;1,17927;;;
2008-11-04;78,59096;;1,06705;;;1,03442;;;1,17924;;;
2008-11-05;78,58919;;1,06703;;;1,0344;;;1,17922;;;
2008-11-06;78,58743;;1,067;;;1,03437;;;1,17919;;;
2008-11-07;78,58566;;1,06698;;;1,03435;;;1,17917;;;
2008-11-08;78,58389;;1,06696;;;1,03433;;;1,17914;;;
2008-11-09;78,58213;;1,06693;;;1,0343;;;1,17911;;;
2008-11-10;78,58036;;1,06691;;;1,03428;;;1,17909;;;
2008-11-11;78,57859;;1,06688;;;1,03426;;;1,17906;;;
2008-11-12;78,57683;;1,06686;;;1,03423;;;1,17903;;;
2008-11-13;78,57506;;1,06684;;;1,03421;;;1,17901;;;
2008-11-14;78,57329;;1,06681;;;1,03419;;;1,17898;;;
2008-11-15;78,57153;;1,06679;;;1,03416;;;1,17895;;;
2008-11-16;78,56976;;1,06676;;;1,03414;;;1,17893;;;
2008-11-17;78,56799;;1,06674;;;1,03412;;;1,1789;;;
2008-11-18;78,56623;;1,06672;;;1,03409;;;1,17887;;;
2008-11-19;78,56446;;1,06669;;;1,03407;;;1,17885;;;
2008-11-20;78,56269;;1,06667;;;1,03405;;;1,17882;;;
2008-11-21;78,56093;;1,06664;;;1,03403;;;1,17879;;;
2008-11-22;78,55916;;1,06662;;;1,034;;;1,17877;;;
2008-11-23;78,5574;;1,0666;;;1,03398;;;1,17874;;;
2008-11-24;78,55563;;1,06657;;;1,03396;;;1,17871;;;
2008-11-25;78,55386;;1,06655;;;1,03393;;;1,17869;;;
2008-11-26;78,5521;;1,06652;;;1,03391;;;1,17866;;;
2008-11-27;78,55033;;1,0665;;;1,03389;;;1,17863;;;
2008-11-28;78,54857;;1,06648;;;1,03386;;;1,17861;;;
2008-11-29;78,5468;;1,06645;;;1,03384;;;1,17858;;;
2008-11-30;78,54503;;1,06643;;;1,03382;;;1,17856;;;
2008-12-01;78,54327;;1,0664;;;1,03379;;;1,17853;;;
2008-12-02;78,54176;;1,06638;;;1,03377;;;1,17851;;;
2008-12-03;78,54027;;1,06636;;;1,03375;;;1,17848;;;
2008-12-04;78,53878;;1,06634;;;1,03373;;;1,17846;;;
2008-12-05;78,53728;;1,06632;;;1,03371;;;1,17844;;;
2008-12-06;78,53579;;1,0663;;;1,03369;;;1,17842;;;
2008-12-07;78,53429;;1,06628;;;1,03367;;;1,17839;;;
2008-12-08;78,53279;;1,06626;;;1,03365;;;1,17837;;;
2008-12-09;78,5313;;1,06624;;;1,03364;;;1,17835;;;
2008-12-10;78,5298;;1,06622;;;1,03362;;;1,17833;;;
2008-12-11;78,52831;;1,0662;;;1,0336;;;1,1783;;;
2008-12-12;78,52681;;1,06618;;;1,03358;;;1,17828;;;
2008-12-13;78,52531;;1,06616;;;1,03356;;;1,17826;;;
2008-12-14;78,52382;;1,06614;;;1,03354;;;1,17824;;;
2008-12-15;78,52233;;1,06612;;;1,03352;;;1,17821;;;
2008-12-16;78,52082;;1,0661;;;1,0335;;;1,17819;;;
2008-12-17;78,51933;;1,06608;;;1,03348;;;1,17817;;;
2008-12-18;78,51784;;1,06606;;;1,03346;;;1,17815;;;
2008-12-19;78,51633;;1,06604;;;1,03344;;;1,17812;;;
2008-12-20;78,51485;;1,06602;;;1,03342;;;1,1781;;;
2008-12-21;78,51335;;1,066;;;1,0334;;;1,17808;;;
2008-12-22;78,51185;;1,06598;;;1,03338;;;1,17806;;;
2008-12-23;78,51035;;1,06596;;;1,03336;;;1,17803;;;
2008-12-24;78,50886;;1,06594;;;1,03334;;;1,17801;;;
2008-12-25;78,50736;;1,06592;;;1,03332;;;1,17799;;;
2008-12-26;78,50587;;1,0659;;;1,0333;;;1,17797;;;
2008-12-27;78,50437;;1,06588;;;1,03328;;;1,17795;;;
2008-12-28;78,50287;;1,06586;;;1,03326;;;1,17792;;;
2008-12-29;78,50138;;1,06583;;;1,03324;;;1,1779;;;
2008-12-30;78,49988;;1,06581;;;1,03322;;;1,17788;;;
2008-12-31;78,49839;;1,06579;;;1,0332;;;1,17786;;;
2009-01-01;78,49689;;1,06577;;;1,03318;;;1,17783;;;
2009-01-02;78,48471;;1,06561;;;1,03302;;;1,17765;;;
2009-01-03;78,47253;;1,06544;;;1,03286;;;1,17747;;;
2009-01-04;78,46035;;1,06528;;;1,0327;;;1,17728;;;
2009-01-05;78,44816;;1,06511;;;1,03254;;;1,1771;;;
2009-01-06;78,43598;;1,06495;;;1,03238;;;1,17692;;;
2009-01-07;78,4238;;1,06478;;;1,03222;;;1,17674;;;
2009-01-08;78,41163;;1,06462;;;1,03206;;;1,17655;;;
2009-01-09;78,39944;;1,06445;;;1,0319;;;1,17637;;;
2009-01-10;78,38726;;1,06429;;;1,03174;;;1,17619;;;
2009-01-11;78,37508;;1,06412;;;1,03158;;;1,17601;;;
2009-01-12;78,36289;;1,06395;;;1,03142;;;1,17582;;;
2009-01-13;78,35072;;1,06379;;;1,03126;;;1,17564;;;
2009-01-14;78,33854;;1,06362;;;1,0311;;;1,17546;;;
2009-01-15;78,32636;;1,06346;;;1,03094;;;1,17527;;;
2009-01-16;78,31417;;1,06329;;;1,03078;;;1,17509;;;
2009-01-17;78,302;;1,06313;;;1,03062;;;1,17491;;;
2009-01-18;78,28981;;1,06296;;;1,03046;;;1,17473;;;
2009-01-19;78,27763;;1,0628;;;1,0303;;;1,17454;;;
2009-01-20;78,26546;;1,06263;;;1,03014;;;1,17436;;;
2009-01-21;78,25327;;1,06247;;;1,02998;;;1,17418;;;
2009-01-22;78,24109;;1,0623;;;1,02982;;;1,17399;;;
2009-01-23;78,2289;;1,06214;;;1,02965;;;1,17381;;;
2009-01-24;78,21673;;1,06197;;;1,02949;;;1,17363;;;
2009-01-25;78,20455;;1,0618;;;1,02933;;;1,17345;;;
2009-01-26;78,19236;;1,06164;;;1,02917;;;1,17326;;;
2009-01-27;78,18019;;1,06147;;;1,02901;;;1,17308;;;
2009-01-28;78,168;;1,06131;;;1,02885;;;1,1729;;;
2009-01-29;78,15583;;1,06114;;;1,02869;;;1,17272;;;
2009-01-30;78,14364;;1,06098;;;1,02853;;;1,17253;;;
2009-01-31;78,13146;;1,06081;;;1,02837;;;1,17235;;;
2009-02-01;78,11928;;1,06065;;;1,02821;;;1,17217;;;
2009-02-02;78,11242;;1,06055;;;1,02812;;;1,17206;;;
2009-02-03;78,10556;;1,06046;;;1,02803;;;1,17196;;;
2009-02-04;78,0987;;1,06037;;;1,02794;;;1,17186;;;
2009-02-05;78,09183;;1,06027;;;1,02785;;;1,17176;;;
2009-02-06;78,08497;;1,06018;;;1,02776;;;1,17165;;;
2009-02-07;78,07811;;1,06009;;;1,02767;;;1,17155;;;
2009-02-08;78,07125;;1,05999;;;1,02758;;;1,17145;;;
2009-02-09;78,06439;;1,0599;;;1,02749;;;1,17134;;;
2009-02-10;78,05753;;1,05981;;;1,0274;;;1,17124;;;
2009-02-11;78,05067;;1,05972;;;1,02731;;;1,17114;;;
2009-02-12;78,0438;;1,05962;;;1,02722;;;1,17103;;;
2009-02-13;78,03694;;1,05953;;;1,02713;;;1,17093;;;
2009-02-14;78,03009;;1,05944;;;1,02704;;;1,17083;;;
2009-02-15;78,02322;;1,05934;;;1,02695;;;1,17073;;;
2009-02-16;78,01636;;1,05925;;;1,02686;;;1,17062;;;
2009-02-17;78,0095;;1,05916;;;1,02677;;;1,17052;;;
2009-02-18;78,00264;;1,05906;;;1,02668;;;1,17042;;;
2009-02-19;77,99578;;1,05897;;;1,02659;;;1,17031;;;
2009-02-20;77,98891;;1,05888;;;1,0265;;;1,17021;;;
2009-02-21;77,98206;;1,05878;;;1,02641;;;1,17011;;;
2009-02-22;77,97519;;1,05869;;;1,02632;;;1,17;;;
2009-02-23;77,96833;;1,0586;;;1,02623;;;1,1699;;;
2009-02-24;77,96147;;1,0585;;;1,02613;;;1,1698;;;
2009-02-25;77,95461;;1,05841;;;1,02604;;;1,1697;;;
2009-02-26;77,94775;;1,05832;;;1,02595;;;1,16959;;;
2009-02-27;77,94088;;1,05822;;;1,02586;;;1,16949;;;
2009-02-28;77,93403;;1,05813;;;1,02577;;;1,16939;;;
2009-03-01;77,92716;;1,05804;;;1,02568;;;1,16928;;;
2009-03-02;77,91647;;1,05789;;;1,02554;;;1,16912;;;
2009-03-03;77,90579;;1,05775;;;1,0254;;;1,16896;;;
2009-03-04;77,8951;;1,0576;;;1,02526;;;1,1688;;;
2009-03-05;77,88442;;1,05746;;;1,02512;;;1,16864;;;
2009-03-06;77,87374;;1,05731;;;1,02498;;;1,16848;;;
2009-03-07;77,86305;;1,05717;;;1,02484;;;1,16832;;;
2009-03-08;77,85237;;1,05702;;;1,0247;;;1,16816;;;
2009-03-09;77,84168;;1,05688;;;1,02456;;;1,168;;;
2009-03-10;77,831;;1,05673;;;1,02442;;;1,16784;;;
2009-03-11;77,82031;;1,05659;;;1,02428;;;1,16768;;;
2009-03-12;77,80962;;1,05644;;;1,02414;;;1,16752;;;
2009-03-13;77,79894;;1,0563;;;1,024;;;1,16736;;;
2009-03-14;77,78825;;1,05615;;;1,02386;;;1,1672;;;
2009-03-15;77,77757;;1,05601;;;1,02371;;;1,16704;;;
2009-03-16;77,76688;;1,05586;;;1,02357;;;1,16688;;;
2009-03-17;77,7562;;1,05572;;;1,02343;;;1,16672;;;
2009-03-18;77,74552;;1,05557;;;1,02329;;;1,16656;;;
2009-03-19;77,73483;;1,05543;;;1,02315;;;1,1664;;;
2009-03-20;77,72414;;1,05528;;;1,02301;;;1,16624;;;
2009-03-21;77,71346;;1,05514;;;1,02287;;;1,16608;;;
2009-03-22;77,70277;;1,05499;;;1,02273;;;1,16592;;;
2009-03-23;77,69209;;1,05485;;;1,02259;;;1,16576;;;
2009-03-24;77,68141;;1,0547;;;1,02245;;;1,1656;;;
2009-03-25;77,67071;;1,05456;;;1,02231;;;1,16544;;;
2009-03-26;77,66003;;1,05441;;;1,02217;;;1,16528;;;
2009-03-27;77,64935;;1,05427;;;1,02203;;;1,16512;;;
2009-03-28;77,63867;;1,05412;;;1,02189;;;1,16496;;;
2009-03-29;77,62798;;1,05398;;;1,02175;;;1,1648;;;
2009-03-30;77,61729;;1,05383;;;1,0216;;;1,16463;;;
2009-03-31;77,60661;;1,05369;;;1,02146;;;1,16447;;;
2009-04-01;77,59592;;1,05354;;;1,02132;;;1,16431;;;
2009-04-02;77,60608;;1,05368;;;1,02146;;;1,16447;;;
2009-04-03;77,61624;;1,05382;;;1,02159;;;1,16462;;;
2009-04-04;77,6264;;1,05396;;;1,02172;;;1,16477;;;
2009-04-05;77,63655;;1,05409;;;1,02186;;;1,16492;;;
2009-04-06;77,64671;;1,05423;;;1,02199;;;1,16508;;;
2009-04-07;77,65687;;1,05437;;;1,02213;;;1,16523;;;
2009-04-08;77,66703;;1,05451;;;1,02226;;;1,16538;;;
2009-04-09;77,67719;;1,05464;;;1,02239;;;1,16553;;;
2009-04-10;77,68735;;1,05478;;;1,02253;;;1,16569;;;
2009-04-11;77,6975;;1,05492;;;1,02266;;;1,16584;;;
2009-04-12;77,70766;;1,05506;;;1,02279;;;1,16599;;;
2009-04-13;77,71782;;1,0552;;;1,02293;;;1,16614;;;
2009-04-14;77,72798;;1,05533;;;1,02306;;;1,1663;;;
2009-04-15;77,73814;;1,05547;;;1,0232;;;1,16645;;;
2009-04-16;77,74829;;1,05561;;;1,02333;;;1,1666;;;
2009-04-17;77,75845;;1,05575;;;1,02346;;;1,16675;;;
2009-04-18;77,76861;;1,05589;;;1,0236;;;1,16691;;;
2009-04-19;77,77877;;1,05602;;;1,02373;;;1,16706;;;
2009-04-20;77,78893;;1,05616;;;1,02386;;;1,16721;;;
2009-04-21;77,79908;;1,0563;;;1,024;;;1,16736;;;
2009-04-22;77,80924;;1,05644;;;1,02413;;;1,16751;;;
2009-04-23;77,8194;;1,05658;;;1,02426;;;1,16767;;;
2009-04-24;77,82956;;1,05671;;;1,0244;;;1,16782;;;
2009-04-25;77,83972;;1,05685;;;1,02453;;;1,16797;;;
2009-04-26;77,84987;;1,05699;;;1,02467;;;1,16812;;;
2009-04-27;77,86003;;1,05713;;;1,0248;;;1,16828;;;
2009-04-28;77,87019;;1,05727;;;1,02493;;;1,16843;;;
2009-04-29;77,88035;;1,0574;;;1,02507;;;1,16858;;;
2009-04-30;77,8905;;1,05754;;;1,0252;;;1,16873;;;
2009-05-01;77,90066;;1,05768;;;1,02533;;;1,16889;;;
2009-05-02;77,90537;;1,05774;;;1,0254;;;1,16896;;;
2009-05-03;77,91007;;1,05781;;;1,02546;;;1,16903;;;
2009-05-04;77,91476;;1,05787;;;1,02552;;;1,1691;;;
2009-05-05;77,91947;;1,05793;;;1,02558;;;1,16917;;;
2009-05-06;77,92417;;1,058;;;1,02564;;;1,16924;;;
2009-05-07;77,92887;;1,05806;;;1,02571;;;1,16931;;;
2009-05-08;77,93358;;1,05813;;;1,02577;;;1,16938;;;
2009-05-09;77,93827;;1,05819;;;1,02583;;;1,16945;;;
2009-05-10;77,94297;;1,05825;;;1,02589;;;1,16952;;;
2009-05-11;77,94768;;1,05832;;;1,02595;;;1,16959;;;
2009-05-12;77,95238;;1,05838;;;1,02602;;;1,16966;;;
2009-05-13;77,95708;;1,05844;;;1,02608;;;1,16973;;;
2009-05-14;77,96178;;1,05851;;;1,02614;;;1,1698;;;
2009-05-15;77,96648;;1,05857;;;1,0262;;;1,16987;;;
2009-05-16;77,97118;;1,05864;;;1,02626;;;1,16994;;;
2009-05-17;77,97589;;1,0587;;;1,02632;;;1,17002;;;
2009-05-18;77,98059;;1,05876;;;1,02639;;;1,17009;;;
2009-05-19;77,98529;;1,05883;;;1,02645;;;1,17016;;;
2009-05-20;77,98999;;1,05889;;;1,02651;;;1,17023;;;
2009-05-21;77,99469;;1,05896;;;1,02657;;;1,1703;;;
2009-05-22;77,99939;;1,05902;;;1,02663;;;1,17037;;;
2009-05-23;78,0041;;1,05908;;;1,0267;;;1,17044;;;
2009-05-24;78,0088;;1,05915;;;1,02676;;;1,17051;;;
2009-05-25;78,0135;;1,05921;;;1,02682;;;1,17058;;;
2009-05-26;78,0182;;1,05927;;;1,02688;;;1,17065;;;
2009-05-27;78,0229;;1,05934;;;1,02694;;;1,17072;;;
2009-05-28;78,0276;;1,0594;;;1,02701;;;1,17079;;;
2009-05-29;78,0323;;1,05947;;;1,02707;;;1,17086;;;
2009-05-30;78,03701;;1,05953;;;1,02713;;;1,17093;;;
2009-05-31;78,0417;;1,05959;;;1,02719;;;1,171;;;
2009-06-01;78,0464;;1,05966;;;1,02725;;;1,17107;;;
2009-06-02;78,0506;;1,05971;;;1,02731;;;1,17114;;;
2009-06-03;78,0548;;1,05977;;;1,02736;;;1,1712;;;
2009-06-04;78,059;;1,05983;;;1,02742;;;1,17126;;;
2009-06-05;78,06319;;1,05989;;;1,02747;;;1,17133;;;
2009-06-06;78,06738;;1,05994;;;1,02753;;;1,17139;;;
2009-06-07;78,07158;;1,06;;;1,02758;;;1,17145;;;
2009-06-08;78,07577;;1,06006;;;1,02764;;;1,17151;;;
2009-06-09;78,07998;;1,06011;;;1,02769;;;1,17158;;;
2009-06-10;78,08417;;1,06017;;;1,02775;;;1,17164;;;
2009-06-11;78,08836;;1,06023;;;1,02781;;;1,1717;;;
2009-06-12;78,09256;;1,06028;;;1,02786;;;1,17177;;;
2009-06-13;78,09675;;1,06034;;;1,02792;;;1,17183;;;
2009-06-14;78,10095;;1,0604;;;1,02797;;;1,17189;;;
2009-06-15;78,10515;;1,06046;;;1,02803;;;1,17195;;;
2009-06-16;78,10934;;1,06051;;;1,02808;;;1,17202;;;
2009-06-17;78,11354;;1,06057;;;1,02814;;;1,17208;;;
2009-06-18;78,11774;;1,06063;;;1,02819;;;1,17214;;;
2009-06-19;78,12193;;1,06068;;;1,02825;;;1,17221;;;
2009-06-20;78,12612;;1,06074;;;1,0283;;;1,17227;;;
2009-06-21;78,13032;;1,0608;;;1,02836;;;1,17233;;;
2009-06-22;78,13452;;1,06085;;;1,02841;;;1,1724;;;
2009-06-23;78,13871;;1,06091;;;1,02847;;;1,17246;;;
2009-06-24;78,14291;;1,06097;;;1,02852;;;1,17252;;;
2009-06-25;78,1471;;1,06102;;;1,02858;;;1,17258;;;
2009-06-26;78,15129;;1,06108;;;1,02863;;;1,17265;;;
2009-06-27;78,1555;;1,06114;;;1,02869;;;1,17271;;;
2009-06-28;78,15969;;1,0612;;;1,02874;;;1,17277;;;
2009-06-29;78,16389;;1,06125;;;1,0288;;;1,17284;;;
2009-06-30;78,16809;;1,06131;;;1,02885;;;1,1729;;;
2009-07-01;78,17228;;1,06137;;;1,02891;;;1,17296;;;
2009-07-02;78,17612;;1,06142;;;1,02896;;;1,17302;;;
2009-07-03;78,17997;;1,06147;;;1,02901;;;1,17308;;;
2009-07-04;78,18382;;1,06152;;;1,02906;;;1,17314;;;
2009-07-05;78,18767;;1,06158;;;1,02911;;;1,17319;;;
2009-07-06;78,19151;;1,06163;;;1,02916;;;1,17325;;;
2009-07-07;78,19536;;1,06168;;;1,02921;;;1,17331;;;
2009-07-08;78,19921;;1,06173;;;1,02926;;;1,17337;;;
2009-07-09;78,20305;;1,06178;;;1,02931;;;1,17342;;;
2009-07-10;78,2069;;1,06184;;;1,02937;;;1,17348;;;
2009-07-11;78,21074;;1,06189;;;1,02942;;;1,17354;;;
2009-07-12;78,21459;;1,06194;;;1,02947;;;1,1736;;;
2009-07-13;78,21844;;1,06199;;;1,02952;;;1,17365;;;
2009-07-14;78,22228;;1,06205;;;1,02957;;;1,17371;;;
2009-07-15;78,22613;;1,0621;;;1,02962;;;1,17377;;;
2009-07-16;78,22998;;1,06215;;;1,02967;;;1,17383;;;
2009-07-17;78,23382;;1,0622;;;1,02972;;;1,17389;;;
2009-07-18;78,23767;;1,06225;;;1,02977;;;1,17394;;;
2009-07-19;78,24152;;1,06231;;;1,02982;;;1,174;;;
2009-07-20;78,24536;;1,06236;;;1,02987;;;1,17406;;;
2009-07-21;78,24921;;1,06241;;;1,02992;;;1,17412;;;
2009-07-22;78,25306;;1,06246;;;1,02997;;;1,17417;;;
2009-07-23;78,2569;;1,06252;;;1,03002;;;1,17423;;;
2009-07-24;78,26075;;1,06257;;;1,03007;;;1,17429;;;
2009-07-25;78,2646;;1,06262;1;;1,03012;;;1,17435;;;
2009-07-26;78,26844;;1,06267;1,00005;;1,03018;;;1,17441;;;
2009-07-27;78,27229;;1,06272;1,0001;;1,03023;;;1,17446;;;
2009-07-28;78,27613;;1,06278;1,00015;;1,03028;;;1,17452;;;
2009-07-29;78,27999;;1,06283;1,0002;;1,03033;;;1,17458;;;
2009-07-30;78,28383;;1,06288;1,00025;;1,03038;;;1,17464;;;
2009-07-31;78,28767;;1,06293;1,00029;;1,03043;;;1,17469;;;
2009-08-01;78,29152;;1,06299;1,00034;;1,03048;;;1,17475;;;
2009-08-02;78,29473;;1,06303;1,00039;;1,03052;;;1,1748;;;
2009-08-03;78,29794;;1,06307;1,00043;;1,03056;;;1,17485;;;
2009-08-04;78,30114;;1,06312;1,00047;;1,03061;;;1,1749;;;
2009-08-05;78,30434;;1,06316;1,00051;;1,03065;;;1,17494;;;
2009-08-06;78,30755;;1,0632;1,00055;;1,03069;;;1,17499;;;
2009-08-07;78,31076;;1,06325;1,00059;;1,03073;;;1,17504;;;
2009-08-08;78,31396;;1,06329;1,00063;;1,03077;;;1,17509;;;
2009-08-09;78,31717;;1,06333;1,00067;;1,03082;;;1,17514;;;
2009-08-10;78,32037;;1,06338;1,00071;;1,03086;;;1,17518;;;
2009-08-11;78,32358;;1,06342;1,00075;;1,0309;;;1,17523;;;
2009-08-12;78,32679;;1,06346;1,00079;;1,03094;;;1,17528;;;
2009-08-13;78,32999;;1,06351;1,00084;;1,03099;;;1,17533;;;
2009-08-14;78,33319;;1,06355;1,00088;;1,03103;;;1,17538;;;
2009-08-15;78,3364;;1,06359;1,00092;;1,03107;;;1,17542;;;
2009-08-16;78,33961;;1,06364;1,00096;;1,03111;;;1,17547;;;
2009-08-17;78,34281;;1,06368;1,001;;1,03115;;;1,17552;;;
2009-08-18;78,34602;;1,06373;1,00104;;1,0312;;;1,17557;;;
2009-08-19;78,34922;;1,06377;1,00108;;1,03124;;;1,17562;;;
2009-08-20;78,35243;;1,06381;1,00112;;1,03128;;;1,17567;;;
2009-08-21;78,35563;;1,06386;1,00116;;1,03132;;;1,17571;;;
2009-08-22;78,35884;;1,0639;1,0012;;1,03137;;;1,17576;;;
2009-08-23;78,36204;;1,06394;1,00125;;1,03141;;;1,17581;;;
2009-08-24;78,36525;;1,06399;1,00129;;1,03145;;;1,17586;;;
2009-08-25;78,36845;;1,06403;1,00133;;1,03149;;;1,17591;;;
2009-08-26;78,37167;;1,06407;1,00137;;1,03153;;;1,17595;;;
2009-08-27;78,37487;;1,06412;1,00141;;1,03158;;;1,176;;;
2009-08-28;78,37808;;1,06416;1,00145;;1,03162;;;1,17605;;;
2009-08-29;78,38127;;1,0642;1,00149;;1,03166;;;1,1761;;;
2009-08-30;78,38449;;1,06425;1,00153;;1,0317;;;1,17615;;;
2009-08-31;78,38769;;1,06429;1,00157;;1,03174;;;1,17619;;;
2009-09-01;78,3909;;1,06433;1,00161;;1,03179;;;1,17624;;;
2009-09-02;78,37919;;1,06418;1,00146;;1,03163;;;1,17607;;;
2009-09-03;78,36749;;1,06402;1,00131;;1,03148;;;1,17589;;;
2009-09-04;78,35578;;1,06386;1,00117;;1,03132;;;1,17572;;;
2009-09-05;78,34407;;1,0637;1,00102;;1,03117;;;1,17554;;;
2009-09-06;78,33238;;1,06354;1,00087;;1,03102;;;1,17536;;;
2009-09-07;78,32067;;1,06338;1,00072;;1,03086;;;1,17519;;;
2009-09-08;78,30896;;1,06322;1,00057;;1,03071;;;1,17501;;;
2009-09-09;78,29726;;1,06306;1,00042;;1,03055;;;1,17484;;;
2009-09-10;78,28556;;1,0629;1,00027;;1,0304;;;1,17466;;;
2009-09-11;78,27385;;1,06275;1,00012;;1,03025;;;1,17449;;;
2009-09-12;78,26215;;1,06259;0,99997;;1,03009;;;1,17431;;;
2009-09-13;78,25045;;1,06243;0,99982;;1,02994;;;1,17414;;;
2009-09-14;78,23874;;1,06227;0,99967;;1,02978;;;1,17396;;;
2009-09-15;78,22704;;1,06211;0,99952;;1,02963;;;1,17378;;;
2009-09-16;78,21534;;1,06195;0,99937;;1,02948;;;1,17361;;;
2009-09-17;78,20363;;1,06179;0,99922;;1,02932;;;1,17343;;;
2009-09-18;78,19193;;1,06163;0,99907;;1,02917;;;1,17326;;;
2009-09-19;78,18023;;1,06147;0,99892;;1,02901;;;1,17308;;;
2009-09-20;78,16852;;1,06132;0,99877;;1,02886;;;1,17291;;;
2009-09-21;78,15682;;1,06116;0,99862;;1,02871;;;1,17273;;;
2009-09-22;78,14512;;1,061;0,99847;;1,02855;;;1,17255;;;
2009-09-23;78,13341;;1,06084;0,99832;;1,0284;;;1,17238;;;
2009-09-24;78,12171;;1,06068;0,99817;;1,02824;;;1,1722;;;
2009-09-25;78,11001;;1,06052;0,99802;;1,02809;;;1,17203;;;
2009-09-26;78,0983;;1,06036;0,99788;;1,02794;;;1,17185;;;
2009-09-27;78,0866;;1,0602;0,99773;;1,02778;;;1,17168;;;
2009-09-28;78,0749;;1,06004;0,99758;;1,02763;;;1,1715;;;
2009-09-29;78,06319;;1,05989;0,99743;;1,02747;;;1,17133;;;
2009-09-30;78,05149;;1,05973;0,99728;;1,02732;;;1,17115;;;
2009-10-01;78,03978;;1,05957;0,99713;;1,02717;;;1,17097;;;
2009-10-02;78,05282;;1,05974;0,99729;;1,02734;;;1,17117;;;
2009-10-03;78,06585;;1,05992;0,99746;;1,02751;;;1,17137;;;
2009-10-04;78,07889;;1,0601;0,99763;;1,02768;;;1,17156;;;
2009-10-05;78,09193;;1,06028;0,99779;;1,02785;;;1,17176;;;
2009-10-06;78,10497;;1,06045;0,99796;;1,02802;;;1,17195;;;
2009-10-07;78,11799;;1,06063;0,99813;;1,0282;;;1,17215;;;
2009-10-08;78,13103;;1,06081;0,99829;;1,02837;;;1,17234;;;
2009-10-09;78,14407;;1,06098;0,99846;;1,02854;;;1,17254;;;
2009-10-10;78,15711;;1,06116;0,99863;;1,02871;;;1,17273;;;
2009-10-11;78,17014;;1,06134;0,99879;;1,02888;;;1,17293;;;
2009-10-12;78,18318;;1,06151;0,99896;;1,02905;;;1,17313;;;
2009-10-13;78,19621;;1,06169;0,99913;;1,02922;;;1,17332;;;
2009-10-14;78,20925;;1,06187;0,99929;;1,0294;;;1,17352;;;
2009-10-15;78,22228;;1,06205;0,99946;;1,02957;;;1,17371;;;
2009-10-16;78,23532;;1,06222;0,99963;;1,02974;;;1,17391;;;
2009-10-17;78,24836;;1,0624;0,99979;;1,02991;;;1,1741;;;
2009-10-18;78,26139;;1,06258;0,99996;;1,03008;;;1,1743;;;
2009-10-19;78,27443;;1,06275;1,00013;;1,03025;;;1,17449;;;
2009-10-20;78,28746;;1,06293;1,00029;;1,03043;;;1,17469;;;
2009-10-21;78,3005;;1,06311;1,00046;;1,0306;;;1,17489;;;
2009-10-22;78,31354;;1,06328;1,00063;;1,03077;;;1,17508;;;
2009-10-23;78,32657;;1,06346;1,00079;;1,03094;;;1,17528;;;
2009-10-24;78,33961;;1,06364;1,00096;;1,03111;;;1,17547;;;
2009-10-25;78,35265;;1,06382;1,00113;;1,03128;;;1,17567;;;
2009-10-26;78,36568;;1,06399;1,00129;;1,03146;;;1,17586;;;
2009-10-27;78,37871;;1,06417;1,00146;;1,03163;;;1,17606;;;
2009-10-28;78,39175;;1,06435;1,00162;;1,0318;;;1,17626;;;
2009-10-29;78,40479;;1,06452;1,00179;;1,03197;;;1,17645;;;
2009-10-30;78,41783;;1,0647;1,00196;;1,03214;;;1,17665;;;
2009-10-31;78,43086;;1,06488;1,00212;;1,03231;;;1,17684;;;
2009-11-01;78,44389;;1,06505;1,00229;;1,03248;;;1,17704;;;
2009-11-02;78,43749;;1,06497;1,00221;;1,0324;;;1,17694;;;
2009-11-03;78,43109;;1,06488;1,00213;;1,03232;;;1,17685;;;
2009-11-04;78,42468;;1,06479;1,00205;;1,03223;;;1,17675;;;
2009-11-05;78,41828;;1,06471;1,00196;;1,03215;;;1,17665;;;
2009-11-06;78,41188;;1,06462;1,00188;;1,03206;;;1,17656;;;
2009-11-07;78,40547;;1,06453;1,0018;;1,03198;;;1,17646;;;
2009-11-08;78,39907;;1,06445;1,00172;;1,03189;;;1,17637;;;
2009-11-09;78,39266;;1,06436;1,00164;;1,03181;;;1,17627;;;
2009-11-10;78,38625;;1,06427;1,00155;;1,03173;;;1,17617;;;
2009-11-11;78,37985;;1,06418;1,00147;;1,03164;;;1,17608;;;
2009-11-12;78,37345;;1,0641;1,00139;;1,03156;;;1,17598;;;
2009-11-13;78,36704;;1,06401;1,00131;;1,03147;;;1,17588;;;
2009-11-14;78,36064;;1,06392;1,00123;;1,03139;;;1,17579;;;
2009-11-15;78,35424;;1,06384;1,00115;;1,0313;;;1,17569;;;
2009-11-16;78,34783;;1,06375;1,00106;;1,03122;;;1,1756;;;
2009-11-17;78,34143;;1,06366;1,00098;;1,03114;;;1,1755;;;
2009-11-18;78,33503;;1,06358;1,0009;;1,03105;;;1,1754;;;
2009-11-19;78,32862;;1,06349;1,00082;;1,03097;;;1,17531;;;
2009-11-20;78,32222;;1,0634;1,00074;;1,03088;;;1,17521;;;
2009-11-21;78,31582;;1,06332;1,00065;;1,0308;;;1,17512;;;
2009-11-22;78,30941;;1,06323;1,00057;;1,03071;;;1,17502;;;
2009-11-23;78,303;;1,06314;1,00049;;1,03063;;;1,17492;;;
2009-11-24;78,2966;;1,06305;1,00041;;1,03055;;;1,17483;;;
2009-11-25;78,2902;;1,06297;1,00033;;1,03046;;;1,17473;;;
2009-11-26;78,28379;;1,06288;1,00025;;1,03038;;;1,17464;;;
2009-11-27;78,27739;;1,06279;1,00016;;1,03029;;;1,17454;;;
2009-11-28;78,27099;;1,06271;1,00008;;1,03021;;;1,17444;;;
2009-11-29;78,26458;;1,06262;1;;1,03012;;;1,17435;;;
2009-11-30;78,25818;;1,06253;0,99992;;1,03004;;;1,17425;;;
2009-12-01;78,25178;;1,06245;0,99984;;1,02996;;;1,17416;;;
2009-12-02;78,25412;;1,06248;0,99987;;1,02999;;;1,17419;;;
2009-12-03;78,25648;;1,06251;0,9999;;1,03002;;;1,17423;;;
2009-12-04;78,25883;;1,06254;0,99993;;1,03005;;;1,17426;;;
2009-12-05;78,26118;;1,06257;0,99996;;1,03008;;;1,1743;;;
2009-12-06;78,26353;;1,06261;0,99999;;1,03011;;;1,17433;;;
2009-12-07;78,26588;;1,06264;1,00002;;1,03014;;;1,17437;;;
2009-12-08;78,26823;;1,06267;1,00005;;1,03017;;;1,1744;;;
2009-12-09;78,27058;;1,0627;1,00008;;1,0302;;;1,17444;;;
2009-12-10;78,27293;;1,06273;1,00011;;1,03023;;;1,17447;;;
2009-12-11;78,27528;;1,06277;1,00014;;1,03027;;;1,17451;;;
2009-12-12;78,27763;;1,0628;1,00017;;1,0303;;;1,17454;;;
2009-12-13;78,27999;;1,06283;1,0002;;1,03033;;;1,17458;;;
2009-12-14;78,28233;;1,06286;1,00023;;1,03036;;;1,17461;;;
2009-12-15;78,28469;;1,06289;1,00026;;1,03039;;;1,17465;;;
2009-12-16;78,28704;;1,06292;1,00029;;1,03042;;;1,17468;;;
2009-12-17;78,28938;;1,06296;1,00032;;1,03045;;;1,17472;;;
2009-12-18;78,29174;;1,06299;1,00035;;1,03048;;;1,17475;;;
2009-12-19;78,29408;;1,06302;1,00038;;1,03051;;;1,17479;;;
2009-12-20;78,29644;;1,06305;1,00041;;1,03054;;;1,17483;;;
2009-12-21;78,29879;;1,06308;1,00044;;1,03057;;;1,17486;;;
2009-12-22;78,30114;;1,06312;1,00047;;1,03061;;;1,1749;;;
2009-12-23;78,30349;;1,06315;1,0005;;1,03064;;;1,17493;;;
2009-12-24;78,30584;;1,06318;1,00053;;1,03067;;;1,17497;;;
2009-12-25;78,30819;;1,06321;1,00056;;1,0307;;;1,175;;;
2009-12-26;78,31054;;1,06324;1,00059;;1,03073;;;1,17504;;;
2009-12-27;78,31289;;1,06328;1,00062;;1,03076;;;1,17507;;;
2009-12-28;78,31525;;1,06331;1,00065;;1,03079;;;1,17511;;;
2009-12-29;78,31759;;1,06334;1,00068;;1,03082;;;1,17514;;;
2009-12-30;78,31995;;1,06337;1,00071;;1,03085;;;1,17518;;;
2009-12-31;78,32229;;1,0634;1,00074;;1,03088;;;1,17521;;;
2010-01-01;78,32465;;1,06344;1,00077;;1,03092;;;1,17525;;;
2010-01-02;78,32636;;1,06346;1,00079;;1,03094;;;1,17527;;;
2010-01-03;78,32807;;1,06348;1,00081;;1,03096;;;1,1753;;;
2010-01-04;78,32978;;1,0635;1,00083;;1,03098;;;1,17533;;;
2010-01-05;78,33148;;1,06353;1,00085;;1,03101;;;1,17535;;;
2010-01-06;78,33319;;1,06355;1,00088;;1,03103;;;1,17538;;;
2010-01-07;78,3349;;1,06357;1,0009;;1,03105;;;1,1754;;;
2010-01-08;78,33661;;1,0636;1,00092;;1,03107;;;1,17543;;;
2010-01-09;78,33832;;1,06362;1,00094;;1,0311;;;1,17545;;;
2010-01-10;78,34004;;1,06364;1,00096;;1,03112;;;1,17548;;;
2010-01-11;78,34175;;1,06367;1,00099;;1,03114;;;1,17551;;;
2010-01-12;78,34346;;1,06369;1,00101;;1,03116;;;1,17553;;;
2010-01-13;78,34517;;1,06371;1,00103;;1,03119;;;1,17556;;;
2010-01-14;78,34687;;1,06374;1,00105;;1,03121;;;1,17558;;;
2010-01-15;78,34858;;1,06376;1,00107;;1,03123;;;1,17561;;;
2010-01-16;78,35029;;1,06378;1,00109;;1,03125;;;1,17563;;;
2010-01-17;78,352;;1,06381;1,00112;;1,03128;;;1,17566;;;
2010-01-18;78,35371;;1,06383;1,00114;;1,0313;;;1,17568;;;
2010-01-19;78,35542;;1,06385;1,00116;;1,03132;;;1,17571;;;
2010-01-20;78,35713;;1,06388;1,00118;;1,03134;;;1,17574;;;
2010-01-21;78,35884;;1,0639;1,0012;;1,03137;;;1,17576;;;
2010-01-22;78,36055;;1,06392;1,00123;;1,03139;;;1,17579;;;
2010-01-23;78,36225;;1,06395;1,00125;;1,03141;;;1,17581;;;
2010-01-24;78,36396;;1,06397;1,00127;;1,03143;;;1,17584;;;
2010-01-25;78,36568;;1,06399;1,00129;;1,03146;;;1,17586;;;
2010-01-26;78,36739;;1,06402;1,00131;;1,03148;;;1,17589;;;
2010-01-27;78,3691;;1,06404;1,00134;;1,0315;;;1,17592;;;
2010-01-28;78,37081;;1,06406;1,00136;;1,03152;;;1,17594;;;
2010-01-29;78,37252;;1,06409;1,00138;;1,03155;;;1,17597;;;
2010-01-30;78,37423;;1,06411;1,0014;;1,03157;;;1,17599;;;
2010-01-31;78,37594;;1,06413;1,00142;;1,03159;;;1,17602;;;
2010-02-01;78,37764;;1,06415;1,00144;;1,03161;;;1,17604;;;
2010-02-02;78,38451;;1,06425;1,00153;;1,0317;;;1,17615;;;
2010-02-03;78,39136;;1,06434;1,00162;;1,03179;;;1,17625;;;
2010-02-04;78,39823;;1,06443;1,00171;;1,03188;;;1,17635;;;
2010-02-05;78,40509;;1,06453;1,0018;;1,03197;;;1,17646;;;
2010-02-06;78,41195;;1,06462;1,00188;;1,03206;;;1,17656;;;
2010-02-07;78,41881;;1,06471;1,00197;;1,03215;;;1,17666;;;
2010-02-08;78,42567;;1,06481;1,00206;;1,03224;;;1,17676;;;
2010-02-09;78,43254;;1,0649;1,00215;;1,03234;;;1,17687;;;
2010-02-10;78,43939;;1,06499;1,00223;;1,03243;;;1,17697;;;
2010-02-11;78,44626;;1,06509;1,00232;;1,03252;;;1,17707;;;
2010-02-12;78,45312;;1,06518;1,00241;;1,03261;;;1,17718;;;
2010-02-13;78,45998;;1,06527;1,0025;;1,0327;;;1,17728;;;
2010-02-14;78,46684;;1,06537;1,00258;;1,03279;;;1,17738;;;
2010-02-15;78,4737;;1,06546;1,00267;;1,03288;;;1,17749;;;
2010-02-16;78,48057;;1,06555;1,00276;;1,03297;;;1,17759;;;
2010-02-17;78,48742;;1,06565;1,00285;;1,03306;;;1,17769;;;
2010-02-18;78,49428;;1,06574;1,00293;;1,03315;;;1,17779;;;
2010-02-19;78,50115;;1,06583;1,00302;;1,03324;;;1,1779;;;
2010-02-20;78,50801;;1,06592;1,00311;;1,03333;;;1,178;;;
2010-02-21;78,51487;;1,06602;1,0032;;1,03342;;;1,1781;;;
2010-02-22;78,52173;;1,06611;1,00329;;1,03351;;;1,17821;;;
2010-02-23;78,52859;;1,0662;1,00337;;1,0336;;;1,17831;;;
2010-02-24;78,53545;;1,0663;1,00346;;1,03369;;;1,17841;;;
2010-02-25;78,54231;;1,06639;1,00355;;1,03378;;;1,17851;;;
2010-02-26;78,54918;;1,06648;1,00364;;1,03387;;;1,17862;;;
2010-02-27;78,55604;;1,06658;1,00372;;1,03396;;;1,17872;;;
2010-02-28;78,5629;;1,06667;1,00381;;1,03405;;;1,17882;;;
2010-03-01;78,56976;;1,06676;1,0039;;1,03414;;;1,17893;;;
2010-03-02;78,56378;;1,06668;1,00382;;1,03406;;;1,17884;;;
2010-03-03;78,5578;;1,0666;1,00375;;1,03398;;;1,17875;;;
2010-03-04;78,55181;;1,06652;1,00367;;1,03391;;;1,17866;;;
2010-03-05;78,54583;;1,06644;1,00359;;1,03383;;;1,17857;;;
2010-03-06;78,53984;;1,06636;1,00352;;1,03375;;;1,17848;;;
2010-03-07;78,53387;;1,06628;1,00344;;1,03367;;;1,17839;;;
2010-03-08;78,52788;;1,06619;1,00336;;1,03359;;;1,1783;;;
2010-03-09;78,52189;;1,06611;1,00329;;1,03351;;;1,17821;;;
2010-03-10;78,51591;;1,06603;1,00321;;1,03343;;;1,17812;;;
2010-03-11;78,50993;;1,06595;1,00313;;1,03335;;;1,17803;;;
2010-03-12;78,50395;;1,06587;1,00306;;1,03328;;;1,17794;;;
2010-03-13;78,49796;;1,06579;1,00298;;1,0332;;;1,17785;;;
2010-03-14;78,49197;;1,06571;1,00291;;1,03312;;;1,17776;;;
2010-03-15;78,486;;1,06563;1,00283;;1,03304;;;1,17767;;;
2010-03-16;78,48001;;1,06554;1,00275;;1,03296;;;1,17758;;;
2010-03-17;78,47402;;1,06546;1,00268;;1,03288;;;1,17749;;;
2010-03-18;78,46804;;1,06538;1,0026;;1,0328;;;1,1774;;;
2010-03-19;78,46206;;1,0653;1,00252;;1,03272;;;1,17731;;;
2010-03-20;78,45608;;1,06522;1,00245;;1,03264;;;1,17722;;;
2010-03-21;78,45008;;1,06514;1,00237;;1,03257;;;1,17713;;;
2010-03-22;78,44411;;1,06506;1,00229;;1,03249;;;1,17704;;;
2010-03-23;78,43812;;1,06498;1,00222;;1,03241;;;1,17695;;;
2010-03-24;78,43214;;1,06489;1,00214;;1,03233;;;1,17686;;;
2010-03-25;78,42616;;1,06481;1,00206;;1,03225;;;1,17677;;;
2010-03-26;78,42017;;1,06473;1,00199;;1,03217;;;1,17668;;;
2010-03-27;78,41419;;1,06465;1,00191;;1,03209;;;1,17659;;;
2010-03-28;78,4082;;1,06457;1,00183;;1,03201;;;1,1765;;;
2010-03-29;78,40222;;1,06449;1,00176;;1,03194;;;1,17641;;;
2010-03-30;78,39624;;1,06441;1,00168;;1,03186;;;1,17632;;;
2010-03-31;78,39025;;1,06433;1,00161;;1,03178;;;1,17623;;;
2010-04-01;78,38427;;1,06424;1,00153;;1,0317;;;1,17614;;;
2010-04-02;78,39907;;1,06445;1,00172;;1,03189;;;1,17637;;;
2010-04-03;78,41386;;1,06465;1,00191;;1,03209;;;1,17659;;;
2010-04-04;78,42866;;1,06485;1,0021;;1,03228;;;1,17681;;;
2010-04-05;78,44345;;1,06505;1,00229;;1,03248;;;1,17703;;;
2010-04-06;78,45825;;1,06525;1,00247;;1,03267;;;1,17725;;;
2010-04-07;78,47304;;1,06545;1,00266;;1,03287;;;1,17748;;;
2010-04-08;78,48783;;1,06565;1,00285;;1,03306;;;1,1777;;;
2010-04-09;78,50264;;1,06585;1,00304;;1,03326;;;1,17792;;;
2010-04-10;78,51743;;1,06605;1,00323;;1,03345;;;1,17814;;;
2010-04-11;78,53222;;1,06625;1,00342;;1,03365;;;1,17836;;;
2010-04-12;78,54702;;1,06645;1,00361;;1,03384;;;1,17859;;;
2010-04-13;78,56181;;1,06666;1,0038;;1,03404;;;1,17881;;;
2010-04-14;78,57661;;1,06686;1,00399;;1,03423;;;1,17903;;;
2010-04-15;78,5914;;1,06706;1,00418;;1,03443;;;1,17925;;;
2010-04-16;78,6062;;1,06726;1,00436;;1,03462;;;1,17947;;;
2010-04-17;78,62099;;1,06746;1,00455;;1,03482;;;1,1797;;;
2010-04-18;78,6358;;1,06766;1,00474;;1,03501;;;1,17992;;;
2010-04-19;78,65058;;1,06786;1,00493;;1,03521;;;1,18014;;;
2010-04-20;78,66538;;1,06806;1,00512;;1,0354;;;1,18036;;;
2010-04-21;78,68018;;1,06826;1,00531;;1,03559;;;1,18058;;;
2010-04-22;78,69497;;1,06846;1,0055;;1,03579;;;1,18081;;;
2010-04-23;78,70977;;1,06866;1,00569;;1,03598;;;1,18103;;;
2010-04-24;78,72456;;1,06887;1,00588;;1,03618;;;1,18125;;;
2010-04-25;78,73936;;1,06907;1,00607;;1,03637;;;1,18147;;;
2010-04-26;78,75415;;1,06927;1,00626;;1,03657;;;1,18169;;;
2010-04-27;78,76895;;1,06947;1,00644;;1,03676;;;1,18192;;;
2010-04-28;78,78374;;1,06967;1,00663;;1,03696;;;1,18214;;;
2010-04-29;78,79854;;1,06987;1,00682;;1,03715;;;1,18236;;;
2010-04-30;78,81334;;1,07007;1,00701;;1,03735;;;1,18258;;;
2010-05-01;78,82813;;1,07027;1,0072;;1,03754;;;1,1828;;;
2010-05-02;78,84074;;1,07044;1,00736;;1,03771;;;1,18299;;;
2010-05-03;78,85335;;1,07061;1,00752;;1,03787;;;1,18318;;;
2010-05-04;78,86596;;1,07078;1,00768;;1,03804;;;1,18337;;;
2010-05-05;78,87856;;1,07096;1,00784;;1,03821;;;1,18356;;;
2010-05-06;78,89117;;1,07113;1,00801;;1,03837;;;1,18375;;;
2010-05-07;78,90378;;1,0713;1,00817;;1,03854;;;1,18394;;;
2010-05-08;78,91639;;1,07147;1,00833;;1,0387;;;1,18413;;;
2010-05-09;78,92899;;1,07164;1,00849;;1,03887;;;1,18432;;;
2010-05-10;78,9416;;1,07181;1,00865;;1,03904;;;1,18451;;;
2010-05-11;78,95422;;1,07198;1,00881;;1,0392;;;1,1847;;;
2010-05-12;78,96682;;1,07215;1,00897;;1,03937;;;1,18488;;;
2010-05-13;78,97944;;1,07233;1,00913;;1,03953;;;1,18507;;;
2010-05-14;78,99204;;1,0725;1,00929;;1,0397;;;1,18526;;;
2010-05-15;79,00465;;1,07267;1,00946;;1,03987;;;1,18545;;;
2010-05-16;79,01725;;1,07284;1,00962;;1,04003;;;1,18564;;;
2010-05-17;79,02987;;1,07301;1,00978;;1,0402;;;1,18583;;;
2010-05-18;79,04247;;1,07318;1,00994;;1,04036;;;1,18602;;;
2010-05-19;79,05508;;1,07335;1,0101;;1,04053;;;1,18621;;;
2010-05-20;79,06769;;1,07352;1,01026;;1,0407;;;1,1864;;;
2010-05-21;79,0803;;1,0737;1,01042;;1,04086;;;1,18659;;;
2010-05-22;79,09291;;1,07387;1,01058;;1,04103;;;1,18678;;;
2010-05-23;79,10552;;1,07404;1,01074;;1,04119;;;1,18697;;;
2010-05-24;79,11812;;1,07421;1,01091;;1,04136;;;1,18715;;;
2010-05-25;79,13073;;1,07438;1,01107;;1,04152;;;1,18734;;;
2010-05-26;79,14334;;1,07455;1,01123;;1,04169;;;1,18753;;;
2010-05-27;79,15595;;1,07472;1,01139;;1,04186;;;1,18772;;;
2010-05-28;79,16855;;1,07489;1,01155;;1,04202;;;1,18791;;;
2010-05-29;79,18116;;1,07506;1,01171;;1,04219;;;1,1881;;;
2010-05-30;79,19378;;1,07524;1,01187;;1,04235;;;1,18829;;;
2010-05-31;79,20639;;1,07541;1,01203;;1,04252;;;1,18848;;;
2010-06-01;79,21899;;1,07558;1,01219;;1,04269;;;1,18867;;;
2010-06-02;79,22606;;1,07567;1,01228;;1,04278;;;1,18877;;;
2010-06-03;79,23313;;1,07577;1,01238;;1,04287;;;1,18888;;;
2010-06-04;79,24019;;1,07587;1,01247;;1,04297;;;1,18899;;;
2010-06-05;79,24726;;1,07596;1,01256;;1,04306;;;1,18909;;;
2010-06-06;79,25432;;1,07606;1,01265;;1,04315;;;1,1892;;;
2010-06-07;79,26139;;1,07615;1,01274;;1,04324;;;1,1893;;;
2010-06-08;79,26846;;1,07625;1,01283;;1,04334;;;1,18941;;;
2010-06-09;79,27552;;1,07635;1,01292;;1,04343;;;1,18952;;;
2010-06-10;79,28259;;1,07644;1,01301;;1,04352;;;1,18962;;;
2010-06-11;79,28966;;1,07654;1,0131;;1,04362;;;1,18973;;;
2010-06-12;79,29672;;1,07663;1,01319;;1,04371;;;1,18983;;;
2010-06-13;79,30379;;1,07673;1,01328;;1,0438;;;1,18994;;;
2010-06-14;79,31086;;1,07683;1,01337;;1,0439;;;1,19005;;;
2010-06-15;79,31792;;1,07692;1,01346;;1,04399;;;1,19015;;;
2010-06-16;79,32499;;1,07702;1,01355;;1,04408;;;1,19026;;;
2010-06-17;79,33206;;1,07711;1,01364;;1,04417;;;1,19036;;;
2010-06-18;79,33912;;1,07721;1,01373;;1,04427;;;1,19047;;;
2010-06-19;79,34619;;1,07731;1,01382;;1,04436;;;1,19058;;;
2010-06-20;79,35326;;1,0774;1,01391;;1,04445;;;1,19068;;;
2010-06-21;79,36032;;1,0775;1,014;;1,04455;;;1,19079;;;
2010-06-22;79,36739;;1,07759;1,01409;;1,04464;;;1,19089;;;
2010-06-23;79,37445;;1,07769;1,01418;;1,04473;;;1,191;;;
2010-06-24;79,38152;;1,07778;1,01427;;1,04483;;;1,19111;;;
2010-06-25;79,38858;;1,07788;1,01436;;1,04492;;;1,19121;;;
2010-06-26;79,39565;;1,07798;1,01445;;1,04501;;;1,19132;;;
2010-06-27;79,40271;;1,07807;1,01454;;1,0451;;;1,19142;;;
2010-06-28;79,40978;;1,07817;1,01463;;1,0452;;;1,19153;;;
2010-06-29;79,41685;;1,07826;1,01472;;1,04529;;;1,19164;;;
2010-06-30;79,42391;;1,07836;1,01481;;1,04538;;;1,19174;;;
2010-07-01;79,43098;;1,07846;1,0149;;1,04548;;;1,19185;;;
2010-07-02;79,43398;;1,0785;1,01494;;1,04552;;;1,19189;;;
2010-07-03;79,43697;;1,07854;1,01498;;1,04556;;;1,19194;;;
2010-07-04;79,43996;;1,07858;1,01502;;1,04559;;;1,19198;;;
2010-07-05;79,44295;;1,07862;1,01506;;1,04563;;;1,19203;;;
2010-07-06;79,44595;;1,07866;1,01509;;1,04567;;;1,19207;;;
2010-07-07;79,44893;;1,0787;1,01513;;1,04571;;;1,19212;;;
2010-07-08;79,45192;;1,07874;1,01517;;1,04575;;;1,19216;;;
2010-07-09;79,45492;;1,07878;1,01521;;1,04579;;;1,19221;;;
2010-07-10;79,45791;;1,07882;1,01525;;1,04583;;;1,19225;;;
2010-07-11;79,4609;;1,07886;1,01529;;1,04587;;;1,1923;;;
2010-07-12;79,4639;;1,0789;1,01532;;1,04591;;;1,19234;;;
2010-07-13;79,46688;;1,07894;1,01536;;1,04595;;;1,19239;;;
2010-07-14;79,46988;;1,07898;1,0154;;1,04599;;;1,19243;;;
2010-07-15;79,47287;;1,07903;1,01544;;1,04603;;;1,19248;;;
2010-07-16;79,47586;;1,07907;1,01548;;1,04607;;;1,19252;;;
2010-07-17;79,47885;;1,07911;1,01551;;1,04611;;;1,19257;;;
2010-07-18;79,48184;;1,07915;1,01555;;1,04615;;;1,19261;;;
2010-07-19;79,48484;;1,07919;1,01559;;1,04619;;;1,19266;;;
2010-07-20;79,48783;;1,07923;1,01563;;1,04622;;;1,1927;;;
2010-07-21;79,49082;;1,07927;1,01567;;1,04626;;;1,19275;;;
2010-07-22;79,49382;;1,07931;1,01571;;1,0463;;;1,19279;;;
2010-07-23;79,4968;;1,07935;1,01574;;1,04634;;;1,19284;;;
2010-07-24;79,49979;;1,07939;1,01578;;1,04638;;;1,19288;;;
2010-07-25;79,50279;1;1,07943;1,01582;;1,04642;;;1,19293;;;
2010-07-26;79,50578;1,00004;1,07947;1,01586;;1,04646;;;1,19297;;;
2010-07-27;79,50877;1,00008;1,07951;1,0159;;1,0465;;;1,19302;;;
2010-07-28;79,51177;1,00011;1,07955;1,01594;;1,04654;;;1,19306;;;
2010-07-29;79,51476;1,00015;1,07959;1,01597;;1,04658;;;1,19311;;;
2010-07-30;79,51774;1,00019;1,07963;1,01601;;1,04662;;;1,19315;;;
2010-07-31;79,52073;1,00023;1,07967;1,01605;;1,04666;;;1,1932;;;
2010-08-01;79,52373;1,00026;1,07972;1,01609;;1,0467;;;1,19324;;;
2010-08-02;79,5233;1,00026;1,07971;1,01608;;1,04669;;;1,19323;;;
2010-08-03;79,52288;1,00025;1,0797;1,01608;;1,04669;;;1,19323;;;
2010-08-04;79,52244;1,00025;1,0797;1,01607;;1,04668;;;1,19322;;;
2010-08-05;79,52202;1,00024;1,07969;1,01607;;1,04668;;;1,19321;;;
2010-08-06;79,52159;1,00024;1,07969;1,01606;;1,04667;;;1,19321;;;
2010-08-07;79,52117;1,00023;1,07968;1,01606;;1,04666;;;1,1932;;;
2010-08-08;79,52073;1,00023;1,07967;1,01605;;1,04666;;;1,1932;;;
2010-08-09;79,52032;1,00022;1,07967;1,01604;;1,04665;;;1,19319;;;
2010-08-10;79,51988;1,00021;1,07966;1,01604;;1,04665;;;1,19318;;;
2010-08-11;79,51946;1,00021;1,07966;1,01603;;1,04664;;;1,19318;;;
2010-08-12;79,51903;1,0002;1,07965;1,01603;;1,04664;;;1,19317;;;
2010-08-13;79,5186;1,0002;1,07965;1,01602;;1,04663;;;1,19316;;;
2010-08-14;79,51817;1,00019;1,07964;1,01602;;1,04662;;;1,19316;;;
2010-08-15;79,51774;1,00019;1,07963;1,01601;;1,04662;;;1,19315;;;
2010-08-16;79,51732;1,00018;1,07963;1,01601;;1,04661;;;1,19314;;;
2010-08-17;79,51689;1,00018;1,07962;1,016;;1,04661;;;1,19314;;;
2010-08-18;79,51646;1,00017;1,07962;1,016;;1,0466;;;1,19313;;;
2010-08-19;79,51604;1,00017;1,07961;1,01599;;1,0466;;;1,19313;;;
2010-08-20;79,51561;1,00016;1,07961;1,01598;;1,04659;;;1,19312;;;
2010-08-21;79,51518;1,00016;1,0796;1,01598;;1,04659;;;1,19311;;;
2010-08-22;79,51476;1,00015;1,07959;1,01597;;1,04658;;;1,19311;;;
2010-08-23;79,51433;1,00015;1,07959;1,01597;;1,04657;;;1,1931;;;
2010-08-24;79,5139;1,00014;1,07958;1,01596;;1,04657;;;1,19309;;;
2010-08-25;79,51347;1,00013;1,07958;1,01596;;1,04656;;;1,19309;;;
2010-08-26;79,51305;1,00013;1,07957;1,01595;;1,04656;;;1,19308;;;
2010-08-27;79,51262;1,00012;1,07956;1,01595;;1,04655;;;1,19307;;;
2010-08-28;79,51219;1,00012;1,07956;1,01594;;1,04655;;;1,19307;;;
2010-08-29;79,51177;1,00011;1,07955;1,01594;;1,04654;;;1,19306;;;
2010-08-30;79,51133;1,00011;1,07955;1,01593;;1,04653;;;1,19305;;;
2010-08-31;79,51091;1,0001;1,07954;1,01592;;1,04653;;;1,19305;;;
2010-09-01;79,51048;1,0001;1,07954;1,01592;;1,04652;;;1,19304;;;
2010-09-02;79,50297;1;1,07943;1,01582;;1,04642;;;1,19293;;;
2010-09-03;79,49546;0,99991;1,07933;1,01573;;1,04633;;;1,19282;;;
2010-09-04;79,48796;0,99981;1,07923;1,01563;;1,04623;;;1,1927;;;
2010-09-05;79,48045;0,99972;1,07913;1,01554;;1,04613;;;1,19259;;;
2010-09-06;79,47294;0,99962;1,07903;1,01544;;1,04603;;;1,19248;;;
2010-09-07;79,46543;0,99953;1,07892;1,01534;;1,04593;;;1,19237;;;
2010-09-08;79,45793;0,99944;1,07882;1,01525;;1,04583;;;1,19225;;;
2010-09-09;79,45041;0,99934;1,07872;1,01515;;1,04573;;;1,19214;;;
2010-09-10;79,44291;0,99925;1,07862;1,01506;;1,04563;;;1,19203;;;
2010-09-11;79,4354;0,99915;1,07852;1,01496;;1,04553;;;1,19192;;;
2010-09-12;79,42789;0,99906;1,07841;1,01486;;1,04544;;;1,1918;;;
2010-09-13;79,42038;0,99896;1,07831;1,01477;;1,04534;;;1,19169;;;
2010-09-14;79,41288;0,99887;1,07821;1,01467;;1,04524;;;1,19158;;;
2010-09-15;79,40537;0,99877;1,07811;1,01458;;1,04514;;;1,19146;;;
2010-09-16;79,39786;0,99868;1,07801;1,01448;;1,04504;;;1,19135;;;
2010-09-17;79,39035;0,99859;1,0779;1,01438;;1,04494;;;1,19124;;;
2010-09-18;79,38284;0,99849;1,0778;1,01429;;1,04484;;;1,19113;;;
2010-09-19;79,37534;0,9984;1,0777;1,01419;;1,04474;;;1,19101;;;
2010-09-20;79,36783;0,9983;1,0776;1,0141;;1,04465;;;1,1909;;;
2010-09-21;79,36032;0,99821;1,0775;1,014;;1,04455;;;1,19079;;;
2010-09-22;79,35281;0,99811;1,0774;1,0139;;1,04445;;;1,19068;;;
2010-09-23;79,3453;0,99802;1,07729;1,01381;;1,04435;;;1,19056;;;
2010-09-24;79,33779;0,99792;1,07719;1,01371;;1,04425;;;1,19045;;;
2010-09-25;79,33029;0,99783;1,07709;1,01362;;1,04415;;;1,19034;;;
2010-09-26;79,32279;0,99774;1,07699;1,01352;;1,04405;;;1,19023;;;
2010-09-27;79,31527;0,99764;1,07689;1,01342;;1,04395;;;1,19011;;;
2010-09-28;79,30776;0,99755;1,07678;1,01333;;1,04385;;;1,19;;;
2010-09-29;79,30026;0,99745;1,07668;1,01323;;1,04376;;;1,18989;;;
2010-09-30;79,29275;0,99736;1,07658;1,01314;;1,04366;;;1,18977;;;
2010-10-01;79,28524;0,99726;1,07648;1,01304;;1,04356;;;1,18966;;;
2010-10-02;79,29143;0,99734;1,07656;1,01312;;1,04364;;;1,18975;;;
2010-10-03;79,29763;0,99742;1,07665;1,0132;;1,04372;;;1,18985;;;
2010-10-04;79,30383;0,9975;1,07673;1,01328;;1,0438;;;1,18994;;;
2010-10-05;79,31002;0,99758;1,07681;1,01336;;1,04388;;;1,19003;;;
2010-10-06;79,31623;0,99765;1,0769;1,01344;;1,04397;;;1,19013;;;
2010-10-07;79,32243;0,99773;1,07698;1,01352;;1,04405;;;1,19022;;;
2010-10-08;79,32862;0,99781;1,07707;1,0136;;1,04413;;;1,19031;;;
2010-10-09;79,33482;0,99789;1,07715;1,01367;;1,04421;;;1,19041;;;
2010-10-10;79,34101;0,99797;1,07723;1,01375;;1,04429;;;1,1905;;;
2010-10-11;79,34721;0,99804;1,07732;1,01383;;1,04437;;;1,19059;;;
2010-10-12;79,35341;0,99812;1,0774;1,01391;;1,04446;;;1,19068;;;
2010-10-13;79,35961;0,9982;1,07749;1,01399;;1,04454;;;1,19078;;;
2010-10-14;79,3658;0,99828;1,07757;1,01407;;1,04462;;;1,19087;;;
2010-10-15;79,372;0,99835;1,07766;1,01415;;1,0447;;;1,19096;;;
2010-10-16;79,37819;0,99843;1,07774;1,01423;;1,04478;;;1,19106;;;
2010-10-17;79,38439;0,99851;1,07782;1,01431;;1,04486;;;1,19115;;;
2010-10-18;79,3906;0,99859;1,07791;1,01439;;1,04495;;;1,19124;;;
2010-10-19;79,3968;0,99867;1,07799;1,01447;;1,04503;;;1,19134;;;
2010-10-20;79,40299;0,99874;1,07808;1,01455;;1,04511;;;1,19143;;;
2010-10-21;79,40919;0,99882;1,07816;1,01462;;1,04519;;;1,19152;;;
2010-10-22;79,41538;0,9989;1,07824;1,0147;;1,04527;;;1,19161;;;
2010-10-23;79,42158;0,99898;1,07833;1,01478;;1,04535;;;1,19171;;;
2010-10-24;79,42778;0,99906;1,07841;1,01486;;1,04543;;;1,1918;;;
2010-10-25;79,43398;0,99913;1,0785;1,01494;;1,04552;;;1,19189;;;
2010-10-26;79,44017;0,99921;1,07858;1,01502;;1,0456;;;1,19199;;;
2010-10-27;79,44637;0,99929;1,07867;1,0151;;1,04568;;;1,19208;;;
2010-10-28;79,45256;0,99937;1,07875;1,01518;;1,04576;;;1,19217;;;
2010-10-29;79,45876;0,99945;1,07883;1,01526;;1,04584;;;1,19227;;;
2010-10-30;79,46497;0,99952;1,07892;1,01534;;1,04592;;;1,19236;;;
2010-10-31;79,47117;0,9996;1,079;1,01542;;1,04601;;;1,19245;;;
2010-11-01;79,47736;0,99968;1,07909;1,0155;;1,04609;;;1,19254;;;
2010-11-02;79,47537;0,99966;1,07906;1,01547;;1,04606;;;1,19251;;;
2010-11-03;79,47339;0,99963;1,07903;1,01544;;1,04603;;;1,19249;;;
2010-11-04;79,47139;0,99961;1,07901;1,01542;;1,04601;;;1,19246;;;
2010-11-05;79,46941;0,99958;1,07898;1,01539;;1,04598;;;1,19243;;;
2010-11-06;79,46742;0,99956;1,07895;1,01537;;1,04596;;;1,1924;;;
2010-11-07;79,46543;0,99953;1,07892;1,01534;;1,04593;;;1,19237;;;
2010-11-08;79,46345;0,99951;1,0789;1,01532;;1,0459;;;1,19234;;;
2010-11-09;79,46146;0,99948;1,07887;1,01529;;1,04588;;;1,19231;;;
2010-11-10;79,45947;0,99946;1,07884;1,01527;;1,04585;;;1,19228;;;
2010-11-11;79,45748;0,99943;1,07882;1,01524;;1,04583;;;1,19225;;;
2010-11-12;79,45549;0,99941;1,07879;1,01522;;1,0458;;;1,19222;;;
2010-11-13;79,45351;0,99938;1,07876;1,01519;;1,04577;;;1,19219;;;
2010-11-14;79,45152;0,99936;1,07874;1,01517;;1,04575;;;1,19216;;;
2010-11-15;79,44953;0,99933;1,07871;1,01514;;1,04572;;;1,19213;;;
2010-11-16;79,44755;0,99931;1,07868;1,01511;;1,04569;;;1,1921;;;
2010-11-17;79,44556;0,99928;1,07865;1,01509;;1,04567;;;1,19207;;;
2010-11-18;79,44357;0,99926;1,07863;1,01506;;1,04564;;;1,19204;;;
2010-11-19;79,44158;0,99923;1,0786;1,01504;;1,04562;;;1,19201;;;
2010-11-20;79,43959;0,99921;1,07857;1,01501;;1,04559;;;1,19198;;;
2010-11-21;79,43761;0,99918;1,07855;1,01499;;1,04556;;;1,19195;;;
2010-11-22;79,43562;0,99916;1,07852;1,01496;;1,04554;;;1,19192;;;
2010-11-23;79,43364;0,99913;1,07849;1,01494;;1,04551;;;1,19189;;;
2010-11-24;79,43165;0,99911;1,07847;1,01491;;1,04549;;;1,19186;;;
2010-11-25;79,42966;0,99908;1,07844;1,01489;;1,04546;;;1,19183;;;
2010-11-26;79,42767;0,99906;1,07841;1,01486;;1,04543;;;1,1918;;;
2010-11-27;79,42568;0,99903;1,07838;1,01484;;1,04541;;;1,19177;;;
2010-11-28;79,4237;0,99901;1,07836;1,01481;;1,04538;;;1,19174;;;
2010-11-29;79,42171;0,99898;1,07833;1,01478;;1,04535;;;1,19171;;;
2010-11-30;79,41972;0,99896;1,0783;1,01476;;1,04533;;;1,19168;;;
2010-12-01;79,41774;0,99893;1,07828;1,01473;;1,0453;;;1,19165;;;
2010-12-02;79,42094;0,99897;1,07832;1,01477;;1,04534;;;1,1917;;;
2010-12-03;79,42415;0,99901;1,07836;1,01482;;1,04539;;;1,19175;;;
2010-12-04;79,42735;0,99905;1,07841;1,01486;;1,04543;;;1,19179;;;
2010-12-05;79,43056;0,99909;1,07845;1,0149;;1,04547;;;1,19184;;;
2010-12-06;79,43376;0,99913;1,07849;1,01494;;1,04551;;;1,19189;;;
2010-12-07;79,43697;0,99917;1,07854;1,01498;;1,04556;;;1,19194;;;
2010-12-08;79,44017;0,99921;1,07858;1,01502;;1,0456;;;1,19199;;;
2010-12-09;79,44337;0,99925;1,07862;1,01506;;1,04564;;;1,19203;;;
2010-12-10;79,44659;0,99929;1,07867;1,0151;;1,04568;;;1,19208;;;
2010-12-11;79,44979;0,99933;1,07871;1,01514;;1,04572;;;1,19213;;;
2010-12-12;79,453;0,99937;1,07876;1,01518;;1,04577;;;1,19218;;;
2010-12-13;79,45619;0,99941;1,0788;1,01523;;1,04581;;;1,19223;;;
2010-12-14;79,45941;0,99945;1,07884;1,01527;;1,04585;;;1,19228;;;
2010-12-15;79,46261;0,99949;1,07889;1,01531;;1,04589;;;1,19232;;;
2010-12-16;79,46582;0,99953;1,07893;1,01535;;1,04594;;;1,19237;;;
2010-12-17;79,46902;0,99958;1,07897;1,01539;;1,04598;;;1,19242;;;
2010-12-18;79,47223;0,99962;1,07902;1,01543;;1,04602;;;1,19247;;;
2010-12-19;79,47544;0,99966;1,07906;1,01547;;1,04606;;;1,19252;;;
2010-12-20;79,47864;0,9997;1,0791;1,01551;;1,0461;;;1,19256;;;
2010-12-21;79,48184;0,99974;1,07915;1,01555;;1,04615;;;1,19261;;;
2010-12-22;79,48505;0,99978;1,07919;1,01559;;1,04619;;;1,19266;;;
2010-12-23;79,48826;0,99982;1,07923;1,01563;;1,04623;;;1,19271;;;
2010-12-24;79,49146;0,99986;1,07928;1,01568;;1,04627;;;1,19276;;;
2010-12-25;79,49467;0,9999;1,07932;1,01572;;1,04631;;;1,1928;;;
2010-12-26;79,49787;0,99994;1,07936;1,01576;;1,04636;;;1,19285;;;
2010-12-27;79,50108;0,99998;1,07941;1,0158;;1,0464;;;1,1929;;;
2010-12-28;79,50428;1,00002;1,07945;1,01584;;1,04644;;;1,19295;;;
2010-12-29;79,50749;1,00006;1,0795;1,01588;;1,04648;;;1,193;;;
2010-12-30;79,51069;1,0001;1,07954;1,01592;;1,04653;;;1,19304;;;
2010-12-31;79,5139;1,00014;1,07958;1,01596;;1,04657;;;1,19309;;;
2011-01-01;79,5171;1,00018;1,07963;1,016;;1,04661;;;1,19314;;;
2011-01-02;79,51839;1,0002;1,07964;1,01602;;1,04663;;;1,19316;;;
2011-01-03;79,51967;1,00021;1,07966;1,01604;;1,04664;;;1,19318;;;
2011-01-04;79,52096;1,00023;1,07968;1,01605;;1,04666;;;1,1932;;;
2011-01-05;79,52223;1,00024;1,0797;1,01607;;1,04668;;;1,19322;;;
2011-01-06;79,52352;1,00026;1,07971;1,01609;;1,04669;;;1,19324;;;
2011-01-07;79,5248;1,00028;1,07973;1,0161;;1,04671;;;1,19326;;;
2011-01-08;79,52608;1,00029;1,07975;1,01612;;1,04673;;;1,19328;;;
2011-01-09;79,52736;1,00031;1,07976;1,01613;;1,04675;;;1,1933;;;
2011-01-10;79,52864;1,00033;1,07978;1,01615;;1,04676;;;1,19331;;;
2011-01-11;79,52992;1,00034;1,0798;1,01617;;1,04678;;;1,19333;;;
2011-01-12;79,53121;1,00036;1,07982;1,01618;;1,0468;;;1,19335;;;
2011-01-13;79,53249;1,00037;1,07983;1,0162;;1,04681;;;1,19337;;;
2011-01-14;79,53378;1,00039;1,07985;1,01622;;1,04683;;;1,19339;;;
2011-01-15;79,53506;1,00041;1,07987;1,01623;;1,04685;;;1,19341;;;
2011-01-16;79,53634;1,00042;1,07989;1,01625;;1,04686;;;1,19343;;;
2011-01-17;79,53762;1,00044;1,0799;1,01627;;1,04688;;;1,19345;;;
2011-01-18;79,5389;1,00045;1,07992;1,01628;;1,0469;;;1,19347;;;
2011-01-19;79,54019;1,00047;1,07994;1,0163;;1,04691;;;1,19349;;;
2011-01-20;79,54146;1,00049;1,07996;1,01631;;1,04693;;;1,19351;;;
2011-01-21;79,54275;1,0005;1,07997;1,01633;;1,04695;;;1,19353;;;
2011-01-22;79,54403;1,00052;1,07999;1,01635;;1,04696;;;1,19355;;;
2011-01-23;79,54531;1,00053;1,08001;1,01636;;1,04698;;;1,19356;;;
2011-01-24;79,5466;1,00055;1,08003;1,01638;;1,047;;;1,19358;;;
2011-01-25;79,54788;1,00057;1,08004;1,0164;;1,04702;;;1,1936;;;
2011-01-26;79,54917;1,00058;1,08006;1,01641;;1,04703;;;1,19362;;;
2011-01-27;79,55044;1,0006;1,08008;1,01643;;1,04705;;;1,19364;;;
2011-01-28;79,55173;1,00062;1,0801;1,01645;;1,04707;;;1,19366;;;
2011-01-29;79,55301;1,00063;1,08011;1,01646;;1,04708;;;1,19368;;;
2011-01-30;79,55429;1,00065;1,08013;1,01648;;1,0471;;;1,1937;;;
2011-01-31;79,55557;1,00066;1,08015;1,0165;;1,04712;;;1,19372;;;
2011-02-01;79,55685;1,00068;1,08017;1,01651;;1,04713;;;1,19374;;;
2011-02-02;79,56916;1,00083;1,08033;1,01667;;1,0473;;;1,19392;;;
2011-02-03;79,58146;1,00099;1,0805;1,01683;;1,04746;;;1,19411;;;
2011-02-04;79,59376;1,00114;1,08067;1,01698;;1,04762;;;1,19429;;;
2011-02-05;79,60607;1,0013;1,08083;1,01714;;1,04778;;;1,19448;;;
2011-02-06;79,61837;1,00145;1,081;1,0173;;1,04794;;;1,19466;;;
2011-02-07;79,63067;1,00161;1,08117;1,01745;;1,04811;;;1,19485;;;
2011-02-08;79,64297;1,00176;1,08133;1,01761;;1,04827;;;1,19503;;;
2011-02-09;79,65528;1,00192;1,0815;1,01777;;1,04843;;;1,19521;;;
2011-02-10;79,66758;1,00207;1,08167;1,01793;;1,04859;;;1,1954;;;
2011-02-11;79,67988;1,00223;1,08184;1,01808;;1,04875;;;1,19558;;;
2011-02-12;79,69219;1,00238;1,082;1,01824;;1,04891;;;1,19577;;;
2011-02-13;79,70449;1,00254;1,08217;1,0184;;1,04908;;;1,19595;;;
2011-02-14;79,71679;1,00269;1,08234;1,01856;;1,04924;;;1,19614;;;
2011-02-15;79,7291;1,00285;1,0825;1,01871;;1,0494;;;1,19632;;;
2011-02-16;79,7414;1,003;1,08267;1,01887;;1,04956;;;1,19651;;;
2011-02-17;79,7537;1,00316;1,08284;1,01903;;1,04972;;;1,19669;;;
2011-02-18;79,76601;1,00331;1,08301;1,01918;;1,04989;;;1,19688;;;
2011-02-19;79,77831;1,00347;1,08317;1,01934;;1,05005;;;1,19706;;;
2011-02-20;79,79061;1,00362;1,08334;1,0195;;1,05021;;;1,19725;;;
2011-02-21;79,80291;1,00378;1,08351;1,01966;;1,05037;;;1,19743;;;
2011-02-22;79,81522;1,00393;1,08367;1,01981;;1,05053;;;1,19761;;;
2011-02-23;79,82753;1,00408;1,08384;1,01997;;1,0507;;;1,1978;;;
2011-02-24;79,83983;1,00424;1,08401;1,02013;;1,05086;;;1,19798;;;
2011-02-25;79,85213;1,00439;1,08417;1,02028;;1,05102;;;1,19817;;;
2011-02-26;79,86443;1,00455;1,08434;1,02044;;1,05118;;;1,19835;;;
2011-02-27;79,87674;1,0047;1,08451;1,0206;;1,05134;;;1,19854;;;
2011-02-28;79,88904;1,00486;1,08468;1,02076;;1,05151;;;1,19872;;;
2011-03-01;79,90135;1,00501;1,08484;1,02091;;1,05167;;;1,19891;;;
2011-03-02;79,89514;1,00494;1,08476;1,02083;;1,05159;;;1,19881;;;
2011-03-03;79,88894;1,00486;1,08467;1,02075;;1,0515;;;1,19872;;;
2011-03-04;79,88275;1,00478;1,08459;1,02068;;1,05142;;;1,19863;;;
2011-03-05;79,87655;1,0047;1,08451;1,0206;;1,05134;;;1,19853;;;
2011-03-06;79,87036;1,00462;1,08442;1,02052;;1,05126;;;1,19844;;;
2011-03-07;79,86416;1,00455;1,08434;1,02044;;1,05118;;;1,19835;;;
2011-03-08;79,85796;1,00447;1,08425;1,02036;;1,0511;;;1,19826;;;
2011-03-09;79,85176;1,00439;1,08417;1,02028;;1,05102;;;1,19816;;;
2011-03-10;79,84557;1,00431;1,08409;1,0202;;1,05093;;;1,19807;;;
2011-03-11;79,83937;1,00423;1,084;1,02012;;1,05085;;;1,19798;;;
2011-03-12;79,83318;1,00416;1,08392;1,02004;;1,05077;;;1,19788;;;
2011-03-13;79,82698;1,00408;1,08383;1,01996;;1,05069;;;1,19779;;;
2011-03-14;79,82077;1,004;1,08375;1,01988;;1,05061;;;1,1977;;;
2011-03-15;79,81458;1,00392;1,08366;1,0198;;1,05053;;;1,1976;;;
2011-03-16;79,80838;1,00384;1,08358;1,01973;;1,05044;;;1,19751;;;
2011-03-17;79,80218;1,00377;1,0835;1,01965;;1,05036;;;1,19742;;;
2011-03-18;79,79599;1,00369;1,08341;1,01957;;1,05028;;;1,19733;;;
2011-03-19;79,78979;1,00361;1,08333;1,01949;;1,0502;;;1,19723;;;
2011-03-20;79,78359;1,00353;1,08324;1,01941;;1,05012;;;1,19714;;;
2011-03-21;79,77739;1,00345;1,08316;1,01933;;1,05004;;;1,19705;;;
2011-03-22;79,7712;1,00338;1,08308;1,01925;;1,04995;;;1,19695;;;
2011-03-23;79,765;1,0033;1,08299;1,01917;;1,04987;;;1,19686;;;
2011-03-24;79,75881;1,00322;1,08291;1,01909;;1,04979;;;1,19677;;;
2011-03-25;79,75261;1,00314;1,08282;1,01901;;1,04971;;;1,19667;;;
2011-03-26;79,74641;1,00306;1,08274;1,01893;;1,04963;;;1,19658;;;
2011-03-27;79,74021;1,00299;1,08265;1,01885;;1,04955;;;1,19649;;;
2011-03-28;79,73401;1,00291;1,08257;1,01878;;1,04947;;;1,1964;;;
2011-03-29;79,72781;1,00283;1,08249;1,0187;;1,04938;;;1,1963;;;
2011-03-30;79,72162;1,00275;1,0824;1,01862;;1,0493;;;1,19621;;;
2011-03-31;79,71542;1,00267;1,08232;1,01854;;1,04922;;;1,19612;;;
2011-04-01;79,70922;1,0026;1,08223;1,01846;;1,04914;;;1,19602;;;
2011-04-02;79,72203;1,00276;1,08241;1,01862;;1,04931;;;1,19622;;;
2011-04-03;79,73485;1,00292;1,08258;1,01879;;1,04948;;;1,19641;;;
2011-04-04;79,74765;1,00308;1,08276;1,01895;;1,04964;;;1,1966;;;
2011-04-05;79,76045;1,00324;1,08293;1,01911;;1,04981;;;1,19679;;;
2011-04-06;79,77327;1,0034;1,0831;1,01928;;1,04998;;;1,19698;;;
2011-04-07;79,78607;1,00356;1,08328;1,01944;;1,05015;;;1,19718;;;
2011-04-08;79,79887;1,00372;1,08345;1,0196;;1,05032;;;1,19737;;;
2011-04-09;79,81169;1,00389;1,08363;1,01977;;1,05049;;;1,19756;;;
2011-04-10;79,8245;1,00405;1,0838;1,01993;;1,05066;;;1,19775;;;
2011-04-11;79,8373;1,00421;1,08397;1,02009;;1,05082;;;1,19795;;;
2011-04-12;79,85011;1,00437;1,08415;1,02026;;1,05099;;;1,19814;;;
2011-04-13;79,86292;1,00453;1,08432;1,02042;;1,05116;;;1,19833;;;
2011-04-14;79,87572;1,00469;1,08449;1,02059;;1,05133;;;1,19852;;;
2011-04-15;79,88853;1,00485;1,08467;1,02075;;1,0515;;;1,19871;;;
2011-04-16;79,90135;1,00501;1,08484;1,02091;;1,05167;;;1,19891;;;
2011-04-17;79,91415;1,00517;1,08502;1,02108;;1,05184;;;1,1991;;;
2011-04-18;79,92696;1,00534;1,08519;1,02124;;1,052;;;1,19929;;;
2011-04-19;79,93977;1,0055;1,08536;1,0214;;1,05217;;;1,19948;;;
2011-04-20;79,95257;1,00566;1,08554;1,02157;;1,05234;;;1,19968;;;
2011-04-21;79,96538;1,00582;1,08571;1,02173;;1,05251;;;1,19987;;;
2011-04-22;79,97819;1,00598;1,08589;1,02189;;1,05268;;;1,20006;;;
2011-04-23;79,991;1,00614;1,08606;1,02206;;1,05285;;;1,20025;;;
2011-04-24;80,00381;1,0063;1,08623;1,02222;;1,05302;;;1,20044;;;
2011-04-25;80,01661;1,00646;1,08641;1,02239;;1,05318;;;1,20064;;;
2011-04-26;80,02942;1,00662;1,08658;1,02255;;1,05335;;;1,20083;;;
2011-04-27;80,04223;1,00679;1,08676;1,02271;;1,05352;;;1,20102;;;
2011-04-28;80,05503;1,00695;1,08693;1,02288;;1,05369;;;1,20121;;;
2011-04-29;80,06785;1,00711;1,0871;1,02304;;1,05386;;;1,2014;;;
2011-04-30;80,08066;1,00727;1,08728;1,0232;;1,05403;;;1,2016;;;
2011-05-01;80,09346;1,00743;1,08745;1,02337;;1,0542;;;1,20179;;;
2011-05-02;80,11483;1,0077;1,08774;1,02364;;1,05448;;;1,20211;;;
2011-05-03;80,13621;1,00797;1,08803;1,02391;;1,05476;;;1,20243;;;
2011-05-04;80,15757;1,00824;1,08832;1,02419;;1,05504;;;1,20275;;;
2011-05-05;80,17894;1,0085;1,08861;1,02446;;1,05532;;;1,20307;;;
2011-05-06;80,20031;1,00877;1,0889;1,02473;;1,0556;;;1,20339;;;
2011-05-07;80,22168;1,00904;1,08919;1,02501;;1,05588;;;1,20371;;;
2011-05-08;80,24306;1,00931;1,08948;1,02528;;1,05617;;;1,20403;;;
2011-05-09;80,26442;1,00958;1,08977;1,02555;;1,05645;;;1,20435;;;
2011-05-10;80,28579;1,00985;1,09006;1,02583;;1,05673;;;1,20468;;;
2011-05-11;80,30716;1,01012;1,09035;1,0261;;1,05701;;;1,205;;;
2011-05-12;80,32854;1,01039;1,09064;1,02637;;1,05729;;;1,20532;;;
2011-05-13;80,3499;1,01066;1,09093;1,02664;;1,05757;;;1,20564;;;
2011-05-14;80,37127;1,01092;1,09122;1,02692;;1,05785;;;1,20596;;;
2011-05-15;80,39264;1,01119;1,09151;1,02719;;1,05813;;;1,20628;;;
2011-05-16;80,41401;1,01146;1,0918;1,02746;;1,05842;;;1,2066;;;
2011-05-17;80,43539;1,01173;1,09209;1,02774;;1,0587;;;1,20692;;;
2011-05-18;80,45675;1,012;1,09238;1,02801;;1,05898;;;1,20724;;;
2011-05-19;80,47813;1,01227;1,09267;1,02828;;1,05926;;;1,20756;;;
2011-05-20;80,49949;1,01254;1,09296;1,02856;;1,05954;;;1,20788;;;
2011-05-21;80,52087;1,01281;1,09325;1,02883;;1,05982;;;1,2082;;;
2011-05-22;80,54223;1,01307;1,09354;1,0291;;1,0601;;;1,20852;;;
2011-05-23;80,56361;1,01334;1,09383;1,02937;;1,06038;;;1,20884;;;
2011-05-24;80,58498;1,01361;1,09412;1,02965;;1,06067;;;1,20916;;;
2011-05-25;80,60635;1,01388;1,09441;1,02992;;1,06095;;;1,20948;;;
2011-05-26;80,62772;1,01415;1,0947;1,03019;;1,06123;;;1,20981;;;
2011-05-27;80,64908;1,01442;1,09499;1,03047;;1,06151;;;1,21013;;;
2011-05-28;80,67046;1,01469;1,09529;1,03074;;1,06179;;;1,21045;;;
2011-05-29;80,69183;1,01496;1,09558;1,03101;;1,06207;;;1,21077;;;
2011-05-30;80,7132;1,01522;1,09587;1,03129;;1,06235;;;1,21109;;;
2011-05-31;80,73456;1,01549;1,09616;1,03156;;1,06263;;;1,21141;;;
2011-06-01;80,75594;1,01576;1,09645;1,03183;;1,06292;;;1,21173;;;
2011-06-02;80,76521;1,01588;1,09657;1,03195;;1,06304;;;1,21187;;;
2011-06-03;80,77449;1,016;1,0967;1,03207;;1,06316;;;1,21201;;;
2011-06-04;80,78376;1,01611;1,09682;1,03219;;1,06328;;;1,21215;;;
2011-06-05;80,79303;1,01623;1,09695;1,03231;;1,0634;;;1,21229;;;
2011-06-06;80,80231;1,01635;1,09708;1,03242;;1,06353;;;1,21243;;;
2011-06-07;80,81159;1,01646;1,0972;1,03254;;1,06365;;;1,21256;;;
2011-06-08;80,82086;1,01658;1,09733;1,03266;;1,06377;;;1,2127;;;
2011-06-09;80,83013;1,0167;1,09745;1,03278;;1,06389;;;1,21284;;;
2011-06-10;80,83941;1,01681;1,09758;1,0329;;1,06401;;;1,21298;;;
2011-06-11;80,84868;1,01693;1,0977;1,03302;;1,06414;;;1,21312;;;
2011-06-12;80,85796;1,01705;1,09783;1,03314;;1,06426;;;1,21326;;;
2011-06-13;80,86724;1,01716;1,09796;1,03325;;1,06438;;;1,2134;;;
2011-06-14;80,87651;1,01728;1,09808;1,03337;;1,0645;;;1,21354;;;
2011-06-15;80,88578;1,0174;1,09821;1,03349;;1,06462;;;1,21368;;;
2011-06-16;80,89506;1,01751;1,09833;1,03361;;1,06475;;;1,21382;;;
2011-06-17;80,90433;1,01763;1,09846;1,03373;;1,06487;;;1,21396;;;
2011-06-18;80,91361;1,01775;1,09859;1,03385;;1,06499;;;1,2141;;;
2011-06-19;80,92288;1,01786;1,09871;1,03397;;1,06511;;;1,21423;;;
2011-06-20;80,93216;1,01798;1,09884;1,03408;;1,06524;;;1,21437;;;
2011-06-21;80,94143;1,0181;1,09896;1,0342;;1,06536;;;1,21451;;;
2011-06-22;80,9507;1,01821;1,09909;1,03432;;1,06548;;;1,21465;;;
2011-06-23;80,95998;1,01833;1,09922;1,03444;;1,0656;;;1,21479;;;
2011-06-24;80,96926;1,01845;1,09934;1,03456;;1,06572;;;1,21493;;;
2011-06-25;80,97853;1,01856;1,09947;1,03468;;1,06585;;;1,21507;;;
2011-06-26;80,9878;1,01868;1,09959;1,03479;;1,06597;;;1,21521;;;
2011-06-27;80,99708;1,0188;1,09972;1,03491;;1,06609;;;1,21535;;;
2011-06-28;81,00635;1,01891;1,09985;1,03503;;1,06621;;;1,21549;;;
2011-06-29;81,01563;1,01903;1,09997;1,03515;;1,06633;;;1,21563;;;
2011-06-30;81,02491;1,01915;1,1001;1,03527;;1,06646;;;1,21577;;;
2011-07-01;81,03418;1,01926;1,10022;1,03539;;1,06658;;;1,2159;;;
2011-07-02;81,03589;1,01928;1,10025;1,03541;;1,0666;;;1,21593;;;
2011-07-03;81,03759;1,01931;1,10027;1,03543;;1,06662;;;1,21596;;;
2011-07-04;81,0393;1,01933;1,10029;1,03545;;1,06665;;;1,21598;;;
2011-07-05;81,04101;1,01935;1,10032;1,03547;;1,06667;;;1,21601;;;
2011-07-06;81,04272;1,01937;1,10034;1,0355;;1,06669;;;1,21603;;;
2011-07-07;81,04444;1,01939;1,10036;1,03552;;1,06671;;;1,21606;;;
2011-07-08;81,04614;1,01941;1,10039;1,03554;;1,06674;;;1,21608;;;
2011-07-09;81,04786;1,01943;1,10041;1,03556;;1,06676;;;1,21611;;;
2011-07-10;81,04957;1,01946;1,10043;1,03558;;1,06678;;;1,21614;;;
2011-07-11;81,05128;1,01948;1,10046;1,03561;;1,0668;;;1,21616;;;
2011-07-12;81,05298;1,0195;1,10048;1,03563;;1,06683;;;1,21619;;;
2011-07-13;81,05469;1,01952;1,1005;1,03565;;1,06685;;;1,21621;;;
2011-07-14;81,0564;1,01954;1,10053;1,03567;;1,06687;;;1,21624;;;
2011-07-15;81,05811;1,01956;1,10055;1,03569;;1,06689;;;1,21626;;;
2011-07-16;81,05983;1,01958;1,10057;1,03572;;1,06692;;;1,21629;;;
2011-07-17;81,06153;1,01961;1,10059;1,03574;;1,06694;;;1,21632;;;
2011-07-18;81,06324;1,01963;1,10062;1,03576;;1,06696;;;1,21634;;;
2011-07-19;81,06495;1,01965;1,10064;1,03578;;1,06698;;;1,21637;;;
2011-07-20;81,06666;1,01967;1,10066;1,0358;;1,06701;;;1,21639;;;
2011-07-21;81,06837;1,01969;1,10069;1,03582;;1,06703;;;1,21642;;;
2011-07-22;81,07007;1,01971;1,10071;1,03585;;1,06705;;;1,21644;;;
2011-07-23;81,07179;1,01974;1,10073;1,03587;;1,06707;;;1,21647;;;
2011-07-24;81,0735;1,01976;1,10076;1,03589;;1,0671;;;1,21649;;;
2011-07-25;81,07522;1,01978;1,10078;1,03591;;1,06712;;;1,21652;;;
2011-07-26;81,07692;1,0198;1,1008;1,03593;;1,06714;;;1,21655;;;
2011-07-27;81,07863;1,01982;1,10083;1,03596;;1,06716;;;1,21657;;;
2011-07-28;81,08034;1,01984;1,10085;1,03598;;1,06719;;;1,2166;;;
2011-07-29;81,08205;1,01986;1,10087;1,036;;1,06721;;;1,21662;;;
2011-07-30;81,08376;1,01989;1,1009;1,03602;;1,06723;;;1,21665;;;
2011-07-31;81,08546;1,01991;1,10092;1,03604;;1,06725;;;1,21667;;;
2011-08-01;81,08717;1,01993;1,10094;1,03606;;1,06728;;;1,2167;;;
2011-08-02;81,08909;1,01995;1,10097;1,03609;;1,0673;;;1,21673;;;
2011-08-03;81,09102;1,01998;1,101;1,03611;;1,06733;;;1,21676;;;
2011-08-04;81,09295;1,02;1,10102;1,03614;;1,06735;;;1,21679;;;
2011-08-05;81,09487;1,02003;1,10105;1,03616;;1,06738;;;1,21682;;;
2011-08-06;81,0968;1,02005;1,10107;1,03619;;1,0674;;;1,21684;;;
2011-08-07;81,09872;1,02007;1,1011;1,03621;;1,06743;;;1,21687;;;
2011-08-08;81,10064;1,0201;1,10113;1,03624;;1,06745;;;1,2169;;;
2011-08-09;81,10256;1,02012;1,10115;1,03626;;1,06748;;;1,21693;;;
2011-08-10;81,10448;1,02015;1,10118;1,03629;;1,0675;;;1,21696;;;
2011-08-11;81,1064;1,02017;1,1012;1,03631;;1,06753;;;1,21699;;;
2011-08-12;81,10833;1,02019;1,10123;1,03633;;1,06755;;;1,21702;;;
2011-08-13;81,11026;1,02022;1,10126;1,03636;;1,06758;;;1,21705;;;
2011-08-14;81,11218;1,02024;1,10128;1,03638;;1,0676;;;1,21707;;;
2011-08-15;81,11411;1,02027;1,10131;1,03641;;1,06763;;;1,2171;;;
2011-08-16;81,11603;1,02029;1,10133;1,03643;;1,06766;;;1,21713;;;
2011-08-17;81,11795;1,02032;1,10136;1,03646;;1,06768;;;1,21716;;;
2011-08-18;81,11987;1,02034;1,10139;1,03648;;1,06771;;;1,21719;;;
2011-08-19;81,12179;1,02036;1,10141;1,03651;;1,06773;;;1,21722;;;
2011-08-20;81,12372;1,02039;1,10144;1,03653;;1,06776;;;1,21725;;;
2011-08-21;81,12564;1,02041;1,10147;1,03656;;1,06778;;;1,21728;;;
2011-08-22;81,12757;1,02044;1,10149;1,03658;;1,06781;;;1,21731;;;
2011-08-23;81,12949;1,02046;1,10152;1,03661;;1,06783;;;1,21733;;;
2011-08-24;81,13141;1,02049;1,10154;1,03663;;1,06786;;;1,21736;;;
2011-08-25;81,13334;1,02051;1,10157;1,03665;;1,06788;;;1,21739;;;
2011-08-26;81,13526;1,02053;1,1016;1,03668;;1,06791;;;1,21742;;;
2011-08-27;81,13718;1,02056;1,10162;1,0367;;1,06793;;;1,21745;;;
2011-08-28;81,13911;1,02058;1,10165;1,03673;;1,06796;;;1,21748;;;
2011-08-29;81,14103;1,02061;1,10167;1,03675;;1,06798;;;1,21751;;;
2011-08-30;81,14295;1,02063;1,1017;1,03678;;1,06801;;;1,21754;;;
2011-08-31;81,14488;1,02065;1,10173;1,0368;;1,06804;;;1,21757;;;
2011-09-01;81,1468;1,02068;1,10175;1,03683;;1,06806;;;1,21759;;;
2011-09-02;81,13465;1,02053;1,10159;1,03667;;1,0679;;;1,21741;;;
2011-09-03;81,1225;1,02037;1,10142;1,03652;;1,06774;;;1,21723;;;
2011-09-04;81,11036;1,02022;1,10126;1,03636;;1,06758;;;1,21705;;;
2011-09-05;81,09822;1,02007;1,10109;1,03621;;1,06742;;;1,21687;;;
2011-09-06;81,08607;1,01991;1,10093;1,03605;;1,06726;;;1,21668;;;
2011-09-07;81,07393;1,01976;1,10076;1,0359;;1,0671;;;1,2165;;;
2011-09-08;81,06179;1,01961;1,1006;1,03574;;1,06694;;;1,21632;;;
2011-09-09;81,04964;1,01946;1,10043;1,03558;;1,06678;;;1,21614;;;
2011-09-10;81,03749;1,0193;1,10027;1,03543;;1,06662;;;1,21595;;;
2011-09-11;81,02535;1,01915;1,1001;1,03527;;1,06646;;;1,21577;;;
2011-09-12;81,0132;1,019;1,09994;1,03512;;1,0663;;;1,21559;;;
2011-09-13;81,00105;1,01885;1,09977;1,03496;;1,06614;;;1,21541;;;
2011-09-14;80,98891;1,01869;1,09961;1,03481;;1,06598;;;1,21523;;;
2011-09-15;80,97676;1,01854;1,09944;1,03465;;1,06582;;;1,21504;;;
2011-09-16;80,96462;1,01839;1,09928;1,0345;;1,06566;;;1,21486;;;
2011-09-17;80,95247;1,01823;1,09911;1,03434;;1,0655;;;1,21468;;;
2011-09-18;80,94032;1,01808;1,09895;1,03419;;1,06534;;;1,2145;;;
2011-09-19;80,92818;1,01793;1,09878;1,03403;;1,06518;;;1,21431;;;
2011-09-20;80,91603;1,01778;1,09862;1,03388;;1,06502;;;1,21413;;;
2011-09-21;80,90389;1,01762;1,09845;1,03372;;1,06486;;;1,21395;;;
2011-09-22;80,89175;1,01747;1,09829;1,03357;;1,0647;;;1,21377;;;
2011-09-23;80,87961;1,01732;1,09812;1,03341;;1,06454;;;1,21359;;;
2011-09-24;80,86745;1,01716;1,09796;1,03326;;1,06438;;;1,2134;;;
2011-09-25;80,85531;1,01701;1,09779;1,0331;;1,06422;;;1,21322;;;
2011-09-26;80,84317;1,01686;1,09763;1,03295;;1,06406;;;1,21304;;;
2011-09-27;80,83102;1,01671;1,09747;1,03279;;1,0639;;;1,21286;;;
2011-09-28;80,81887;1,01655;1,0973;1,03264;;1,06374;;;1,21267;;;
2011-09-29;80,80673;1,0164;1,09714;1,03248;;1,06358;;;1,21249;;;
2011-09-30;80,79458;1,01625;1,09697;1,03233;;1,06342;;;1,21231;;;
2011-10-01;80,78243;1,0161;1,09681;1,03217;;1,06326;;;1,21213;;;
2011-10-02;80,79633;1,01627;1,09699;1,03235;;1,06345;;;1,21234;;;
2011-10-03;80,81022;1,01645;1,09718;1,03253;;1,06363;;;1,21254;;;
2011-10-04;80,82411;1,01662;1,09737;1,0327;;1,06381;;;1,21275;;;
2011-10-05;80,838;1,01679;1,09756;1,03288;;1,064;;;1,21296;;;
2011-10-06;80,85189;1,01697;1,09775;1,03306;;1,06418;;;1,21317;;;
2011-10-07;80,86578;1,01714;1,09794;1,03324;;1,06436;;;1,21338;;;
2011-10-08;80,87967;1,01732;1,09813;1,03341;;1,06454;;;1,21359;;;
2011-10-09;80,89356;1,01749;1,09831;1,03359;;1,06473;;;1,21379;;;
2011-10-10;80,90746;1,01767;1,0985;1,03377;;1,06491;;;1,214;;;
2011-10-11;80,92134;1,01784;1,09869;1,03395;;1,06509;;;1,21421;;;
2011-10-12;80,93524;1,01802;1,09888;1,03412;;1,06528;;;1,21442;;;
2011-10-13;80,94913;1,01819;1,09907;1,0343;;1,06546;;;1,21463;;;
2011-10-14;80,96301;1,01837;1,09926;1,03448;;1,06564;;;1,21484;;;
2011-10-15;80,97691;1,01854;1,09945;1,03466;;1,06582;;;1,21505;;;
2011-10-16;80,9908;1,01872;1,09963;1,03483;;1,06601;;;1,21525;;;
2011-10-17;81,00468;1,01889;1,09982;1,03501;;1,06619;;;1,21546;;;
2011-10-18;81,01858;1,01907;1,10001;1,03519;;1,06637;;;1,21567;;;
2011-10-19;81,03247;1,01924;1,1002;1,03537;;1,06656;;;1,21588;;;
2011-10-20;81,04636;1,01942;1,10039;1,03554;;1,06674;;;1,21609;;;
2011-10-21;81,06024;1,01959;1,10058;1,03572;;1,06692;;;1,2163;;;
2011-10-22;81,07414;1,01976;1,10077;1,0359;;1,0671;;;1,2165;;;
2011-10-23;81,08803;1,01994;1,10095;1,03608;;1,06729;;;1,21671;;;
2011-10-24;81,10192;1,02011;1,10114;1,03625;;1,06747;;;1,21692;;;
2011-10-25;81,11582;1,02029;1,10133;1,03643;;1,06765;;;1,21713;;;
2011-10-26;81,1297;1,02046;1,10152;1,03661;;1,06784;;;1,21734;;;
2011-10-27;81,14359;1,02064;1,10171;1,03679;;1,06802;;;1,21755;;;
2011-10-28;81,15749;1,02081;1,1019;1,03696;;1,0682;;;1,21775;;;
2011-10-29;81,17138;1,02099;1,10209;1,03714;;1,06838;;;1,21796;;;
2011-10-30;81,18526;1,02116;1,10227;1,03732;;1,06857;;;1,21817;;;
2011-10-31;81,19915;1,02134;1,10246;1,0375;;1,06875;;;1,21838;;;
2011-11-01;81,21305;1,02151;1,10265;1,03767;;1,06893;;;1,21859;;;
2011-11-02;81,21084;1,02148;1,10262;1,03764;;1,0689;;;1,21856;;;
2011-11-03;81,20862;1,02146;1,10259;1,03762;;1,06887;;;1,21852;;;
2011-11-04;81,20642;1,02143;1,10256;1,03759;;1,06885;;;1,21849;;;
2011-11-05;81,20422;1,0214;1,10253;1,03756;;1,06882;;;1,21846;;;
2011-11-06;81,20201;1,02137;1,1025;1,03753;;1,06879;;;1,21842;;;
2011-11-07;81,19979;1,02135;1,10247;1,0375;;1,06876;;;1,21839;;;
2011-11-08;81,19759;1,02132;1,10244;1,03748;;1,06873;;;1,21836;;;
2011-11-09;81,19538;1,02129;1,10241;1,03745;;1,0687;;;1,21832;;;
2011-11-10;81,19318;1,02126;1,10238;1,03742;;1,06867;;;1,21829;;;
2011-11-11;81,19096;1,02123;1,10235;1,03739;;1,06864;;;1,21826;;;
2011-11-12;81,18875;1,02121;1,10232;1,03736;;1,06861;;;1,21822;;;
2011-11-13;81,18655;1,02118;1,10229;1,03733;;1,06858;;;1,21819;;;
2011-11-14;81,18434;1,02115;1,10226;1,03731;;1,06855;;;1,21816;;;
2011-11-15;81,18213;1,02112;1,10223;1,03728;;1,06853;;;1,21812;;;
2011-11-16;81,17992;1,0211;1,1022;1,03725;;1,0685;;;1,21809;;;
2011-11-17;81,17772;1,02107;1,10217;1,03722;;1,06847;;;1,21806;;;
2011-11-18;81,17551;1,02104;1,10214;1,03719;;1,06844;;;1,21803;;;
2011-11-19;81,1733;1,02101;1,10211;1,03717;;1,06841;;;1,21799;;;
2011-11-20;81,17109;1,02098;1,10208;1,03714;;1,06838;;;1,21796;;;
2011-11-21;81,16888;1,02096;1,10205;1,03711;;1,06835;;;1,21793;;;
2011-11-22;81,16667;1,02093;1,10202;1,03708;;1,06832;;;1,21789;;;
2011-11-23;81,16447;1,0209;1,10199;1,03705;;1,06829;;;1,21786;;;
2011-11-24;81,16225;1,02087;1,10196;1,03702;;1,06826;;;1,21783;;;
2011-11-25;81,16005;1,02085;1,10193;1,037;;1,06823;;;1,21779;;;
2011-11-26;81,15784;1,02082;1,1019;1,03697;;1,06821;;;1,21776;;;
2011-11-27;81,15563;1,02079;1,10187;1,03694;;1,06818;;;1,21773;;;
2011-11-28;81,15342;1,02076;1,10184;1,03691;;1,06815;;;1,21769;;;
2011-11-29;81,15122;1,02073;1,10181;1,03688;;1,06812;;;1,21766;;;
2011-11-30;81,149;1,02071;1,10178;1,03685;;1,06809;;;1,21763;;;
2011-12-01;81,1468;1,02068;1,10175;1,03683;;1,06806;;;1,21759;;;
2011-12-02;81,15193;1,02074;1,10182;1,03689;;1,06813;;;1,21767;;;
2011-12-03;81,15705;1,02081;1,10189;1,03696;;1,0682;;;1,21775;;;
2011-12-04;81,16219;1,02087;1,10196;1,03702;;1,06826;;;1,21783;;;
2011-12-05;81,16731;1,02094;1,10203;1,03709;;1,06833;;;1,2179;;;
2011-12-06;81,17244;1,021;1,1021;1,03715;;1,0684;;;1,21798;;;
2011-12-07;81,17757;1,02107;1,10217;1,03722;;1,06847;;;1,21806;;;
2011-12-08;81,1827;1,02113;1,10224;1,03729;;1,06853;;;1,21813;;;
2011-12-09;81,18783;1,02119;1,10231;1,03735;;1,0686;;;1,21821;;;
2011-12-10;81,19296;1,02126;1,10238;1,03742;;1,06867;;;1,21829;;;
2011-12-11;81,19809;1,02132;1,10245;1,03748;;1,06874;;;1,21836;;;
2011-12-12;81,20322;1,02139;1,10252;1,03755;;1,0688;;;1,21844;;;
2011-12-13;81,20834;1,02145;1,10259;1,03761;;1,06887;;;1,21852;;;
2011-12-14;81,21348;1,02152;1,10266;1,03768;;1,06894;;;1,21859;;;
2011-12-15;81,21861;1,02158;1,10273;1,03774;;1,06901;;;1,21867;;;
2011-12-16;81,22373;1,02165;1,1028;1,03781;;1,06907;;;1,21875;;;
2011-12-17;81,22886;1,02171;1,10287;1,03787;;1,06914;;;1,21883;;;
2011-12-18;81,23399;1,02178;1,10294;1,03794;;1,06921;;;1,2189;;;
2011-12-19;81,23911;1,02184;1,10301;1,03801;;1,06928;;;1,21898;;;
2011-12-20;81,24425;1,0219;1,10308;1,03807;;1,06934;;;1,21906;;;
2011-12-21;81,24938;1,02197;1,10315;1,03814;;1,06941;;;1,21913;;;
2011-12-22;81,2545;1,02203;1,10321;1,0382;;1,06948;;;1,21921;;;
2011-12-23;81,25963;1,0221;1,10328;1,03827;;1,06955;;;1,21929;;;
2011-12-24;81,26476;1,02216;1,10335;1,03833;;1,06961;;;1,21936;;;
2011-12-25;81,26989;1,02223;1,10342;1,0384;;1,06968;;;1,21944;;;
2011-12-26;81,27502;1,02229;1,10349;1,03846;;1,06975;;;1,21952;;;
2011-12-27;81,28015;1,02236;1,10356;1,03853;;1,06982;;;1,2196;;;
2011-12-28;81,28528;1,02242;1,10363;1,0386;;1,06988;;;1,21967;;;
2011-12-29;81,2904;1,02248;1,1037;1,03866;;1,06995;;;1,21975;;;
2011-12-30;81,29554;1,02255;1,10377;1,03873;;1,07002;;;1,21983;;;
2011-12-31;81,30066;1,02261;1,10384;1,03879;;1,07009;;;1,2199;;;
2012-01-01;81,30579;1,02268;1,10391;1,03886;;1,07015;;;1,21998;;;
2012-01-02;81,31156;1,02275;1,10399;1,03893;;1,07023;;;1,22007;;;
2012-01-03;81,31734;1,02282;1,10407;1,03901;;1,07031;;;1,22015;;;
2012-01-04;81,3231;1,0229;1,10415;1,03908;;1,07038;;;1,22024;;;
2012-01-05;81,32887;1,02297;1,10422;1,03915;;1,07046;;;1,22033;;;
2012-01-06;81,33465;1,02304;1,1043;1,03923;;1,07053;;;1,22041;;;
2012-01-07;81,34041;1,02311;1,10438;1,0393;;1,07061;;;1,2205;;;
2012-01-08;81,34619;1,02319;1,10446;1,03937;;1,07068;;;1,22059;;;
2012-01-09;81,35196;1,02326;1,10454;1,03945;;1,07076;;;1,22067;;;
2012-01-10;81,35772;1,02333;1,10462;1,03952;;1,07084;;;1,22076;;;
2012-01-11;81,3635;1,0234;1,10469;1,0396;;1,07091;;;1,22085;;;
2012-01-12;81,36926;1,02348;1,10477;1,03967;;1,07099;;;1,22093;;;
2012-01-13;81,37503;1,02355;1,10485;1,03974;;1,07106;;;1,22102;;;
2012-01-14;81,38081;1,02362;1,10493;1,03982;;1,07114;;;1,22111;;;
2012-01-15;81,38657;1,02369;1,10501;1,03989;;1,07122;;;1,22119;;;
2012-01-16;81,39235;1,02377;1,10509;1,03996;;1,07129;;;1,22128;;;
2012-01-17;81,39811;1,02384;1,10516;1,04004;;1,07137;;;1,22137;;;
2012-01-18;81,40388;1,02391;1,10524;1,04011;;1,07144;;;1,22145;;;
2012-01-19;81,40965;1,02398;1,10532;1,04018;;1,07152;;;1,22154;;;
2012-01-20;81,41542;1,02406;1,1054;1,04026;;1,0716;;;1,22163;;;
2012-01-21;81,42119;1,02413;1,10548;1,04033;;1,07167;;;1,22171;;;
2012-01-22;81,42696;1,0242;1,10556;1,04041;;1,07175;;;1,2218;;;
2012-01-23;81,43273;1,02428;1,10563;1,04048;;1,07182;;;1,22188;;;
2012-01-24;81,4385;1,02435;1,10571;1,04055;;1,0719;;;1,22197;;;
2012-01-25;81,44427;1,02442;1,10579;1,04063;;1,07198;;;1,22206;;;
2012-01-26;81,45004;1,02449;1,10587;1,0407;;1,07205;;;1,22214;;;
2012-01-27;81,45581;1,02457;1,10595;1,04077;;1,07213;;;1,22223;;;
2012-01-28;81,46158;1,02464;1,10603;1,04085;;1,0722;;;1,22232;;;
2012-01-29;81,46735;1,02471;1,1061;1,04092;;1,07228;;;1,2224;;;
2012-01-30;81,47312;1,02478;1,10618;1,041;;1,07236;;;1,22249;;;
2012-01-31;81,4789;1,02486;1,10626;1,04107;;1,07243;;;1,22258;;;
2012-02-01;81,48466;1,02493;1,10634;1,04114;;1,07251;;;1,22266;;;
2012-02-02;81,49631;1,02507;1,1065;1,04129;;1,07266;;;1,22284;;;
2012-02-03;81,50796;1,02522;1,10666;1,04144;;1,07281;;;1,22301;;;
2012-02-04;81,51962;1,02537;1,10681;1,04159;;1,07297;;;1,22319;;;
2012-02-05;81,53126;1,02551;1,10697;1,04174;;1,07312;;;1,22336;;;
2012-02-06;81,54292;1,02566;1,10713;1,04189;;1,07327;;;1,22354;;;
2012-02-07;81,55457;1,02581;1,10729;1,04204;;1,07343;;;1,22371;;;
2012-02-08;81,56621;1,02595;1,10745;1,04219;;1,07358;;;1,22389;;;
2012-02-09;81,57787;1,0261;1,10761;1,04233;;1,07373;;;1,22406;;;
2012-02-10;81,58952;1,02625;1,10776;1,04248;;1,07389;;;1,22424;;;
2012-02-11;81,60116;1,02639;1,10792;1,04263;;1,07404;;;1,22441;;;
2012-02-12;81,61282;1,02654;1,10808;1,04278;;1,07419;;;1,22459;;;
2012-02-13;81,62446;1,02669;1,10824;1,04293;;1,07435;;;1,22476;;;
2012-02-14;81,63612;1,02683;1,1084;1,04308;;1,0745;;;1,22494;;;
2012-02-15;81,64777;1,02698;1,10855;1,04323;;1,07465;;;1,22511;;;
2012-02-16;81,65942;1,02713;1,10871;1,04338;;1,07481;;;1,22529;;;
2012-02-17;81,67107;1,02727;1,10887;1,04353;;1,07496;;;1,22546;;;
2012-02-18;81,68273;1,02742;1,10903;1,04367;;1,07511;;;1,22564;;;
2012-02-19;81,69437;1,02757;1,10919;1,04382;;1,07527;;;1,22581;;;
2012-02-20;81,70602;1,02771;1,10935;1,04397;;1,07542;;;1,22599;;;
2012-02-21;81,71767;1,02786;1,1095;1,04412;;1,07557;;;1,22616;;;
2012-02-22;81,72932;1,02801;1,10966;1,04427;;1,07573;;;1,22634;;;
2012-02-23;81,74097;1,02815;1,10982;1,04442;;1,07588;;;1,22651;;;
2012-02-24;81,75262;1,0283;1,10998;1,04457;;1,07603;;;1,22668;;;
2012-02-25;81,76427;1,02845;1,11014;1,04472;;1,07619;;;1,22686;;;
2012-02-26;81,77593;1,02859;1,11029;1,04486;;1,07634;;;1,22703;;;
2012-02-27;81,78758;1,02874;1,11045;1,04501;;1,07649;;;1,22721;;;
2012-02-28;81,79923;1,02888;1,11061;1,04516;;1,07665;;;1,22738;;;
2012-02-29;81,81087;1,02903;1,11077;1,04531;;1,0768;;;1,22756;;;
2012-03-01;81,82253;1,02918;1,11093;1,04546;;1,07695;;;1,22773;;;
2012-03-02;81,81291;1,02906;1,1108;1,04534;;1,07683;;;1,22759;;;
2012-03-03;81,80329;1,02894;1,11067;1,04521;;1,0767;;;1,22745;;;
2012-03-04;81,79368;1,02882;1,11054;1,04509;;1,07657;;;1,2273;;;
2012-03-05;81,78406;1,02869;1,1104;1,04497;;1,07645;;;1,22716;;;
2012-03-06;81,77444;1,02857;1,11027;1,04485;;1,07632;;;1,22701;;;
2012-03-07;81,76483;1,02845;1,11014;1,04472;;1,07619;;;1,22687;;;
2012-03-08;81,75521;1,02833;1,11001;1,0446;;1,07607;;;1,22672;;;
2012-03-09;81,74559;1,02821;1,10988;1,04448;;1,07594;;;1,22658;;;
2012-03-10;81,73597;1,02809;1,10975;1,04435;;1,07582;;;1,22643;;;
2012-03-11;81,72636;1,02797;1,10962;1,04423;;1,07569;;;1,22629;;;
2012-03-12;81,71674;1,02785;1,10949;1,04411;;1,07556;;;1,22615;;;
2012-03-13;81,70713;1,02773;1,10936;1,04399;;1,07544;;;1,226;;;
2012-03-14;81,69751;1,02761;1,10923;1,04386;;1,07531;;;1,22586;;;
2012-03-15;81,68789;1,02748;1,1091;1,04374;;1,07518;;;1,22571;;;
2012-03-16;81,67828;1,02736;1,10897;1,04362;;1,07506;;;1,22557;;;
2012-03-17;81,66866;1,02724;1,10884;1,04349;;1,07493;;;1,22542;;;
2012-03-18;81,65905;1,02712;1,10871;1,04337;;1,0748;;;1,22528;;;
2012-03-19;81,64943;1,027;1,10858;1,04325;;1,07468;;;1,22514;;;
2012-03-20;81,6398;1,02688;1,10845;1,04313;;1,07455;;;1,22499;;;
2012-03-21;81,6302;1,02676;1,10832;1,043;;1,07442;;;1,22485;;;
2012-03-22;81,62058;1,02664;1,10819;1,04288;;1,0743;;;1,2247;;;
2012-03-23;81,61096;1,02652;1,10805;1,04276;;1,07417;;;1,22456;;;
2012-03-24;81,60135;1,0264;1,10792;1,04263;;1,07404;;;1,22441;;;
2012-03-25;81,59172;1,02627;1,10779;1,04251;;1,07392;;;1,22427;;;
2012-03-26;81,58211;1,02615;1,10766;1,04239;;1,07379;;;1,22413;;;
2012-03-27;81,57249;1,02603;1,10753;1,04227;;1,07366;;;1,22398;;;
2012-03-28;81,56287;1,02591;1,1074;1,04214;;1,07354;;;1,22384;;;
2012-03-29;81,55326;1,02579;1,10727;1,04202;;1,07341;;;1,22369;;;
2012-03-30;81,54364;1,02567;1,10714;1,0419;;1,07328;;;1,22355;;;
2012-03-31;81,53403;1,02555;1,10701;1,04177;;1,07316;;;1,2234;;;
2012-04-01;81,52441;1,02543;1,10688;1,04165;;1,07303;;;1,22326;;;
2012-04-02;81,53589;1,02557;1,10704;1,0418;;1,07318;;;1,22343;;;
2012-04-03;81,54738;1,02572;1,10719;1,04194;;1,07333;;;1,22361;;;
2012-04-04;81,55886;1,02586;1,10735;1,04209;;1,07348;;;1,22378;;;
2012-04-05;81,57034;1,02601;1,1075;1,04224;;1,07364;;;1,22395;;;
2012-04-06;81,58183;1,02615;1,10766;1,04238;;1,07379;;;1,22412;;;
2012-04-07;81,59331;1,02629;1,10781;1,04253;;1,07394;;;1,22429;;;
2012-04-08;81,60479;1,02644;1,10797;1,04268;;1,07409;;;1,22447;;;
2012-04-09;81,61628;1,02658;1,10813;1,04283;;1,07424;;;1,22464;;;
2012-04-10;81,62776;1,02673;1,10828;1,04297;;1,07439;;;1,22481;;;
2012-04-11;81,63924;1,02687;1,10844;1,04312;;1,07454;;;1,22498;;;
2012-04-12;81,65073;1,02702;1,10859;1,04327;;1,07469;;;1,22516;;;
2012-04-13;81,6622;1,02716;1,10875;1,04341;;1,07484;;;1,22533;;;
2012-04-14;81,67369;1,02731;1,10891;1,04356;;1,075;;;1,2255;;;
2012-04-15;81,68517;1,02745;1,10906;1,04371;;1,07515;;;1,22567;;;
2012-04-16;81,69666;1,02759;1,10922;1,04385;;1,0753;;;1,22584;;;
2012-04-17;81,70813;1,02774;1,10937;1,044;;1,07545;;;1,22602;;;
2012-04-18;81,71962;1,02788;1,10953;1,04415;;1,0756;;;1,22619;;;
2012-04-19;81,7311;1,02803;1,10969;1,04429;;1,07575;;;1,22636;;;
2012-04-20;81,74258;1,02817;1,10984;1,04444;;1,0759;;;1,22653;;;
2012-04-21;81,75408;1,02832;1,11;1,04459;;1,07605;;;1,22671;;;
2012-04-22;81,76555;1,02846;1,11015;1,04473;;1,0762;;;1,22688;;;
2012-04-23;81,77704;1,02861;1,11031;1,04488;;1,07636;;;1,22705;;;
2012-04-24;81,78852;1,02875;1,11047;1,04503;;1,07651;;;1,22722;;;
2012-04-25;81,8;1,02889;1,11062;1,04517;;1,07666;;;1,2274;;;
2012-04-26;81,81148;1,02904;1,11078;1,04532;;1,07681;;;1,22757;;;
2012-04-27;81,82297;1,02918;1,11093;1,04547;;1,07696;;;1,22774;;;
2012-04-28;81,83445;1,02933;1,11109;1,04561;;1,07711;;;1,22791;;;
2012-04-29;81,84593;1,02947;1,11124;1,04576;;1,07726;;;1,22808;;;
2012-04-30;81,85741;1,02962;1,1114;1,04591;;1,07741;;;1,22826;;;
2012-05-01;81,8689;1,02976;1,11156;1,04605;;1,07756;;;1,22843;;;
2012-05-02;81,89134;1,03004;1,11186;1,04634;;1,07786;;;1,22877;;;
2012-05-03;81,91377;1,03033;1,11217;1,04663;;1,07816;;;1,2291;;;
2012-05-04;81,93622;1,03061;1,11247;1,04691;;1,07845;;;1,22944;;;
2012-05-05;81,95865;1,03089;1,11278;1,0472;;1,07875;;;1,22978;;;
2012-05-06;81,98109;1,03117;1,11308;1,04749;;1,07904;;;1,23011;;;
2012-05-07;82,00353;1,03145;1,11338;1,04777;;1,07934;;;1,23045;;;
2012-05-08;82,02598;1,03174;1,11369;1,04806;;1,07963;;;1,23079;;;
2012-05-09;82,04841;1,03202;1,11399;1,04835;;1,07993;;;1,23112;;;
2012-05-10;82,07085;1,0323;1,1143;1,04863;;1,08022;;;1,23146;;;
2012-05-11;82,09328;1,03258;1,1146;1,04892;;1,08052;;;1,2318;;;
2012-05-12;82,11573;1,03287;1,11491;1,04921;;1,08081;;;1,23213;;;
2012-05-13;82,13816;1,03315;1,11521;1,04949;;1,08111;;;1,23247;;;
2012-05-14;82,1606;1,03343;1,11552;1,04978;;1,0814;;;1,23281;;;
2012-05-15;82,18304;1,03371;1,11582;1,05007;;1,0817;;;1,23314;;;
2012-05-16;82,20548;1,03399;1,11613;1,05035;;1,08199;;;1,23348;;;
2012-05-17;82,22792;1,03428;1,11643;1,05064;;1,08229;;;1,23382;;;
2012-05-18;82,25036;1,03456;1,11674;1,05093;;1,08259;;;1,23415;;;
2012-05-19;82,2728;1,03484;1,11704;1,05121;;1,08288;;;1,23449;;;
2012-05-20;82,29524;1,03512;1,11735;1,0515;;1,08318;;;1,23483;;;
2012-05-21;82,31767;1,03541;1,11765;1,05179;;1,08347;;;1,23516;;;
2012-05-22;82,34011;1,03569;1,11795;1,05207;;1,08377;;;1,2355;;;
2012-05-23;82,36255;1,03597;1,11826;1,05236;;1,08406;;;1,23584;;;
2012-05-24;82,38499;1,03625;1,11856;1,05265;;1,08436;;;1,23617;;;
2012-05-25;82,40742;1,03654;1,11887;1,05293;;1,08465;;;1,23651;;;
2012-05-26;82,42986;1,03682;1,11917;1,05322;;1,08495;;;1,23685;;;
2012-05-27;82,45231;1,0371;1,11948;1,05351;;1,08524;;;1,23718;;;
2012-05-28;82,47475;1,03738;1,11978;1,05379;;1,08554;;;1,23752;;;
2012-05-29;82,49718;1,03766;1,12009;1,05408;;1,08583;;;1,23786;;;
2012-05-30;82,51962;1,03795;1,12039;1,05437;;1,08613;;;1,23819;;;
2012-05-31;82,54206;1,03823;1,1207;1,05465;;1,08643;;;1,23853;;;
2012-06-01;82,5645;1,03851;1,121;1,05494;;1,08672;;;1,23887;;;
2012-06-02;82,56826;1,03856;1,12105;1,05499;;1,08677;;;1,23892;;;
2012-06-03;82,572;1,03861;1,1211;1,05504;;1,08682;;;1,23898;;;
2012-06-04;82,57576;1,03865;1,12115;1,05508;;1,08687;;;1,23904;;;
2012-06-05;82,57951;1,0387;1,1212;1,05513;;1,08692;;;1,23909;;;
2012-06-06;82,58327;1,03875;1,12126;1,05518;;1,08697;;;1,23915;;;
2012-06-07;82,58703;1,03879;1,12131;1,05523;;1,08702;;;1,2392;;;
2012-06-08;82,59078;1,03884;1,12136;1,05528;;1,08707;;;1,23926;;;
2012-06-09;82,59453;1,03889;1,12141;1,05532;;1,08712;;;1,23932;;;
2012-06-10;82,59828;1,03894;1,12146;1,05537;;1,08717;;;1,23937;;;
2012-06-11;82,60204;1,03898;1,12151;1,05542;;1,08721;;;1,23943;;;
2012-06-12;82,6058;1,03903;1,12156;1,05547;;1,08726;;;1,23949;;;
2012-06-13;82,60955;1,03908;1,12161;1,05552;;1,08731;;;1,23954;;;
2012-06-14;82,61331;1,03912;1,12166;1,05556;;1,08736;;;1,2396;;;
2012-06-15;82,61705;1,03917;1,12171;1,05561;;1,08741;;;1,23966;;;
2012-06-16;82,62081;1,03922;1,12177;1,05566;;1,08746;;;1,23971;;;
2012-06-17;82,62457;1,03927;1,12182;1,05571;;1,08751;;;1,23977;;;
2012-06-18;82,62831;1,03931;1,12187;1,05576;;1,08756;;;1,23982;;;
2012-06-19;82,63207;1,03936;1,12192;1,0558;;1,08761;;;1,23988;;;
2012-06-20;82,63583;1,03941;1,12197;1,05585;;1,08766;;;1,23994;;;
2012-06-21;82,63958;1,03946;1,12202;1,0559;;1,08771;;;1,23999;;;
2012-06-22;82,64334;1,0395;1,12207;1,05595;;1,08776;;;1,24005;;;
2012-06-23;82,64709;1,03955;1,12212;1,056;;1,08781;;;1,24011;;;
2012-06-24;82,65084;1,0396;1,12217;1,05604;;1,08786;;;1,24016;;;
2012-06-25;82,65459;1,03964;1,12222;1,05609;;1,08791;;;1,24022;;;
2012-06-26;82,65835;1,03969;1,12228;1,05614;;1,08796;;;1,24028;;;
2012-06-27;82,66211;1,03974;1,12233;1,05619;;1,088;;;1,24033;;;
2012-06-28;82,66586;1,03979;1,12238;1,05624;;1,08805;;;1,24039;;;
2012-06-29;82,66962;1,03983;1,12243;1,05628;;1,0881;;;1,24044;;;
2012-06-30;82,67336;1,03988;1,12248;1,05633;;1,08815;;;1,2405;;;
2012-07-01;82,67712;1,03993;1,12253;1,05638;;1,0882;;;1,24056;;;
2012-07-02;82,67563;1,03991;1,12251;1,05636;;1,08818;;;1,24053;;;
2012-07-03;82,67412;1,03989;1,12249;1,05634;;1,08816;;;1,24051;;;
2012-07-04;82,67264;1,03987;1,12247;1,05632;;1,08814;;;1,24049;;;
2012-07-05;82,67114;1,03985;1,12245;1,0563;;1,08812;;;1,24047;;;
2012-07-06;82,66964;1,03983;1,12243;1,05628;;1,0881;;;1,24044;;;
2012-07-07;82,66815;1,03981;1,12241;1,05626;;1,08808;;;1,24042;;;
2012-07-08;82,66665;1,0398;1,12239;1,05625;;1,08806;;;1,2404;;;
2012-07-09;82,66516;1,03978;1,12237;1,05623;;1,08805;;;1,24038;;;
2012-07-10;82,66366;1,03976;1,12235;1,05621;;1,08803;;;1,24035;;;
2012-07-11;82,66216;1,03974;1,12233;1,05619;;1,08801;;;1,24033;;;
2012-07-12;82,66066;1,03972;1,12231;1,05617;;1,08799;;;1,24031;;;
2012-07-13;82,65917;1,0397;1,12229;1,05615;;1,08797;;;1,24029;;;
2012-07-14;82,65767;1,03968;1,12227;1,05613;;1,08795;;;1,24026;;;
2012-07-15;82,65618;1,03966;1,12225;1,05611;;1,08793;;;1,24024;;;
2012-07-16;82,65469;1,03965;1,12223;1,05609;;1,08791;;;1,24022;;;
2012-07-17;82,65318;1,03963;1,12221;1,05607;;1,08789;;;1,2402;;;
2012-07-18;82,65169;1,03961;1,12218;1,05605;;1,08787;;;1,24018;;;
2012-07-19;82,65019;1,03959;1,12216;1,05604;;1,08785;;;1,24015;;;
2012-07-20;82,6487;1,03957;1,12214;1,05602;;1,08783;;;1,24013;;;
2012-07-21;82,6472;1,03955;1,12212;1,056;;1,08781;;;1,24011;;;
2012-07-22;82,64571;1,03953;1,1221;1,05598;;1,08779;;;1,24009;;;
2012-07-23;82,64421;1,03951;1,12208;1,05596;;1,08777;;;1,24006;;;
2012-07-24;82,64271;1,03949;1,12206;1,05594;;1,08775;;;1,24004;;;
2012-07-25;82,64122;1,03948;1,12204;1,05592;1;1,08773;;;1,24002;;;
2012-07-26;82,63972;1,03946;1,12202;1,0559;0,99998;1,08771;;;1,24;;;
2012-07-27;82,63823;1,03944;1,122;1,05588;0,99996;1,08769;;;1,23997;;;
2012-07-28;82,63673;1,03942;1,12198;1,05586;0,99995;1,08767;;;1,23995;;;
2012-07-29;82,63523;1,0394;1,12196;1,05584;0,99993;1,08765;;;1,23993;;;
2012-07-30;82,63374;1,03938;1,12194;1,05583;0,99991;1,08763;;;1,23991;;;
2012-07-31;82,63224;1,03936;1,12192;1,05581;0,99989;1,08761;;;1,23988;;;
2012-08-01;82,63075;1,03934;1,1219;1,05579;0,99987;1,08759;;;1,23986;;;
2012-08-02;82,63181;1,03936;1,12191;1,0558;0,99989;1,08761;;;1,23988;;;
2012-08-03;82,63289;1,03937;1,12193;1,05581;0,9999;1,08762;;;1,23989;;;
2012-08-04;82,63395;1,03938;1,12194;1,05583;0,99991;1,08763;;;1,23991;;;
2012-08-05;82,63502;1,0394;1,12196;1,05584;0,99992;1,08765;;;1,23992;;;
2012-08-06;82,63608;1,03941;1,12197;1,05586;0,99994;1,08766;;;1,23994;;;
2012-08-07;82,63716;1,03942;1,12199;1,05587;0,99995;1,08768;;;1,23996;;;
2012-08-08;82,63823;1,03944;1,122;1,05588;0,99996;1,08769;;;1,23997;;;
2012-08-09;82,6393;1,03945;1,12202;1,0559;0,99998;1,0877;;;1,23999;;;
2012-08-10;82,64036;1,03946;1,12203;1,05591;0,99999;1,08772;;;1,24001;;;
2012-08-11;82,64143;1,03948;1,12205;1,05592;1;1,08773;;;1,24002;;;
2012-08-12;82,6425;1,03949;1,12206;1,05594;1,00002;1,08775;;;1,24004;;;
2012-08-13;82,64357;1,03951;1,12207;1,05595;1,00003;1,08776;;;1,24005;;;
2012-08-14;82,64464;1,03952;1,12209;1,05596;1,00004;1,08778;;;1,24007;;;
2012-08-15;82,64571;1,03953;1,1221;1,05598;1,00005;1,08779;;;1,24009;;;
2012-08-16;82,64677;1,03955;1,12212;1,05599;1,00007;1,0878;;;1,2401;;;
2012-08-17;82,64784;1,03956;1,12213;1,05601;1,00008;1,08782;;;1,24012;;;
2012-08-18;82,64891;1,03957;1,12215;1,05602;1,00009;1,08783;;;1,24013;;;
2012-08-19;82,64998;1,03959;1,12216;1,05603;1,00011;1,08785;;;1,24015;;;
2012-08-20;82,65106;1,0396;1,12218;1,05605;1,00012;1,08786;;;1,24017;;;
2012-08-21;82,65212;1,03961;1,12219;1,05606;1,00013;1,08787;;;1,24018;;;
2012-08-22;82,65318;1,03963;1,12221;1,05607;1,00014;1,08789;;;1,2402;;;
2012-08-23;82,65425;1,03964;1,12222;1,05609;1,00016;1,0879;;;1,24021;;;
2012-08-24;82,65533;1,03965;1,12223;1,0561;1,00017;1,08792;;;1,24023;;;
2012-08-25;82,65639;1,03967;1,12225;1,05611;1,00018;1,08793;;;1,24025;;;
2012-08-26;82,65746;1,03968;1,12226;1,05613;1,0002;1,08794;;;1,24026;;;
2012-08-27;82,65853;1,03969;1,12228;1,05614;1,00021;1,08796;;;1,24028;;;
2012-08-28;82,6596;1,03971;1,12229;1,05616;1,00022;1,08797;;;1,24029;;;
2012-08-29;82,66066;1,03972;1,12231;1,05617;1,00024;1,08799;;;1,24031;;;
2012-08-30;82,66173;1,03973;1,12232;1,05618;1,00025;1,088;;;1,24033;;;
2012-08-31;82,66281;1,03975;1,12234;1,0562;1,00026;1,08801;;;1,24034;;;
2012-09-01;82,66387;1,03976;1,12235;1,05621;1,00027;1,08803;;;1,24036;;;
2012-09-02;82,65151;1,03961;1,12218;1,05605;1,00012;1,08787;;;1,24017;;;
2012-09-03;82,63914;1,03945;1,12201;1,05589;0,99997;1,0877;;;1,23999;;;
2012-09-04;82,62677;1,03929;1,12185;1,05574;0,99983;1,08754;;;1,2398;;;
2012-09-05;82,6144;1,03914;1,12168;1,05558;0,99968;1,08738;;;1,23962;;;
2012-09-06;82,60204;1,03898;1,12151;1,05542;0,99953;1,08721;;;1,23943;;;
2012-09-07;82,58967;1,03883;1,12134;1,05526;0,99938;1,08705;;;1,23924;;;
2012-09-08;82,5773;1,03867;1,12117;1,0551;0,99923;1,08689;;;1,23906;;;
2012-09-09;82,56494;1,03852;1,12101;1,05495;0,99908;1,08673;;;1,23887;;;
2012-09-10;82,55257;1,03836;1,12084;1,05479;0,99893;1,08656;;;1,23869;;;
2012-09-11;82,54021;1,03821;1,12067;1,05463;0,99878;1,0864;;;1,2385;;;
2012-09-12;82,52785;1,03805;1,1205;1,05447;0,99863;1,08624;;;1,23832;;;
2012-09-13;82,51548;1,03789;1,12034;1,05431;0,99848;1,08608;;;1,23813;;;
2012-09-14;82,50311;1,03774;1,12017;1,05416;0,99833;1,08591;;;1,23795;;;
2012-09-15;82,49075;1,03758;1,12;1,054;0,99818;1,08575;;;1,23776;;;
2012-09-16;82,47838;1,03743;1,11983;1,05384;0,99803;1,08559;;;1,23757;;;
2012-09-17;82,46601;1,03727;1,11966;1,05368;0,99788;1,08542;;;1,23739;;;
2012-09-18;82,45365;1,03712;1,1195;1,05352;0,99773;1,08526;;;1,2372;;;
2012-09-19;82,44128;1,03696;1,11933;1,05337;0,99758;1,0851;;;1,23702;;;
2012-09-20;82,42891;1,03681;1,11916;1,05321;0,99743;1,08494;;;1,23683;;;
2012-09-21;82,41654;1,03665;1,11899;1,05305;0,99728;1,08477;;;1,23665;;;
2012-09-22;82,40418;1,03649;1,11882;1,05289;0,99713;1,08461;;;1,23646;;;
2012-09-23;82,39181;1,03634;1,11866;1,05273;0,99698;1,08445;;;1,23628;;;
2012-09-24;82,37945;1,03618;1,11849;1,05258;0,99683;1,08428;;;1,23609;;;
2012-09-25;82,36708;1,03603;1,11832;1,05242;0,99668;1,08412;;;1,2359;;;
2012-09-26;82,35471;1,03587;1,11815;1,05226;0,99653;1,08396;;;1,23572;;;
2012-09-27;82,34235;1,03572;1,11798;1,0521;0,99638;1,0838;;;1,23553;;;
2012-09-28;82,32998;1,03556;1,11782;1,05194;0,99623;1,08363;;;1,23535;;;
2012-09-29;82,31761;1,03541;1,11765;1,05179;0,99608;1,08347;;;1,23516;;;
2012-09-30;82,30525;1,03525;1,11748;1,05163;0,99593;1,08331;;;1,23498;;;
2012-10-01;82,29288;1,03509;1,11731;1,05147;0,99578;1,08315;;;1,23479;;;
2012-10-02;82,31084;1,03532;1,11756;1,0517;0,996;1,08338;;;1,23506;;;
2012-10-03;82,32878;1,03555;1,1178;1,05193;0,99622;1,08362;;;1,23533;;;
2012-10-04;82,34674;1,03577;1,11804;1,05216;0,99644;1,08385;;;1,2356;;;
2012-10-05;82,36469;1,036;1,11829;1,05239;0,99665;1,08409;;;1,23587;;;
2012-10-06;82,38264;1,03622;1,11853;1,05262;0,99687;1,08433;;;1,23614;;;
2012-10-07;82,40059;1,03645;1,11878;1,05285;0,99709;1,08456;;;1,23641;;;
2012-10-08;82,41854;1,03667;1,11902;1,05308;0,99731;1,0848;;;1,23668;;;
2012-10-09;82,43649;1,0369;1,11926;1,05331;0,99752;1,08504;;;1,23695;;;
2012-10-10;82,45444;1,03713;1,11951;1,05353;0,99774;1,08527;;;1,23722;;;
2012-10-11;82,4724;1,03735;1,11975;1,05376;0,99796;1,08551;;;1,23748;;;
2012-10-12;82,49034;1,03758;1,11999;1,05399;0,99817;1,08574;;;1,23775;;;
2012-10-13;82,50829;1,0378;1,12024;1,05422;0,99839;1,08598;;;1,23802;;;
2012-10-14;82,52625;1,03803;1,12048;1,05445;0,99861;1,08622;;;1,23829;;;
2012-10-15;82,54419;1,03826;1,12073;1,05468;0,99883;1,08645;;;1,23856;;;
2012-10-16;82,56215;1,03848;1,12097;1,05491;0,99904;1,08669;;;1,23883;;;
2012-10-17;82,5801;1,03871;1,12121;1,05514;0,99926;1,08693;;;1,2391;;;
2012-10-18;82,59805;1,03893;1,12146;1,05537;0,99948;1,08716;;;1,23937;;;
2012-10-19;82,616;1,03916;1,1217;1,0556;0,99969;1,0874;;;1,23964;;;
2012-10-20;82,63395;1,03938;1,12194;1,05583;0,99991;1,08763;;;1,23991;;;
2012-10-21;82,65191;1,03961;1,12219;1,05606;1,00013;1,08787;;;1,24018;;;
2012-10-22;82,66985;1,03984;1,12243;1,05629;1,00035;1,08811;;;1,24045;;;
2012-10-23;82,68781;1,04006;1,12268;1,05652;1,00056;1,08834;;;1,24072;;;
2012-10-24;82,70576;1,04029;1,12292;1,05675;1,00078;1,08858;;;1,24099;;;
2012-10-25;82,72371;1,04051;1,12316;1,05697;1,001;1,08882;;;1,24126;;;
2012-10-26;82,74166;1,04074;1,12341;1,0572;1,00122;1,08905;;;1,24153;;;
2012-10-27;82,75961;1,04096;1,12365;1,05743;1,00143;1,08929;;;1,24179;;;
2012-10-28;82,77756;1,04119;1,12389;1,05766;1,00165;1,08952;;;1,24206;;;
2012-10-29;82,79551;1,04142;1,12414;1,05789;1,00187;1,08976;;;1,24233;;;
2012-10-30;82,81347;1,04164;1,12438;1,05812;1,00208;1,09;;;1,2426;;;
2012-10-31;82,83141;1,04187;1,12462;1,05835;1,0023;1,09023;;;1,24287;;;
2012-11-01;82,84936;1,04209;1,12487;1,05858;1,00252;1,09047;;;1,24314;;;
2012-11-02;82,84229;1,042;1,12477;1,05849;1,00243;1,09038;;;1,24304;;;
2012-11-03;82,83523;1,04192;1,12468;1,0584;1,00235;1,09028;;;1,24293;;;
2012-11-04;82,82816;1,04183;1,12458;1,05831;1,00226;1,09019;;;1,24282;;;
2012-11-05;82,82109;1,04174;1,12448;1,05822;1,00218;1,0901;;;1,24272;;;
2012-11-06;82,81403;1,04165;1,12439;1,05813;1,00209;1,09;;;1,24261;;;
2012-11-07;82,80696;1,04156;1,12429;1,05804;1,00201;1,08991;;;1,2425;;;
2012-11-08;82,7999;1,04147;1,1242;1,05795;1,00192;1,08982;;;1,2424;;;
2012-11-09;82,79283;1,04138;1,1241;1,05786;1,00183;1,08973;;;1,24229;;;
2012-11-10;82,78577;1,04129;1,12401;1,05777;1,00175;1,08963;;;1,24219;;;
2012-11-11;82,7787;1,0412;1,12391;1,05768;1,00166;1,08954;;;1,24208;;;
2012-11-12;82,77164;1,04112;1,12381;1,05759;1,00158;1,08945;;;1,24197;;;
2012-11-13;82,76457;1,04103;1,12372;1,0575;1,00149;1,08935;;;1,24187;;;
2012-11-14;82,7575;1,04094;1,12362;1,05741;1,00141;1,08926;;;1,24176;;;
2012-11-15;82,75044;1,04085;1,12353;1,05732;1,00132;1,08917;;;1,24166;;;
2012-11-16;82,74337;1,04076;1,12343;1,05723;1,00124;1,08907;;;1,24155;;;
2012-11-17;82,7363;1,04067;1,12333;1,05714;1,00115;1,08898;;;1,24144;;;
2012-11-18;82,72924;1,04058;1,12324;1,05705;1,00107;1,08889;;;1,24134;;;
2012-11-19;82,72217;1,04049;1,12314;1,05696;1,00098;1,0888;;;1,24123;;;
2012-11-20;82,7151;1,04041;1,12305;1,05686;1,00089;1,0887;;;1,24113;;;
2012-11-21;82,70804;1,04032;1,12295;1,05677;1,00081;1,08861;;;1,24102;;;
2012-11-22;82,70097;1,04023;1,12285;1,05668;1,00072;1,08852;;;1,24091;;;
2012-11-23;82,6939;1,04014;1,12276;1,05659;1,00064;1,08842;;;1,24081;;;
2012-11-24;82,68684;1,04005;1,12266;1,0565;1,00055;1,08833;;;1,2407;;;
2012-11-25;82,67977;1,03996;1,12257;1,05641;1,00047;1,08824;;;1,2406;;;
2012-11-26;82,6727;1,03987;1,12247;1,05632;1,00038;1,08814;;;1,24049;;;
2012-11-27;82,66564;1,03978;1,12237;1,05623;1,0003;1,08805;;;1,24038;;;
2012-11-28;82,65857;1,03969;1,12228;1,05614;1,00021;1,08796;;;1,24028;;;
2012-11-29;82,65151;1,03961;1,12218;1,05605;1,00012;1,08787;;;1,24017;;;
2012-11-30;82,64444;1,03952;1,12209;1,05596;1,00004;1,08777;;;1,24007;;;
2012-12-01;82,63737;1,03943;1,12199;1,05587;0,99995;1,08768;;;1,23996;;;
2012-12-02;82,63887;1,03945;1,12201;1,05589;0,99997;1,0877;;;1,23998;;;
2012-12-03;82,64036;1,03946;1,12203;1,05591;0,99999;1,08772;;;1,24001;;;
2012-12-04;82,64186;1,03948;1,12205;1,05593;1,00001;1,08774;;;1,24003;;;
2012-12-05;82,64335;1,0395;1,12207;1,05595;1,00003;1,08776;;;1,24005;;;
2012-12-06;82,64485;1,03952;1,12209;1,05597;1,00004;1,08778;;;1,24007;;;
2012-12-07;82,64635;1,03954;1,12211;1,05599;1,00006;1,0878;;;1,24009;;;
2012-12-08;82,64784;1,03956;1,12213;1,05601;1,00008;1,08782;;;1,24012;;;
2012-12-09;82,64934;1,03958;1,12215;1,05602;1,0001;1,08784;;;1,24014;;;
2012-12-10;82,65083;1,0396;1,12217;1,05604;1,00012;1,08786;;;1,24016;;;
2012-12-11;82,65233;1,03962;1,12219;1,05606;1,00013;1,08788;;;1,24018;;;
2012-12-12;82,65383;1,03963;1,12221;1,05608;1,00015;1,0879;;;1,24021;;;
2012-12-13;82,65533;1,03965;1,12223;1,0561;1,00017;1,08792;;;1,24023;;;
2012-12-14;82,65681;1,03967;1,12225;1,05612;1,00019;1,08794;;;1,24025;;;
2012-12-15;82,65832;1,03969;1,12227;1,05614;1,00021;1,08796;;;1,24027;;;
2012-12-16;82,65981;1,03971;1,1223;1,05616;1,00022;1,08797;;;1,2403;;;
2012-12-17;82,6613;1,03973;1,12232;1,05618;1,00024;1,08799;;;1,24032;;;
2012-12-18;82,66281;1,03975;1,12234;1,0562;1,00026;1,08801;;;1,24034;;;
2012-12-19;82,6643;1,03977;1,12236;1,05622;1,00028;1,08803;;;1,24036;;;
2012-12-20;82,66579;1,03978;1,12238;1,05623;1,0003;1,08805;;;1,24039;;;
2012-12-21;82,66729;1,0398;1,1224;1,05625;1,00032;1,08807;;;1,24041;;;
2012-12-22;82,66879;1,03982;1,12242;1,05627;1,00033;1,08809;;;1,24043;;;
2012-12-23;82,67028;1,03984;1,12244;1,05629;1,00035;1,08811;;;1,24045;;;
2012-12-24;82,67178;1,03986;1,12246;1,05631;1,00037;1,08813;;;1,24048;;;
2012-12-25;82,67327;1,03988;1,12248;1,05633;1,00039;1,08815;;;1,2405;;;
2012-12-26;82,67477;1,0399;1,1225;1,05635;1,00041;1,08817;;;1,24052;;;
2012-12-27;82,67627;1,03992;1,12252;1,05637;1,00042;1,08819;;;1,24054;;;
2012-12-28;82,67776;1,03994;1,12254;1,05639;1,00044;1,08821;;;1,24057;;;
2012-12-29;82,67926;1,03995;1,12256;1,05641;1,00046;1,08823;;;1,24059;;;
2012-12-30;82,68075;1,03997;1,12258;1,05643;1,00048;1,08825;;;1,24061;;;
2012-12-31;82,68225;1,03999;1,1226;1,05645;1,0005;1,08827;;;1,24063;;;
2013-01-01;82,68375;1,04001;1,12262;1,05646;1,00051;1,08829;;;1,24066;;;
2013-01-02;82,67947;1,03996;1,12256;1,05641;1,00046;1,08823;;;1,24059;;;
2013-01-03;82,6752;1,0399;1,1225;1,05636;1,00041;1,08818;;;1,24053;;;
2013-01-04;82,67093;1,03985;1,12245;1,0563;1,00036;1,08812;;;1,24046;;;
2013-01-05;82,66665;1,0398;1,12239;1,05625;1,00031;1,08806;;;1,2404;;;
2013-01-06;82,66237;1,03974;1,12233;1,05619;1,00026;1,08801;;;1,24034;;;
2013-01-07;82,6581;1,03969;1,12227;1,05614;1,0002;1,08795;;;1,24027;;;
2013-01-08;82,65383;1,03963;1,12221;1,05608;1,00015;1,0879;;;1,24021;;;
2013-01-09;82,64955;1,03958;1,12216;1,05603;1,0001;1,08784;;;1,24014;;;
2013-01-10;82,64528;1,03953;1,1221;1,05597;1,00005;1,08778;;;1,24008;;;
2013-01-11;82,641;1,03947;1,12204;1,05592;1;1,08773;;;1,24001;;;
2013-01-12;82,63673;1,03942;1,12198;1,05586;0,99995;1,08767;;;1,23995;;;
2013-01-13;82,63245;1,03937;1,12192;1,05581;0,99989;1,08761;;;1,23989;;;
2013-01-14;82,62819;1,03931;1,12187;1,05575;0,99984;1,08756;;;1,23982;;;
2013-01-15;82,62391;1,03926;1,12181;1,0557;0,99979;1,0875;;;1,23976;;;
2013-01-16;82,61964;1,0392;1,12175;1,05565;0,99974;1,08745;;;1,23969;;;
2013-01-17;82,61536;1,03915;1,12169;1,05559;0,99969;1,08739;;;1,23963;;;
2013-01-18;82,61109;1,0391;1,12163;1,05554;0,99964;1,08733;;;1,23957;;;
2013-01-19;82,60681;1,03904;1,12158;1,05548;0,99958;1,08728;;;1,2395;;;
2013-01-20;82,60254;1,03899;1,12152;1,05543;0,99953;1,08722;;;1,23944;;;
2013-01-21;82,59827;1,03894;1,12146;1,05537;0,99948;1,08716;;;1,23937;;;
2013-01-22;82,59399;1,03888;1,1214;1,05532;0,99943;1,08711;;;1,23931;;;
2013-01-23;82,58971;1,03883;1,12134;1,05526;0,99938;1,08705;;;1,23925;;;
2013-01-24;82,58544;1,03877;1,12129;1,05521;0,99933;1,087;;;1,23918;;;
2013-01-25;82,58117;1,03872;1,12123;1,05515;0,99927;1,08694;;;1,23912;;;
2013-01-26;82,57689;1,03867;1,12117;1,0551;0,99922;1,08688;;;1,23905;;;
2013-01-27;82,57262;1,03861;1,12111;1,05504;0,99917;1,08683;;;1,23899;;;
2013-01-28;82,56835;1,03856;1,12105;1,05499;0,99912;1,08677;;;1,23892;;;
2013-01-29;82,56407;1,03851;1,121;1,05494;0,99907;1,08671;;;1,23886;;;
2013-01-30;82,55979;1,03845;1,12094;1,05488;0,99901;1,08666;;;1,2388;;;
2013-01-31;82,55552;1,0384;1,12088;1,05483;0,99896;1,0866;;;1,23873;;;
2013-02-01;82,55125;1,03834;1,12082;1,05477;0,99891;1,08655;;;1,23867;;;
2013-02-02;82,56095;1,03847;1,12095;1,0549;0,99903;1,08667;;;1,23881;;;
2013-02-03;82,57065;1,03859;1,12108;1,05502;0,99915;1,0868;;;1,23896;;;
2013-02-04;82,58035;1,03871;1,12122;1,05514;0,99926;1,08693;;;1,2391;;;
2013-02-05;82,59006;1,03883;1,12135;1,05527;0,99938;1,08706;;;1,23925;;;
2013-02-06;82,59975;1,03895;1,12148;1,05539;0,9995;1,08718;;;1,2394;;;
2013-02-07;82,60945;1,03908;1,12161;1,05552;0,99962;1,08731;;;1,23954;;;
2013-02-08;82,61916;1,0392;1,12174;1,05564;0,99973;1,08744;;;1,23969;;;
2013-02-09;82,62886;1,03932;1,12187;1,05576;0,99985;1,08757;;;1,23983;;;
2013-02-10;82,63856;1,03944;1,12201;1,05589;0,99997;1,0877;;;1,23998;;;
2013-02-11;82,64826;1,03956;1,12214;1,05601;1,00009;1,08782;;;1,24012;;;
2013-02-12;82,65796;1,03969;1,12227;1,05613;1,0002;1,08795;;;1,24027;;;
2013-02-13;82,66766;1,03981;1,1224;1,05626;1,00032;1,08808;;;1,24041;;;
2013-02-14;82,67736;1,03993;1,12253;1,05638;1,00044;1,08821;;;1,24056;;;
2013-02-15;82,68706;1,04005;1,12267;1,05651;1,00055;1,08833;;;1,24071;;;
2013-02-16;82,69676;1,04017;1,1228;1,05663;1,00067;1,08846;;;1,24085;;;
2013-02-17;82,70646;1,0403;1,12293;1,05675;1,00079;1,08859;;;1,241;;;
2013-02-18;82,71616;1,04042;1,12306;1,05688;1,00091;1,08872;;;1,24114;;;
2013-02-19;82,72586;1,04054;1,12319;1,057;1,00102;1,08884;;;1,24129;;;
2013-02-20;82,73556;1,04066;1,12332;1,05713;1,00114;1,08897;;;1,24143;;;
2013-02-21;82,74526;1,04078;1,12346;1,05725;1,00126;1,0891;;;1,24158;;;
2013-02-22;82,75496;1,04091;1,12359;1,05737;1,00138;1,08923;;;1,24172;;;
2013-02-23;82,76466;1,04103;1,12372;1,0575;1,00149;1,08935;;;1,24187;;;
2013-02-24;82,77437;1,04115;1,12385;1,05762;1,00161;1,08948;;;1,24202;;;
2013-02-25;82,78406;1,04127;1,12398;1,05775;1,00173;1,08961;;;1,24216;;;
2013-02-26;82,79376;1,04139;1,12411;1,05787;1,00185;1,08974;;;1,24231;;;
2013-02-27;82,80346;1,04152;1,12425;1,05799;1,00196;1,08987;;;1,24245;;;
2013-02-28;82,81317;1,04164;1,12438;1,05812;1,00208;1,08999;;;1,2426;;;
2013-03-01;82,82286;1,04176;1,12451;1,05824;1,0022;1,09012;;;1,24274;;;
2013-03-02;82,80876;1,04158;1,12432;1,05806;1,00203;1,08994;;;1,24253;;;
2013-03-03;82,79465;1,04141;1,12413;1,05788;1,00186;1,08975;;;1,24232;;;
2013-03-04;82,78055;1,04123;1,12393;1,0577;1,00169;1,08956;;;1,24211;;;
2013-03-05;82,76645;1,04105;1,12374;1,05752;1,00152;1,08938;;;1,2419;;;
2013-03-06;82,75235;1,04087;1,12355;1,05734;1,00134;1,08919;;;1,24169;;;
2013-03-07;82,73824;1,0407;1,12336;1,05716;1,00117;1,08901;;;1,24147;;;
2013-03-08;82,72414;1,04052;1,12317;1,05698;1,001;1,08882;;;1,24126;;;
2013-03-09;82,71004;1,04034;1,12298;1,0568;1,00083;1,08864;;;1,24105;;;
2013-03-10;82,69593;1,04016;1,12279;1,05662;1,00066;1,08845;;;1,24084;;;
2013-03-11;82,68183;1,03999;1,12259;1,05644;1,00049;1,08826;;;1,24063;;;
2013-03-12;82,66772;1,03981;1,1224;1,05626;1,00032;1,08808;;;1,24042;;;
2013-03-13;82,65362;1,03963;1,12221;1,05608;1,00015;1,08789;;;1,2402;;;
2013-03-14;82,63951;1,03945;1,12202;1,0559;0,99998;1,08771;;;1,23999;;;
2013-03-15;82,62541;1,03928;1,12183;1,05572;0,99981;1,08752;;;1,23978;;;
2013-03-16;82,6113;1,0391;1,12164;1,05554;0,99964;1,08734;;;1,23957;;;
2013-03-17;82,59719;1,03892;1,12144;1,05536;0,99947;1,08715;;;1,23936;;;
2013-03-18;82,58309;1,03874;1,12125;1,05518;0,9993;1,08697;;;1,23915;;;
2013-03-19;82,56898;1,03857;1,12106;1,055;0,99913;1,08678;;;1,23893;;;
2013-03-20;82,55488;1,03839;1,12087;1,05482;0,99896;1,08659;;;1,23872;;;
2013-03-21;82,54077;1,03821;1,12068;1,05464;0,99878;1,08641;;;1,23851;;;
2013-03-22;82,52667;1,03803;1,12049;1,05446;0,99861;1,08622;;;1,2383;;;
2013-03-23;82,51256;1,03786;1,1203;1,05428;0,99844;1,08604;;;1,23809;;;
2013-03-24;82,49847;1,03768;1,1201;1,0541;0,99827;1,08585;;;1,23788;;;
2013-03-25;82,48436;1,0375;1,11991;1,05392;0,9981;1,08567;;;1,23766;;;
2013-03-26;82,47026;1,03733;1,11972;1,05374;0,99793;1,08548;;;1,23745;;;
2013-03-27;82,45615;1,03715;1,11953;1,05356;0,99776;1,08529;;;1,23724;;;
2013-03-28;82,44205;1,03697;1,11934;1,05338;0,99759;1,08511;;;1,23703;;;
2013-03-29;82,42795;1,03679;1,11915;1,0532;0,99742;1,08492;;;1,23682;;;
2013-03-30;82,41384;1,03662;1,11896;1,05302;0,99725;1,08474;;;1,23661;;;
2013-03-31;82,39974;1,03644;1,11876;1,05284;0,99708;1,08455;;;1,23639;;;
2013-04-01;82,38563;1,03626;1,11857;1,05266;0,99691;1,08437;;;1,23618;;;
2013-04-02;82,39358;1,03636;1,11868;1,05276;0,997;1,08447;;;1,2363;;;
2013-04-03;82,40153;1,03646;1,11879;1,05286;0,9971;1,08458;;;1,23642;;;
2013-04-04;82,40948;1,03656;1,1189;1,05296;0,9972;1,08468;;;1,23654;;;
2013-04-05;82,41743;1,03666;1,119;1,05306;0,99729;1,08478;;;1,23666;;;
2013-04-06;82,42538;1,03676;1,11911;1,05316;0,99739;1,08489;;;1,23678;;;
2013-04-07;82,43333;1,03686;1,11922;1,05326;0,99748;1,08499;;;1,2369;;;
2013-04-08;82,44128;1,03696;1,11933;1,05337;0,99758;1,0851;;;1,23702;;;
2013-04-09;82,44923;1,03706;1,11944;1,05347;0,99768;1,0852;;;1,23714;;;
2013-04-10;82,45718;1,03716;1,11954;1,05357;0,99777;1,08531;;;1,23726;;;
2013-04-11;82,46513;1,03726;1,11965;1,05367;0,99787;1,08541;;;1,23738;;;
2013-04-12;82,47308;1,03736;1,11976;1,05377;0,99797;1,08552;;;1,2375;;;
2013-04-13;82,48103;1,03746;1,11987;1,05387;0,99806;1,08562;;;1,23761;;;
2013-04-14;82,48898;1,03756;1,11998;1,05398;0,99816;1,08573;;;1,23773;;;
2013-04-15;82,49692;1,03766;1,12008;1,05408;0,99825;1,08583;;;1,23785;;;
2013-04-16;82,50488;1,03776;1,12019;1,05418;0,99835;1,08594;;;1,23797;;;
2013-04-17;82,51282;1,03786;1,1203;1,05428;0,99845;1,08604;;;1,23809;;;
2013-04-18;82,52078;1,03796;1,12041;1,05438;0,99854;1,08614;;;1,23821;;;
2013-04-19;82,52872;1,03806;1,12052;1,05448;0,99864;1,08625;;;1,23833;;;
2013-04-20;82,53668;1,03816;1,12062;1,05459;0,99873;1,08635;;;1,23845;;;
2013-04-21;82,54463;1,03826;1,12073;1,05469;0,99883;1,08646;;;1,23857;;;
2013-04-22;82,55257;1,03836;1,12084;1,05479;0,99893;1,08656;;;1,23869;;;
2013-04-23;82,56053;1,03846;1,12095;1,05489;0,99902;1,08667;;;1,23881;;;
2013-04-24;82,56847;1,03856;1,12105;1,05499;0,99912;1,08677;;;1,23893;;;
2013-04-25;82,57643;1,03866;1,12116;1,05509;0,99922;1,08688;;;1,23905;;;
2013-04-26;82,58437;1,03876;1,12127;1,05519;0,99931;1,08698;;;1,23917;;;
2013-04-27;82,59233;1,03886;1,12138;1,0553;0,99941;1,08709;;;1,23928;;;
2013-04-28;82,60027;1,03896;1,12149;1,0554;0,9995;1,08719;;;1,2394;;;
2013-04-29;82,60822;1,03906;1,12159;1,0555;0,9996;1,0873;;;1,23952;;;
2013-04-30;82,61617;1,03916;1,1217;1,0556;0,9997;1,0874;;;1,23964;;;
2013-05-01;82,62412;1,03926;1,12181;1,0557;0,99979;1,08751;;;1,23976;;;
2013-05-02;82,64485;1,03952;1,12209;1,05597;1,00004;1,08778;;;1,24007;;;
2013-05-03;82,66558;1,03978;1,12237;1,05623;1,00029;1,08805;;;1,24038;;;
2013-05-04;82,68631;1,04004;1,12265;1,0565;1,00055;1,08832;;;1,24069;;;
2013-05-05;82,70704;1,0403;1,12294;1,05676;1,0008;1,0886;;;1,24101;;;
2013-05-06;82,72777;1,04056;1,12322;1,05703;1,00105;1,08887;;;1,24132;;;
2013-05-07;82,74849;1,04083;1,1235;1,05729;1,0013;1,08914;;;1,24163;;;
2013-05-08;82,76922;1,04109;1,12378;1,05756;1,00155;1,08941;;;1,24194;;;
2013-05-09;82,78996;1,04135;1,12406;1,05782;1,0018;1,08969;;;1,24225;;;
2013-05-10;82,81069;1,04161;1,12434;1,05809;1,00205;1,08996;;;1,24256;;;
2013-05-11;82,83141;1,04187;1,12462;1,05835;1,0023;1,09023;;;1,24287;;;
2013-05-12;82,85214;1,04213;1,12491;1,05862;1,00255;1,09051;;;1,24318;;;
2013-05-13;82,87287;1,04239;1,12519;1,05888;1,0028;1,09078;;;1,24349;;;
2013-05-14;82,89359;1,04265;1,12547;1,05915;1,00305;1,09105;;;1,2438;;;
2013-05-15;82,91433;1,04291;1,12575;1,05941;1,0033;1,09132;;;1,24412;;;
2013-05-16;82,93506;1,04317;1,12603;1,05968;1,00356;1,0916;;;1,24443;;;
2013-05-17;82,95579;1,04343;1,12631;1,05994;1,00381;1,09187;;;1,24474;;;
2013-05-18;82,97652;1,04369;1,1266;1,06021;1,00406;1,09214;;;1,24505;;;
2013-05-19;82,99725;1,04395;1,12688;1,06047;1,00431;1,09242;;;1,24536;;;
2013-05-20;83,01798;1,04421;1,12716;1,06073;1,00456;1,09269;;;1,24567;;;
2013-05-21;83,0387;1,04448;1,12744;1,061;1,00481;1,09296;;;1,24598;;;
2013-05-22;83,05943;1,04474;1,12772;1,06126;1,00506;1,09323;;;1,24629;;;
2013-05-23;83,08017;1,045;1,128;1,06153;1,00531;1,09351;;;1,2466;;;
2013-05-24;83,1009;1,04526;1,12828;1,06179;1,00556;1,09378;;;1,24692;;;
2013-05-25;83,12162;1,04552;1,12857;1,06206;1,00581;1,09405;;;1,24723;;;
2013-05-26;83,14235;1,04578;1,12885;1,06232;1,00606;1,09433;;;1,24754;;;
2013-05-27;83,16308;1,04604;1,12913;1,06259;1,00631;1,0946;;;1,24785;;;
2013-05-28;83,18381;1,0463;1,12941;1,06285;1,00657;1,09487;;;1,24816;;;
2013-05-29;83,20454;1,04656;1,12969;1,06312;1,00682;1,09514;;;1,24847;;;
2013-05-30;83,22527;1,04682;1,12997;1,06338;1,00707;1,09542;;;1,24878;;;
2013-05-31;83,246;1,04708;1,13025;1,06365;1,00732;1,09569;;;1,24909;;;
2013-06-01;83,26673;1,04734;1,13054;1,06391;1,00757;1,09596;;;1,2494;;;
2013-06-02;83,26253;1,04729;1,13048;1,06386;1,00752;1,09591;;;1,24934;;;
2013-06-03;83,25833;1,04724;1,13042;1,06381;1,00747;1,09585;;;1,24928;;;
2013-06-04;83,25414;1,04719;1,13036;1,06375;1,00742;1,0958;;;1,24921;;;
2013-06-05;83,24995;1,04713;1,13031;1,0637;1,00737;1,09574;;;1,24915;;;
2013-06-06;83,24575;1,04708;1,13025;1,06365;1,00732;1,09569;;;1,24909;;;
2013-06-07;83,24155;1,04703;1,13019;1,06359;1,00726;1,09563;;;1,24903;;;
2013-06-08;83,23736;1,04697;1,13014;1,06354;1,00721;1,09558;;;1,24896;;;
2013-06-09;83,23315;1,04692;1,13008;1,06348;1,00716;1,09552;;;1,2489;;;
2013-06-10;83,22896;1,04687;1,13002;1,06343;1,00711;1,09547;;;1,24884;;;
2013-06-11;83,22477;1,04682;1,12997;1,06338;1,00706;1,09541;;;1,24877;;;
2013-06-12;83,22057;1,04676;1,12991;1,06332;1,00701;1,09536;;;1,24871;;;
2013-06-13;83,21638;1,04671;1,12985;1,06327;1,00696;1,0953;;;1,24865;;;
2013-06-14;83,21218;1,04666;1,12979;1,06322;1,00691;1,09525;;;1,24859;;;
2013-06-15;83,20798;1,0466;1,12974;1,06316;1,00686;1,09519;;;1,24852;;;
2013-06-16;83,20379;1,04655;1,12968;1,06311;1,00681;1,09513;;;1,24846;;;
2013-06-17;83,1996;1,0465;1,12962;1,06306;1,00676;1,09508;;;1,2484;;;
2013-06-18;83,1954;1,04645;1,12957;1,063;1,00671;1,09502;;;1,24833;;;
2013-06-19;83,1912;1,04639;1,12951;1,06295;1,00666;1,09497;;;1,24827;;;
2013-06-20;83,18701;1,04634;1,12945;1,06289;1,0066;1,09491;;;1,24821;;;
2013-06-21;83,18281;1,04629;1,1294;1,06284;1,00655;1,09486;;;1,24814;;;
2013-06-22;83,17861;1,04624;1,12934;1,06279;1,0065;1,0948;;;1,24808;;;
2013-06-23;83,17442;1,04618;1,12928;1,06273;1,00645;1,09475;;;1,24802;;;
2013-06-24;83,17023;1,04613;1,12923;1,06268;1,0064;1,09469;;;1,24796;;;
2013-06-25;83,16603;1,04608;1,12917;1,06263;1,00635;1,09464;;;1,24789;;;
2013-06-26;83,16184;1,04602;1,12911;1,06257;1,0063;1,09458;;;1,24783;;;
2013-06-27;83,15763;1,04597;1,12905;1,06252;1,00625;1,09453;;;1,24777;;;
2013-06-28;83,15344;1,04592;1,129;1,06247;1,0062;1,09447;;;1,2477;;;
2013-06-29;83,14924;1,04587;1,12894;1,06241;1,00615;1,09442;;;1,24764;;;
2013-06-30;83,14505;1,04581;1,12888;1,06236;1,0061;1,09436;;;1,24758;;;
2013-07-01;83,14086;1,04576;1,12883;1,0623;1,00605;1,09431;;;1,24751;;;
2013-07-02;83,14235;1,04578;1,12885;1,06232;1,00606;1,09433;;;1,24754;;;
2013-07-03;83,14384;1,0458;1,12887;1,06234;1,00608;1,09435;;;1,24756;;;
2013-07-04;83,14534;1,04582;1,12889;1,06236;1,0061;1,09437;;;1,24758;;;
2013-07-05;83,14683;1,04584;1,12891;1,06238;1,00612;1,09439;;;1,2476;;;
2013-07-06;83,14833;1,04585;1,12893;1,0624;1,00614;1,0944;;;1,24763;;;
2013-07-07;83,14983;1,04587;1,12895;1,06242;1,00615;1,09442;;;1,24765;;;
2013-07-08;83,15133;1,04589;1,12897;1,06244;1,00617;1,09444;;;1,24767;;;
2013-07-09;83,15282;1,04591;1,12899;1,06246;1,00619;1,09446;;;1,24769;;;
2013-07-10;83,15432;1,04593;1,12901;1,06248;1,00621;1,09448;;;1,24772;;;
2013-07-11;83,15581;1,04595;1,12903;1,0625;1,00623;1,0945;;;1,24774;;;
2013-07-12;83,15731;1,04597;1,12905;1,06252;1,00624;1,09452;;;1,24776;;;
2013-07-13;83,15881;1,04599;1,12907;1,06253;1,00626;1,09454;;;1,24778;;;
2013-07-14;83,16029;1,046;1,12909;1,06255;1,00628;1,09456;;;1,24781;;;
2013-07-15;83,1618;1,04602;1,12911;1,06257;1,0063;1,09458;;;1,24783;;;
2013-07-16;83,16329;1,04604;1,12913;1,06259;1,00632;1,0946;;;1,24785;;;
2013-07-17;83,16479;1,04606;1,12915;1,06261;1,00634;1,09462;;;1,24787;;;
2013-07-18;83,16629;1,04608;1,12917;1,06263;1,00635;1,09464;;;1,2479;;;
2013-07-19;83,16778;1,0461;1,12919;1,06265;1,00637;1,09466;;;1,24792;;;
2013-07-20;83,16927;1,04612;1,12921;1,06267;1,00639;1,09468;;;1,24794;;;
2013-07-21;83,17077;1,04614;1,12923;1,06269;1,00641;1,0947;;;1,24796;;;
2013-07-22;83,17227;1,04616;1,12925;1,06271;1,00643;1,09472;;;1,24799;;;
2013-07-23;83,17376;1,04617;1,12927;1,06273;1,00644;1,09474;;;1,24801;;;
2013-07-24;83,17527;1,04619;1,12929;1,06274;1,00646;1,09476;;;1,24803;;;
2013-07-25;83,17675;1,04621;1,12931;1,06276;1,00648;1,09478;;;1,24805;;;
2013-07-26;83,17825;1,04623;1,12933;1,06278;1,0065;1,0948;;;1,24808;;;
2013-07-27;83,17975;1,04625;1,12935;1,0628;1,00652;1,09482;;;1,2481;;;
2013-07-28;83,18124;1,04627;1,12937;1,06282;1,00653;1,09484;;;1,24812;;;
2013-07-29;83,18274;1,04629;1,1294;1,06284;1,00655;1,09486;;;1,24814;;;
2013-07-30;83,18423;1,04631;1,12942;1,06286;1,00657;1,09488;;;1,24817;;;
2013-07-31;83,18573;1,04632;1,12944;1,06288;1,00659;1,0949;;;1,24819;;;
2013-08-01;83,18723;1,04634;1,12946;1,0629;1,00661;1,09492;;;1,24821;;;
2013-08-02;83,19172;1,0464;1,12952;1,06295;1,00666;1,09498;;;1,24828;;;
2013-08-03;83,19621;1,04646;1,12958;1,06301;1,00672;1,09503;;;1,24835;;;
2013-08-04;83,20069;1,04651;1,12964;1,06307;1,00677;1,09509;;;1,24841;;;
2013-08-05;83,20518;1,04657;1,1297;1,06313;1,00682;1,09515;;;1,24848;;;
2013-08-06;83,20967;1,04663;1,12976;1,06318;1,00688;1,09521;;;1,24855;;;
2013-08-07;83,21416;1,04668;1,12982;1,06324;1,00693;1,09527;;;1,24861;;;
2013-08-08;83,21864;1,04674;1,12988;1,0633;1,00699;1,09533;;;1,24868;;;
2013-08-09;83,22313;1,0468;1,12994;1,06336;1,00704;1,09539;;;1,24875;;;
2013-08-10;83,22762;1,04685;1,13;1,06341;1,0071;1,09545;;;1,24882;;;
2013-08-11;83,2321;1,04691;1,13007;1,06347;1,00715;1,09551;;;1,24888;;;
2013-08-12;83,23659;1,04696;1,13013;1,06353;1,0072;1,09557;;;1,24895;;;
2013-08-13;83,24108;1,04702;1,13019;1,06359;1,00726;1,09563;;;1,24902;;;
2013-08-14;83,24556;1,04708;1,13025;1,06364;1,00731;1,09568;;;1,24909;;;
2013-08-15;83,25005;1,04713;1,13031;1,0637;1,00737;1,09574;;;1,24915;;;
2013-08-16;83,25454;1,04719;1,13037;1,06376;1,00742;1,0958;;;1,24922;;;
2013-08-17;83,25903;1,04725;1,13043;1,06381;1,00748;1,09586;;;1,24929;;;
2013-08-18;83,26352;1,0473;1,13049;1,06387;1,00753;1,09592;;;1,24936;;;
2013-08-19;83,26801;1,04736;1,13055;1,06393;1,00758;1,09598;;;1,24942;;;
2013-08-20;83,2725;1,04742;1,13061;1,06399;1,00764;1,09604;;;1,24949;;;
2013-08-21;83,27698;1,04747;1,13067;1,06404;1,00769;1,0961;;;1,24956;;;
2013-08-22;83,28147;1,04753;1,13074;1,0641;1,00775;1,09616;;;1,24962;;;
2013-08-23;83,28596;1,04759;1,1308;1,06416;1,0078;1,09622;;;1,24969;;;
2013-08-24;83,29045;1,04764;1,13086;1,06422;1,00786;1,09628;;;1,24976;;;
2013-08-25;83,29493;1,0477;1,13092;1,06427;1,00791;1,09633;;;1,24983;;;
2013-08-26;83,29942;1,04775;1,13098;1,06433;1,00796;1,09639;;;1,24989;;;
2013-08-27;83,30391;1,04781;1,13104;1,06439;1,00802;1,09645;;;1,24996;;;
2013-08-28;83,30839;1,04787;1,1311;1,06445;1,00807;1,09651;;;1,25003;;;
2013-08-29;83,31289;1,04792;1,13116;1,0645;1,00813;1,09657;;;1,2501;;;
2013-08-30;83,31737;1,04798;1,13122;1,06456;1,00818;1,09663;;;1,25016;;;
2013-08-31;83,32186;1,04804;1,13128;1,06462;1,00824;1,09669;;;1,25023;;;
2013-09-01;83,32635;1,04809;1,13134;1,06467;1,00829;1,09675;;;1,2503;;;
2013-09-02;83,31685;1,04797;1,13122;1,06455;1,00818;1,09662;;;1,25016;;;
2013-09-03;83,30736;1,04785;1,13109;1,06443;1,00806;1,0965;;;1,25001;;;
2013-09-04;83,29786;1,04774;1,13096;1,06431;1,00795;1,09637;;;1,24987;;;
2013-09-05;83,28837;1,04762;1,13083;1,06419;1,00783;1,09625;;;1,24973;;;
2013-09-06;83,27887;1,0475;1,1307;1,06407;1,00772;1,09612;;;1,24959;;;
2013-09-07;83,26937;1,04738;1,13057;1,06395;1,0076;1,096;;;1,24944;;;
2013-09-08;83,25989;1,04726;1,13044;1,06383;1,00749;1,09587;;;1,2493;;;
2013-09-09;83,25038;1,04714;1,13031;1,0637;1,00737;1,09575;;;1,24916;;;
2013-09-10;83,24089;1,04702;1,13018;1,06358;1,00726;1,09562;;;1,24902;;;
2013-09-11;83,23139;1,0469;1,13006;1,06346;1,00714;1,0955;;;1,24887;;;
2013-09-12;83,2219;1,04678;1,12993;1,06334;1,00703;1,09537;;;1,24873;;;
2013-09-13;83,21241;1,04666;1,1298;1,06322;1,00691;1,09525;;;1,24859;;;
2013-09-14;83,20291;1,04654;1,12967;1,0631;1,0068;1,09512;;;1,24845;;;
2013-09-15;83,19341;1,04642;1,12954;1,06298;1,00668;1,095;;;1,2483;;;
2013-09-16;83,18391;1,0463;1,12941;1,06286;1,00657;1,09487;;;1,24816;;;
2013-09-17;83,17442;1,04618;1,12928;1,06273;1,00645;1,09475;;;1,24802;;;
2013-09-18;83,16492;1,04606;1,12915;1,06261;1,00634;1,09462;;;1,24788;;;
2013-09-19;83,15543;1,04594;1,12902;1,06249;1,00622;1,0945;;;1,24773;;;
2013-09-20;83,14594;1,04582;1,1289;1,06237;1,00611;1,09437;;;1,24759;;;
2013-09-21;83,13643;1,0457;1,12877;1,06225;1,00599;1,09425;;;1,24745;;;
2013-09-22;83,12694;1,04559;1,12864;1,06213;1,00588;1,09412;;;1,24731;;;
2013-09-23;83,11745;1,04547;1,12851;1,06201;1,00576;1,094;;;1,24716;;;
2013-09-24;83,10795;1,04535;1,12838;1,06188;1,00565;1,09387;;;1,24702;;;
2013-09-25;83,09846;1,04523;1,12825;1,06176;1,00553;1,09375;;;1,24688;;;
2013-09-26;83,08896;1,04511;1,12812;1,06164;1,00542;1,09362;;;1,24674;;;
2013-09-27;83,07946;1,04499;1,12799;1,06152;1,0053;1,0935;;;1,24659;;;
2013-09-28;83,06997;1,04487;1,12786;1,0614;1,00519;1,09337;;;1,24645;;;
2013-09-29;83,06048;1,04475;1,12774;1,06128;1,00507;1,09325;;;1,24631;;;
2013-09-30;83,05097;1,04463;1,12761;1,06116;1,00496;1,09312;;;1,24617;;;
2013-10-01;83,04148;1,04451;1,12748;1,06104;1,00484;1,093;;;1,24602;;;
2013-10-02;83,05323;1,04466;1,12764;1,06119;1,00499;1,09315;;;1,2462;;;
2013-10-03;83,06498;1,04481;1,1278;1,06134;1,00513;1,09331;;;1,24638;;;
2013-10-04;83,07674;1,04495;1,12796;1,06149;1,00527;1,09346;;;1,24655;;;
2013-10-05;83,0885;1,0451;1,12812;1,06164;1,00541;1,09362;;;1,24673;;;
2013-10-06;83,10025;1,04525;1,12828;1,06179;1,00555;1,09377;;;1,24691;;;
2013-10-07;83,11201;1,0454;1,12843;1,06194;1,0057;1,09393;;;1,24708;;;
2013-10-08;83,12376;1,04555;1,12859;1,06209;1,00584;1,09408;;;1,24726;;;
2013-10-09;83,13552;1,04569;1,12875;1,06224;1,00598;1,09424;;;1,24743;;;
2013-10-10;83,14727;1,04584;1,12891;1,06239;1,00612;1,09439;;;1,24761;;;
2013-10-11;83,15902;1,04599;1,12907;1,06254;1,00627;1,09455;;;1,24779;;;
2013-10-12;83,17077;1,04614;1,12923;1,06269;1,00641;1,0947;;;1,24796;;;
2013-10-13;83,18253;1,04628;1,12939;1,06284;1,00655;1,09485;;;1,24814;;;
2013-10-14;83,19429;1,04643;1,12955;1,06299;1,00669;1,09501;;;1,24832;;;
2013-10-15;83,20604;1,04658;1,12971;1,06314;1,00683;1,09516;;;1,24849;;;
2013-10-16;83,21779;1,04673;1,12987;1,06329;1,00698;1,09532;;;1,24867;;;
2013-10-17;83,22954;1,04688;1,13003;1,06344;1,00712;1,09547;;;1,24885;;;
2013-10-18;83,24129;1,04702;1,13019;1,06359;1,00726;1,09563;;;1,24902;;;
2013-10-19;83,25304;1,04717;1,13035;1,06374;1,0074;1,09578;;;1,2492;;;
2013-10-20;83,2648;1,04732;1,13051;1,06389;1,00755;1,09594;;;1,24937;;;
2013-10-21;83,27655;1,04747;1,13067;1,06404;1,00769;1,09609;;;1,24955;;;
2013-10-22;83,28831;1,04761;1,13083;1,06419;1,00783;1,09625;;;1,24973;;;
2013-10-23;83,30006;1,04776;1,13099;1,06434;1,00797;1,0964;;;1,2499;;;
2013-10-24;83,31181;1,04791;1,13115;1,06449;1,00811;1,09656;;;1,25008;;;
2013-10-25;83,32357;1,04806;1,13131;1,06464;1,00826;1,09671;;;1,25026;;;
2013-10-26;83,33532;1,04821;1,13147;1,06479;1,0084;1,09687;;;1,25043;;;
2013-10-27;83,34707;1,04835;1,13163;1,06494;1,00854;1,09702;;;1,25061;;;
2013-10-28;83,35883;1,0485;1,13179;1,06509;1,00868;1,09718;;;1,25079;;;
2013-10-29;83,37059;1,04865;1,13195;1,06524;1,00883;1,09733;;;1,25096;;;
2013-10-30;83,38234;1,0488;1,13211;1,06539;1,00897;1,09748;;;1,25114;;;
2013-10-31;83,3941;1,04895;1,13226;1,06554;1,00911;1,09764;;;1,25131;;;
2013-11-01;83,40585;1,04909;1,13242;1,06569;1,00925;1,09779;;;1,25149;;;
2013-11-02;83,39922;1,04901;1,13233;1,06561;1,00917;1,09771;;;1,25139;;;
2013-11-03;83,39259;1,04893;1,13224;1,06552;1,00909;1,09762;;;1,25129;;;
2013-11-04;83,38597;1,04884;1,13215;1,06544;1,00901;1,09753;;;1,25119;;;
2013-11-05;83,37935;1,04876;1,13206;1,06535;1,00893;1,09745;;;1,25109;;;
2013-11-06;83,37272;1,04868;1,13197;1,06527;1,00885;1,09736;;;1,25099;;;
2013-11-07;83,3661;1,04859;1,13188;1,06518;1,00877;1,09727;;;1,25089;;;
2013-11-08;83,35947;1,04851;1,13179;1,0651;1,00869;1,09718;;;1,2508;;;
2013-11-09;83,35285;1,04843;1,1317;1,06501;1,00861;1,0971;;;1,2507;;;
2013-11-10;83,34622;1,04834;1,13161;1,06493;1,00853;1,09701;;;1,2506;;;
2013-11-11;83,3396;1,04826;1,13152;1,06484;1,00845;1,09692;;;1,2505;;;
2013-11-12;83,33297;1,04818;1,13143;1,06476;1,00837;1,09684;;;1,2504;;;
2013-11-13;83,32635;1,04809;1,13134;1,06467;1,00829;1,09675;;;1,2503;;;
2013-11-14;83,31973;1,04801;1,13125;1,06459;1,00821;1,09666;;;1,2502;;;
2013-11-15;83,3131;1,04793;1,13116;1,06451;1,00813;1,09657;;;1,2501;;;
2013-11-16;83,30647;1,04784;1,13107;1,06442;1,00805;1,09649;;;1,25;;;
2013-11-17;83,29985;1,04776;1,13099;1,06434;1,00797;1,0964;;;1,2499;;;
2013-11-18;83,29323;1,04768;1,1309;1,06425;1,00789;1,09631;;;1,2498;;;
2013-11-19;83,2866;1,04759;1,13081;1,06417;1,00781;1,09622;;;1,2497;;;
2013-11-20;83,27997;1,04751;1,13072;1,06408;1,00773;1,09614;;;1,2496;;;
2013-11-21;83,27335;1,04743;1,13063;1,064;1,00765;1,09605;;;1,2495;;;
2013-11-22;83,26673;1,04734;1,13054;1,06391;1,00757;1,09596;;;1,2494;;;
2013-11-23;83,2601;1,04726;1,13045;1,06383;1,00749;1,09588;;;1,2493;;;
2013-11-24;83,25348;1,04718;1,13036;1,06374;1,00741;1,09579;;;1,2492;;;
2013-11-25;83,24685;1,04709;1,13027;1,06366;1,00733;1,0957;;;1,24911;;;
2013-11-26;83,24022;1,04701;1,13018;1,06357;1,00725;1,09561;;;1,24901;;;
2013-11-27;83,2336;1,04693;1,13009;1,06349;1,00717;1,09553;;;1,24891;;;
2013-11-28;83,22698;1,04684;1,13;1,06341;1,00709;1,09544;;;1,24881;;;
2013-11-29;83,22035;1,04676;1,12991;1,06332;1,00701;1,09535;;;1,24871;;;
2013-11-30;83,21372;1,04668;1,12982;1,06324;1,00693;1,09527;;;1,24861;;;
2013-12-01;83,2071;1,04659;1,12973;1,06315;1,00685;1,09518;;;1,24851;;;
2013-12-02;83,20368;1,04655;1,12968;1,06311;1,00681;1,09513;;;1,24846;;;
2013-12-03;83,20026;1,04651;1,12963;1,06306;1,00676;1,09509;;;1,24841;;;
2013-12-04;83,19685;1,04646;1,12959;1,06302;1,00672;1,09504;;;1,24836;;;
2013-12-05;83,19342;1,04642;1,12954;1,06298;1,00668;1,095;;;1,2483;;;
2013-12-06;83,19001;1,04638;1,12949;1,06293;1,00664;1,09495;;;1,24825;;;
2013-12-07;83,18658;1,04634;1,12945;1,06289;1,0066;1,09491;;;1,2482;;;
2013-12-08;83,18317;1,04629;1,1294;1,06285;1,00656;1,09486;;;1,24815;;;
2013-12-09;83,17975;1,04625;1,12935;1,0628;1,00652;1,09482;;;1,2481;;;
2013-12-10;83,17633;1,04621;1,12931;1,06276;1,00648;1,09477;;;1,24805;;;
2013-12-11;83,17291;1,04616;1,12926;1,06271;1,00643;1,09473;;;1,248;;;
2013-12-12;83,16949;1,04612;1,12922;1,06267;1,00639;1,09468;;;1,24794;;;
2013-12-13;83,16607;1,04608;1,12917;1,06263;1,00635;1,09464;;;1,24789;;;
2013-12-14;83,16265;1,04603;1,12912;1,06258;1,00631;1,09459;;;1,24784;;;
2013-12-15;83,15923;1,04599;1,12908;1,06254;1,00627;1,09455;;;1,24779;;;
2013-12-16;83,15581;1,04595;1,12903;1,0625;1,00623;1,0945;;;1,24774;;;
2013-12-17;83,15239;1,04591;1,12898;1,06245;1,00619;1,09446;;;1,24769;;;
2013-12-18;83,14898;1,04586;1,12894;1,06241;1,00614;1,09441;;;1,24764;;;
2013-12-19;83,14556;1,04582;1,12889;1,06236;1,0061;1,09437;;;1,24759;;;
2013-12-20;83,14214;1,04578;1,12884;1,06232;1,00606;1,09432;;;1,24753;;;
2013-12-21;83,13871;1,04573;1,1288;1,06228;1,00602;1,09428;;;1,24748;;;
2013-12-22;83,1353;1,04569;1,12875;1,06223;1,00598;1,09423;;;1,24743;;;
2013-12-23;83,13188;1,04565;1,1287;1,06219;1,00594;1,09419;;;1,24738;;;
2013-12-24;83,12846;1,0456;1,12866;1,06215;1,0059;1,09414;;;1,24733;;;
2013-12-25;83,12504;1,04556;1,12861;1,0621;1,00585;1,0941;;;1,24728;;;
2013-12-26;83,12162;1,04552;1,12857;1,06206;1,00581;1,09405;;;1,24723;;;
2013-12-27;83,11821;1,04548;1,12852;1,06202;1,00577;1,09401;;;1,24718;;;
2013-12-28;83,11478;1,04543;1,12847;1,06197;1,00573;1,09396;;;1,24712;;;
2013-12-29;83,11136;1,04539;1,12843;1,06193;1,00569;1,09392;;;1,24707;;;
2013-12-30;83,10794;1,04535;1,12838;1,06188;1,00565;1,09387;;;1,24702;;;
2013-12-31;83,10453;1,0453;1,12833;1,06184;1,00561;1,09383;;;1,24697;;;
2014-01-01;83,10111;1,04526;1,12829;1,0618;1,00556;1,09378;;;1,24692;;;
2014-01-02;83,09982;1,04524;1,12827;1,06178;1,00555;1,09377;;;1,2469;;;
2014-01-03;83,09854;1,04523;1,12825;1,06176;1,00553;1,09375;;;1,24688;;;
2014-01-04;83,09726;1,04521;1,12823;1,06175;1,00552;1,09373;;;1,24686;;;
2014-01-05;83,09598;1,0452;1,12822;1,06173;1,0055;1,09372;;;1,24684;;;
2014-01-06;83,0947;1,04518;1,1282;1,06172;1,00549;1,0937;;;1,24682;;;
2014-01-07;83,09341;1,04516;1,12818;1,0617;1,00547;1,09368;;;1,2468;;;
2014-01-08;83,09213;1,04515;1,12816;1,06168;1,00546;1,09367;;;1,24678;;;
2014-01-09;83,09085;1,04513;1,12815;1,06167;1,00544;1,09365;;;1,24676;;;
2014-01-10;83,08956;1,04512;1,12813;1,06165;1,00543;1,09363;;;1,24675;;;
2014-01-11;83,08829;1,0451;1,12811;1,06163;1,00541;1,09361;;;1,24673;;;
2014-01-12;83,087;1,04508;1,1281;1,06162;1,00539;1,0936;;;1,24671;;;
2014-01-13;83,08572;1,04507;1,12808;1,0616;1,00538;1,09358;;;1,24669;;;
2014-01-14;83,08444;1,04505;1,12806;1,06158;1,00536;1,09356;;;1,24667;;;
2014-01-15;83,08315;1,04503;1,12804;1,06157;1,00535;1,09355;;;1,24665;;;
2014-01-16;83,08188;1,04502;1,12803;1,06155;1,00533;1,09353;;;1,24663;;;
2014-01-17;83,08059;1,045;1,12801;1,06153;1,00532;1,09351;;;1,24661;;;
2014-01-18;83,07931;1,04499;1,12799;1,06152;1,0053;1,0935;;;1,24659;;;
2014-01-19;83,07802;1,04497;1,12797;1,0615;1,00529;1,09348;;;1,24657;;;
2014-01-20;83,07674;1,04495;1,12796;1,06149;1,00527;1,09346;;;1,24655;;;
2014-01-21;83,07546;1,04494;1,12794;1,06147;1,00525;1,09345;;;1,24653;;;
2014-01-22;83,07417;1,04492;1,12792;1,06145;1,00524;1,09343;;;1,24651;;;
2014-01-23;83,0729;1,04491;1,1279;1,06144;1,00522;1,09341;;;1,2465;;;
2014-01-24;83,07161;1,04489;1,12789;1,06142;1,00521;1,09339;;;1,24648;;;
2014-01-25;83,07033;1,04487;1,12787;1,0614;1,00519;1,09338;;;1,24646;;;
2014-01-26;83,06905;1,04486;1,12785;1,06139;1,00518;1,09336;;;1,24644;;;
2014-01-27;83,06777;1,04484;1,12783;1,06137;1,00516;1,09334;;;1,24642;;;
2014-01-28;83,06649;1,04482;1,12782;1,06135;1,00515;1,09333;;;1,2464;;;
2014-01-29;83,06521;1,04481;1,1278;1,06134;1,00513;1,09331;;;1,24638;;;
2014-01-30;83,06392;1,04479;1,12778;1,06132;1,00511;1,09329;;;1,24636;;;
2014-01-31;83,06264;1,04478;1,12776;1,06131;1,0051;1,09328;;;1,24634;;;
2014-02-01;83,06135;1,04476;1,12775;1,06129;1,00508;1,09326;;;1,24632;;;
2014-02-02;83,07176;1,04489;1,12789;1,06142;1,00521;1,0934;;;1,24648;;;
2014-02-03;83,08218;1,04502;1,12803;1,06156;1,00534;1,09353;;;1,24663;;;
2014-02-04;83,09258;1,04515;1,12817;1,06169;1,00546;1,09367;;;1,24679;;;
2014-02-05;83,103;1,04528;1,12831;1,06182;1,00559;1,09381;;;1,24695;;;
2014-02-06;83,11341;1,04541;1,12845;1,06195;1,00571;1,09395;;;1,2471;;;
2014-02-07;83,12382;1,04555;1,1286;1,06209;1,00584;1,09408;;;1,24726;;;
2014-02-08;83,13423;1,04568;1,12874;1,06222;1,00597;1,09422;;;1,24742;;;
2014-02-09;83,14464;1,04581;1,12888;1,06235;1,00609;1,09436;;;1,24757;;;
2014-02-10;83,15505;1,04594;1,12902;1,06249;1,00622;1,09449;;;1,24773;;;
2014-02-11;83,16546;1,04607;1,12916;1,06262;1,00634;1,09463;;;1,24788;;;
2014-02-12;83,17588;1,0462;1,1293;1,06275;1,00647;1,09477;;;1,24804;;;
2014-02-13;83,18628;1,04633;1,12944;1,06289;1,0066;1,0949;;;1,2482;;;
2014-02-14;83,19669;1,04646;1,12958;1,06302;1,00672;1,09504;;;1,24835;;;
2014-02-15;83,2071;1,04659;1,12973;1,06315;1,00685;1,09518;;;1,24851;;;
2014-02-16;83,21751;1,04672;1,12987;1,06328;1,00697;1,09532;;;1,24867;;;
2014-02-17;83,22792;1,04686;1,13001;1,06342;1,0071;1,09545;;;1,24882;;;
2014-02-18;83,23833;1,04699;1,13015;1,06355;1,00723;1,09559;;;1,24898;;;
2014-02-19;83,24874;1,04712;1,13029;1,06368;1,00735;1,09573;;;1,24913;;;
2014-02-20;83,25915;1,04725;1,13043;1,06382;1,00748;1,09586;;;1,24929;;;
2014-02-21;83,26957;1,04738;1,13057;1,06395;1,0076;1,096;;;1,24945;;;
2014-02-22;83,27997;1,04751;1,13072;1,06408;1,00773;1,09614;;;1,2496;;;
2014-02-23;83,29038;1,04764;1,13086;1,06422;1,00786;1,09627;;;1,24976;;;
2014-02-24;83,3008;1,04777;1,131;1,06435;1,00798;1,09641;;;1,24991;;;
2014-02-25;83,3112;1,0479;1,13114;1,06448;1,00811;1,09655;;;1,25007;;;
2014-02-26;83,32162;1,04803;1,13128;1,06461;1,00823;1,09669;;;1,25023;;;
2014-02-27;83,33203;1,04816;1,13142;1,06475;1,00836;1,09682;;;1,25038;;;
2014-02-28;83,34244;1,0483;1,13156;1,06488;1,00849;1,09696;;;1,25054;;;
2014-03-01;83,35285;1,04843;1,1317;1,06501;1,00861;1,0971;1;;1,2507;;;
2014-03-02;83,33618;1,04822;1,13148;1,0648;1,00841;1,09688;0,9998;;1,25045;;;
2014-03-03;83,31951;1,04801;1,13125;1,06459;1,00821;1,09666;0,9996;;1,2502;;;
2014-03-04;83,30284;1,0478;1,13103;1,06437;1,00801;1,09644;0,9994;;1,24995;;;
2014-03-05;83,28617;1,04759;1,1308;1,06416;1,0078;1,09622;0,9992;;1,2497;;;
2014-03-06;83,2695;1,04738;1,13057;1,06395;1,0076;1,096;0,999;;1,24945;;;
2014-03-07;83,25283;1,04717;1,13035;1,06374;1,0074;1,09578;0,9988;;1,2492;;;
2014-03-08;83,23617;1,04696;1,13012;1,06352;1,0072;1,09556;0,9986;;1,24895;;;
2014-03-09;83,2195;1,04675;1,12989;1,06331;1,007;1,09534;0,9984;;1,24869;;;
2014-03-10;83,20283;1,04654;1,12967;1,0631;1,0068;1,09512;0,9982;;1,24844;;;
2014-03-11;83,18616;1,04633;1,12944;1,06288;1,00659;1,0949;0,998;;1,24819;;;
2014-03-12;83,16949;1,04612;1,12922;1,06267;1,00639;1,09468;0,9978;;1,24794;;;
2014-03-13;83,15282;1,04591;1,12899;1,06246;1,00619;1,09446;0,9976;;1,24769;;;
2014-03-14;83,13615;1,0457;1,12876;1,06224;1,00599;1,09424;0,9974;;1,24744;;;
2014-03-15;83,11948;1,04549;1,12854;1,06203;1,00579;1,09403;0,9972;;1,24719;;;
2014-03-16;83,10282;1,04528;1,12831;1,06182;1,00559;1,09381;0,997;;1,24694;;;
2014-03-17;83,08615;1,04507;1,12808;1,06161;1,00538;1,09359;0,9968;;1,24669;;;
2014-03-18;83,06948;1,04486;1,12786;1,06139;1,00518;1,09337;0,9966;;1,24644;;;
2014-03-19;83,05281;1,04465;1,12763;1,06118;1,00498;1,09315;0,9964;;1,24619;;;
2014-03-20;83,03614;1,04444;1,1274;1,06097;1,00478;1,09293;0,9962;;1,24594;;;
2014-03-21;83,01947;1,04423;1,12718;1,06075;1,00458;1,09271;0,996;;1,24569;;;
2014-03-22;83,0028;1,04402;1,12695;1,06054;1,00438;1,09249;0,9958;;1,24544;;;
2014-03-23;82,98613;1,04381;1,12673;1,06033;1,00417;1,09227;0,9956;;1,24519;;;
2014-03-24;82,96947;1,0436;1,1265;1,06011;1,00397;1,09205;0,9954;;1,24494;;;
2014-03-25;82,9528;1,04339;1,12627;1,0599;1,00377;1,09183;0,9952;;1,24469;;;
2014-03-26;82,93613;1,04319;1,12605;1,05969;1,00357;1,09161;0,995;;1,24444;;;
2014-03-27;82,91946;1,04298;1,12582;1,05948;1,00337;1,09139;0,9948;;1,24419;;;
2014-03-28;82,90279;1,04277;1,12559;1,05926;1,00317;1,09117;0,9946;;1,24394;;;
2014-03-29;82,88612;1,04256;1,12537;1,05905;1,00296;1,09095;0,9944;;1,24369;;;
2014-03-30;82,86945;1,04235;1,12514;1,05884;1,00276;1,09073;0,9942;;1,24344;;;
2014-03-31;82,85278;1,04214;1,12492;1,05862;1,00256;1,09051;0,994;;1,24319;;;
2014-04-01;82,83612;1,04193;1,12469;1,05841;1,00236;1,0903;0,9938;;1,24294;;;
2014-04-02;82,85091;1,04211;1,12489;1,0586;1,00254;1,09049;0,99398;;1,24316;;;
2014-04-03;82,86571;1,0423;1,12509;1,05879;1,00272;1,09068;0,99416;;1,24339;;;
2014-04-04;82,8805;1,04249;1,12529;1,05898;1,0029;1,09088;0,99433;;1,24361;;;
2014-04-05;82,8953;1,04267;1,12549;1,05917;1,00307;1,09107;0,99451;;1,24383;;;
2014-04-06;82,91009;1,04286;1,12569;1,05936;1,00325;1,09127;0,99469;;1,24405;;;
2014-04-07;82,92488;1,04304;1,12589;1,05955;1,00343;1,09146;0,99487;;1,24427;;;
2014-04-08;82,93968;1,04323;1,12609;1,05973;1,00361;1,09166;0,99504;;1,2445;;;
2014-04-09;82,95448;1,04342;1,1263;1,05992;1,00379;1,09185;0,99522;;1,24472;;;
2014-04-10;82,96927;1,0436;1,1265;1,06011;1,00397;1,09205;0,9954;;1,24494;;;
2014-04-11;82,98406;1,04379;1,1267;1,0603;1,00415;1,09224;0,99558;;1,24516;;;
2014-04-12;82,99887;1,04397;1,1269;1,06049;1,00433;1,09244;0,99575;;1,24538;;;
2014-04-13;83,01366;1,04416;1,1271;1,06068;1,00451;1,09263;0,99593;;1,24561;;;
2014-04-14;83,02845;1,04435;1,1273;1,06087;1,00469;1,09283;0,99611;;1,24583;;;
2014-04-15;83,04325;1,04453;1,1275;1,06106;1,00486;1,09302;0,99629;;1,24605;;;
2014-04-16;83,05804;1,04472;1,1277;1,06125;1,00504;1,09322;0,99646;;1,24627;;;
2014-04-17;83,07284;1,0449;1,1279;1,06144;1,00522;1,09341;0,99664;;1,24649;;;
2014-04-18;83,08764;1,04509;1,1281;1,06162;1,0054;1,09361;0,99682;;1,24672;;;
2014-04-19;83,10243;1,04528;1,1283;1,06181;1,00558;1,0938;0,997;;1,24694;;;
2014-04-20;83,11722;1,04546;1,12851;1,062;1,00576;1,094;0,99717;;1,24716;;;
2014-04-21;83,13203;1,04565;1,12871;1,06219;1,00594;1,09419;0,99735;;1,24738;;;
2014-04-22;83,14682;1,04584;1,12891;1,06238;1,00612;1,09438;0,99753;;1,2476;;;
2014-04-23;83,16161;1,04602;1,12911;1,06257;1,0063;1,09458;0,99771;;1,24783;;;
2014-04-24;83,17641;1,04621;1,12931;1,06276;1,00648;1,09477;0,99788;;1,24805;;;
2014-04-25;83,1912;1,04639;1,12951;1,06295;1,00666;1,09497;0,99806;;1,24827;;;
2014-04-26;83,206;1,04658;1,12971;1,06314;1,00683;1,09516;0,99824;;1,24849;;;
2014-04-27;83,22079;1,04677;1,12991;1,06333;1,00701;1,09536;0,99842;;1,24871;;;
2014-04-28;83,23559;1,04695;1,13011;1,06352;1,00719;1,09555;0,99859;;1,24894;;;
2014-04-29;83,25038;1,04714;1,13031;1,0637;1,00737;1,09575;0,99877;;1,24916;;;
2014-04-30;83,26519;1,04732;1,13051;1,06389;1,00755;1,09594;0,99895;;1,24938;;;
2014-05-01;83,27997;1,04751;1,13072;1,06408;1,00773;1,09614;0,99913;;1,2496;;;
2014-05-02;83,29237;1,04767;1,13088;1,06424;1,00788;1,0963;0,99927;;1,24979;;;
2014-05-03;83,30476;1,04782;1,13105;1,0644;1,00803;1,09646;0,99942;;1,24997;;;
2014-05-04;83,31716;1,04798;1,13122;1,06456;1,00818;1,09663;0,99957;;1,25016;;;
2014-05-05;83,32956;1,04813;1,13139;1,06472;1,00833;1,09679;0,99972;;1,25035;;;
2014-05-06;83,34195;1,04829;1,13156;1,06487;1,00848;1,09695;0,99987;;1,25053;;;
2014-05-07;83,35434;1,04845;1,13172;1,06503;1,00863;1,09712;1,00002;;1,25072;;;
2014-05-08;83,36674;1,0486;1,13189;1,06519;1,00878;1,09728;1,00017;;1,2509;;;
2014-05-09;83,37913;1,04876;1,13206;1,06535;1,00893;1,09744;1,00032;;1,25109;;;
2014-05-10;83,39153;1,04891;1,13223;1,06551;1,00908;1,09761;1,00046;;1,25128;;;
2014-05-11;83,40393;1,04907;1,1324;1,06567;1,00923;1,09777;1,00061;;1,25146;;;
2014-05-12;83,41632;1,04923;1,13257;1,06582;1,00938;1,09793;1,00076;;1,25165;;;
2014-05-13;83,42871;1,04938;1,13273;1,06598;1,00953;1,0981;1,00091;;1,25183;;;
2014-05-14;83,44111;1,04954;1,1329;1,06614;1,00968;1,09826;1,00106;;1,25202;;;
2014-05-15;83,4535;1,04969;1,13307;1,0663;1,00983;1,09842;1,00121;;1,25221;;;
2014-05-16;83,46589;1,04985;1,13324;1,06646;1,00998;1,09858;1,00136;;1,25239;;;
2014-05-17;83,47829;1,05;1,13341;1,06662;1,01013;1,09875;1,0015;;1,25258;;;
2014-05-18;83,49068;1,05016;1,13358;1,06677;1,01028;1,09891;1,00165;;1,25276;;;
2014-05-19;83,50308;1,05032;1,13374;1,06693;1,01043;1,09907;1,0018;;1,25295;;;
2014-05-20;83,51547;1,05047;1,13391;1,06709;1,01058;1,09924;1,00195;;1,25314;;;
2014-05-21;83,52786;1,05063;1,13408;1,06725;1,01073;1,0994;1,0021;;1,25332;;;
2014-05-22;83,54026;1,05078;1,13425;1,06741;1,01088;1,09956;1,00225;;1,25351;;;
2014-05-23;83,55266;1,05094;1,13442;1,06757;1,01103;1,09973;1,0024;;1,25369;;;
2014-05-24;83,56505;1,0511;1,13459;1,06772;1,01118;1,09989;1,00255;;1,25388;;;
2014-05-25;83,57745;1,05125;1,13475;1,06788;1,01133;1,10005;1,00269;;1,25407;;;
2014-05-26;83,58984;1,05141;1,13492;1,06804;1,01148;1,10022;1,00284;;1,25425;;;
2014-05-27;83,60223;1,05156;1,13509;1,0682;1,01163;1,10038;1,00299;;1,25444;;;
2014-05-28;83,61463;1,05172;1,13526;1,06836;1,01178;1,10054;1,00314;;1,25462;;;
2014-05-29;83,62703;1,05188;1,13543;1,06852;1,01193;1,10071;1,00329;;1,25481;;;
2014-05-30;83,63942;1,05203;1,1356;1,06868;1,01208;1,10087;1,00344;;1,255;;;
2014-05-31;83,65182;1,05219;1,13576;1,06883;1,01223;1,10103;1,00359;;1,25518;;;
2014-06-01;83,66421;1,05234;1,13593;1,06899;1,01238;1,10119;1,00374;;1,25537;;;
2014-06-02;83,66311;1,05233;1,13592;1,06898;1,01237;1,10118;1,00372;;1,25535;;;
2014-06-03;83,66201;1,05232;1,1359;1,06896;1,01235;1,10117;1,00371;;1,25533;;;
2014-06-04;83,6609;1,0523;1,13589;1,06895;1,01234;1,10115;1,0037;;1,25532;;;
2014-06-05;83,65979;1,05229;1,13587;1,06894;1,01233;1,10114;1,00368;;1,2553;;;
2014-06-06;83,65869;1,05227;1,13586;1,06892;1,01231;1,10112;1,00367;;1,25528;;;
2014-06-07;83,65758;1,05226;1,13584;1,06891;1,0123;1,10111;1,00366;;1,25527;;;
2014-06-08;83,65648;1,05225;1,13583;1,06889;1,01229;1,10109;1,00364;;1,25525;;;
2014-06-09;83,65538;1,05223;1,13581;1,06888;1,01227;1,10108;1,00363;;1,25524;;;
2014-06-10;83,65428;1,05222;1,1358;1,06886;1,01226;1,10106;1,00362;;1,25522;;;
2014-06-11;83,65317;1,0522;1,13578;1,06885;1,01225;1,10105;1,0036;;1,2552;;;
2014-06-12;83,65207;1,05219;1,13577;1,06884;1,01223;1,10103;1,00359;;1,25519;;;
2014-06-13;83,65096;1,05218;1,13575;1,06882;1,01222;1,10102;1,00358;;1,25517;;;
2014-06-14;83,64985;1,05216;1,13574;1,06881;1,0122;1,10101;1,00356;;1,25515;;;
2014-06-15;83,64875;1,05215;1,13572;1,06879;1,01219;1,10099;1,00355;;1,25514;;;
2014-06-16;83,64765;1,05213;1,13571;1,06878;1,01218;1,10098;1,00354;;1,25512;;;
2014-06-17;83,64654;1,05212;1,13569;1,06877;1,01216;1,10096;1,00352;;1,2551;;;
2014-06-18;83,64544;1,05211;1,13568;1,06875;1,01215;1,10095;1,00351;;1,25509;;;
2014-06-19;83,64434;1,05209;1,13566;1,06874;1,01214;1,10093;1,0035;;1,25507;;;
2014-06-20;83,64323;1,05208;1,13565;1,06872;1,01212;1,10092;1,00348;;1,25505;;;
2014-06-21;83,64213;1,05207;1,13563;1,06871;1,01211;1,1009;1,00347;;1,25504;;;
2014-06-22;83,64102;1,05205;1,13562;1,0687;1,0121;1,10089;1,00346;;1,25502;;;
2014-06-23;83,63991;1,05204;1,1356;1,06868;1,01208;1,10088;1,00344;;1,255;;;
2014-06-24;83,63882;1,05202;1,13559;1,06867;1,01207;1,10086;1,00343;;1,25499;;;
2014-06-25;83,63771;1,05201;1,13557;1,06865;1,01206;1,10085;1,00342;;1,25497;;;
2014-06-26;83,63661;1,052;1,13556;1,06864;1,01204;1,10083;1,0034;;1,25495;;;
2014-06-27;83,63551;1,05198;1,13554;1,06863;1,01203;1,10082;1,00339;;1,25494;;;
2014-06-28;83,6344;1,05197;1,13553;1,06861;1,01202;1,1008;1,00338;;1,25492;;;
2014-06-29;83,6333;1,05195;1,13551;1,0686;1,012;1,10079;1,00336;;1,2549;;;
2014-06-30;83,63219;1,05194;1,1355;1,06858;1,01199;1,10077;1,00335;;1,25489;;;
2014-07-01;83,63108;1,05193;1,13548;1,06857;1,01198;1,10076;1,00334;;1,25487;;;
2014-07-02;83,63173;1,05193;1,13549;1,06858;1,01199;1,10077;1,00335;;1,25488;;;
2014-07-03;83,63237;1,05194;1,1355;1,06859;1,01199;1,10078;1,00335;;1,25489;;;
2014-07-04;83,63301;1,05195;1,13551;1,06859;1,012;1,10078;1,00336;;1,2549;;;
2014-07-05;83,63365;1,05196;1,13552;1,0686;1,01201;1,10079;1,00337;;1,25491;;;
2014-07-06;83,6343;1,05197;1,13553;1,06861;1,01202;1,1008;1,00338;;1,25492;;;
2014-07-07;83,63494;1,05197;1,13553;1,06862;1,01202;1,10081;1,00338;;1,25493;;;
2014-07-08;83,63557;1,05198;1,13554;1,06863;1,01203;1,10082;1,00339;;1,25494;;;
2014-07-09;83,63622;1,05199;1,13555;1,06863;1,01204;1,10083;1,0034;;1,25495;;;
2014-07-10;83,63686;1,052;1,13556;1,06864;1,01205;1,10083;1,00341;;1,25496;;;
2014-07-11;83,6375;1,05201;1,13557;1,06865;1,01206;1,10084;1,00342;;1,25497;;;
2014-07-12;83,63814;1,05202;1,13558;1,06866;1,01206;1,10085;1,00342;;1,25498;;;
2014-07-13;83,63878;1,05202;1,13559;1,06867;1,01207;1,10086;1,00343;;1,25499;;;
2014-07-14;83,63942;1,05203;1,1356;1,06868;1,01208;1,10087;1,00344;;1,255;;;
2014-07-15;83,64006;1,05204;1,1356;1,06868;1,01209;1,10088;1,00345;;1,25501;;;
2014-07-16;83,64071;1,05205;1,13561;1,06869;1,01209;1,10089;1,00345;;1,25502;;;
2014-07-17;83,64134;1,05206;1,13562;1,0687;1,0121;1,10089;1,00346;;1,25502;;;
2014-07-18;83,64198;1,05206;1,13563;1,06871;1,01211;1,1009;1,00347;;1,25503;;;
2014-07-19;83,64263;1,05207;1,13564;1,06872;1,01212;1,10091;1,00348;;1,25504;;;
2014-07-20;83,64327;1,05208;1,13565;1,06872;1,01213;1,10092;1,00348;;1,25505;;;
2014-07-21;83,6439;1,05209;1,13566;1,06873;1,01213;1,10093;1,00349;;1,25506;;;
2014-07-22;83,64455;1,0521;1,13567;1,06874;1,01214;1,10094;1,0035;;1,25507;;;
2014-07-23;83,64519;1,0521;1,13567;1,06875;1,01215;1,10094;1,00351;;1,25508;;;
2014-07-24;83,64583;1,05211;1,13568;1,06876;1,01216;1,10095;1,00352;;1,25509;;;
2014-07-25;83,64647;1,05212;1,13569;1,06877;1,01216;1,10096;1,00352;;1,2551;;;
2014-07-26;83,64712;1,05213;1,1357;1,06877;1,01217;1,10097;1,00353;;1,25511;;;
2014-07-27;83,64776;1,05214;1,13571;1,06878;1,01218;1,10098;1,00354;;1,25512;;;
2014-07-28;83,6484;1,05214;1,13572;1,06879;1,01219;1,10099;1,00355;;1,25513;;;
2014-07-29;83,64904;1,05215;1,13573;1,0688;1,0122;1,101;1,00355;;1,25514;;;
2014-07-30;83,64968;1,05216;1,13573;1,06881;1,0122;1,101;1,00356;;1,25515;;;
2014-07-31;83,65032;1,05217;1,13574;1,06881;1,01221;1,10101;1,00357;;1,25516;;;
2014-08-01;83,65096;1,05218;1,13575;1,06882;1,01222;1,10102;1,00358;;1,25517;;;
2014-08-02;83,6499;1,05216;1,13574;1,06881;1,01221;1,10101;1,00356;;1,25515;;;
2014-08-03;83,64882;1,05215;1,13572;1,0688;1,01219;1,10099;1,00355;;1,25514;;;
2014-08-04;83,64776;1,05214;1,13571;1,06878;1,01218;1,10098;1,00354;;1,25512;;;
2014-08-05;83,64669;1,05212;1,13569;1,06877;1,01217;1,10096;1,00353;;1,2551;;;
2014-08-06;83,64562;1,05211;1,13568;1,06875;1,01215;1,10095;1,00351;;1,25509;;;
2014-08-07;83,64455;1,0521;1,13567;1,06874;1,01214;1,10094;1,0035;;1,25507;;;
2014-08-08;83,64349;1,05208;1,13565;1,06873;1,01213;1,10092;1,00349;;1,25506;;;
2014-08-09;83,64242;1,05207;1,13564;1,06871;1,01211;1,10091;1,00347;;1,25504;;;
2014-08-10;83,64134;1,05206;1,13562;1,0687;1,0121;1,10089;1,00346;;1,25502;;;
2014-08-11;83,64027;1,05204;1,13561;1,06869;1,01209;1,10088;1,00345;;1,25501;;;
2014-08-12;83,63921;1,05203;1,13559;1,06867;1,01208;1,10087;1,00344;;1,25499;;;
2014-08-13;83,63814;1,05202;1,13558;1,06866;1,01206;1,10085;1,00342;;1,25498;;;
2014-08-14;83,63707;1,052;1,13556;1,06865;1,01205;1,10084;1,00341;;1,25496;;;
2014-08-15;83,636;1,05199;1,13555;1,06863;1,01204;1,10082;1,0034;;1,25494;;;
2014-08-16;83,63494;1,05197;1,13553;1,06862;1,01202;1,10081;1,00338;;1,25493;;;
2014-08-17;83,63386;1,05196;1,13552;1,0686;1,01201;1,1008;1,00337;;1,25491;;;
2014-08-18;83,6328;1,05195;1,13551;1,06859;1,012;1,10078;1,00336;;1,2549;;;
2014-08-19;83,63173;1,05193;1,13549;1,06858;1,01199;1,10077;1,00335;;1,25488;;;
2014-08-20;83,63066;1,05192;1,13548;1,06856;1,01197;1,10075;1,00333;;1,25486;;;
2014-08-21;83,62959;1,05191;1,13546;1,06855;1,01196;1,10074;1,00332;;1,25485;;;
2014-08-22;83,62852;1,05189;1,13545;1,06854;1,01195;1,10073;1,00331;;1,25483;;;
2014-08-23;83,62745;1,05188;1,13543;1,06852;1,01193;1,10071;1,00329;;1,25482;;;
2014-08-24;83,62639;1,05187;1,13542;1,06851;1,01192;1,1007;1,00328;;1,2548;;;
2014-08-25;83,62532;1,05185;1,1354;1,06849;1,01191;1,10068;1,00327;;1,25478;;;
2014-08-26;83,62425;1,05184;1,13539;1,06848;1,0119;1,10067;1,00326;;1,25477;;;
2014-08-27;83,62318;1,05183;1,13537;1,06847;1,01188;1,10065;1,00324;;1,25475;;;
2014-08-28;83,62211;1,05181;1,13536;1,06845;1,01187;1,10064;1,00323;;1,25474;;;
2014-08-29;83,62104;1,0518;1,13535;1,06844;1,01186;1,10063;1,00322;;1,25472;;;
2014-08-30;83,61998;1,05179;1,13533;1,06843;1,01184;1,10061;1,0032;;1,2547;;;
2014-08-31;83,61891;1,05177;1,13532;1,06841;1,01183;1,1006;1,00319;;1,25469;;;
2014-09-01;83,61784;1,05176;1,1353;1,0684;1,01182;1,10058;1,00318;;1,25467;;;
2014-09-02;83,60878;1,05165;1,13518;1,06828;1,01171;1,10047;1,00307;;1,25454;;;
2014-09-03;83,59973;1,05153;1,13506;1,06817;1,0116;1,10035;1,00296;;1,2544;;;
2014-09-04;83,59067;1,05142;1,13493;1,06805;1,01149;1,10023;1,00285;;1,25426;;;
2014-09-05;83,58162;1,0513;1,13481;1,06794;1,01138;1,10011;1,00274;;1,25413;;;
2014-09-06;83,57257;1,05119;1,13469;1,06782;1,01127;1,09999;1,00264;;1,25399;;;
2014-09-07;83,56352;1,05108;1,13456;1,06771;1,01116;1,09987;1,00253;;1,25386;;;
2014-09-08;83,55446;1,05096;1,13444;1,06759;1,01105;1,09975;1,00242;;1,25372;;;
2014-09-09;83,54541;1,05085;1,13432;1,06747;1,01094;1,09963;1,00231;;1,25359;;;
2014-09-10;83,53635;1,05073;1,1342;1,06736;1,01083;1,09951;1,0022;;1,25345;;;
2014-09-11;83,5273;1,05062;1,13407;1,06724;1,01072;1,09939;1,00209;;1,25331;;;
2014-09-12;83,51825;1,05051;1,13395;1,06713;1,01061;1,09927;1,00198;;1,25318;;;
2014-09-13;83,50919;1,05039;1,13383;1,06701;1,0105;1,09915;1,00188;;1,25304;;;
2014-09-14;83,50014;1,05028;1,1337;1,0669;1,01039;1,09904;1,00177;;1,25291;;;
2014-09-15;83,49108;1,05017;1,13358;1,06678;1,01028;1,09892;1,00166;;1,25277;;;
2014-09-16;83,48203;1,05005;1,13346;1,06666;1,01017;1,0988;1,00155;;1,25263;;;
2014-09-17;83,47297;1,04994;1,13334;1,06655;1,01006;1,09868;1,00144;;1,2525;;;
2014-09-18;83,46393;1,04982;1,13321;1,06643;1,00996;1,09856;1,00133;;1,25236;;;
2014-09-19;83,45487;1,04971;1,13309;1,06632;1,00985;1,09844;1,00122;;1,25223;;;
2014-09-20;83,44581;1,0496;1,13297;1,0662;1,00974;1,09832;1,00112;;1,25209;;;
2014-09-21;83,43676;1,04948;1,13284;1,06609;1,00963;1,0982;1,00101;;1,25195;;;
2014-09-22;83,4277;1,04937;1,13272;1,06597;1,00952;1,09808;1,0009;;1,25182;;;
2014-09-23;83,41865;1,04925;1,1326;1,06585;1,00941;1,09796;1,00079;;1,25168;;;
2014-09-24;83,4096;1,04914;1,13248;1,06574;1,0093;1,09784;1,00068;;1,25155;;;
2014-09-25;83,40055;1,04903;1,13235;1,06562;1,00919;1,09772;1,00057;;1,25141;;;
2014-09-26;83,39149;1,04891;1,13223;1,06551;1,00908;1,09761;1,00046;;1,25128;;;
2014-09-27;83,38244;1,0488;1,13211;1,06539;1,00897;1,09749;1,00036;;1,25114;;;
2014-09-28;83,37338;1,04869;1,13198;1,06528;1,00886;1,09737;1,00025;;1,251;;;
2014-09-29;83,36433;1,04857;1,13186;1,06516;1,00875;1,09725;1,00014;;1,25087;;;
2014-09-30;83,35528;1,04846;1,13174;1,06504;1,00864;1,09713;1,00003;;1,25073;;;
2014-10-01;83,34622;1,04834;1,13161;1,06493;1,00853;1,09701;0,99992;;1,2506;;;
2014-10-02;83,35841;1,0485;1,13178;1,06508;1,00868;1,09717;1,00007;;1,25078;;;
2014-10-03;83,37059;1,04865;1,13195;1,06524;1,00883;1,09733;1,00021;;1,25096;;;
2014-10-04;83,38276;1,0488;1,13211;1,0654;1,00897;1,09749;1,00036;;1,25114;;;
2014-10-05;83,39495;1,04896;1,13228;1,06555;1,00912;1,09765;1,00051;;1,25133;;;
2014-10-06;83,40713;1,04911;1,13244;1,06571;1,00927;1,09781;1,00065;;1,25151;;;
2014-10-07;83,41931;1,04926;1,13261;1,06586;1,00942;1,09797;1,0008;;1,25169;;;
2014-10-08;83,43149;1,04942;1,13277;1,06602;1,00956;1,09813;1,00094;;1,25188;;;
2014-10-09;83,44367;1,04957;1,13294;1,06617;1,00971;1,09829;1,00109;;1,25206;;;
2014-10-10;83,45585;1,04972;1,1331;1,06633;1,00986;1,09845;1,00124;;1,25224;;;
2014-10-11;83,46803;1,04988;1,13327;1,06649;1,01;1,09861;1,00138;;1,25242;;;
2014-10-12;83,48022;1,05003;1,13343;1,06664;1,01015;1,09877;1,00153;;1,25261;;;
2014-10-13;83,4924;1,05018;1,1336;1,0668;1,0103;1,09893;1,00167;;1,25279;;;
2014-10-14;83,50458;1,05034;1,13376;1,06695;1,01045;1,09909;1,00182;;1,25297;;;
2014-10-15;83,51675;1,05049;1,13393;1,06711;1,01059;1,09925;1,00197;;1,25316;;;
2014-10-16;83,52894;1,05064;1,1341;1,06726;1,01074;1,09941;1,00211;;1,25334;;;
2014-10-17;83,54112;1,05079;1,13426;1,06742;1,01089;1,09957;1,00226;;1,25352;;;
2014-10-18;83,5533;1,05095;1,13443;1,06757;1,01104;1,09973;1,0024;;1,2537;;;
2014-10-19;83,56549;1,0511;1,13459;1,06773;1,01118;1,0999;1,00255;;1,25389;;;
2014-10-20;83,57766;1,05125;1,13476;1,06789;1,01133;1,10006;1,0027;;1,25407;;;
2014-10-21;83,58984;1,05141;1,13492;1,06804;1,01148;1,10022;1,00284;;1,25425;;;
2014-10-22;83,60202;1,05156;1,13509;1,0682;1,01163;1,10038;1,00299;;1,25443;;;
2014-10-23;83,61421;1,05171;1,13525;1,06835;1,01177;1,10054;1,00314;;1,25462;;;
2014-10-24;83,62639;1,05187;1,13542;1,06851;1,01192;1,1007;1,00328;;1,2548;;;
2014-10-25;83,63857;1,05202;1,13558;1,06866;1,01207;1,10086;1,00343;;1,25498;;;
2014-10-26;83,65075;1,05217;1,13575;1,06882;1,01222;1,10102;1,00357;;1,25517;;;
2014-10-27;83,66292;1,05233;1,13591;1,06898;1,01236;1,10118;1,00372;;1,25535;;;
2014-10-28;83,67511;1,05248;1,13608;1,06913;1,01251;1,10134;1,00387;;1,25553;;;
2014-10-29;83,68729;1,05263;1,13625;1,06929;1,01266;1,1015;1,00401;;1,25571;;;
2014-10-30;83,69948;1,05279;1,13641;1,06944;1,01281;1,10166;1,00416;;1,2559;;;
2014-10-31;83,71166;1,05294;1,13658;1,0696;1,01295;1,10182;1,0043;;1,25608;;;
2014-11-01;83,72383;1,05309;1,13674;1,06975;1,0131;1,10198;1,00445;;1,25626;;;
2014-11-02;83,71279;1,05295;1,13659;1,06961;1,01297;1,10183;1,00432;;1,2561;;;
2014-11-03;83,70176;1,05282;1,13644;1,06947;1,01283;1,10169;1,00419;;1,25593;;;
2014-11-04;83,69071;1,05268;1,13629;1,06933;1,0127;1,10154;1,00405;;1,25577;;;
2014-11-05;83,67967;1,05254;1,13614;1,06919;1,01257;1,1014;1,00392;;1,2556;;;
2014-11-06;83,66863;1,0524;1,13599;1,06905;1,01243;1,10125;1,00379;;1,25543;;;
2014-11-07;83,65758;1,05226;1,13584;1,06891;1,0123;1,10111;1,00366;;1,25527;;;
2014-11-08;83,64654;1,05212;1,13569;1,06877;1,01216;1,10096;1,00352;;1,2551;;;
2014-11-09;83,63551;1,05198;1,13554;1,06863;1,01203;1,10082;1,00339;;1,25494;;;
2014-11-10;83,62447;1,05184;1,13539;1,06848;1,0119;1,10067;1,00326;;1,25477;;;
2014-11-11;83,61342;1,0517;1,13524;1,06834;1,01176;1,10053;1,00313;;1,25461;;;
2014-11-12;83,60238;1,05157;1,13509;1,0682;1,01163;1,10038;1,00299;;1,25444;;;
2014-11-13;83,59134;1,05143;1,13494;1,06806;1,0115;1,10024;1,00286;;1,25427;;;
2014-11-14;83,58029;1,05129;1,13479;1,06792;1,01136;1,10009;1,00273;;1,25411;;;
2014-11-15;83,56926;1,05115;1,13464;1,06778;1,01123;1,09995;1,0026;;1,25394;;;
2014-11-16;83,55822;1,05101;1,13449;1,06764;1,0111;1,0998;1,00246;;1,25378;;;
2014-11-17;83,54718;1,05087;1,13434;1,0675;1,01096;1,09965;1,00233;;1,25361;;;
2014-11-18;83,53613;1,05073;1,13419;1,06736;1,01083;1,09951;1,0022;;1,25345;;;
2014-11-19;83,52509;1,05059;1,13404;1,06721;1,0107;1,09936;1,00207;;1,25328;;;
2014-11-20;83,51405;1,05045;1,13389;1,06707;1,01056;1,09922;1,00193;;1,25311;;;
2014-11-21;83,50301;1,05032;1,13374;1,06693;1,01043;1,09907;1,0018;;1,25295;;;
2014-11-22;83,49197;1,05018;1,13359;1,06679;1,01029;1,09893;1,00167;;1,25278;;;
2014-11-23;83,48093;1,05004;1,13344;1,06665;1,01016;1,09878;1,00154;;1,25262;;;
2014-11-24;83,46988;1,0499;1,13329;1,06651;1,01003;1,09864;1,0014;;1,25245;;;
2014-11-25;83,45884;1,04976;1,13314;1,06637;1,00989;1,09849;1,00127;;1,25229;;;
2014-11-26;83,4478;1,04962;1,13299;1,06623;1,00976;1,09835;1,00114;;1,25212;;;
2014-11-27;83,43676;1,04948;1,13284;1,06609;1,00963;1,0982;1,00101;;1,25195;;;
2014-11-28;83,42572;1,04934;1,13269;1,06594;1,00949;1,09806;1,00087;;1,25179;;;
2014-11-29;83,41468;1,0492;1,13254;1,0658;1,00936;1,09791;1,00074;;1,25162;;;
2014-11-30;83,40364;1,04907;1,13239;1,06566;1,00923;1,09777;1,00061;;1,25146;;;
2014-12-01;83,39259;1,04893;1,13224;1,06552;1,00909;1,09762;1,00048;;1,25129;;;
2014-12-02;83,39345;1,04894;1,13226;1,06553;1,0091;1,09763;1,00049;;1,25131;;;
2014-12-03;83,3943;1,04895;1,13227;1,06554;1,00911;1,09764;1,0005;;1,25132;;;
2014-12-04;83,39516;1,04896;1,13228;1,06555;1,00912;1,09765;1,00051;;1,25133;;;
2014-12-05;83,39601;1,04897;1,13229;1,06557;1,00913;1,09766;1,00052;;1,25134;;;
2014-12-06;83,39687;1,04898;1,1323;1,06558;1,00914;1,09768;1,00053;;1,25136;;;
2014-12-07;83,39773;1,04899;1,13231;1,06559;1,00915;1,09769;1,00054;;1,25137;;;
2014-12-08;83,39858;1,049;1,13233;1,0656;1,00916;1,0977;1,00055;;1,25138;;;
2014-12-09;83,39943;1,04901;1,13234;1,06561;1,00917;1,09771;1,00056;;1,25139;;;
2014-12-10;83,40029;1,04902;1,13235;1,06562;1,00919;1,09772;1,00057;;1,25141;;;
2014-12-11;83,40114;1,04903;1,13236;1,06563;1,0092;1,09773;1,00058;;1,25142;;;
2014-12-12;83,402;1,04904;1,13237;1,06564;1,00921;1,09774;1,00059;;1,25143;;;
2014-12-13;83,40285;1,04906;1,13238;1,06565;1,00922;1,09775;1,0006;;1,25145;;;
2014-12-14;83,4037;1,04907;1,1324;1,06566;1,00923;1,09777;1,00061;;1,25146;;;
2014-12-15;83,40456;1,04908;1,13241;1,06567;1,00924;1,09778;1,00062;;1,25147;;;
2014-12-16;83,40541;1,04909;1,13242;1,06569;1,00925;1,09779;1,00063;;1,25148;;;
2014-12-17;83,40627;1,0491;1,13243;1,0657;1,00926;1,0978;1,00064;;1,2515;;;
2014-12-18;83,40713;1,04911;1,13244;1,06571;1,00927;1,09781;1,00065;;1,25151;;;
2014-12-19;83,40798;1,04912;1,13245;1,06572;1,00928;1,09782;1,00066;;1,25152;;;
2014-12-20;83,40884;1,04913;1,13246;1,06573;1,00929;1,09783;1,00067;;1,25154;;;
2014-12-21;83,40969;1,04914;1,13248;1,06574;1,0093;1,09784;1,00068;;1,25155;;;
2014-12-22;83,41055;1,04915;1,13249;1,06575;1,00931;1,09786;1,00069;;1,25156;;;
2014-12-23;83,4114;1,04916;1,1325;1,06576;1,00932;1,09787;1,0007;;1,25157;;;
2014-12-24;83,41226;1,04917;1,13251;1,06577;1,00933;1,09788;1,00071;;1,25159;;;
2014-12-25;83,41312;1,04918;1,13252;1,06578;1,00934;1,09789;1,00072;;1,2516;;;
2014-12-26;83,41397;1,0492;1,13253;1,06579;1,00935;1,0979;1,00073;;1,25161;;;
2014-12-27;83,41482;1,04921;1,13255;1,06581;1,00936;1,09791;1,00074;;1,25163;;;
2014-12-28;83,41568;1,04922;1,13256;1,06582;1,00937;1,09792;1,00075;;1,25164;;;
2014-12-29;83,41653;1,04923;1,13257;1,06583;1,00938;1,09793;1,00076;;1,25165;;;
2014-12-30;83,41739;1,04924;1,13258;1,06584;1,00939;1,09795;1,00077;;1,25166;;;
2014-12-31;83,41824;1,04925;1,13259;1,06585;1,0094;1,09796;1,00078;;1,25168;;;
2015-01-01;83,41909;1,04926;1,1326;1,06586;1,00941;1,09797;1,00079;;1,25169;;;
2015-01-02;83,41439;1,0492;1,13254;1,0658;1,00936;1,09791;1,00074;;1,25162;;;
2015-01-03;83,40969;1,04914;1,13248;1,06574;1,0093;1,09784;1,00068;;1,25155;;;
2015-01-04;83,40499;1,04908;1,13241;1,06568;1,00924;1,09778;1,00063;;1,25148;;;
2015-01-05;83,40029;1,04902;1,13235;1,06562;1,00919;1,09772;1,00057;;1,25141;;;
2015-01-06;83,39559;1,04896;1,13228;1,06556;1,00913;1,09766;1,00051;;1,25134;;;
2015-01-07;83,39089;1,04891;1,13222;1,0655;1,00907;1,0976;1,00046;;1,25127;;;
2015-01-08;83,38618;1,04885;1,13216;1,06544;1,00901;1,09754;1,0004;;1,2512;;;
2015-01-09;83,38148;1,04879;1,13209;1,06538;1,00896;1,09747;1,00034;;1,25113;;;
2015-01-10;83,37679;1,04873;1,13203;1,06532;1,0089;1,09741;1,00029;;1,25105;;;
2015-01-11;83,37208;1,04867;1,13197;1,06526;1,00884;1,09735;1,00023;;1,25098;;;
2015-01-12;83,36738;1,04861;1,1319;1,0652;1,00879;1,09729;1,00017;;1,25091;;;
2015-01-13;83,36268;1,04855;1,13184;1,06514;1,00873;1,09723;1,00012;;1,25084;;;
2015-01-14;83,35797;1,04849;1,13177;1,06508;1,00867;1,09716;1,00006;;1,25077;;;
2015-01-15;83,35328;1,04843;1,13171;1,06502;1,00862;1,0971;1,00001;;1,2507;;;
2015-01-16;83,34858;1,04837;1,13165;1,06496;1,00856;1,09704;0,99995;;1,25063;;;
2015-01-17;83,34387;1,04831;1,13158;1,0649;1,0085;1,09698;0,99989;;1,25056;;;
2015-01-18;83,33916;1,04825;1,13152;1,06484;1,00845;1,09692;0,99984;;1,25049;;;
2015-01-19;83,33447;1,0482;1,13146;1,06478;1,00839;1,09685;0,99978;;1,25042;;;
2015-01-20;83,32977;1,04814;1,13139;1,06472;1,00833;1,09679;0,99972;;1,25035;;;
2015-01-21;83,32507;1,04808;1,13133;1,06466;1,00827;1,09673;0,99967;;1,25028;;;
2015-01-22;83,32037;1,04802;1,13126;1,0646;1,00822;1,09667;0,99961;;1,25021;;;
2015-01-23;83,31566;1,04796;1,1312;1,06454;1,00816;1,09661;0,99955;;1,25014;;;
2015-01-24;83,31096;1,0479;1,13114;1,06448;1,0081;1,09655;0,9995;;1,25007;;;
2015-01-25;83,30626;1,04784;1,13107;1,06442;1,00805;1,09648;0,99944;;1,25;;;
2015-01-26;83,30156;1,04778;1,13101;1,06436;1,00799;1,09642;0,99938;;1,24993;;;
2015-01-27;83,29686;1,04772;1,13094;1,0643;1,00793;1,09636;0,99933;;1,24986;;;
2015-01-28;83,29216;1,04766;1,13088;1,06424;1,00788;1,0963;0,99927;;1,24979;;;
2015-01-29;83,28745;1,0476;1,13082;1,06418;1,00782;1,09624;0,99922;;1,24971;;;
2015-01-30;83,28275;1,04755;1,13075;1,06412;1,00776;1,09617;0,99916;;1,24964;;;
2015-01-31;83,27805;1,04749;1,13069;1,06406;1,00771;1,09611;0,9991;;1,24957;;;
2015-02-01;83,27335;1,04743;1,13063;1,064;1,00765;1,09605;0,99905;;1,2495;;;
2015-02-02;83,27595;1,04746;1,13066;1,06403;1,00768;1,09608;0,99908;;1,24954;;;
2015-02-03;83,27856;1,04749;1,1307;1,06406;1,00771;1,09612;0,99911;;1,24958;;;
2015-02-04;83,28116;1,04753;1,13073;1,0641;1,00774;1,09615;0,99914;;1,24962;;;
2015-02-05;83,28375;1,04756;1,13077;1,06413;1,00778;1,09619;0,99917;;1,24966;;;
2015-02-06;83,28636;1,04759;1,1308;1,06416;1,00781;1,09622;0,9992;;1,2497;;;
2015-02-07;83,28896;1,04762;1,13084;1,0642;1,00784;1,09626;0,99923;;1,24974;;;
2015-02-08;83,29157;1,04766;1,13087;1,06423;1,00787;1,09629;0,99926;;1,24978;;;
2015-02-09;83,29417;1,04769;1,13091;1,06426;1,0079;1,09632;0,9993;;1,24982;;;
2015-02-10;83,29677;1,04772;1,13094;1,0643;1,00793;1,09636;0,99933;;1,24985;;;
2015-02-11;83,29938;1,04775;1,13098;1,06433;1,00796;1,09639;0,99936;;1,24989;;;
2015-02-12;83,30197;1,04779;1,13101;1,06436;1,008;1,09643;0,99939;;1,24993;;;
2015-02-13;83,30458;1,04782;1,13105;1,0644;1,00803;1,09646;0,99942;;1,24997;;;
2015-02-14;83,30718;1,04785;1,13108;1,06443;1,00806;1,0965;0,99945;;1,25001;;;
2015-02-15;83,30979;1,04789;1,13112;1,06446;1,00809;1,09653;0,99948;;1,25005;;;
2015-02-16;83,31239;1,04792;1,13116;1,0645;1,00812;1,09656;0,99951;;1,25009;;;
2015-02-17;83,31499;1,04795;1,13119;1,06453;1,00815;1,0966;0,99955;;1,25013;;;
2015-02-18;83,3176;1,04798;1,13123;1,06456;1,00818;1,09663;0,99958;;1,25017;;;
2015-02-19;83,32019;1,04802;1,13126;1,0646;1,00822;1,09667;0,99961;;1,25021;;;
2015-02-20;83,3228;1,04805;1,1313;1,06463;1,00825;1,0967;0,99964;;1,25024;;;
2015-02-21;83,3254;1,04808;1,13133;1,06466;1,00828;1,09674;0,99967;;1,25028;;;
2015-02-22;83,328;1,04811;1,13137;1,0647;1,00831;1,09677;0,9997;;1,25032;;;
2015-02-23;83,33061;1,04815;1,1314;1,06473;1,00834;1,0968;0,99973;;1,25036;;;
2015-02-24;83,33321;1,04818;1,13144;1,06476;1,00837;1,09684;0,99976;;1,2504;;;
2015-02-25;83,33582;1,04821;1,13147;1,0648;1,0084;1,09687;0,9998;;1,25044;;;
2015-02-26;83,33841;1,04825;1,13151;1,06483;1,00844;1,09691;0,99983;;1,25048;;;
2015-02-27;83,34102;1,04828;1,13154;1,06486;1,00847;1,09694;0,99986;;1,25052;;;
2015-02-28;83,34362;1,04831;1,13158;1,0649;1,0085;1,09698;0,99989;;1,25056;;;
2015-03-01;83,34622;1,04834;1,13161;1,06493;1,00853;1,09701;0,99992;;1,2506;;;
2015-03-02;83,31887;1,048;1,13124;1,06458;1,0082;1,09665;0,99959;;1,25019;;;
2015-03-03;83,29152;1,04766;1,13087;1,06423;1,00787;1,09629;0,99926;;1,24978;;;
2015-03-04;83,26416;1,04731;1,1305;1,06388;1,00754;1,09593;0,99894;;1,24937;;;
2015-03-05;83,23681;1,04697;1,13013;1,06353;1,00721;1,09557;0,99861;;1,24895;;;
2015-03-06;83,20945;1,04662;1,12976;1,06318;1,00688;1,09521;0,99828;;1,24854;;;
2015-03-07;83,1821;1,04628;1,12939;1,06283;1,00654;1,09485;0,99795;;1,24813;;;
2015-03-08;83,15474;1,04593;1,12901;1,06248;1,00621;1,09449;0,99762;;1,24772;;;
2015-03-09;83,1274;1,04559;1,12864;1,06213;1,00588;1,09413;0,9973;;1,24731;;;
2015-03-10;83,10004;1,04525;1,12827;1,06178;1,00555;1,09377;0,99697;;1,2469;;;
2015-03-11;83,07269;1,0449;1,1279;1,06143;1,00522;1,09341;0,99664;;1,24649;;;
2015-03-12;83,04533;1,04456;1,12753;1,06108;1,00489;1,09305;0,99631;;1,24608;;;
2015-03-13;83,01798;1,04421;1,12716;1,06073;1,00456;1,09269;0,99598;;1,24567;;;
2015-03-14;82,99062;1,04387;1,12679;1,06039;1,00423;1,09233;0,99565;;1,24526;;;
2015-03-15;82,96327;1,04353;1,12642;1,06004;1,0039;1,09197;0,99533;;1,24485;;;
2015-03-16;82,93592;1,04318;1,12604;1,05969;1,00357;1,09161;0,995;;1,24444;;;
2015-03-17;82,90856;1,04284;1,12567;1,05934;1,00323;1,09125;0,99467;;1,24403;;;
2015-03-18;82,8812;1,04249;1,1253;1,05899;1,0029;1,09089;0,99434;;1,24362;;;
2015-03-19;82,85385;1,04215;1,12493;1,05864;1,00257;1,09053;0,99401;;1,24321;;;
2015-03-20;82,82649;1,04181;1,12456;1,05829;1,00224;1,09017;0,99369;;1,2428;;;
2015-03-21;82,79914;1,04146;1,12419;1,05794;1,00191;1,08981;0,99336;;1,24239;;;
2015-03-22;82,77179;1,04112;1,12382;1,05759;1,00158;1,08945;0,99303;;1,24198;;;
2015-03-23;82,74444;1,04077;1,12344;1,05724;1,00125;1,08909;0,9927;;1,24157;;;
2015-03-24;82,71708;1,04043;1,12307;1,05689;1,00092;1,08873;0,99237;;1,24116;;;
2015-03-25;82,68973;1,04009;1,1227;1,05654;1,00059;1,08837;0,99204;;1,24075;;;
2015-03-26;82,66237;1,03974;1,12233;1,05619;1,00026;1,08801;0,99172;;1,24034;;;
2015-03-27;82,63502;1,0394;1,12196;1,05584;0,99992;1,08765;0,99139;;1,23992;;;
2015-03-28;82,60767;1,03905;1,12159;1,05549;0,99959;1,08729;0,99106;;1,23951;;;
2015-03-29;82,58032;1,03871;1,12122;1,05514;0,99926;1,08693;0,99073;;1,2391;;;
2015-03-30;82,55296;1,03837;1,12084;1,05479;0,99893;1,08657;0,9904;;1,23869;;;
2015-03-31;82,52561;1,03802;1,12047;1,05444;0,9986;1,08621;0,99008;;1,23828;;;
2015-04-01;82,49825;1,03768;1,1201;1,05409;0,99827;1,08585;0,98975;;1,23787;;;
2015-04-02;82,5168;1,03791;1,12035;1,05433;0,99849;1,08609;0,98997;;1,23815;;;
2015-04-03;82,53535;1,03814;1,12061;1,05457;0,99872;1,08634;0,99019;;1,23843;;;
2015-04-04;82,5539;1,03838;1,12086;1,05481;0,99894;1,08658;0,99041;;1,23871;;;
2015-04-05;82,57245;1,03861;1,12111;1,05504;0,99917;1,08682;0,99064;;1,23899;;;
2015-04-06;82,591;1,03884;1,12136;1,05528;0,99939;1,08707;0,99086;;1,23926;;;
2015-04-07;82,60955;1,03908;1,12161;1,05552;0,99962;1,08731;0,99108;;1,23954;;;
2015-04-08;82,6281;1,03931;1,12186;1,05575;0,99984;1,08756;0,99131;;1,23982;;;
2015-04-09;82,64665;1,03954;1,12212;1,05599;1,00007;1,0878;0,99153;;1,2401;;;
2015-04-10;82,66519;1,03978;1,12237;1,05623;1,00029;1,08805;0,99175;;1,24038;;;
2015-04-11;82,68375;1,04001;1,12262;1,05646;1,00051;1,08829;0,99197;;1,24066;;;
2015-04-12;82,7023;1,04024;1,12287;1,0567;1,00074;1,08853;0,9922;;1,24093;;;
2015-04-13;82,72084;1,04048;1,12312;1,05694;1,00096;1,08878;0,99242;;1,24121;;;
2015-04-14;82,7394;1,04071;1,12338;1,05718;1,00119;1,08902;0,99264;;1,24149;;;
2015-04-15;82,75794;1,04094;1,12363;1,05741;1,00141;1,08927;0,99286;;1,24177;;;
2015-04-16;82,77649;1,04118;1,12388;1,05765;1,00164;1,08951;0,99309;;1,24205;;;
2015-04-17;82,79504;1,04141;1,12413;1,05789;1,00186;1,08975;0,99331;;1,24233;;;
2015-04-18;82,81359;1,04164;1,12438;1,05812;1,00209;1,09;0,99353;;1,2426;;;
2015-04-19;82,83214;1,04188;1,12463;1,05836;1,00231;1,09024;0,99375;;1,24288;;;
2015-04-20;82,85069;1,04211;1,12489;1,0586;1,00253;1,09049;0,99398;;1,24316;;;
2015-04-21;82,86924;1,04234;1,12514;1,05883;1,00276;1,09073;0,9942;;1,24344;;;
2015-04-22;82,88779;1,04258;1,12539;1,05907;1,00298;1,09098;0,99442;;1,24372;;;
2015-04-23;82,90634;1,04281;1,12564;1,05931;1,00321;1,09122;0,99464;;1,244;;;
2015-04-24;82,92488;1,04304;1,12589;1,05955;1,00343;1,09146;0,99487;;1,24427;;;
2015-04-25;82,94344;1,04328;1,12615;1,05978;1,00366;1,09171;0,99509;;1,24455;;;
2015-04-26;82,96199;1,04351;1,1264;1,06002;1,00388;1,09195;0,99531;;1,24483;;;
2015-04-27;82,98053;1,04374;1,12665;1,06026;1,00411;1,0922;0,99553;;1,24511;;;
2015-04-28;82,99909;1,04398;1,1269;1,06049;1,00433;1,09244;0,99576;;1,24539;;;
2015-04-29;83,01763;1,04421;1,12715;1,06073;1,00455;1,09268;0,99598;;1,24567;;;
2015-04-30;83,03618;1,04444;1,12741;1,06097;1,00478;1,09293;0,9962;;1,24594;;;
2015-05-01;83,05474;1,04468;1,12766;1,0612;1,005;1,09317;0,99642;;1,24622;;;
2015-05-02;83,07247;1,0449;1,1279;1,06143;1,00522;1,09341;0,99664;;1,24649;;;
2015-05-03;83,09021;1,04512;1,12814;1,06166;1,00543;1,09364;0,99685;;1,24675;;;
2015-05-04;83,10794;1,04535;1,12838;1,06188;1,00565;1,09387;0,99706;;1,24702;;;
2015-05-05;83,12568;1,04557;1,12862;1,06211;1,00586;1,09411;0,99727;;1,24729;;;
2015-05-06;83,14342;1,04579;1,12886;1,06234;1,00608;1,09434;0,99749;;1,24755;;;
2015-05-07;83,16116;1,04602;1,1291;1,06256;1,00629;1,09457;0,9977;;1,24782;;;
2015-05-08;83,1789;1,04624;1,12934;1,06279;1,00651;1,09481;0,99791;;1,24809;;;
2015-05-09;83,19663;1,04646;1,12958;1,06302;1,00672;1,09504;0,99813;;1,24835;;;
2015-05-10;83,21437;1,04668;1,12982;1,06324;1,00694;1,09527;0,99834;;1,24862;;;
2015-05-11;83,2321;1,04691;1,13007;1,06347;1,00715;1,09551;0,99855;;1,24888;;;
2015-05-12;83,24985;1,04713;1,13031;1,0637;1,00736;1,09574;0,99876;;1,24915;;;
2015-05-13;83,26758;1,04735;1,13055;1,06392;1,00758;1,09597;0,99898;;1,24942;;;
2015-05-14;83,28532;1,04758;1,13079;1,06415;1,00779;1,09621;0,99919;;1,24968;;;
2015-05-15;83,30306;1,0478;1,13103;1,06438;1,00801;1,09644;0,9994;;1,24995;;;
2015-05-16;83,32079;1,04802;1,13127;1,0646;1,00822;1,09667;0,99962;;1,25021;;;
2015-05-17;83,33853;1,04825;1,13151;1,06483;1,00844;1,09691;0,99983;;1,25048;;;
2015-05-18;83,35626;1,04847;1,13175;1,06506;1,00865;1,09714;1,00004;;1,25075;;;
2015-05-19;83,37401;1,04869;1,13199;1,06528;1,00887;1,09738;1,00025;;1,25101;;;
2015-05-20;83,39174;1,04892;1,13223;1,06551;1,00908;1,09761;1,00047;;1,25128;;;
2015-05-21;83,40948;1,04914;1,13247;1,06574;1,0093;1,09784;1,00068;;1,25155;;;
2015-05-22;83,42722;1,04936;1,13271;1,06596;1,00951;1,09808;1,00089;;1,25181;;;
2015-05-23;83,44496;1,04959;1,13296;1,06619;1,00973;1,09831;1,0011;;1,25208;;;
2015-05-24;83,46269;1,04981;1,1332;1,06642;1,00994;1,09854;1,00132;;1,25234;;;
2015-05-25;83,48042;1,05003;1,13344;1,06664;1,01015;1,09878;1,00153;;1,25261;;;
2015-05-26;83,49816;1,05025;1,13368;1,06687;1,01037;1,09901;1,00174;;1,25288;;;
2015-05-27;83,5159;1,05048;1,13392;1,0671;1,01058;1,09924;1,00196;;1,25314;;;
2015-05-28;83,53364;1,0507;1,13416;1,06732;1,0108;1,09948;1,00217;;1,25341;;;
2015-05-29;83,55138;1,05092;1,1344;1,06755;1,01101;1,09971;1,00238;;1,25367;;;
2015-05-30;83,56912;1,05115;1,13464;1,06778;1,01123;1,09994;1,00259;;1,25394;;;
2015-05-31;83,58685;1,05137;1,13488;1,068;1,01144;1,10018;1,00281;;1,25421;;;
2015-06-01;83,60459;1,05159;1,13512;1,06823;1,01166;1,10041;1,00302;;1,25447;;;
2015-06-02;83,6079;1,05163;1,13517;1,06827;1,0117;1,10045;1,00306;;1,25452;;;
2015-06-03;83,61121;1,05168;1,13521;1,06831;1,01174;1,1005;1,0031;;1,25457;;;
2015-06-04;83,61453;1,05172;1,13526;1,06836;1,01178;1,10054;1,00314;;1,25462;;;
2015-06-05;83,61784;1,05176;1,1353;1,0684;1,01182;1,10058;1,00318;;1,25467;;;
2015-06-06;83,62115;1,0518;1,13535;1,06844;1,01186;1,10063;1,00322;;1,25472;;;
2015-06-07;83,62447;1,05184;1,13539;1,06848;1,0119;1,10067;1,00326;;1,25477;;;
2015-06-08;83,62777;1,05188;1,13544;1,06853;1,01194;1,10072;1,0033;;1,25482;;;
2015-06-09;83,63108;1,05193;1,13548;1,06857;1,01198;1,10076;1,00334;;1,25487;;;
2015-06-10;83,6344;1,05197;1,13553;1,06861;1,01202;1,1008;1,00338;;1,25492;;;
2015-06-11;83,63771;1,05201;1,13557;1,06865;1,01206;1,10085;1,00342;;1,25497;;;
2015-06-12;83,64102;1,05205;1,13562;1,0687;1,0121;1,10089;1,00346;;1,25502;;;
2015-06-13;83,64434;1,05209;1,13566;1,06874;1,01214;1,10093;1,0035;;1,25507;;;
2015-06-14;83,64765;1,05213;1,13571;1,06878;1,01218;1,10098;1,00354;;1,25512;;;
2015-06-15;83,65096;1,05218;1,13575;1,06882;1,01222;1,10102;1,00358;;1,25517;;;
2015-06-16;83,65428;1,05222;1,1358;1,06886;1,01226;1,10106;1,00362;;1,25522;;;
2015-06-17;83,65758;1,05226;1,13584;1,06891;1,0123;1,10111;1,00366;;1,25527;;;
2015-06-18;83,6609;1,0523;1,13589;1,06895;1,01234;1,10115;1,0037;;1,25532;;;
2015-06-19;83,66421;1,05234;1,13593;1,06899;1,01238;1,10119;1,00374;;1,25537;;;
2015-06-20;83,66752;1,05238;1,13598;1,06903;1,01242;1,10124;1,00378;;1,25542;;;
2015-06-21;83,67084;1,05243;1,13602;1,06908;1,01246;1,10128;1,00381;;1,25547;;;
2015-06-22;83,67415;1,05247;1,13607;1,06912;1,0125;1,10133;1,00385;;1,25552;;;
2015-06-23;83,67746;1,05251;1,13611;1,06916;1,01254;1,10137;1,00389;;1,25557;;;
2015-06-24;83,68078;1,05255;1,13616;1,0692;1,01258;1,10141;1,00393;;1,25562;;;
2015-06-25;83,68409;1,05259;1,1362;1,06925;1,01262;1,10146;1,00397;;1,25567;;;
2015-06-26;83,68739;1,05263;1,13625;1,06929;1,01266;1,1015;1,00401;;1,25572;;;
2015-06-27;83,69071;1,05268;1,13629;1,06933;1,0127;1,10154;1,00405;;1,25577;;;
2015-06-28;83,69402;1,05272;1,13634;1,06937;1,01274;1,10159;1,00409;;1,25582;;;
2015-06-29;83,69733;1,05276;1,13638;1,06942;1,01278;1,10163;1,00413;;1,25586;;;
2015-06-30;83,70065;1,0528;1,13643;1,06946;1,01282;1,10167;1,00417;;1,25591;;;
2015-07-01;83,70396;1,05284;1,13647;1,0695;1,01286;1,10172;1,00421;;1,25596;;;
2015-07-02;83,71037;1,05292;1,13656;1,06958;1,01294;1,1018;1,00429;;1,25606;;;
2015-07-03;83,71678;1,053;1,13665;1,06966;1,01301;1,10189;1,00437;;1,25616;;;
2015-07-04;83,72319;1,05308;1,13673;1,06975;1,01309;1,10197;1,00444;;1,25625;;;
2015-07-05;83,72961;1,05317;1,13682;1,06983;1,01317;1,10206;1,00452;;1,25635;;;
2015-07-06;83,73602;1,05325;1,13691;1,06991;1,01325;1,10214;1,0046;;1,25645;;;
2015-07-07;83,74243;1,05333;1,13699;1,06999;1,01333;1,10222;1,00467;;1,25654;;;
2015-07-08;83,74884;1,05341;1,13708;1,07007;1,0134;1,10231;1,00475;;1,25664;;;
2015-07-09;83,75525;1,05349;1,13717;1,07016;1,01348;1,10239;1,00483;;1,25673;;;
2015-07-10;83,76166;1,05357;1,13726;1,07024;1,01356;1,10248;1,0049;;1,25683;;;
2015-07-11;83,76806;1,05365;1,13734;1,07032;1,01364;1,10256;1,00498;;1,25693;;;
2015-07-12;83,77448;1,05373;1,13743;1,0704;1,01371;1,10265;1,00506;;1,25702;;;
2015-07-13;83,78089;1,05381;1,13752;1,07048;1,01379;1,10273;1,00514;;1,25712;;;
2015-07-14;83,7873;1,05389;1,1376;1,07056;1,01387;1,10282;1,00521;;1,25721;;;
2015-07-15;83,79371;1,05397;1,13769;1,07065;1,01395;1,1029;1,00529;;1,25731;;;
2015-07-16;83,80012;1,05405;1,13778;1,07073;1,01402;1,10298;1,00537;;1,25741;;;
2015-07-17;83,80654;1,05413;1,13786;1,07081;1,0141;1,10307;1,00544;;1,2575;;;
2015-07-18;83,81295;1,05421;1,13795;1,07089;1,01418;1,10315;1,00552;;1,2576;;;
2015-07-19;83,81936;1,05429;1,13804;1,07097;1,01426;1,10324;1,0056;;1,2577;;;
2015-07-20;83,82577;1,05438;1,13813;1,07106;1,01433;1,10332;1,00567;;1,25779;;;
2015-07-21;83,83219;1,05446;1,13821;1,07114;1,01441;1,10341;1,00575;;1,25789;;;
2015-07-22;83,8386;1,05454;1,1383;1,07122;1,01449;1,10349;1,00583;;1,25798;;;
2015-07-23;83,845;1,05462;1,13839;1,0713;1,01457;1,10357;1,0059;;1,25808;;;
2015-07-24;83,85142;1,0547;1,13847;1,07138;1,01464;1,10366;1,00598;;1,25818;;;
2015-07-25;83,85782;1,05478;1,13856;1,07147;1,01472;1,10374;1,00606;;1,25827;;;
2015-07-26;83,86424;1,05486;1,13865;1,07155;1,0148;1,10383;1,00614;;1,25837;;;
2015-07-27;83,87064;1,05494;1,13873;1,07163;1,01488;1,10391;1,00621;;1,25847;;;
2015-07-28;83,87706;1,05502;1,13882;1,07171;1,01495;1,104;1,00629;;1,25856;;;
2015-07-29;83,88347;1,0551;1,13891;1,07179;1,01503;1,10408;1,00637;;1,25866;;;
2015-07-30;83,88988;1,05518;1,139;1,07188;1,01511;1,10417;1,00644;;1,25875;;;
2015-07-31;83,89629;1,05526;1,13908;1,07196;1,01519;1,10425;1,00652;;1,25885;;;
2015-08-01;83,9027;1,05534;1,13917;1,07204;1,01526;1,10433;1,0066;;1,25895;;;
2015-08-02;83,90056;1,05532;1,13914;1,07201;1,01524;1,10431;1,00657;;1,25891;;;
2015-08-03;83,89843;1,05529;1,13911;1,07198;1,01521;1,10428;1,00655;;1,25888;;;
2015-08-04;83,89629;1,05526;1,13908;1,07196;1,01519;1,10425;1,00652;;1,25885;;;
2015-08-05;83,89415;1,05524;1,13905;1,07193;1,01516;1,10422;1,00649;;1,25882;;;
2015-08-06;83,89202;1,05521;1,13903;1,0719;1,01514;1,10419;1,00647;;1,25879;;;
2015-08-07;83,88988;1,05518;1,139;1,07188;1,01511;1,10417;1,00644;;1,25875;;;
2015-08-08;83,88774;1,05515;1,13897;1,07185;1,01508;1,10414;1,00642;;1,25872;;;
2015-08-09;83,88561;1,05513;1,13894;1,07182;1,01506;1,10411;1,00639;;1,25869;;;
2015-08-10;83,88347;1,0551;1,13891;1,07179;1,01503;1,10408;1,00637;;1,25866;;;
2015-08-11;83,88133;1,05507;1,13888;1,07177;1,01501;1,10405;1,00634;;1,25863;;;
2015-08-12;83,8792;1,05505;1,13885;1,07174;1,01498;1,10402;1,00631;;1,25859;;;
2015-08-13;83,87706;1,05502;1,13882;1,07171;1,01495;1,104;1,00629;;1,25856;;;
2015-08-14;83,87492;1,05499;1,13879;1,07168;1,01493;1,10397;1,00626;;1,25853;;;
2015-08-15;83,87279;1,05497;1,13876;1,07166;1,0149;1,10394;1,00624;;1,2585;;;
2015-08-16;83,87064;1,05494;1,13873;1,07163;1,01488;1,10391;1,00621;;1,25847;;;
2015-08-17;83,86852;1,05491;1,13871;1,0716;1,01485;1,10388;1,00619;;1,25843;;;
2015-08-18;83,86637;1,05489;1,13868;1,07157;1,01482;1,10386;1,00616;;1,2584;;;
2015-08-19;83,86424;1,05486;1,13865;1,07155;1,0148;1,10383;1,00614;;1,25837;;;
2015-08-20;83,8621;1,05483;1,13862;1,07152;1,01477;1,1038;1,00611;;1,25834;;;
2015-08-21;83,85996;1,05481;1,13859;1,07149;1,01475;1,10377;1,00608;;1,2583;;;
2015-08-22;83,85782;1,05478;1,13856;1,07147;1,01472;1,10374;1,00606;;1,25827;;;
2015-08-23;83,85569;1,05475;1,13853;1,07144;1,0147;1,10372;1,00603;;1,25824;;;
2015-08-24;83,85355;1,05472;1,1385;1,07141;1,01467;1,10369;1,00601;;1,25821;;;
2015-08-25;83,85142;1,0547;1,13847;1,07138;1,01464;1,10366;1,00598;;1,25818;;;
2015-08-26;83,84927;1,05467;1,13844;1,07136;1,01462;1,10363;1,00596;;1,25814;;;
2015-08-27;83,84714;1,05464;1,13842;1,07133;1,01459;1,1036;1,00593;;1,25811;;;
2015-08-28;83,845;1,05462;1,13839;1,0713;1,01457;1,10357;1,0059;;1,25808;;;
2015-08-29;83,84287;1,05459;1,13836;1,07127;1,01454;1,10355;1,00588;;1,25805;;;
2015-08-30;83,84073;1,05456;1,13833;1,07125;1,01451;1,10352;1,00585;;1,25802;;;
2015-08-31;83,8386;1,05454;1,1383;1,07122;1,01449;1,10349;1,00583;;1,25798;;;
2015-09-01;83,83646;1,05451;1,13827;1,07119;1,01446;1,10346;1,0058;;1,25795;;;
2015-09-02;83,82475;1,05436;1,13811;1,07104;1,01432;1,10331;1,00566;;1,25778;;;
2015-09-03;83,81305;1,05422;1,13795;1,07089;1,01418;1,10315;1,00552;;1,2576;;;
2015-09-04;83,80134;1,05407;1,13779;1,07074;1,01404;1,103;1,00538;;1,25743;;;
2015-09-05;83,78964;1,05392;1,13764;1,07059;1,0139;1,10285;1,00524;;1,25725;;;
2015-09-06;83,77794;1,05377;1,13748;1,07044;1,01375;1,10269;1,0051;;1,25707;;;
2015-09-07;83,76623;1,05363;1,13732;1,0703;1,01361;1,10254;1,00496;;1,2569;;;
2015-09-08;83,75453;1,05348;1,13716;1,07015;1,01347;1,10238;1,00482;;1,25672;;;
2015-09-09;83,74283;1,05333;1,137;1,07;1,01333;1,10223;1,00468;;1,25655;;;
2015-09-10;83,73112;1,05318;1,13684;1,06985;1,01319;1,10208;1,00454;;1,25637;;;
2015-09-11;83,71942;1,05304;1,13668;1,0697;1,01305;1,10192;1,0044;;1,2562;;;
2015-09-12;83,70772;1,05289;1,13652;1,06955;1,01291;1,10177;1,00426;;1,25602;;;
2015-09-13;83,69601;1,05274;1,13636;1,0694;1,01276;1,10161;1,00412;;1,25584;;;
2015-09-14;83,68431;1,0526;1,1362;1,06925;1,01262;1,10146;1,00398;;1,25567;;;
2015-09-15;83,67261;1,05245;1,13605;1,0691;1,01248;1,10131;1,00384;;1,25549;;;
2015-09-16;83,6609;1,0523;1,13589;1,06895;1,01234;1,10115;1,0037;;1,25532;;;
2015-09-17;83,64919;1,05215;1,13573;1,0688;1,0122;1,101;1,00356;;1,25514;;;
2015-09-18;83,63749;1,05201;1,13557;1,06865;1,01206;1,10084;1,00341;;1,25497;;;
2015-09-19;83,62578;1,05186;1,13541;1,0685;1,01191;1,10069;1,00327;;1,25479;;;
2015-09-20;83,61408;1,05171;1,13525;1,06835;1,01177;1,10054;1,00313;;1,25462;;;
2015-09-21;83,60238;1,05157;1,13509;1,0682;1,01163;1,10038;1,00299;;1,25444;;;
2015-09-22;83,59067;1,05142;1,13493;1,06805;1,01149;1,10023;1,00285;;1,25426;;;
2015-09-23;83,57897;1,05127;1,13477;1,0679;1,01135;1,10007;1,00271;;1,25409;;;
2015-09-24;83,56727;1,05112;1,13462;1,06775;1,01121;1,09992;1,00257;;1,25391;;;
2015-09-25;83,55556;1,05098;1,13446;1,0676;1,01106;1,09976;1,00243;;1,25374;;;
2015-09-26;83,54386;1,05083;1,1343;1,06745;1,01092;1,09961;1,00229;;1,25356;;;
2015-09-27;83,53216;1,05068;1,13414;1,0673;1,01078;1,09946;1,00215;;1,25339;;;
2015-09-28;83,52045;1,05053;1,13398;1,06716;1,01064;1,0993;1,00201;;1,25321;;;
2015-09-29;83,50875;1,05039;1,13382;1,06701;1,0105;1,09915;1,00187;;1,25304;;;
2015-09-30;83,49705;1,05024;1,13366;1,06686;1,01036;1,09899;1,00173;;1,25286;;;
2015-10-01;83,48534;1,05009;1,1335;1,06671;1,01021;1,09884;1,00159;;1,25268;;;
2015-10-02;83,4941;1,0502;1,13362;1,06682;1,01032;1,09896;1,00169;;1,25282;;;
2015-10-03;83,50287;1,05031;1,13374;1,06693;1,01043;1,09907;1,0018;;1,25295;;;
2015-10-04;83,51163;1,05042;1,13386;1,06704;1,01053;1,09919;1,0019;;1,25308;;;
2015-10-05;83,52038;1,05053;1,13398;1,06715;1,01064;1,0993;1,00201;;1,25321;;;
2015-10-06;83,52915;1,05064;1,1341;1,06727;1,01074;1,09942;1,00212;;1,25334;;;
2015-10-07;83,53791;1,05075;1,13422;1,06738;1,01085;1,09953;1,00222;;1,25347;;;
2015-10-08;83,54667;1,05086;1,13434;1,06749;1,01096;1,09965;1,00233;;1,2536;;;
2015-10-09;83,55544;1,05097;1,13446;1,0676;1,01106;1,09976;1,00243;;1,25374;;;
2015-10-10;83,5642;1,05109;1,13457;1,06771;1,01117;1,09988;1,00254;;1,25387;;;
2015-10-11;83,57296;1,0512;1,13469;1,06783;1,01127;1,09999;1,00264;;1,254;;;
2015-10-12;83,58172;1,05131;1,13481;1,06794;1,01138;1,10011;1,00275;;1,25413;;;
2015-10-13;83,59048;1,05142;1,13493;1,06805;1,01149;1,10022;1,00285;;1,25426;;;
2015-10-14;83,59924;1,05153;1,13505;1,06816;1,01159;1,10034;1,00296;;1,25439;;;
2015-10-15;83,60801;1,05164;1,13517;1,06827;1,0117;1,10046;1,00306;;1,25452;;;
2015-10-16;83,61677;1,05175;1,13529;1,06839;1,0118;1,10057;1,00317;;1,25466;;;
2015-10-17;83,62553;1,05186;1,13541;1,0685;1,01191;1,10069;1,00327;;1,25479;;;
2015-10-18;83,6343;1,05197;1,13553;1,06861;1,01202;1,1008;1,00338;;1,25492;;;
2015-10-19;83,64305;1,05208;1,13564;1,06872;1,01212;1,10092;1,00348;;1,25505;;;
2015-10-20;83,65182;1,05219;1,13576;1,06883;1,01223;1,10103;1,00359;;1,25518;;;
2015-10-21;83,66058;1,0523;1,13588;1,06895;1,01233;1,10115;1,00369;;1,25531;;;
2015-10-22;83,66934;1,05241;1,136;1,06906;1,01244;1,10126;1,0038;;1,25544;;;
2015-10-23;83,6781;1,05252;1,13612;1,06917;1,01255;1,10138;1,0039;;1,25558;;;
2015-10-24;83,68686;1,05263;1,13624;1,06928;1,01265;1,10149;1,00401;;1,25571;;;
2015-10-25;83,69562;1,05274;1,13636;1,06939;1,01276;1,10161;1,00411;;1,25584;;;
2015-10-26;83,70439;1,05285;1,13648;1,06951;1,01286;1,10172;1,00422;;1,25597;;;
2015-10-27;83,71315;1,05296;1,1366;1,06962;1,01297;1,10184;1,00432;;1,2561;;;
2015-10-28;83,72191;1,05307;1,13672;1,06973;1,01308;1,10195;1,00443;;1,25623;;;
2015-10-29;83,73067;1,05318;1,13683;1,06984;1,01318;1,10207;1,00453;;1,25637;;;
2015-10-30;83,73944;1,05329;1,13695;1,06995;1,01329;1,10218;1,00464;;1,2565;;;
2015-10-31;83,74819;1,0534;1,13707;1,07006;1,01339;1,1023;1,00474;;1,25663;;;
2015-11-01;83,75696;1,05351;1,13719;1,07018;1,0135;1,10242;1,00485;;1,25676;;;
2015-11-02;83,7457;1,05337;1,13704;1,07003;1,01336;1,10227;1,00471;;1,25659;;;
2015-11-03;83,73443;1,05323;1,13689;1,06989;1,01323;1,10212;1,00458;;1,25642;;;
2015-11-04;83,72317;1,05308;1,13673;1,06975;1,01309;1,10197;1,00444;;1,25625;;;
2015-11-05;83,71191;1,05294;1,13658;1,0696;1,01296;1,10182;1,00431;;1,25608;;;
2015-11-06;83,70065;1,0528;1,13643;1,06946;1,01282;1,10167;1,00417;;1,25591;;;
2015-11-07;83,68939;1,05266;1,13627;1,06931;1,01268;1,10153;1,00404;;1,25575;;;
2015-11-08;83,67812;1,05252;1,13612;1,06917;1,01255;1,10138;1,0039;;1,25558;;;
2015-11-09;83,66686;1,05238;1,13597;1,06903;1,01241;1,10123;1,00377;;1,25541;;;
2015-11-10;83,6556;1,05223;1,13582;1,06888;1,01227;1,10108;1,00363;;1,25524;;;
2015-11-11;83,64434;1,05209;1,13566;1,06874;1,01214;1,10093;1,0035;;1,25507;;;
2015-11-12;83,63307;1,05195;1,13551;1,06859;1,012;1,10079;1,00336;;1,2549;;;
2015-11-13;83,62181;1,05181;1,13536;1,06845;1,01187;1,10064;1,00323;;1,25473;;;
2015-11-14;83,61055;1,05167;1,1352;1,06831;1,01173;1,10049;1,00309;;1,25456;;;
2015-11-15;83,59929;1,05153;1,13505;1,06816;1,01159;1,10034;1,00296;;1,25439;;;
2015-11-16;83,58803;1,05138;1,1349;1,06802;1,01146;1,10019;1,00282;;1,25422;;;
2015-11-17;83,57676;1,05124;1,13474;1,06787;1,01132;1,10004;1,00269;;1,25406;;;
2015-11-18;83,5655;1,0511;1,13459;1,06773;1,01118;1,0999;1,00255;;1,25389;;;
2015-11-19;83,55424;1,05096;1,13444;1,06759;1,01105;1,09975;1,00242;;1,25372;;;
2015-11-20;83,54298;1,05082;1,13429;1,06744;1,01091;1,0996;1,00228;;1,25355;;;
2015-11-21;83,53172;1,05068;1,13413;1,0673;1,01078;1,09945;1,00215;;1,25338;;;
2015-11-22;83,52045;1,05053;1,13398;1,06716;1,01064;1,0993;1,00201;;1,25321;;;
2015-11-23;83,50919;1,05039;1,13383;1,06701;1,0105;1,09915;1,00188;;1,25304;;;
2015-11-24;83,49793;1,05025;1,13367;1,06687;1,01037;1,09901;1,00174;;1,25287;;;
2015-11-25;83,48667;1,05011;1,13352;1,06672;1,01023;1,09886;1,00161;;1,2527;;;
2015-11-26;83,47541;1,04997;1,13337;1,06658;1,01009;1,09871;1,00147;;1,25253;;;
2015-11-27;83,46414;1,04983;1,13322;1,06644;1,00996;1,09856;1,00134;;1,25237;;;
2015-11-28;83,45288;1,04968;1,13306;1,06629;1,00982;1,09841;1,0012;;1,2522;;;
2015-11-29;83,44162;1,04954;1,13291;1,06615;1,00969;1,09827;1,00107;;1,25203;;;
2015-11-30;83,43036;1,0494;1,13276;1,066;1,00955;1,09812;1,00093;;1,25186;;;
2015-12-01;83,41909;1,04926;1,1326;1,06586;1,00941;1,09797;1,00079;;1,25169;;;
2015-12-02;83,42059;1,04928;1,13262;1,06588;1,00943;1,09799;1,00081;;1,25171;;;
2015-12-03;83,42209;1,0493;1,13264;1,0659;1,00945;1,09801;1,00083;;1,25173;;;
2015-12-04;83,42358;1,04932;1,13266;1,06592;1,00947;1,09803;1,00085;;1,25176;;;
2015-12-05;83,42508;1,04934;1,13269;1,06594;1,00949;1,09805;1,00087;;1,25178;;;
2015-12-06;83,42658;1,04935;1,13271;1,06596;1,0095;1,09807;1,00088;;1,2518;;;
2015-12-07;83,42807;1,04937;1,13273;1,06597;1,00952;1,09809;1,0009;;1,25182;;;
2015-12-08;83,42957;1,04939;1,13275;1,06599;1,00954;1,09811;1,00092;;1,25185;;;
2015-12-09;83,43106;1,04941;1,13277;1,06601;1,00956;1,09813;1,00094;;1,25187;;;
2015-12-10;83,43255;1,04943;1,13279;1,06603;1,00958;1,09815;1,00096;;1,25189;;;
2015-12-11;83,43406;1,04945;1,13281;1,06605;1,00959;1,09817;1,00097;;1,25191;;;
2015-12-12;83,43555;1,04947;1,13283;1,06607;1,00961;1,09819;1,00099;;1,25194;;;
2015-12-13;83,43705;1,04949;1,13285;1,06609;1,00963;1,0982;1,00101;;1,25196;;;
2015-12-14;83,43854;1,0495;1,13287;1,06611;1,00965;1,09822;1,00103;;1,25198;;;
2015-12-15;83,44004;1,04952;1,13289;1,06613;1,00967;1,09824;1,00105;;1,252;;;
2015-12-16;83,44153;1,04954;1,13291;1,06615;1,00968;1,09826;1,00106;;1,25203;;;
2015-12-17;83,44303;1,04956;1,13293;1,06617;1,0097;1,09828;1,00108;;1,25205;;;
2015-12-18;83,44453;1,04958;1,13295;1,06618;1,00972;1,0983;1,0011;;1,25207;;;
2015-12-19;83,44602;1,0496;1,13297;1,0662;1,00974;1,09832;1,00112;;1,25209;;;
2015-12-20;83,44752;1,04962;1,13299;1,06622;1,00976;1,09834;1,00114;;1,25212;;;
2015-12-21;83,44901;1,04964;1,13301;1,06624;1,00977;1,09836;1,00115;;1,25214;;;
2015-12-22;83,45051;1,04966;1,13303;1,06626;1,00979;1,09838;1,00117;;1,25216;;;
2015-12-23;83,45201;1,04967;1,13305;1,06628;1,00981;1,0984;1,00119;;1,25218;;;
2015-12-24;83,4535;1,04969;1,13307;1,0663;1,00983;1,09842;1,00121;;1,25221;;;
2015-12-25;83,455;1,04971;1,13309;1,06632;1,00985;1,09844;1,00123;;1,25223;;;
2015-12-26;83,45649;1,04973;1,13311;1,06634;1,00987;1,09846;1,00124;;1,25225;;;
2015-12-27;83,45799;1,04975;1,13313;1,06636;1,00988;1,09848;1,00126;;1,25227;;;
2015-12-28;83,45949;1,04977;1,13315;1,06638;1,0099;1,0985;1,00128;;1,2523;;;
2015-12-29;83,46098;1,04979;1,13317;1,0664;1,00992;1,09852;1,0013;;1,25232;;;
2015-12-30;83,46247;1,04981;1,13319;1,06641;1,00994;1,09854;1,00132;;1,25234;;;
2015-12-31;83,46397;1,04982;1,13321;1,06643;1,00996;1,09856;1,00133;;1,25236;;;
2016-01-01;83,46547;1,04984;1,13323;1,06645;1,00997;1,09858;1,00135;;1,25239;;;
2016-01-02;83,46034;1,04978;1,13316;1,06639;1,00991;1,09851;1,00129;;1,25231;;;
2016-01-03;83,45521;1,04971;1,13309;1,06632;1,00985;1,09844;1,00123;;1,25223;;;
2016-01-04;83,45008;1,04965;1,13302;1,06626;1,00979;1,09838;1,00117;;1,25215;;;
2016-01-05;83,44496;1,04959;1,13296;1,06619;1,00973;1,09831;1,0011;;1,25208;;;
2016-01-06;83,43982;1,04952;1,13289;1,06612;1,00966;1,09824;1,00104;;1,252;;;
2016-01-07;83,4347;1,04946;1,13282;1,06606;1,0096;1,09817;1,00098;;1,25192;;;
2016-01-08;83,42957;1,04939;1,13275;1,06599;1,00954;1,09811;1,00092;;1,25185;;;
2016-01-09;83,42443;1,04933;1,13268;1,06593;1,00948;1,09804;1,00086;;1,25177;;;
2016-01-10;83,41931;1,04926;1,13261;1,06586;1,00942;1,09797;1,0008;;1,25169;;;
2016-01-11;83,41418;1,0492;1,13254;1,0658;1,00935;1,0979;1,00074;;1,25162;;;
2016-01-12;83,40905;1,04913;1,13247;1,06573;1,00929;1,09784;1,00067;;1,25154;;;
2016-01-13;83,40393;1,04907;1,1324;1,06567;1,00923;1,09777;1,00061;;1,25146;;;
2016-01-14;83,39879;1,049;1,13233;1,0656;1,00917;1,0977;1,00055;;1,25139;;;
2016-01-15;83,39366;1,04894;1,13226;1,06553;1,0091;1,09763;1,00049;;1,25131;;;
2016-01-16;83,38854;1,04888;1,13219;1,06547;1,00904;1,09757;1,00043;;1,25123;;;
2016-01-17;83,3834;1,04881;1,13212;1,0654;1,00898;1,0975;1,00037;;1,25115;;;
2016-01-18;83,37828;1,04875;1,13205;1,06534;1,00892;1,09743;1,00031;;1,25108;;;
2016-01-19;83,37316;1,04868;1,13198;1,06527;1,00886;1,09736;1,00024;;1,251;;;
2016-01-20;83,36801;1,04862;1,13191;1,06521;1,00879;1,0973;1,00018;;1,25092;;;
2016-01-21;83,36289;1,04855;1,13184;1,06514;1,00873;1,09723;1,00012;;1,25085;;;
2016-01-22;83,35777;1,04849;1,13177;1,06508;1,00867;1,09716;1,00006;;1,25077;;;
2016-01-23;83,35263;1,04842;1,1317;1,06501;1,00861;1,09709;1;;1,25069;;;
2016-01-24;83,34751;1,04836;1,13163;1,06495;1,00855;1,09703;0,99994;;1,25062;;;
2016-01-25;83,34238;1,04829;1,13156;1,06488;1,00848;1,09696;0,99987;;1,25054;;;
2016-01-26;83,33724;1,04823;1,13149;1,06481;1,00842;1,09689;0,99981;;1,25046;;;
2016-01-27;83,33212;1,04817;1,13142;1,06475;1,00836;1,09682;0,99975;;1,25038;;;
2016-01-28;83,32699;1,0481;1,13135;1,06468;1,0083;1,09676;0,99969;;1,25031;;;
2016-01-29;83,32186;1,04804;1,13128;1,06462;1,00824;1,09669;0,99963;;1,25023;;;
2016-01-30;83,31673;1,04797;1,13121;1,06455;1,00817;1,09662;0,99957;;1,25015;;;
2016-01-31;83,3116;1,04791;1,13114;1,06449;1,00811;1,09655;0,99951;;1,25008;;;
2016-02-01;83,30647;1,04784;1,13107;1,06442;1,00805;1,09649;0,99944;;1,25;;;
2016-02-02;83,31287;1,04792;1,13116;1,0645;1,00813;1,09657;0,99952;;1,2501;;;
2016-02-03;83,31927;1,048;1,13125;1,06458;1,0082;1,09665;0,9996;;1,25019;;;
2016-02-04;83,32567;1,04808;1,13134;1,06467;1,00828;1,09674;0,99967;;1,25029;;;
2016-02-05;83,33206;1,04817;1,13142;1,06475;1,00836;1,09682;0,99975;;1,25038;;;
2016-02-06;83,33846;1,04825;1,13151;1,06483;1,00844;1,09691;0,99983;;1,25048;;;
2016-02-07;83,34485;1,04833;1,1316;1,06491;1,00851;1,09699;0,9999;;1,25058;;;
2016-02-08;83,35125;1,04841;1,13168;1,06499;1,00859;1,09708;0,99998;;1,25067;;;
2016-02-09;83,35764;1,04849;1,13177;1,06507;1,00867;1,09716;1,00006;;1,25077;;;
2016-02-10;83,36404;1,04857;1,13186;1,06516;1,00875;1,09724;1,00013;;1,25086;;;
2016-02-11;83,37043;1,04865;1,13194;1,06524;1,00882;1,09733;1,00021;;1,25096;;;
2016-02-12;83,37684;1,04873;1,13203;1,06532;1,0089;1,09741;1,00029;;1,25106;;;
2016-02-13;83,38323;1,04881;1,13212;1,0654;1,00898;1,0975;1,00036;;1,25115;;;
2016-02-14;83,38963;1,04889;1,1322;1,06548;1,00906;1,09758;1,00044;;1,25125;;;
2016-02-15;83,39602;1,04897;1,13229;1,06557;1,00913;1,09766;1,00052;;1,25134;;;
2016-02-16;83,40242;1,04905;1,13238;1,06565;1,00921;1,09775;1,00059;;1,25144;;;
2016-02-17;83,40881;1,04913;1,13246;1,06573;1,00929;1,09783;1,00067;;1,25154;;;
2016-02-18;83,41521;1,04921;1,13255;1,06581;1,00937;1,09792;1,00075;;1,25163;;;
2016-02-19;83,4216;1,04929;1,13264;1,06589;1,00944;1,098;1,00082;;1,25173;;;
2016-02-20;83,428;1,04937;1,13273;1,06597;1,00952;1,09809;1,0009;;1,25182;;;
2016-02-21;83,4344;1,04945;1,13281;1,06606;1,0096;1,09817;1,00098;;1,25192;;;
2016-02-22;83,4408;1,04953;1,1329;1,06614;1,00968;1,09825;1,00106;;1,25202;;;
2016-02-23;83,44719;1,04961;1,13299;1,06622;1,00975;1,09834;1,00113;;1,25211;;;
2016-02-24;83,45359;1,04969;1,13307;1,0663;1,00983;1,09842;1,00121;;1,25221;;;
2016-02-25;83,45999;1,04977;1,13316;1,06638;1,00991;1,09851;1,00129;;1,2523;;;
2016-02-26;83,46638;1,04985;1,13325;1,06646;1,00998;1,09859;1,00136;;1,2524;;;
2016-02-27;83,47277;1,04994;1,13333;1,06655;1,01006;1,09868;1,00144;;1,2525;;;
2016-02-28;83,47917;1,05002;1,13342;1,06663;1,01014;1,09876;1,00152;;1,25259;;;
2016-02-29;83,48557;1,0501;1,13351;1,06671;1,01022;1,09884;1,00159;;1,25269;;;
2016-03-01;83,49197;1,05018;1,13359;1,06679;1,01029;1,09893;1,00167;1;1,25278;;;
2016-03-02;83,46585;;;;;;;0,99969;1,25239;;;
2016-03-03;83,43974;;;;;;;0,99937;1,252;;;
2016-03-04;83,41362;;;;;;;0,99906;1,25161;;;
2016-03-05;83,38751;;;;;;;0,99875;1,25122;;;
2016-03-06;83,3614;;;;;;;0,99844;1,25082;;;
2016-03-07;83,33528;;;;;;;0,99812;1,25043;;;
2016-03-08;83,30917;;;;;;;0,99781;1,25004;;;
2016-03-09;83,28305;;;;;;;0,9975;1,24965;;;
2016-03-10;83,25694;;;;;;;0,99719;1,24926;;;
2016-03-11;83,23083;;;;;;;0,99687;1,24886;;;
2016-03-12;83,20471;;;;;;;0,99656;1,24847;;;
2016-03-13;83,1786;;;;;;;0,99625;1,24808;;;
2016-03-14;83,15248;;;;;;;0,99593;1,24769;;;
2016-03-15;83,12637;;;;;;;0,99562;1,2473;;;
2016-03-16;83,10025;;;;;;;0,99531;1,24691;;;
2016-03-17;83,07413;;;;;;;0,995;1,24651;;;
2016-03-18;83,04802;;;;;;;0,99468;1,24612;;;
2016-03-19;83,0219;;;;;;;0,99437;1,24573;;;
2016-03-20;82,99579;;;;;;;0,99406;1,24534;;;
2016-03-21;82,96968;;;;;;;0,99374;1,24495;;;
2016-03-22;82,94356;;;;;;;0,99343;1,24455;;;
2016-03-23;82,91745;;;;;;;0,99312;1,24416;;;
2016-03-24;82,89133;;;;;;;0,99281;1,24377;;;
2016-03-25;82,86522;;;;;;;0,99249;1,24338;;;
2016-03-26;82,8391;;;;;;;0,99218;1,24299;;;
2016-03-27;82,81299;;;;;;;0,99187;1,2426;;;
2016-03-28;82,78688;;;;;;;0,99155;1,2422;;;
2016-03-29;82,76076;;;;;;;0,99124;1,24181;;;
2016-03-30;82,73465;;;;;;;0,99093;1,24142;;;
2016-03-31;82,70853;;;;;;;0,99062;1,24103;;;
2016-04-01;82,68242;;;;;;;0,9903;1,24064;;;
2016-04-02;82,68937;;;;;;;0,99039;1,24074;;;
2016-04-03;82,69633;;;;;;;0,99047;1,24084;;;
2016-04-04;82,70328;;;;;;;0,99055;1,24095;;;
2016-04-05;82,71024;;;;;;;0,99064;1,24105;;;
2016-04-06;82,7172;;;;;;;0,99072;1,24116;;;
2016-04-07;82,72415;;;;;;;0,9908;1,24126;;;
2016-04-08;82,7311;;;;;;;0,99089;1,24137;;;
2016-04-09;82,73806;;;;;;;0,99097;1,24147;;;
2016-04-10;82,74501;;;;;;;0,99105;1,24158;;;
2016-04-11;82,75197;;;;;;;0,99114;1,24168;;;
2016-04-12;82,75893;;;;;;;0,99122;1,24178;;;
2016-04-13;82,76588;;;;;;;0,9913;1,24189;;;
2016-04-14;82,77283;;;;;;;0,99139;1,24199;;;
2016-04-15;82,77979;;;;;;;0,99147;1,2421;;;
2016-04-16;82,78674;;;;;;;0,99155;1,2422;;;
2016-04-17;82,79369;;;;;;;0,99164;1,24231;;;
2016-04-18;82,80065;;;;;;;0,99172;1,24241;;;
2016-04-19;82,80761;;;;;;;0,9918;1,24251;;;
2016-04-20;82,81456;;;;;;;0,99189;1,24262;;;
2016-04-21;82,82152;;;;;;;0,99197;1,24272;;;
2016-04-22;82,82847;;;;;;;0,99205;1,24283;;;
2016-04-23;82,83542;;;;;;;0,99214;1,24293;;;
2016-04-24;82,84238;;;;;;;0,99222;1,24304;;;
2016-04-25;82,84934;;;;;;;0,9923;1,24314;;;
2016-04-26;82,85629;;;;;;;0,99239;1,24325;;;
2016-04-27;82,86325;;;;;;;0,99247;1,24335;;;
2016-04-28;82,8702;;;;;;;0,99255;1,24345;;;
2016-04-29;82,87715;;;;;;;0,99264;1,24356;;;
2016-04-30;82,88411;;;;;;;0,99272;1,24366;;;
2016-05-01;82,89107;;;;;;;0,9928;1,24377;;;
2016-05-02;82,90991;;;;;;;0,99303;1,24405;;;
2016-05-03;82,92876;;;;;;;0,99325;1,24433;;;
2016-05-04;82,9476;;;;;;;0,99348;1,24462;;;
2016-05-05;82,96645;;;;;;;0,99371;1,2449;;;
2016-05-06;82,98529;;;;;;;0,99393;1,24518;;;
2016-05-07;83,00414;;;;;;;0,99416;1,24546;;;
2016-05-08;83,02298;;;;;;;0,99438;1,24575;;;
2016-05-09;83,04183;;;;;;;0,99461;1,24603;;;
2016-05-10;83,06068;;;;;;;0,99483;1,24631;;;
2016-05-11;83,07952;;;;;;;0,99506;1,24659;;;
2016-05-12;83,09837;;;;;;;0,99529;1,24688;;;
2016-05-13;83,11721;;;;;;;0,99551;1,24716;;;
2016-05-14;83,13606;;;;;;;0,99574;1,24744;;;
2016-05-15;83,1549;;;;;;;0,99596;1,24773;;;
2016-05-16;83,17375;;;;;;;0,99619;1,24801;;;
2016-05-17;83,19259;;;;;;;0,99641;1,24829;;;
2016-05-18;83,21144;;;;;;;0,99664;1,24857;;;
2016-05-19;83,23028;;;;;;;0,99687;1,24886;;;
2016-05-20;83,24913;;;;;;;0,99709;1,24914;;;
2016-05-21;83,26797;;;;;;;0,99732;1,24942;;;
2016-05-22;83,28682;;;;;;;0,99754;1,24971;;;
2016-05-23;83,30566;;;;;;;0,99777;1,24999;;;
2016-05-24;83,32451;;;;;;;0,99799;1,25027;;;
2016-05-25;83,34336;;;;;;;0,99822;1,25055;;;
2016-05-26;83,36221;;;;;;;0,99845;1,25084;;;
2016-05-27;83,38105;;;;;;;0,99867;1,25112;;;
2016-05-28;83,3999;;;;;;;0,9989;1,2514;;;
2016-05-29;83,41874;;;;;;;0,99912;1,25168;;;
2016-05-30;83,43759;;;;;;;0,99935;1,25197;;;
2016-05-31;83,45643;;;;;;;0,99957;1,25225;;;
2016-06-01;83,47528;;;;;;;0,9998;1,25253;;;
2016-06-02;83,47722;;;;;;;0,99982;1,25256;;;
2016-06-03;83,47917;;;;;;;0,99985;1,25259;;;
2016-06-04;83,48112;;;;;;;0,99987;1,25262;;;
2016-06-05;83,48306;;;;;;;0,99989;1,25265;;;
2016-06-06;83,48502;;;;;;;0,99992;1,25268;;;
2016-06-07;83,48696;;;;;;;0,99994;1,25271;;;
2016-06-08;83,4889;;;;;;;0,99996;1,25274;;;
2016-06-09;83,49086;;;;;;;0,99999;1,25277;;;
2016-06-10;83,4928;;;;;;;1,00001;1,2528;;;
2016-06-11;83,49475;;;;;;;1,00003;1,25283;;;
2016-06-12;83,4967;;;;;;;1,00006;1,25285;;;
2016-06-13;83,49864;;;;;;;1,00008;1,25288;;;
2016-06-14;83,50059;;;;;;;1,0001;1,25291;;;
2016-06-15;83,50254;;;;;;;1,00013;1,25294;;;
2016-06-16;83,50449;;;;;;;1,00015;1,25297;;;
2016-06-17;83,50643;;;;;;;1,00017;1,253;;;
2016-06-18;83,50838;;;;;;;1,0002;1,25303;;;
2016-06-19;83,51033;;;;;;;1,00022;1,25306;;;
2016-06-20;83,51227;;;;;;;1,00024;1,25309;;;
2016-06-21;83,51423;;;;;;;1,00027;1,25312;;;
2016-06-22;83,51617;;;;;;;1,00029;1,25315;;;
2016-06-23;83,51811;;;;;;;1,00031;1,25318;;;
2016-06-24;83,52007;;;;;;;1,00034;1,2532;;;
2016-06-25;83,52201;;;;;;;1,00036;1,25323;;;
2016-06-26;83,52396;;;;;;;1,00038;1,25326;;;
2016-06-27;83,52591;;;;;;;1,00041;1,25329;;;
2016-06-28;83,52785;;;;;;;1,00043;1,25332;;;
2016-06-29;83,5298;;;;;;;1,00045;1,25335;;;
2016-06-30;83,53175;;;;;;;1,00048;1,25338;;;
2016-07-01;83,5337;;;;;;;1,0005;1,25341;;;
2016-07-02;83,54501;;;;;;;1,00064;1,25358;;;
2016-07-03;83,55631;;;;;;;1,00077;1,25375;;;
2016-07-04;83,56762;;;;;;;1,00091;1,25392;;;
2016-07-05;83,57892;;;;;;;1,00104;1,25409;;;
2016-07-06;83,59023;;;;;;;1,00118;1,25426;;;
2016-07-07;83,60154;;;;;;;1,00131;1,25443;;;
2016-07-08;83,61285;;;;;;;1,00145;1,2546;;;
2016-07-09;83,62416;;;;;;;1,00158;1,25477;;;
2016-07-10;83,63547;;;;;;;1,00172;1,25494;;;
2016-07-11;83,64677;;;;;;;1,00185;1,25511;;;
2016-07-12;83,65807;;;;;;;1,00199;1,25528;;;
2016-07-13;83,66938;;;;;;;1,00212;1,25545;;;
2016-07-14;83,68069;;;;;;;1,00226;1,25562;;;
2016-07-15;83,692;;;;;;;1,0024;1,25578;;;
2016-07-16;83,70331;;;;;;;1,00253;1,25595;;;
2016-07-17;83,71461;;;;;;;1,00267;1,25612;;;
2016-07-18;83,72592;;;;;;;1,0028;1,25629;;;
2016-07-19;83,73723;;;;;;;1,00294;1,25646;;;
2016-07-20;83,74854;;;;;;;1,00307;1,25663;;;
2016-07-21;83,75984;;;;;;;1,00321;1,2568;;;
2016-07-22;83,77115;;;;;;;1,00334;1,25697;;;
2016-07-23;83,78245;;;;;;;1,00348;1,25714;;;
2016-07-24;83,79376;;;;;;;1,00361;1,25731;;;
2016-07-25;83,80507;;;;;;;1,00375;1,25748;;;
2016-07-26;83,81638;;;;;;;1,00389;1,25765;;;
2016-07-27;83,82769;;;;;;;1,00402;1,25782;;;
2016-07-28;83,839;;;;;;;1,00416;1,25799;;;
2016-07-29;83,8503;;;;;;;1,00429;1,25816;;;
2016-07-30;83,86161;;;;;;;1,00443;1,25833;;;
2016-07-31;83,87291;;;;;;;1,00456;1,2585;;;
2016-08-01;83,88422;;;;;;;1,0047;1,25867;;;
2016-08-02;83,88772;;;;;;;1,00474;1,25872;;;
2016-08-03;83,89122;;;;;;;1,00478;1,25877;;;
2016-08-04;83,89472;;;;;;;1,00482;1,25883;;;
2016-08-05;83,89822;;;;;;;1,00487;1,25888;;;
2016-08-06;83,90172;;;;;;;1,00491;1,25893;;;
2016-08-07;83,90522;;;;;;;1,00495;1,25898;;;
2016-08-08;83,90872;;;;;;;1,00499;1,25904;;;
2016-08-09;83,91222;;;;;;;1,00503;1,25909;;;
2016-08-10;83,91572;;;;;;;1,00508;1,25914;;;
2016-08-11;83,91923;;;;;;;1,00512;1,25919;;;
2016-08-12;83,92272;;;;;;;1,00516;1,25925;;;
2016-08-13;83,92622;;;;;;;1,0052;1,2593;;;
2016-08-14;83,92972;;;;;;;1,00524;1,25935;;;
2016-08-15;83,93322;;;;;;;1,00528;1,2594;;;
2016-08-16;83,93672;;;;;;;1,00533;1,25946;;;
2016-08-17;83,94022;;;;;;;1,00537;1,25951;;;
2016-08-18;83,94372;;;;;;;1,00541;1,25956;;;
2016-08-19;83,94722;;;;;;;1,00545;1,25961;;;
2016-08-20;83,95072;;;;;;;1,00549;1,25967;;;
2016-08-21;83,95422;;;;;;;1,00554;1,25972;;;
2016-08-22;83,95772;;;;;;;1,00558;1,25977;;;
2016-08-23;83,96122;;;;;;;1,00562;1,25982;;;
2016-08-24;83,96472;;;;;;;1,00566;1,25988;;;
2016-08-25;83,96822;;;;;;;1,0057;1,25993;;;
2016-08-26;83,97172;;;;;;;1,00575;1,25998;;;
2016-08-27;83,97522;;;;;;;1,00579;1,26003;;;
2016-08-28;83,97872;;;;;;;1,00583;1,26009;;;
2016-08-29;83,98222;;;;;;;1,00587;1,26014;;;
2016-08-30;83,98572;;;;;;;1,00591;1,26019;;;
2016-08-31;83,98922;;;;;;;1,00596;1,26024;;;
2016-09-01;83,99272;;;;;;;1,006;1,2603;;;
2016-09-02;83,98214;;;;;;;1,00587;1,26014;;;
2016-09-03;83,97158;;;;;;;1,00574;1,25998;;;
2016-09-04;83,961;;;;;;;1,00562;1,25982;;;
2016-09-05;83,95043;;;;;;;1,00549;1,25966;;;
2016-09-06;83,93986;;;;;;;1,00536;1,2595;;;
2016-09-07;83,92929;;;;;;;1,00524;1,25935;;;
2016-09-08;83,91872;;;;;;;1,00511;1,25919;;;
2016-09-09;83,90815;;;;;;;1,00498;1,25903;;;
2016-09-10;83,89758;;;;;;;1,00486;1,25887;;;
2016-09-11;83,887;;;;;;;1,00473;1,25871;;;
2016-09-12;83,87644;;;;;;;1,0046;1,25855;;;
2016-09-13;83,86586;;;;;;;1,00448;1,25839;;;
2016-09-14;83,85529;;;;;;;1,00435;1,25823;;;
2016-09-15;83,84472;;;;;;;1,00423;1,25808;;;
2016-09-16;83,83415;;;;;;;1,0041;1,25792;;;
2016-09-17;83,82357;;;;;;;1,00397;1,25776;;;
2016-09-18;83,81301;;;;;;;1,00385;1,2576;;;
2016-09-19;83,80243;;;;;;;1,00372;1,25744;;;
2016-09-20;83,79186;;;;;;;1,00359;1,25728;;;
2016-09-21;83,78129;;;;;;;1,00347;1,25712;;;
2016-09-22;83,77072;;;;;;;1,00334;1,25697;;;
2016-09-23;83,76014;;;;;;;1,00321;1,25681;;;
2016-09-24;83,74958;;;;;;;1,00309;1,25665;;;
2016-09-25;83,739;;;;;;;1,00296;1,25649;;;
2016-09-26;83,72843;;;;;;;1,00283;1,25633;;;
2016-09-27;83,71786;;;;;;;1,00271;1,25617;;;
2016-09-28;83,70729;;;;;;;1,00258;1,25601;;;
2016-09-29;83,69672;;;;;;;1,00245;1,25586;;;
2016-09-30;83,68615;;;;;;;1,00233;1,2557;;;
2016-10-01;83,67558;;;;;;;1,0022;1,25554;;;
2016-10-02;83,68446;;;;;;;1,00231;1,25567;;;
2016-10-03;83,69334;;;;;;;1,00241;1,2558;;;
2016-10-04;83,70223;;;;;;;1,00252;1,25594;;;
2016-10-05;83,71111;;;;;;;1,00262;1,25607;;;
2016-10-06;83,72;;;;;;;1,00273;1,2562;;;
2016-10-07;83,72888;;;;;;;1,00284;1,25634;;;
2016-10-08;83,73777;;;;;;;1,00294;1,25647;;;
2016-10-09;83,74665;;;;;;;1,00305;1,2566;;;
2016-10-10;83,75554;;;;;;;1,00316;1,25674;;;
2016-10-11;83,76442;;;;;;;1,00326;1,25687;;;
2016-10-12;83,77331;;;;;;;1,00337;1,257;;;
2016-10-13;83,78219;;;;;;;1,00348;1,25714;;;
2016-10-14;83,79107;;;;;;;1,00358;1,25727;;;
2016-10-15;83,79995;;;;;;;1,00369;1,2574;;;
2016-10-16;83,80884;;;;;;;1,0038;1,25754;;;
2016-10-17;83,81772;;;;;;;1,0039;1,25767;;;
2016-10-18;83,82661;;;;;;;1,00401;1,2578;;;
2016-10-19;83,83549;;;;;;;1,00411;1,25794;;;
2016-10-20;83,84438;;;;;;;1,00422;1,25807;;;
2016-10-21;83,85326;;;;;;;1,00433;1,2582;;;
2016-10-22;83,86215;;;;;;;1,00443;1,25834;;;
2016-10-23;83,87103;;;;;;;1,00454;1,25847;;;
2016-10-24;83,87992;;;;;;;1,00465;1,2586;;;
2016-10-25;83,8888;;;;;;;1,00475;1,25874;;;
2016-10-26;83,89768;;;;;;;1,00486;1,25887;;;
2016-10-27;83,90656;;;;;;;1,00497;1,259;;;
2016-10-28;83,91545;;;;;;;1,00507;1,25914;;;
2016-10-29;83,92433;;;;;;;1,00518;1,25927;;;
2016-10-30;83,93322;;;;;;;1,00528;1,2594;;;
2016-10-31;83,9421;;;;;;;1,00539;1,25954;;;
2016-11-01;83,95099;;;;;;;1,0055;1,25967;;;
2016-11-02;83,94431;;;;;;;1,00542;1,25957;;;
2016-11-03;83,93764;;;;;;;1,00534;1,25947;;;
2016-11-04;83,93096;;;;;;;1,00526;1,25937;;;
2016-11-05;83,92428;;;;;;;1,00518;1,25927;;;
2016-11-06;83,91761;;;;;;;1,0051;1,25917;;;
2016-11-07;83,91093;;;;;;;1,00502;1,25907;;;
2016-11-08;83,90425;;;;;;;1,00494;1,25897;;;
2016-11-09;83,89758;;;;;;;1,00486;1,25887;;;
2016-11-10;83,8909;;;;;;;1,00478;1,25877;;;
2016-11-11;83,88422;;;;;;;1,0047;1,25867;;;
2016-11-12;83,87755;;;;;;;1,00462;1,25857;;;
2016-11-13;83,87087;;;;;;;1,00454;1,25847;;;
2016-11-14;83,86419;;;;;;;1,00446;1,25837;;;
2016-11-15;83,85752;;;;;;;1,00438;1,25827;;;
2016-11-16;83,85084;;;;;;;1,0043;1,25817;;;
2016-11-17;83,84416;;;;;;;1,00422;1,25807;;;
2016-11-18;83,83749;;;;;;;1,00414;1,25797;;;
2016-11-19;83,83081;;;;;;;1,00406;1,25787;;;
2016-11-20;83,82413;;;;;;;1,00398;1,25777;;;
2016-11-21;83,81746;;;;;;;1,0039;1,25767;;;
2016-11-22;83,81078;;;;;;;1,00382;1,25757;;;
2016-11-23;83,8041;;;;;;;1,00374;1,25747;;;
2016-11-24;83,79743;;;;;;;1,00366;1,25737;;;
2016-11-25;83,79075;;;;;;;1,00358;1,25727;;;
2016-11-26;83,78407;;;;;;;1,0035;1,25717;;;
2016-11-27;83,7774;;;;;;;1,00342;1,25707;;;
2016-11-28;83,77072;;;;;;;1,00334;1,25697;;;
2016-11-29;83,76404;;;;;;;1,00326;1,25687;;;
2016-11-30;83,75737;;;;;;;1,00318;1,25677;;;
2016-12-01;83,75069;;;;;;;1,0031;1,25667;;;
2016-12-02;83,75123;;;;;;;1,00311;1,25667;;;
2016-12-03;83,75177;;;;;;;1,00311;1,25668;;;
2016-12-04;83,75231;;;;;;;1,00312;1,25669;;;
2016-12-05;83,75284;;;;;;;1,00312;1,2567;;;
2016-12-06;83,75338;;;;;;;1,00313;1,25671;;;
2016-12-07;83,75392;;;;;;;1,00314;1,25671;;;
2016-12-08;83,75446;;;;;;;1,00314;1,25672;;;
2016-12-09;83,755;;;;;;;1,00315;1,25673;;;
2016-12-10;83,75554;;;;;;;1,00316;1,25674;;;
2016-12-11;83,75607;;;;;;;1,00316;1,25675;;;
2016-12-12;83,75661;;;;;;;1,00317;1,25675;;;
2016-12-13;83,75715;;;;;;;1,00318;1,25676;;;
2016-12-14;83,75769;;;;;;;1,00318;1,25677;;;
2016-12-15;83,75823;;;;;;;1,00319;1,25678;;;
2016-12-16;83,75877;;;;;;;1,0032;1,25679;;;
2016-12-17;83,7593;;;;;;;1,0032;1,25679;;;
2016-12-18;83,75984;;;;;;;1,00321;1,2568;;;
2016-12-19;83,76038;;;;;;;1,00321;1,25681;;;
2016-12-20;83,76092;;;;;;;1,00322;1,25682;;;
2016-12-21;83,76146;;;;;;;1,00323;1,25683;;;
2016-12-22;83,762;;;;;;;1,00323;1,25684;;;
2016-12-23;83,76253;;;;;;;1,00324;1,25684;;;
2016-12-24;83,76307;;;;;;;1,00325;1,25685;;;
2016-12-25;83,76361;;;;;;;1,00325;1,25686;;;
2016-12-26;83,76415;;;;;;;1,00326;1,25687;;;
2016-12-27;83,76468;;;;;;;1,00327;1,25688;;;
2016-12-28;83,76523;;;;;;;1,00327;1,25688;;;
2016-12-29;83,76576;;;;;;;1,00328;1,25689;;;
2016-12-30;83,7663;;;;;;;1,00329;1,2569;;;
2016-12-31;83,76684;;;;;;;1,00329;1,25691;;;
2017-01-01;83,76738;;;;;;;1,0033;1,25692;;;
2017-01-02;83,76711;;;;;;;1,0033;1,25691;;;
2017-01-03;83,76684;;;;;;;1,00329;1,25691;;;
2017-01-04;83,76657;;;;;;;1,00329;1,2569;;;
2017-01-05;83,7663;;;;;;;1,00329;1,2569;;;
2017-01-06;83,76604;;;;;;;1,00328;1,2569;;;
2017-01-07;83,76576;;;;;;;1,00328;1,25689;;;
2017-01-08;83,76549;;;;;;;1,00328;1,25689;;;
2017-01-09;83,76523;;;;;;;1,00327;1,25688;;;
2017-01-10;83,76496;;;;;;;1,00327;1,25688;;;
2017-01-11;83,76468;;;;;;;1,00327;1,25688;;;
2017-01-12;83,76442;;;;;;;1,00326;1,25687;;;
2017-01-13;83,76415;;;;;;;1,00326;1,25687;;;
2017-01-14;83,76388;;;;;;;1,00326;1,25686;;;
2017-01-15;83,76361;;;;;;;1,00325;1,25686;;;
2017-01-16;83,76334;;;;;;;1,00325;1,25686;;;
2017-01-17;83,76307;;;;;;;1,00325;1,25685;;;
2017-01-18;83,76281;;;;;;;1,00324;1,25685;;;
2017-01-19;83,76253;;;;;;;1,00324;1,25684;;;
2017-01-20;83,76226;;;;;;;1,00324;1,25684;;;
2017-01-21;83,762;;;;;;;1,00323;1,25684;;;
2017-01-22;83,76173;;;;;;;1,00323;1,25683;;;
2017-01-23;83,76146;;;;;;;1,00323;1,25683;;;
2017-01-24;83,76119;;;;;;;1,00322;1,25682;;;
2017-01-25;83,76092;;;;;;;1,00322;1,25682;;;
2017-01-26;83,76065;;;;;;;1,00322;1,25681;;;
2017-01-27;83,76038;;;;;;;1,00321;1,25681;;;
2017-01-28;83,76011;;;;;;;1,00321;1,25681;;;
2017-01-29;83,75984;;;;;;;1,00321;1,2568;;;
2017-01-30;83,75958;;;;;;;1,00321;1,2568;;;
2017-01-31;83,7593;;;;;;;1,0032;1,25679;;;
2017-02-01;83,75903;;;;;;;1,0032;1,25679;;;
2017-02-02;83,76797;;;;;;;1,00331;1,25692;;;
2017-02-03;83,77692;;;;;;;1,00341;1,25706;;;
2017-02-04;83,78586;;;;;;;1,00352;1,25719;;;
2017-02-05;83,79481;;;;;;;1,00363;1,25733;;;
2017-02-06;83,80374;;;;;;;1,00373;1,25746;;;
2017-02-07;83,81269;;;;;;;1,00384;1,2576;;;
2017-02-08;83,82163;;;;;;;1,00395;1,25773;;;
2017-02-09;83,83057;;;;;;;1,00406;1,25786;;;
2017-02-10;83,83951;;;;;;;1,00416;1,258;;;
2017-02-11;83,84845;;;;;;;1,00427;1,25813;;;
2017-02-12;83,8574;;;;;;;1,00438;1,25827;;;
2017-02-13;83,86634;;;;;;;1,00448;1,2584;;;
2017-02-14;83,87528;;;;;;;1,00459;1,25853;;;
2017-02-15;83,88422;;;;;;;1,0047;1,25867;;;
2017-02-16;83,89316;;;;;;;1,00481;1,2588;;;
2017-02-17;83,90211;;;;;;;1,00491;1,25894;;;
2017-02-18;83,91105;;;;;;;1,00502;1,25907;;;
2017-02-19;83,91999;;;;;;;1,00513;1,25921;;;
2017-02-20;83,92893;;;;;;;1,00523;1,25934;;;
2017-02-21;83,93788;;;;;;;1,00534;1,25947;;;
2017-02-22;83,94682;;;;;;;1,00545;1,25961;;;
2017-02-23;83,95575;;;;;;;1,00555;1,25974;;;
2017-02-24;83,9647;;;;;;;1,00566;1,25988;;;
2017-02-25;83,97364;;;;;;;1,00577;1,26001;;;
2017-02-26;83,98259;;;;;;;1,00588;1,26015;;;
2017-02-27;83,99153;;;;;;;1,00598;1,26028;;;
2017-02-28;84,00047;;;;;;;1,00609;1,26041;;;
2017-03-01;84,00941;;;;;;;1,0062;1,26055;;;
2017-03-02;84,00268;;;;;;;1,00612;1,26045;;;
2017-03-03;83,99595;;;;;;;1,00604;1,26035;;;
2017-03-04;83,98922;;;;;;;1,00596;1,26024;;;
2017-03-05;83,98249;;;;;;;1,00588;1,26014;;;
2017-03-06;83,97576;;;;;;;1,00579;1,26004;;;
2017-03-07;83,96902;;;;;;;1,00571;1,25994;;;
2017-03-08;83,9623;;;;;;;1,00563;1,25984;;;
2017-03-09;83,95556;;;;;;;1,00555;1,25974;;;
2017-03-10;83,94884;;;;;;;1,00547;1,25964;;;
2017-03-11;83,9421;;;;;;;1,00539;1,25954;;;
2017-03-12;83,93537;;;;;;;1,00531;1,25944;;;
2017-03-13;83,92865;;;;;;;1,00523;1,25934;;;
2017-03-14;83,92191;;;;;;;1,00515;1,25923;;;
2017-03-15;83,91519;;;;;;;1,00507;1,25913;;;
2017-03-16;83,90845;;;;;;;1,00499;1,25903;;;
2017-03-17;83,90172;;;;;;;1,00491;1,25893;;;
2017-03-18;83,89499;;;;;;;1,00483;1,25883;;;
2017-03-19;83,88826;;;;;;;1,00475;1,25873;;;
2017-03-20;83,88153;;;;;;;1,00467;1,25863;;;
2017-03-21;83,8748;;;;;;;1,00459;1,25853;;;
2017-03-22;83,86807;;;;;;;1,0045;1,25843;;;
2017-03-23;83,86134;;;;;;;1,00442;1,25833;;;
2017-03-24;83,85461;;;;;;;1,00434;1,25822;;;
2017-03-25;83,84788;;;;;;;1,00426;1,25812;;;
2017-03-26;83,84115;;;;;;;1,00418;1,25802;;;
2017-03-27;83,83441;;;;;;;1,0041;1,25792;;;
2017-03-28;83,82769;;;;;;;1,00402;1,25782;;;
2017-03-29;83,82095;;;;;;;1,00394;1,25772;;;
2017-03-30;83,81423;;;;;;;1,00386;1,25762;;;
2017-03-31;83,80749;;;;;;;1,00378;1,25752;;;
2017-04-01;83,80076;;;;;;;1,0037;1,25742;;;
2017-04-02;83,80383;;;;;;;1,00374;1,25746;;;
2017-04-03;83,80688;;;;;;;1,00377;1,25751;;;
2017-04-04;83,80994;;;;;;;1,00381;1,25755;;;
2017-04-05;83,81301;;;;;;;1,00385;1,2576;;;
2017-04-06;83,81606;;;;;;;1,00388;1,25765;;;
2017-04-07;83,81912;;;;;;;1,00392;1,25769;;;
2017-04-08;83,82219;;;;;;;1,00396;1,25774;;;
2017-04-09;83,82524;;;;;;;1,00399;1,25778;;;
2017-04-10;83,82831;;;;;;;1,00403;1,25783;;;
2017-04-11;83,83137;;;;;;;1,00407;1,25788;;;
2017-04-12;83,83442;;;;;;;1,0041;1,25792;;;
2017-04-13;83,83749;;;;;;;1,00414;1,25797;;;
2017-04-14;83,84055;;;;;;;1,00418;1,25801;;;
2017-04-15;83,8436;;;;;;;1,00421;1,25806;;;
2017-04-16;83,84667;;;;;;;1,00425;1,25811;;;
2017-04-17;83,84973;;;;;;;1,00428;1,25815;;;
2017-04-18;83,85278;;;;;;;1,00432;1,2582;;;
2017-04-19;83,85585;;;;;;;1,00436;1,25824;;;
2017-04-20;83,85891;;;;;;;1,00439;1,25829;;;
2017-04-21;83,86196;;;;;;;1,00443;1,25834;;;
2017-04-22;83,86503;;;;;;;1,00447;1,25838;;;
2017-04-23;83,86809;;;;;;;1,0045;1,25843;;;
2017-04-24;83,87114;;;;;;;1,00454;1,25847;;;
2017-04-25;83,87421;;;;;;;1,00458;1,25852;;;
2017-04-26;83,87727;;;;;;;1,00461;1,25856;;;
2017-04-27;83,88033;;;;;;;1,00465;1,25861;;;
2017-04-28;83,88339;;;;;;;1,00469;1,25866;;;
2017-04-29;83,88645;;;;;;;1,00472;1,2587;;;
2017-04-30;83,88951;;;;;;;1,00476;1,25875;;;
2017-05-01;83,89257;;;;;;;1,0048;1,25879;;;
2017-05-02;83,90926;;;;;;;1,005;1,25904;;;
2017-05-03;83,92595;;;;;;;1,0052;1,2593;;;
2017-05-04;83,94264;;;;;;;1,0054;1,25955;;;
2017-05-05;83,95934;;;;;;;1,0056;1,2598;;;
2017-05-06;83,97603;;;;;;;1,0058;1,26005;;;
2017-05-07;83,99272;;;;;;;1,006;1,2603;;;
2017-05-08;84,00941;;;;;;;1,0062;1,26055;;;
2017-05-09;84,0261;;;;;;;1,0064;1,2608;;;
2017-05-10;84,04279;;;;;;;1,0066;1,26105;;;
2017-05-11;84,05949;;;;;;;1,0068;1,2613;;;
2017-05-12;84,07618;;;;;;;1,007;1,26155;;;
2017-05-13;84,09287;;;;;;;1,0072;1,2618;;;
2017-05-14;84,10956;;;;;;;1,0074;1,26205;;;
2017-05-15;84,12625;;;;;;;1,0076;1,2623;;;
2017-05-16;84,14294;;;;;;;1,0078;1,26255;;;
2017-05-17;84,15964;;;;;;;1,008;1,2628;;;
2017-05-18;84,17633;;;;;;;1,0082;1,26305;;;
2017-05-19;84,19302;;;;;;;1,0084;1,2633;;;
2017-05-20;84,20971;;;;;;;1,0086;1,26355;;;
2017-05-21;84,2264;;;;;;;1,0088;1,2638;;;
2017-05-22;84,24309;;;;;;;1,009;1,26405;;;
2017-05-23;84,25979;;;;;;;1,0092;1,2643;;;
2017-05-24;84,27648;;;;;;;1,0094;1,26455;;;
2017-05-25;84,29317;;;;;;;1,0096;1,26481;;;
2017-05-26;84,30986;;;;;;;1,0098;1,26506;;;
2017-05-27;84,32655;;;;;;;1,01;1,26531;;;
2017-05-28;84,34324;;;;;;;1,0102;1,26556;;;
2017-05-29;84,35994;;;;;;;1,0104;1,26581;;;
2017-05-30;84,37663;;;;;;;1,0106;1,26606;;;
2017-05-31;84,39332;;;;;;;1,0108;1,26631;;;
2017-06-01;84,41001;;;;;;;1,011;1,26656;;;
2017-06-02;84,41252;;;;;;;1,01103;1,2666;;;
2017-06-03;84,41502;;;;;;;1,01106;1,26663;;;
2017-06-04;84,41752;;;;;;;1,01109;1,26667;;;
2017-06-05;84,42003;;;;;;;1,01112;1,26671;;;
2017-06-06;84,42253;;;;;;;1,01115;1,26675;;;
2017-06-07;84,42503;;;;;;;1,01118;1,26678;;;
2017-06-08;84,42754;;;;;;;1,01121;1,26682;;;
2017-06-09;84,43004;;;;;;;1,01124;1,26686;;;
2017-06-10;84,43255;;;;;;;1,01127;1,2669;;;
2017-06-11;84,43505;;;;;;;1,0113;1,26693;;;
2017-06-12;84,43755;;;;;;;1,01133;1,26697;;;
2017-06-13;84,44006;;;;;;;1,01136;1,26701;;;
2017-06-14;84,44256;;;;;;;1,01139;1,26705;;;
2017-06-15;84,44506;;;;;;;1,01142;1,26708;;;
2017-06-16;84,44757;;;;;;;1,01145;1,26712;;;
2017-06-17;84,45007;;;;;;;1,01148;1,26716;;;
2017-06-18;84,45258;;;;;;;1,01151;1,2672;;;
2017-06-19;84,45508;;;;;;;1,01154;1,26723;;;
2017-06-20;84,45758;;;;;;;1,01157;1,26727;;;
2017-06-21;84,46009;;;;;;;1,0116;1,26731;;;
2017-06-22;84,46259;;;;;;;1,01163;1,26735;;;
2017-06-23;84,46509;;;;;;;1,01166;1,26738;;;
2017-06-24;84,4676;;;;;;;1,01169;1,26742;;;
2017-06-25;84,4701;;;;;;;1,01172;1,26746;;;
2017-06-26;84,47261;;;;;;;1,01175;1,2675;;;
2017-06-27;84,47511;;;;;;;1,01178;1,26754;;;
2017-06-28;84,47761;;;;;;;1,01181;1,26757;;;
2017-06-29;84,48012;;;;;;;1,01184;1,26761;;;
2017-06-30;84,48262;;;;;;;1,01187;1,26765;;;
2017-07-01;84,48512;;;;;;;1,0119;1,26769;;;
2017-07-02;84,48647;;;;;;;1,01191;1,26771;;;
2017-07-03;84,48782;;;;;;;1,01193;1,26773;;;
2017-07-04;84,48916;;;;;;;1,01194;1,26775;;;
2017-07-05;84,49051;;;;;;;1,01196;1,26777;;;
2017-07-06;84,49185;;;;;;;1,01198;1,26779;;;
2017-07-07;84,4932;;;;;;;1,01199;1,26781;;;
2017-07-08;84,49455;;;;;;;1,01201;1,26783;;;
2017-07-09;84,49589;;;;;;;1,01202;1,26785;;;
2017-07-10;84,49724;;;;;;;1,01204;1,26787;;;
2017-07-11;84,49859;;;;;;;1,01206;1,26789;;;
2017-07-12;84,49993;;;;;;;1,01207;1,26791;;;
2017-07-13;84,50127;;;;;;;1,01209;1,26793;;;
2017-07-14;84,50263;;;;;;;1,0121;1,26795;;;
2017-07-15;84,50397;;;;;;;1,01212;1,26797;;;
2017-07-16;84,50531;;;;;;;1,01214;1,26799;;;
2017-07-17;84,50667;;;;;;;1,01215;1,26801;;;
2017-07-18;84,50801;;;;;;;1,01217;1,26803;;;
2017-07-19;84,50935;;;;;;;1,01219;1,26805;;;
2017-07-20;84,5107;;;;;;;1,0122;1,26807;;;
2017-07-21;84,51205;;;;;;;1,01222;1,26809;;;
2017-07-22;84,51339;;;;;;;1,01223;1,26811;;;
2017-07-23;84,51474;;;;;;;1,01225;1,26813;;;
2017-07-24;84,51609;;;;;;;1,01227;1,26815;;;
2017-07-25;84,51743;;;;;;;1,01228;1,26817;;;
2017-07-26;84,51877;;;;;;;1,0123;1,26819;;;
2017-07-27;84,52013;;;;;;;1,01231;1,26821;;;
2017-07-28;84,52147;;;;;;;1,01233;1,26823;;;
2017-07-29;84,52281;;;;;;;1,01235;1,26825;;;
2017-07-30;84,52416;;;;;;;1,01236;1,26827;;;
2017-07-31;84,52551;;;;;;;1,01238;1,26829;;;
2017-08-01;84,52685;;;;;;;1,0124;1,26831;;;
2017-08-02;84,5274;;;;;;;1,0124;1,26832;;;
2017-08-03;84,52793;;;;;;;1,01241;1,26833;;;
2017-08-04;84,52847;;;;;;;1,01241;1,26834;;;
2017-08-05;84,52901;;;;;;;1,01242;1,26834;;;
2017-08-06;84,52955;;;;;;;1,01243;1,26835;;;
2017-08-07;84,53008;;;;;;;1,01243;1,26836;;;
2017-08-08;84,53063;;;;;;;1,01244;1,26837;;;
2017-08-09;84,53116;;;;;;;1,01245;1,26838;;;
2017-08-10;84,5317;;;;;;;1,01245;1,26838;;;
2017-08-11;84,53224;;;;;;;1,01246;1,26839;;;
2017-08-12;84,53278;;;;;;;1,01247;1,2684;;;
2017-08-13;84,53331;;;;;;;1,01247;1,26841;;;
2017-08-14;84,53386;;;;;;;1,01248;1,26842;;;
2017-08-15;84,53439;;;;;;;1,01249;1,26842;;;
2017-08-16;84,53493;;;;;;;1,01249;1,26843;;;
2017-08-17;84,53547;;;;;;;1,0125;1,26844;;;
2017-08-18;84,53601;;;;;;;1,0125;1,26845;;;
2017-08-19;84,53654;;;;;;;1,01251;1,26846;;;
2017-08-20;84,53709;;;;;;;1,01252;1,26847;;;
2017-08-21;84,53762;;;;;;;1,01252;1,26847;;;
2017-08-22;84,53816;;;;;;;1,01253;1,26848;;;
2017-08-23;84,5387;;;;;;;1,01254;1,26849;;;
2017-08-24;84,53924;;;;;;;1,01254;1,2685;;;
2017-08-25;84,53977;;;;;;;1,01255;1,26851;;;
2017-08-26;84,54032;;;;;;;1,01256;1,26851;;;
2017-08-27;84,54085;;;;;;;1,01256;1,26852;;;
2017-08-28;84,54139;;;;;;;1,01257;1,26853;;;
2017-08-29;84,54193;;;;;;;1,01258;1,26854;;;
2017-08-30;84,54247;;;;;;;1,01258;1,26855;;;
2017-08-31;84,543;;;;;;;1,01259;1,26855;;;
2017-09-01;84,54355;;;;;;;1,01259;1,26856;;;
2017-09-02;84,53353;;;;;;;1,01248;1,26841;;;
2017-09-03;84,52352;;;;;;;1,01236;1,26826;;;
2017-09-04;84,5135;;;;;;;1,01224;1,26811;;;
2017-09-05;84,50349;;;;;;;1,01212;1,26796;;;
2017-09-06;84,49347;;;;;;;1,012;1,26781;;;
2017-09-07;84,48346;;;;;;;1,01188;1,26766;;;
2017-09-08;84,47344;;;;;;;1,01176;1,26751;;;
2017-09-09;84,46343;;;;;;;1,01164;1,26736;;;
2017-09-10;84,45341;;;;;;;1,01152;1,26721;;;
2017-09-11;84,4434;;;;;;;1,0114;1,26706;;;
2017-09-12;84,43338;;;;;;;1,01128;1,26691;;;
2017-09-13;84,42337;;;;;;;1,01116;1,26676;;;
2017-09-14;84,41335;;;;;;;1,01104;1,26661;;;
2017-09-15;84,40334;;;;;;;1,01092;1,26646;;;
2017-09-16;84,39332;;;;;;;1,0108;1,26631;;;
2017-09-17;84,3833;;;;;;;1,01068;1,26616;;;
2017-09-18;84,37329;;;;;;;1,01056;1,26601;;;
2017-09-19;84,36327;;;;;;;1,01044;1,26586;;;
2017-09-20;84,35326;;;;;;;1,01032;1,26571;;;
2017-09-21;84,34324;;;;;;;1,0102;1,26556;;;
2017-09-22;84,33323;;;;;;;1,01008;1,26541;;;
2017-09-23;84,32321;;;;;;;1,00996;1,26526;;;
2017-09-24;84,3132;;;;;;;1,00984;1,26511;;;
2017-09-25;84,30318;;;;;;;1,00972;1,26496;;;
2017-09-26;84,29317;;;;;;;1,0096;1,26481;;;
2017-09-27;84,28315;;;;;;;1,00948;1,26465;;;
2017-09-28;84,27314;;;;;;;1,00936;1,2645;;;
2017-09-29;84,26312;;;;;;;1,00924;1,26435;;;
2017-09-30;84,25311;;;;;;;1,00912;1,2642;;;
2017-10-01;84,24309;;;;;;;1,009;1,26405;;;
2017-10-02;84,25737;;;;;;;1,00917;1,26427;;;
2017-10-03;84,27163;;;;;;;1,00934;1,26448;;;
2017-10-04;84,2859;;;;;;;1,00951;1,2647;;;
2017-10-05;84,30017;;;;;;;1,00968;1,26491;;;
2017-10-06;84,31443;;;;;;;1,00985;1,26512;;;
2017-10-07;84,32871;;;;;;;1,01002;1,26534;;;
2017-10-08;84,34298;;;;;;;1,01019;1,26555;;;
2017-10-09;84,35724;;;;;;;1,01036;1,26577;;;
2017-10-10;84,37151;;;;;;;1,01053;1,26598;;;
2017-10-11;84,38578;;;;;;;1,01071;1,26619;;;
2017-10-12;84,40005;;;;;;;1,01088;1,26641;;;
2017-10-13;84,41432;;;;;;;1,01105;1,26662;;;
2017-10-14;84,42859;;;;;;;1,01122;1,26684;;;
2017-10-15;84,44285;;;;;;;1,01139;1,26705;;;
2017-10-16;84,45712;;;;;;;1,01156;1,26727;;;
2017-10-17;84,4714;;;;;;;1,01173;1,26748;;;
2017-10-18;84,48567;;;;;;;1,0119;1,26769;;;
2017-10-19;84,49993;;;;;;;1,01207;1,26791;;;
2017-10-20;84,5142;;;;;;;1,01224;1,26812;;;
2017-10-21;84,52847;;;;;;;1,01241;1,26834;;;
2017-10-22;84,54274;;;;;;;1,01259;1,26855;;;
2017-10-23;84,55701;;;;;;;1,01276;1,26876;;;
2017-10-24;84,57128;;;;;;;1,01293;1,26898;;;
2017-10-25;84,58554;;;;;;;1,0131;1,26919;;;
2017-10-26;84,59981;;;;;;;1,01327;1,26941;;;
2017-10-27;84,61408;;;;;;;1,01344;1,26962;;;
2017-10-28;84,62835;;;;;;;1,01361;1,26983;;;
2017-10-29;84,64262;;;;;;;1,01378;1,27005;;;
2017-10-30;84,65689;;;;;;;1,01395;1,27026;;;
2017-10-31;84,67115;;;;;;;1,01412;1,27048;;;
2017-11-01;84,68543;;;;;;;1,01429;1,27069;;;
2017-11-02;84,68069;;;;;;;1,01424;1,27062;;;
2017-11-03;84,67597;;;;;;;1,01418;1,27055;;;
2017-11-04;84,67124;;;;;;;1,01412;1,27048;;;
2017-11-05;84,6665;;;;;;;1,01407;1,27041;;;
2017-11-06;84,66178;;;;;;;1,01401;1,27034;;;
2017-11-07;84,65705;;;;;;;1,01395;1,27027;;;
2017-11-08;84,65232;;;;;;;1,0139;1,27019;;;
2017-11-09;84,64759;;;;;;;1,01384;1,27012;;;
2017-11-10;84,64286;;;;;;;1,01378;1,27005;;;
2017-11-11;84,63813;;;;;;;1,01373;1,26998;;;
2017-11-12;84,63341;;;;;;;1,01367;1,26991;;;
2017-11-13;84,62867;;;;;;;1,01361;1,26984;;;
2017-11-14;84,62394;;;;;;;1,01356;1,26977;;;
2017-11-15;84,61922;;;;;;;1,0135;1,2697;;;
2017-11-16;84,61449;;;;;;;1,01344;1,26963;;;
2017-11-17;84,60975;;;;;;;1,01339;1,26956;;;
2017-11-18;84,60503;;;;;;;1,01333;1,26948;;;
2017-11-19;84,6003;;;;;;;1,01327;1,26941;;;
2017-11-20;84,59557;;;;;;;1,01322;1,26934;;;
2017-11-21;84,59084;;;;;;;1,01316;1,26927;;;
2017-11-22;84,58611;;;;;;;1,0131;1,2692;;;
2017-11-23;84,58138;;;;;;;1,01305;1,26913;;;
2017-11-24;84,57665;;;;;;;1,01299;1,26906;;;
2017-11-25;84,57192;;;;;;;1,01293;1,26899;;;
2017-11-26;84,56719;;;;;;;1,01288;1,26892;;;
2017-11-27;84,56247;;;;;;;1,01282;1,26885;;;
2017-11-28;84,55773;;;;;;;1,01276;1,26878;;;
2017-11-29;84,553;;;;;;;1,01271;1,2687;;;
2017-11-30;84,54828;;;;;;;1,01265;1,26863;;;
2017-12-01;84,54355;;;;;;;1,01259;1,26856;;;
2017-12-02;84,54624;;;;;;;1,01263;1,2686;;;
2017-12-03;84,54893;;;;;;;1,01266;1,26864;;;
2017-12-04;84,55162;;;;;;;1,01269;1,26868;;;
2017-12-05;84,55431;;;;;;;1,01272;1,26872;;;
2017-12-06;84,55701;;;;;;;1,01276;1,26876;;;
2017-12-07;84,55969;;;;;;;1,01279;1,2688;;;
2017-12-08;84,56239;;;;;;;1,01282;1,26884;;;
2017-12-09;84,56509;;;;;;;1,01285;1,26889;;;
2017-12-10;84,56777;;;;;;;1,01289;1,26893;;;
2017-12-11;84,57047;;;;;;;1,01292;1,26897;;;
2017-12-12;84,57316;;;;;;;1,01295;1,26901;;;
2017-12-13;84,57585;;;;;;;1,01298;1,26905;;;
2017-12-14;84,57855;;;;;;;1,01301;1,26909;;;
2017-12-15;84,58124;;;;;;;1,01305;1,26913;;;
2017-12-16;84,58393;;;;;;;1,01308;1,26917;;;
2017-12-17;84,58662;;;;;;;1,01311;1,26921;;;
2017-12-18;84,58931;;;;;;;1,01314;1,26925;;;
2017-12-19;84,592;;;;;;;1,01318;1,26929;;;
2017-12-20;84,5947;;;;;;;1,01321;1,26933;;;
2017-12-21;84,59739;;;;;;;1,01324;1,26937;;;
2017-12-22;84,60008;;;;;;;1,01327;1,26941;;;
2017-12-23;84,60278;;;;;;;1,0133;1,26945;;;
2017-12-24;84,60546;;;;;;;1,01334;1,26949;;;
2017-12-25;84,60816;;;;;;;1,01337;1,26953;;;
2017-12-26;84,61085;;;;;;;1,0134;1,26957;;;
2017-12-27;84,61354;;;;;;;1,01343;1,26961;;;
2017-12-28;84,61624;;;;;;;1,01347;1,26965;;;
2017-12-29;84,61893;;;;;;;1,0135;1,26969;;;
2017-12-30;84,62162;;;;;;;1,01353;1,26973;;;
2017-12-31;84,62431;;;;;;;1,01356;1,26977;;;
2018-01-01;84,627;;;;;;;1,01359;1,26981;;;
2018-01-02;84,62889;;;;;;;1,01362;1,26984;;;
2018-01-03;84,63078;;;;;;;1,01364;1,26987;;;
2018-01-04;84,63265;;;;;;;1,01366;1,2699;;;
2018-01-05;84,63454;;;;;;;1,01368;1,26993;;;
2018-01-06;84,63643;;;;;;;1,01371;1,26996;;;
2018-01-07;84,63831;;;;;;;1,01373;1,26998;;;
2018-01-08;84,6402;;;;;;;1,01375;1,27001;;;
2018-01-09;84,64208;;;;;;;1,01378;1,27004;;;
2018-01-10;84,64396;;;;;;;1,0138;1,27007;;;
2018-01-11;84,64585;;;;;;;1,01382;1,2701;;;
2018-01-12;84,64774;;;;;;;1,01384;1,27013;;;
2018-01-13;84,64962;;;;;;;1,01387;1,27015;;;
2018-01-14;84,6515;;;;;;;1,01389;1,27018;;;
2018-01-15;84,65339;;;;;;;1,01391;1,27021;;;
2018-01-16;84,65527;;;;;;;1,01393;1,27024;;;
2018-01-17;84,65716;;;;;;;1,01396;1,27027;;;
2018-01-18;84,65904;;;;;;;1,01398;1,2703;;;
2018-01-19;84,66093;;;;;;;1,014;1,27032;;;
2018-01-20;84,66281;;;;;;;1,01402;1,27035;;;
2018-01-21;84,66469;;;;;;;1,01405;1,27038;;;
2018-01-22;84,66658;;;;;;;1,01407;1,27041;;;
2018-01-23;84,66847;;;;;;;1,01409;1,27044;;;
2018-01-24;84,67035;;;;;;;1,01411;1,27046;;;
2018-01-25;84,67223;;;;;;;1,01414;1,27049;;;
2018-01-26;84,67412;;;;;;;1,01416;1,27052;;;
2018-01-27;84,676;;;;;;;1,01418;1,27055;;;
2018-01-28;84,67789;;;;;;;1,0142;1,27058;;;
2018-01-29;84,67977;;;;;;;1,01423;1,27061;;;
2018-01-30;84,68165;;;;;;;1,01425;1,27063;;;
2018-01-31;84,68354;;;;;;;1,01427;1,27066;;;
2018-02-01;84,68543;;;;;;;1,01429;1,27069;;;
2018-02-02;84,69407;;;;;;;1,0144;1,27082;;;
2018-02-03;84,70271;;;;;;;1,0145;1,27095;;;
2018-02-04;84,71136;;;;;;;1,0146;1,27108;;;
2018-02-05;84,72;;;;;;;1,01471;1,27121;;;
2018-02-06;84,72865;;;;;;;1,01481;1,27134;;;
2018-02-07;84,73729;;;;;;;1,01492;1,27147;;;
2018-02-08;84,74593;;;;;;;1,01502;1,2716;;;
2018-02-09;84,75458;;;;;;;1,01512;1,27173;;;
2018-02-10;84,76322;;;;;;;1,01523;1,27186;;;
2018-02-11;84,77186;;;;;;;1,01533;1,27199;;;
2018-02-12;84,78051;;;;;;;1,01543;1,27212;;;
2018-02-13;84,78916;;;;;;;1,01554;1,27225;;;
2018-02-14;84,79779;;;;;;;1,01564;1,27238;;;
2018-02-15;84,80644;;;;;;;1,01574;1,27251;;;
2018-02-16;84,81509;;;;;;;1,01585;1,27264;;;
2018-02-17;84,82372;;;;;;;1,01595;1,27277;;;
2018-02-18;84,83237;;;;;;;1,01605;1,2729;;;
2018-02-19;84,84102;;;;;;;1,01616;1,27303;;;
2018-02-20;84,84966;;;;;;;1,01626;1,27316;;;
2018-02-21;84,8583;;;;;;;1,01636;1,27328;;;
2018-02-22;84,86695;;;;;;;1,01647;1,27341;;;
2018-02-23;84,87559;;;;;;;1,01657;1,27354;;;
2018-02-24;84,88423;;;;;;;1,01668;1,27367;;;
2018-02-25;84,89288;;;;;;;1,01678;1,2738;;;
2018-02-26;84,90152;;;;;;;1,01688;1,27393;;;
2018-02-27;84,91017;;;;;;;1,01699;1,27406;;;
2018-02-28;84,91881;;;;;;;1,01709;1,27419;;;
2018-03-01;84,92745;;;;;;;1,01719;1,27432;;;
2018-03-02;84,92503;;;;;;;1,01716;1,27429;;;
2018-03-03;84,92261;;;;;;;1,01714;1,27425;;;
2018-03-04;84,92019;;;;;;;1,01711;1,27421;;;
2018-03-05;84,91777;;;;;;;1,01708;1,27418;;;
2018-03-06;84,91534;;;;;;;1,01705;1,27414;;;
2018-03-07;84,91292;;;;;;;1,01702;1,2741;;;
2018-03-08;84,9105;;;;;;;1,01699;1,27407;;;
2018-03-09;84,90807;;;;;;;1,01696;1,27403;;;
2018-03-10;84,90565;;;;;;;1,01693;1,274;;;
2018-03-11;84,90323;;;;;;;1,0169;1,27396;;;
2018-03-12;84,9008;;;;;;;1,01687;1,27392;;;
2018-03-13;84,89838;;;;;;;1,01684;1,27389;;;
2018-03-14;84,89596;;;;;;;1,01682;1,27385;;;
2018-03-15;84,89353;;;;;;;1,01679;1,27381;;;
2018-03-16;84,89111;;;;;;;1,01676;1,27378;;;
2018-03-17;84,88869;;;;;;;1,01673;1,27374;;;
2018-03-18;84,88627;;;;;;;1,0167;1,2737;;;
2018-03-19;84,88384;;;;;;;1,01667;1,27367;;;
2018-03-20;84,88142;;;;;;;1,01664;1,27363;;;
2018-03-21;84,879;;;;;;;1,01661;1,2736;;;
2018-03-22;84,87657;;;;;;;1,01658;1,27356;;;
2018-03-23;84,87415;;;;;;;1,01655;1,27352;;;
2018-03-24;84,87173;;;;;;;1,01653;1,27349;;;
2018-03-25;84,8693;;;;;;;1,0165;1,27345;;;
2018-03-26;84,86688;;;;;;;1,01647;1,27341;;;
2018-03-27;84,86446;;;;;;;1,01644;1,27338;;;
2018-03-28;84,86203;;;;;;;1,01641;1,27334;;;
2018-03-29;84,85961;;;;;;;1,01638;1,2733;;;
2018-03-30;84,85719;;;;;;;1,01635;1,27327;;;
2018-03-31;84,85476;;;;;;;1,01632;1,27323;;;
2018-04-01;84,85234;;;;;;;1,01629;1,2732;;;
2018-04-02;84,85151;;;;;;;1,01628;1,27318;;;
2018-04-03;84,85067;;;;;;;1,01627;1,27317;;;
2018-04-04;84,84984;;;;;;;1,01626;1,27316;;;
2018-04-05;84,849;;;;;;;1,01625;1,27315;;;
2018-04-06;84,84817;;;;;;;1,01624;1,27313;;;
2018-04-07;84,84733;;;;;;;1,01623;1,27312;;;
2018-04-08;84,8465;;;;;;;1,01622;1,27311;;;
2018-04-09;84,84567;;;;;;;1,01621;1,2731;;;
2018-04-10;84,84483;;;;;;;1,0162;1,27308;;;
2018-04-11;84,844;;;;;;;1,01619;1,27307;;;
2018-04-12;84,84316;;;;;;;1,01618;1,27306;;;
2018-04-13;84,84233;;;;;;;1,01617;1,27305;;;
2018-04-14;84,84149;;;;;;;1,01616;1,27303;;;
2018-04-15;84,84066;;;;;;;1,01615;1,27302;;;
2018-04-16;84,83982;;;;;;;1,01614;1,27301;;;
2018-04-17;84,83899;;;;;;;1,01613;1,273;;;
2018-04-18;84,83815;;;;;;;1,01612;1,27298;;;
2018-04-19;84,83732;;;;;;;1,01611;1,27297;;;
2018-04-20;84,83649;;;;;;;1,0161;1,27296;;;
2018-04-21;84,83565;;;;;;;1,01609;1,27295;;;
2018-04-22;84,83482;;;;;;;1,01608;1,27293;;;
2018-04-23;84,83398;;;;;;;1,01607;1,27292;;;
2018-04-24;84,83315;;;;;;;1,01606;1,27291;;;
2018-04-25;84,83231;;;;;;;1,01605;1,2729;;;
2018-04-26;84,83148;;;;;;;1,01604;1,27288;;;
2018-04-27;84,83064;;;;;;;1,01603;1,27287;;;
2018-04-28;84,82981;;;;;;;1,01602;1,27286;;;
2018-04-29;84,82897;;;;;;;1,01601;1,27284;;;
2018-04-30;84,82814;;;;;;;1,016;1,27283;;;
2018-05-01;84,8273;;;;;;;1,01599;1,27282;;;
2018-05-02;84,8483;;;;;;;1,01625;1,27313;;;
2018-05-03;84,8693;;;;;;;1,0165;1,27345;;;
2018-05-04;84,8903;;;;;;;1,01675;1,27377;;;
2018-05-05;84,91131;;;;;;;1,017;1,27408;;;
2018-05-06;84,9323;;;;;;;1,01725;1,2744;;;
2018-05-07;84,9533;;;;;;;1,0175;1,27471;;;
2018-05-08;84,9743;;;;;;;1,01775;1,27503;;;
2018-05-09;84,9953;;;;;;;1,01801;1,27534;;;
2018-05-10;85,0163;;;;;;;1,01826;1,27566;;;
2018-05-11;85,03729;;;;;;;1,01851;1,27597;;;
2018-05-12;85,05829;;;;;;;1,01876;1,27629;;;
2018-05-13;85,0793;;;;;;;1,01901;1,2766;;;
2018-05-14;85,1003;;;;;;;1,01926;1,27692;;;
2018-05-15;85,1213;;;;;;;1,01951;1,27723;;;
2018-05-16;85,14229;;;;;;;1,01977;1,27755;;;
2018-05-17;85,16329;;;;;;;1,02002;1,27786;;;
2018-05-18;85,18429;;;;;;;1,02027;1,27818;;;
2018-05-19;85,20529;;;;;;;1,02052;1,27849;;;
2018-05-20;85,22629;;;;;;;1,02077;1,27881;;;
2018-05-21;85,24729;;;;;;;1,02102;1,27912;;;
2018-05-22;85,26829;;;;;;;1,02128;1,27944;;;
2018-05-23;85,28929;;;;;;;1,02153;1,27975;;;
2018-05-24;85,31029;;;;;;;1,02178;1,28007;;;
2018-05-25;85,33129;;;;;;;1,02203;1,28038;;;
2018-05-26;85,35228;;;;;;;1,02228;1,2807;;;
2018-05-27;85,37328;;;;;;;1,02253;1,28101;;;
2018-05-28;85,39428;;;;;;;1,02278;1,28133;;;
2018-05-29;85,41529;;;;;;;1,02304;1,28164;;;
2018-05-30;85,43629;;;;;;;1,02329;1,28196;;;
2018-05-31;85,45728;;;;;;;1,02354;1,28227;;;
2018-06-01;85,47828;;;;;;;1,02379;1,28259;;;
2018-06-02;85,48301;;;;;;;1,02385;1,28266;;;
2018-06-03;85,48774;;;;;;;1,0239;1,28273;;;
2018-06-04;85,49247;;;;;;;1,02396;1,2828;;;
2018-06-05;85,4972;;;;;;;1,02402;1,28287;;;
2018-06-06;85,50193;;;;;;;1,02407;1,28294;;;
2018-06-07;85,50666;;;;;;;1,02413;1,28301;;;
2018-06-08;85,51139;;;;;;;1,02419;1,28308;;;
2018-06-09;85,51611;;;;;;;1,02424;1,28316;;;
2018-06-10;85,52085;;;;;;;1,0243;1,28323;;;
2018-06-11;85,52558;;;;;;;1,02436;1,2833;;;
2018-06-12;85,5303;;;;;;;1,02441;1,28337;;;
2018-06-13;85,53503;;;;;;;1,02447;1,28344;;;
2018-06-14;85,53977;;;;;;;1,02453;1,28351;;;
2018-06-15;85,54449;;;;;;;1,02458;1,28358;;;
2018-06-16;85,54922;;;;;;;1,02464;1,28365;;;
2018-06-17;85,55395;;;;;;;1,0247;1,28372;;;
2018-06-18;85,55868;;;;;;;1,02475;1,28379;;;
2018-06-19;85,56341;;;;;;;1,02481;1,28387;;;
2018-06-20;85,56814;;;;;;;1,02487;1,28394;;;
2018-06-21;85,57287;;;;;;;1,02492;1,28401;;;
2018-06-22;85,5776;;;;;;;1,02498;1,28408;;;
2018-06-23;85,58233;;;;;;;1,02504;1,28415;;;
2018-06-24;85,58705;;;;;;;1,02509;1,28422;;;
2018-06-25;85,59179;;;;;;;1,02515;1,28429;;;
2018-06-26;85,59652;;;;;;;1,02521;1,28436;;;
2018-06-27;85,60124;;;;;;;1,02526;1,28443;;;
2018-06-28;85,60597;;;;;;;1,02532;1,2845;;;
2018-06-29;85,61071;;;;;;;1,02538;1,28457;;;
2018-06-30;85,61543;;;;;;;1,02543;1,28465;;;
2018-07-01;85,62016;;;;;;;1,02549;1,28472;;;
2018-07-02;85,63281;;;;;;;1,02564;1,28491;;;
2018-07-03;85,64547;;;;;;;1,02579;1,2851;;;
2018-07-04;85,65812;;;;;;;1,02594;1,28529;;;
2018-07-05;85,67078;;;;;;;1,0261;1,28548;;;
2018-07-06;85,68343;;;;;;;1,02625;1,28567;;;
2018-07-07;85,69608;;;;;;;1,0264;1,28586;;;
2018-07-08;85,70874;;;;;;;1,02655;1,28605;;;
2018-07-09;85,72139;;;;;;;1,0267;1,28624;;;
2018-07-10;85,73404;;;;;;;1,02685;1,28643;;;
2018-07-11;85,74669;;;;;;;1,02701;1,28662;;;
2018-07-12;85,75935;;;;;;;1,02716;1,2868;;;
2018-07-13;85,77201;;;;;;;1,02731;1,28699;;;
2018-07-14;85,78466;;;;;;;1,02746;1,28718;;;
2018-07-15;85,79731;;;;;;;1,02761;1,28737;;;
2018-07-16;85,80996;;;;;;;1,02776;1,28756;;;
2018-07-17;85,82261;;;;;;;1,02791;1,28775;;;
2018-07-18;85,83527;;;;;;;1,02807;1,28794;;;
2018-07-19;85,84792;;;;;;;1,02822;1,28813;;;
2018-07-20;85,86057;;;;;;;1,02837;1,28832;;;
2018-07-21;85,87323;;;;;;;1,02852;1,28851;;;
2018-07-22;85,88588;;;;;;;1,02867;1,2887;;;
2018-07-23;85,89854;;;;;;;1,02882;1,28889;;;
2018-07-24;85,91119;;;;;;;1,02898;1,28908;;;
2018-07-25;85,92384;;;;;;;1,02913;1,28927;;;
2018-07-26;85,93649;;;;;;;1,02928;1,28946;;;
2018-07-27;85,94915;;;;;;;1,02943;1,28965;;;
2018-07-28;85,9618;;;;;;;1,02958;1,28984;;;
2018-07-29;85,97446;;;;;;;1,02973;1,29003;;;
2018-07-30;85,98711;;;;;;;1,02988;1,29022;;;
2018-07-31;85,99976;;;;;;;1,03004;1,29041;;;
2018-08-01;86,01242;;;;;;;1,03019;1,2906;;;
2018-08-02;86,01268;;;;;;;1,03019;1,29061;;;
2018-08-03;86,01296;;;;;;;1,03019;1,29061;;;
2018-08-04;86,01323;;;;;;;1,0302;1,29061;;;
2018-08-05;86,01349;;;;;;;1,0302;1,29062;;;
2018-08-06;86,01376;;;;;;;1,0302;1,29062;;;
2018-08-07;86,01404;;;;;;;1,03021;1,29063;;;
2018-08-08;86,0143;;;;;;;1,03021;1,29063;;;
2018-08-09;86,01457;;;;;;;1,03021;1,29063;;;
2018-08-10;86,01484;;;;;;;1,03022;1,29064;;;
2018-08-11;86,01511;;;;;;;1,03022;1,29064;;;
2018-08-12;86,01538;;;;;;;1,03022;1,29065;;;
2018-08-13;86,01565;;;;;;;1,03023;1,29065;;;
2018-08-14;86,01591;;;;;;;1,03023;1,29065;;;
2018-08-15;86,01619;;;;;;;1,03023;1,29066;;;
2018-08-16;86,01646;;;;;;;1,03024;1,29066;;;
2018-08-17;86,01672;;;;;;;1,03024;1,29067;;;
2018-08-18;86,01699;;;;;;;1,03024;1,29067;;;
2018-08-19;86,01727;;;;;;;1,03025;1,29068;;;
2018-08-20;86,01753;;;;;;;1,03025;1,29068;;;
2018-08-21;86,0178;;;;;;;1,03025;1,29068;;;
2018-08-22;86,01807;;;;;;;1,03026;1,29069;;;
2018-08-23;86,01834;;;;;;;1,03026;1,29069;;;
2018-08-24;86,01861;;;;;;;1,03026;1,2907;;;
2018-08-25;86,01888;;;;;;;1,03027;1,2907;;;
2018-08-26;86,01914;;;;;;;1,03027;1,2907;;;
2018-08-27;86,01942;;;;;;;1,03027;1,29071;;;
2018-08-28;86,01969;;;;;;;1,03027;1,29071;;;
2018-08-29;86,01995;;;;;;;1,03028;1,29072;;;
2018-08-30;86,02022;;;;;;;1,03028;1,29072;;;
2018-08-31;86,0205;;;;;;;1,03028;1,29072;;;
2018-09-01;86,02076;;;;;;;1,03029;1,29073;;;
2018-09-02;86,0177;;;;;;;1,03025;1,29068;;;
2018-09-03;86,01464;;;;;;;1,03021;1,29064;;;
2018-09-04;86,01158;;;;;;;1,03018;1,29059;;;
2018-09-05;86,00852;;;;;;;1,03014;1,29054;;;
2018-09-06;86,00546;;;;;;;1,0301;1,2905;;;
2018-09-07;86,0024;;;;;;;1,03007;1,29045;;;
2018-09-08;85,99934;;;;;;;1,03003;1,29041;;;
2018-09-09;85,99628;;;;;;;1,02999;1,29036;;;
2018-09-10;85,99322;;;;;;;1,02996;1,29031;;;
2018-09-11;85,99016;;;;;;;1,02992;1,29027;;;
2018-09-12;85,9871;;;;;;;1,02988;1,29022;;;
2018-09-13;85,98404;;;;;;;1,02985;1,29018;;;
2018-09-14;85,98098;;;;;;;1,02981;1,29013;;;
2018-09-15;85,97792;;;;;;;1,02977;1,29008;;;
2018-09-16;85,97486;;;;;;;1,02974;1,29004;;;
2018-09-17;85,9718;;;;;;;1,0297;1,28999;;;
2018-09-18;85,96874;;;;;;;1,02966;1,28995;;;
2018-09-19;85,96568;;;;;;;1,02963;1,2899;;;
2018-09-20;85,96262;;;;;;;1,02959;1,28986;;;
2018-09-21;85,95956;;;;;;;1,02955;1,28981;;;
2018-09-22;85,9565;;;;;;;1,02952;1,28976;;;
2018-09-23;85,95344;;;;;;;1,02948;1,28972;;;
2018-09-24;85,95038;;;;;;;1,02944;1,28967;;;
2018-09-25;85,94732;;;;;;;1,02941;1,28963;;;
2018-09-26;85,94426;;;;;;;1,02937;1,28958;;;
2018-09-27;85,9412;;;;;;;1,02933;1,28953;;;
2018-09-28;85,93814;;;;;;;1,0293;1,28949;;;
2018-09-29;85,93508;;;;;;;1,02926;1,28944;;;
2018-09-30;85,93202;;;;;;;1,02923;1,2894;;;
2018-10-01;85,92896;;;;;;;1,02919;1,28935;;;
2018-10-02;85,94295;;;;;;;1,02936;1,28956;;;
2018-10-03;85,95696;;;;;;;1,02952;1,28977;;;
2018-10-04;85,97095;;;;;;;1,02969;1,28998;;;
2018-10-05;85,98496;;;;;;;1,02986;1,29019;;;
2018-10-06;85,99895;;;;;;;1,03003;1,2904;;;
2018-10-07;86,01296;;;;;;;1,03019;1,29061;;;
2018-10-08;86,02695;;;;;;;1,03036;1,29082;;;
2018-10-09;86,04095;;;;;;;1,03053;1,29103;;;
2018-10-10;86,05496;;;;;;;1,0307;1,29124;;;
2018-10-11;86,06895;;;;;;;1,03087;1,29145;;;
2018-10-12;86,08296;;;;;;;1,03103;1,29166;;;
2018-10-13;86,09695;;;;;;;1,0312;1,29187;;;
2018-10-14;86,11095;;;;;;;1,03137;1,29208;;;
2018-10-15;86,12495;;;;;;;1,03154;1,29229;;;
2018-10-16;86,13895;;;;;;;1,0317;1,2925;;;
2018-10-17;86,15295;;;;;;;1,03187;1,29271;;;
2018-10-18;86,16695;;;;;;;1,03204;1,29292;;;
2018-10-19;86,18095;;;;;;;1,03221;1,29313;;;
2018-10-20;86,19495;;;;;;;1,03237;1,29334;;;
2018-10-21;86,20894;;;;;;;1,03254;1,29355;;;
2018-10-22;86,22295;;;;;;;1,03271;1,29376;;;
2018-10-23;86,23695;;;;;;;1,03288;1,29397;;;
2018-10-24;86,25095;;;;;;;1,03304;1,29418;;;
2018-10-25;86,26495;;;;;;;1,03321;1,29439;;;
2018-10-26;86,27894;;;;;;;1,03338;1,2946;;;
2018-10-27;86,29295;;;;;;;1,03355;1,29481;;;
2018-10-28;86,30694;;;;;;;1,03372;1,29502;;;
2018-10-29;86,32095;;;;;;;1,03388;1,29523;;;
2018-10-30;86,33494;;;;;;;1,03405;1,29544;;;
2018-10-31;86,34895;;;;;;;1,03422;1,29565;;;
2018-11-01;86,36294;;;;;;;1,03439;1,29586;;;
2018-11-02;86,35654;;;;;;;1,03431;1,29577;;;
2018-11-03;86,35015;;;;;;;1,03423;1,29567;;;
2018-11-04;86,34375;;;;;;;1,03416;1,29557;;;
2018-11-05;86,33735;;;;;;;1,03408;1,29548;;;
2018-11-06;86,33095;;;;;;;1,034;1,29538;;;
2018-11-07;86,32455;;;;;;;1,03393;1,29529;;;
2018-11-08;86,31815;;;;;;;1,03385;1,29519;;;
2018-11-09;86,31176;;;;;;;1,03377;1,29509;;;
2018-11-10;86,30536;;;;;;;1,0337;1,295;;;
2018-11-11;86,29895;;;;;;;1,03362;1,2949;;;
2018-11-12;86,29256;;;;;;;1,03354;1,29481;;;
2018-11-13;86,28616;;;;;;;1,03347;1,29471;;;
2018-11-14;86,27976;;;;;;;1,03339;1,29461;;;
2018-11-15;86,27337;;;;;;;1,03331;1,29452;;;
2018-11-16;86,26697;;;;;;;1,03324;1,29442;;;
2018-11-17;86,26056;;;;;;;1,03316;1,29433;;;
2018-11-18;86,25417;;;;;;;1,03308;1,29423;;;
2018-11-19;86,24777;;;;;;;1,03301;1,29413;;;
2018-11-20;86,24137;;;;;;;1,03293;1,29404;;;
2018-11-21;86,23498;;;;;;;1,03285;1,29394;;;
2018-11-22;86,22857;;;;;;;1,03278;1,29385;;;
2018-11-23;86,22217;;;;;;;1,0327;1,29375;;;
2018-11-24;86,21578;;;;;;;1,03262;1,29365;;;
2018-11-25;86,20938;;;;;;;1,03255;1,29356;;;
2018-11-26;86,20298;;;;;;;1,03247;1,29346;;;
2018-11-27;86,19658;;;;;;;1,03239;1,29337;;;
2018-11-28;86,19018;;;;;;;1,03232;1,29327;;;
2018-11-29;86,18378;;;;;;;1,03224;1,29317;;;
2018-11-30;86,17739;;;;;;;1,03216;1,29308;;;
2018-12-01;86,17099;;;;;;;1,03209;1,29298;;;
2018-12-02;86,17422;;;;;;;1,03213;1,29303;;;
2018-12-03;86,17745;;;;;;;1,03216;1,29308;;;
2018-12-04;86,18068;;;;;;;1,0322;1,29313;;;
2018-12-05;86,18391;;;;;;;1,03224;1,29318;;;
2018-12-06;86,18714;;;;;;;1,03228;1,29322;;;
2018-12-07;86,19038;;;;;;;1,03232;1,29327;;;
2018-12-08;86,19361;;;;;;;1,03236;1,29332;;;
2018-12-09;86,19683;;;;;;;1,0324;1,29337;;;
2018-12-10;86,20006;;;;;;;1,03244;1,29342;;;
2018-12-11;86,20329;;;;;;;1,03247;1,29347;;;
2018-12-12;86,20652;;;;;;;1,03251;1,29351;;;
2018-12-13;86,20975;;;;;;;1,03255;1,29356;;;
2018-12-14;86,21298;;;;;;;1,03259;1,29361;;;
2018-12-15;86,21621;;;;;;;1,03263;1,29366;;;
2018-12-16;86,21944;;;;;;;1,03267;1,29371;;;
2018-12-17;86,22268;;;;;;;1,03271;1,29376;;;
2018-12-18;86,22591;;;;;;;1,03275;1,29381;;;
2018-12-19;86,22914;;;;;;;1,03278;1,29385;;;
2018-12-20;86,23237;;;;;;;1,03282;1,2939;;;
2018-12-21;86,2356;;;;;;;1,03286;1,29395;;;
2018-12-22;86,23883;;;;;;;1,0329;1,294;;;
2018-12-23;86,24206;;;;;;;1,03294;1,29405;;;
2018-12-24;86,24529;;;;;;;1,03298;1,2941;;;
2018-12-25;86,24852;;;;;;;1,03302;1,29414;;;
2018-12-26;86,25175;;;;;;;1,03305;1,29419;;;
2018-12-27;86,25499;;;;;;;1,03309;1,29424;;;
2018-12-28;86,25822;;;;;;;1,03313;1,29429;;;
2018-12-29;86,26145;;;;;;;1,03317;1,29434;;;
2018-12-30;86,26468;;;;;;;1,03321;1,29439;;;
2018-12-31;86,26791;;;;;;;1,03325;1,29444;;;
2019-01-01;86,27114;;;;;;;1,03329;1,29448;;;
2019-01-02;86,26495;;;;;;;1,03321;1,29439;;;
2019-01-03;86,25875;;;;;;;1,03314;1,2943;;;
2019-01-04;86,25256;;;;;;;1,03306;1,29421;;;
2019-01-05;86,24637;;;;;;;1,03299;1,29411;;;
2019-01-06;86,24017;;;;;;;1,03292;1,29402;;;
2019-01-07;86,23398;;;;;;;1,03284;1,29393;;;
2019-01-08;86,22779;;;;;;;1,03277;1,29383;;;
2019-01-09;86,22161;;;;;;;1,03269;1,29374;;;
2019-01-10;86,21541;;;;;;;1,03262;1,29365;;;
2019-01-11;86,20922;;;;;;;1,03255;1,29356;;;
2019-01-12;86,20303;;;;;;;1,03247;1,29346;;;
2019-01-13;86,19683;;;;;;;1,0324;1,29337;;;
2019-01-14;86,19064;;;;;;;1,03232;1,29328;;;
2019-01-15;86,18445;;;;;;;1,03225;1,29318;;;
2019-01-16;86,17826;;;;;;;1,03217;1,29309;;;
2019-01-17;86,17206;;;;;;;1,0321;1,293;;;
2019-01-18;86,16587;;;;;;;1,03203;1,2929;;;
2019-01-19;86,15968;;;;;;;1,03195;1,29281;;;
2019-01-20;86,15349;;;;;;;1,03188;1,29272;;;
2019-01-21;86,14729;;;;;;;1,0318;1,29263;;;
2019-01-22;86,1411;;;;;;;1,03173;1,29253;;;
2019-01-23;86,13491;;;;;;;1,03166;1,29244;;;
2019-01-24;86,12872;;;;;;;1,03158;1,29235;;;
2019-01-25;86,12253;;;;;;;1,03151;1,29225;;;
2019-01-26;86,11634;;;;;;;1,03143;1,29216;;;
2019-01-27;86,11015;;;;;;;1,03136;1,29207;;;
2019-01-28;86,10395;;;;;;;1,03128;1,29198;;;
2019-01-29;86,09776;;;;;;;1,03121;1,29188;;;
2019-01-30;86,09157;;;;;;;1,03114;1,29179;;;
2019-01-31;86,08538;;;;;;;1,03106;1,2917;;;
2019-02-01;86,07918;;;;;;;1,03099;1,2916;;;
2019-02-02;86,07978;;;;;;;1,03099;1,29161;;;
2019-02-03;86,08038;;;;;;;1,031;1,29162;;;
2019-02-04;86,08097;;;;;;;1,03101;1,29163;;;
2019-02-05;86,08157;;;;;;;1,03102;1,29164;;;
2019-02-06;86,08216;;;;;;;1,03102;1,29165;;;
2019-02-07;86,08276;;;;;;;1,03103;1,29166;;;
2019-02-08;86,08336;;;;;;;1,03104;1,29167;;;
2019-02-09;86,08395;;;;;;;1,03104;1,29168;;;
2019-02-10;86,08455;;;;;;;1,03105;1,29168;;;
2019-02-11;86,08514;;;;;;;1,03106;1,29169;;;
2019-02-12;86,08574;;;;;;;1,03107;1,2917;;;
2019-02-13;86,08634;;;;;;;1,03107;1,29171;;;
2019-02-14;86,08694;;;;;;;1,03108;1,29172;;;
2019-02-15;86,08753;;;;;;;1,03109;1,29173;;;
2019-02-16;86,08812;;;;;;;1,03109;1,29174;;;
2019-02-17;86,08872;;;;;;;1,0311;1,29175;;;
2019-02-18;86,08932;;;;;;;1,03111;1,29176;;;
2019-02-19;86,08992;;;;;;;1,03112;1,29177;;;
2019-02-20;86,09051;;;;;;;1,03112;1,29177;;;
2019-02-21;86,09111;;;;;;;1,03113;1,29178;;;
2019-02-22;86,0917;;;;;;;1,03114;1,29179;;;
2019-02-23;86,09229;;;;;;;1,03114;1,2918;;;
2019-02-24;86,0929;;;;;;;1,03115;1,29181;;;
2019-02-25;86,09349;;;;;;;1,03116;1,29182;;;
2019-02-26;86,09409;;;;;;;1,03117;1,29183;;;
2019-02-27;86,09468;;;;;;;1,03117;1,29184;;;
2019-02-28;86,09528;;;;;;;1,03118;1,29185;;;
2019-03-01;86,09588;;;;;;;1,03119;1,29185;;;
2019-03-02;86,08268;;;;;;;1,03103;1,29166;;;
2019-03-03;86,06949;;;;;;;1,03087;1,29146;;;
2019-03-04;86,0563;;;;;;;1,03071;1,29126;;;
2019-03-05;86,0431;;;;;;;1,03056;1,29106;;;
2019-03-06;86,02992;;;;;;;1,0304;1,29086;;;
2019-03-07;86,01672;;;;;;;1,03024;1,29067;;;
2019-03-08;86,00353;;;;;;;1,03008;1,29047;;;
2019-03-09;85,99034;;;;;;;1,02992;1,29027;;;
2019-03-10;85,97715;;;;;;;1,02977;1,29007;;;
2019-03-11;85,96396;;;;;;;1,02961;1,28988;;;
2019-03-12;85,95077;;;;;;;1,02945;1,28968;;;
2019-03-13;85,93757;;;;;;;1,02929;1,28948;;;
2019-03-14;85,92438;;;;;;;1,02913;1,28928;;;
2019-03-15;85,91119;;;;;;;1,02898;1,28908;;;
2019-03-16;85,89799;;;;;;;1,02882;1,28889;;;
2019-03-17;85,88481;;;;;;;1,02866;1,28869;;;
2019-03-18;85,87161;;;;;;;1,0285;1,28849;;;
2019-03-19;85,85842;;;;;;;1,02834;1,28829;;;
2019-03-20;85,84523;;;;;;;1,02819;1,28809;;;
2019-03-21;85,83204;;;;;;;1,02803;1,2879;;;
2019-03-22;85,81884;;;;;;;1,02787;1,2877;;;
2019-03-23;85,80566;;;;;;;1,02771;1,2875;;;
2019-03-24;85,79246;;;;;;;1,02755;1,2873;;;
2019-03-25;85,77927;;;;;;;1,0274;1,2871;;;
2019-03-26;85,76608;;;;;;;1,02724;1,28691;;;
2019-03-27;85,75289;;;;;;;1,02708;1,28671;;;
2019-03-28;85,7397;;;;;;;1,02692;1,28651;;;
2019-03-29;85,7265;;;;;;;1,02676;1,28631;;;
2019-03-30;85,71331;;;;;;;1,02661;1,28611;;;
2019-03-31;85,70012;;;;;;;1,02645;1,28592;;;
2019-04-01;85,68693;;;;;;;1,02629;1,28572;;;
2019-04-02;85,6886;;;;;;;1,02631;1,28574;;;
2019-04-03;85,69027;;;;;;;1,02633;1,28577;;;
2019-04-04;85,69194;;;;;;;1,02635;1,28579;;;
2019-04-05;85,6936;;;;;;;1,02637;1,28582;;;
2019-04-06;85,69527;;;;;;;1,02639;1,28584;;;
2019-04-07;85,69694;;;;;;;1,02641;1,28587;;;
2019-04-08;85,69861;;;;;;;1,02643;1,28589;;;
2019-04-09;85,70028;;;;;;;1,02645;1,28592;;;
2019-04-10;85,70195;;;;;;;1,02647;1,28594;;;
2019-04-11;85,70362;;;;;;;1,02649;1,28597;;;
2019-04-12;85,70529;;;;;;;1,02651;1,28599;;;
2019-04-13;85,70696;;;;;;;1,02653;1,28602;;;
2019-04-14;85,70863;;;;;;;1,02655;1,28604;;;
2019-04-15;85,7103;;;;;;;1,02657;1,28607;;;
2019-04-16;85,71197;;;;;;;1,02659;1,28609;;;
2019-04-17;85,71363;;;;;;;1,02661;1,28612;;;
2019-04-18;85,7153;;;;;;;1,02663;1,28614;;;
2019-04-19;85,71697;;;;;;;1,02665;1,28617;;;
2019-04-20;85,71864;;;;;;;1,02667;1,28619;;;
2019-04-21;85,72031;;;;;;;1,02669;1,28622;;;
2019-04-22;85,72198;;;;;;;1,02671;1,28624;;;
2019-04-23;85,72365;;;;;;;1,02673;1,28627;;;
2019-04-24;85,72532;;;;;;;1,02675;1,28629;;;
2019-04-25;85,72699;;;;;;;1,02677;1,28632;;;
2019-04-26;85,72866;;;;;;;1,02679;1,28634;;;
2019-04-27;85,73033;;;;;;;1,02681;1,28637;;;
2019-04-28;85,732;;;;;;;1,02683;1,28639;;;
2019-04-29;85,73366;;;;;;;1,02685;1,28642;;;
2019-04-30;85,73533;;;;;;;1,02687;1,28644;;;
2019-05-01;85,737;;;;;;;1,02689;1,28647;;;
2019-05-02;85,75585;;;;;;;1,02711;1,28675;;;
2019-05-03;85,77469;;;;;;;1,02734;1,28704;;;
2019-05-04;85,79354;;;;;;;1,02757;1,28732;;;
2019-05-05;85,81238;;;;;;;1,02779;1,2876;;;
2019-05-06;85,83123;;;;;;;1,02802;1,28788;;;
2019-05-07;85,85007;;;;;;;1,02824;1,28817;;;
2019-05-08;85,86892;;;;;;;1,02847;1,28845;;;
2019-05-09;85,88777;;;;;;;1,0287;1,28873;;;
2019-05-10;85,90662;;;;;;;1,02892;1,28901;;;
2019-05-11;85,92546;;;;;;;1,02915;1,2893;;;
2019-05-12;85,94431;;;;;;;1,02937;1,28958;;;
2019-05-13;85,96315;;;;;;;1,0296;1,28986;;;
2019-05-14;85,982;;;;;;;1,02982;1,29015;;;
2019-05-15;86,00084;;;;;;;1,03005;1,29043;;;
2019-05-16;86,01969;;;;;;;1,03027;1,29071;;;
2019-05-17;86,03853;;;;;;;1,0305;1,29099;;;
2019-05-18;86,05738;;;;;;;1,03073;1,29128;;;
2019-05-19;86,07622;;;;;;;1,03095;1,29156;;;
2019-05-20;86,09507;;;;;;;1,03118;1,29184;;;
2019-05-21;86,11391;;;;;;;1,0314;1,29213;;;
2019-05-22;86,13276;;;;;;;1,03163;1,29241;;;
2019-05-23;86,1516;;;;;;;1,03185;1,29269;;;
2019-05-24;86,17045;;;;;;;1,03208;1,29297;;;
2019-05-25;86,1893;;;;;;;1,03231;1,29326;;;
2019-05-26;86,20814;;;;;;;1,03253;1,29354;;;
2019-05-27;86,22699;;;;;;;1,03276;1,29382;;;
2019-05-28;86,24583;;;;;;;1,03298;1,2941;;;
2019-05-29;86,26468;;;;;;;1,03321;1,29439;;;
2019-05-30;86,28352;;;;;;;1,03344;1,29467;;;
2019-05-31;86,30237;;;;;;;1,03366;1,29495;;;
2019-06-01;86,32121;;;;;;;1,03389;1,29524;;;
2019-06-02;86,33039;;;;;;;1,034;1,29537;;;
2019-06-03;86,33957;;;;;;;1,03411;1,29551;;;
2019-06-04;86,34875;;;;;;;1,03422;1,29565;;;
2019-06-05;86,35794;;;;;;;1,03433;1,29579;;;
2019-06-06;86,36712;;;;;;;1,03444;1,29592;;;
2019-06-07;86,3763;;;;;;;1,03455;1,29606;;;
2019-06-08;86,38548;;;;;;;1,03466;1,2962;;;
2019-06-09;86,39466;;;;;;;1,03477;1,29634;;;
2019-06-10;86,40384;;;;;;;1,03488;1,29648;;;
2019-06-11;86,41302;;;;;;;1,03499;1,29661;;;
2019-06-12;86,4222;;;;;;;1,0351;1,29675;;;
2019-06-13;86,43138;;;;;;;1,03521;1,29689;;;
2019-06-14;86,44056;;;;;;;1,03532;1,29703;;;
2019-06-15;86,44974;;;;;;;1,03543;1,29716;;;
2019-06-16;86,45892;;;;;;;1,03554;1,2973;;;
2019-06-17;86,4681;;;;;;;1,03565;1,29744;;;
2019-06-18;86,47728;;;;;;;1,03576;1,29758;;;
2019-06-19;86,48646;;;;;;;1,03587;1,29772;;;
2019-06-20;86,49564;;;;;;;1,03598;1,29785;;;
2019-06-21;86,50482;;;;;;;1,03609;1,29799;;;
2019-06-22;86,514;;;;;;;1,0362;1,29813;;;
2019-06-23;86,52318;;;;;;;1,03631;1,29827;;;
2019-06-24;86,53236;;;;;;;1,03642;1,2984;;;
2019-06-25;86,54154;;;;;;;1,03653;1,29854;;;
2019-06-26;86,55072;;;;;;;1,03664;1,29868;;;
2019-06-27;86,5599;;;;;;;1,03675;1,29882;;;
2019-06-28;86,56909;;;;;;;1,03686;1,29896;;;
2019-06-29;86,57827;;;;;;;1,03697;1,29909;;;
2019-06-30;86,58745;;;;;;;1,03708;1,29923;;;
2019-07-01;86,59663;;;;;;;1,03719;1,29937;;;
2019-07-02;86,59932;;;;;;;1,03722;1,29941;;;
2019-07-03;86,60201;;;;;;;1,03725;1,29945;;;
2019-07-04;86,60471;;;;;;;1,03728;1,29949;;;
2019-07-05;86,60739;;;;;;;1,03731;1,29953;;;
2019-07-06;86,61009;;;;;;;1,03735;1,29957;;;
2019-07-07;86,61278;;;;;;;1,03738;1,29961;;;
2019-07-08;86,61547;;;;;;;1,03741;1,29965;;;
2019-07-09;86,61817;;;;;;;1,03744;1,29969;;;
2019-07-10;86,62085;;;;;;;1,03748;1,29973;;;
2019-07-11;86,62355;;;;;;;1,03751;1,29977;;;
2019-07-12;86,62624;;;;;;;1,03754;1,29981;;;
2019-07-13;86,62893;;;;;;;1,03757;1,29985;;;
2019-07-14;86,63163;;;;;;;1,0376;1,29989;;;
2019-07-15;86,63432;;;;;;;1,03764;1,29993;;;
2019-07-16;86,63701;;;;;;;1,03767;1,29997;;;
2019-07-17;86,6397;;;;;;;1,0377;1,30001;;;
2019-07-18;86,6424;;;;;;;1,03773;1,30006;;;
2019-07-19;86,64508;;;;;;;1,03777;1,3001;;;
2019-07-20;86,64778;;;;;;;1,0378;1,30014;;;
2019-07-21;86,65047;;;;;;;1,03783;1,30018;;;
2019-07-22;86,65316;;;;;;;1,03786;1,30022;;;
2019-07-23;86,65586;;;;;;;1,03789;1,30026;;;
2019-07-24;86,65854;;;;;;;1,03793;1,3003;;;
2019-07-25;86,66124;;;;;;;1,03796;1,30034;;;
2019-07-26;86,66394;;;;;;;1,03799;1,30038;;;
2019-07-27;86,66662;;;;;;;1,03802;1,30042;;;
2019-07-28;86,66932;;;;;;;1,03806;1,30046;;;
2019-07-29;86,67201;;;;;;;1,03809;1,3005;;;
2019-07-30;86,6747;;;;;;;1,03812;1,30054;;;
2019-07-31;86,67739;;;;;;;1,03815;1,30058;;;
2019-08-01;86,68009;;;;;;;1,03818;1,30062;;;
2019-08-02;86,68709;;;;;;;1,03827;1,30073;;;
2019-08-03;86,69408;;;;;;;1,03835;1,30083;;;
2019-08-04;86,70108;;;;;;;1,03844;1,30094;;;
2019-08-05;86,70809;;;;;;;1,03852;1,30104;;;
2019-08-06;86,71509;;;;;;;1,0386;1,30115;;;
2019-08-07;86,72208;;;;;;;1,03869;1,30125;;;
2019-08-08;86,72908;;;;;;;1,03877;1,30136;;;
2019-08-09;86,73609;;;;;;;1,03886;1,30146;;;
2019-08-10;86,74308;;;;;;;1,03894;1,30157;;;
2019-08-11;86,75008;;;;;;;1,03902;1,30167;;;
2019-08-12;86,75708;;;;;;;1,03911;1,30178;;;
2019-08-13;86,76409;;;;;;;1,03919;1,30188;;;
2019-08-14;86,77108;;;;;;;1,03927;1,30199;;;
2019-08-15;86,77808;;;;;;;1,03936;1,30209;;;
2019-08-16;86,78508;;;;;;;1,03944;1,3022;;;
2019-08-17;86,79208;;;;;;;1,03953;1,3023;;;
2019-08-18;86,79908;;;;;;;1,03961;1,30241;;;
2019-08-19;86,80608;;;;;;;1,03969;1,30251;;;
2019-08-20;86,81308;;;;;;;1,03978;1,30262;;;
2019-08-21;86,82008;;;;;;;1,03986;1,30272;;;
2019-08-22;86,82708;;;;;;;1,03995;1,30283;;;
2019-08-23;86,83408;;;;;;;1,04003;1,30293;;;
2019-08-24;86,84108;;;;;;;1,04011;1,30304;;;
2019-08-25;86,84808;;;;;;;1,0402;1,30314;;;
2019-08-26;86,85508;;;;;;;1,04028;1,30325;;;
2019-08-27;86,86207;;;;;;;1,04036;1,30335;;;
2019-08-28;86,86908;;;;;;;1,04045;1,30346;;;
2019-08-29;86,87608;;;;;;;1,04053;1,30356;;;
2019-08-30;86,88308;;;;;;;1,04062;1,30367;;;
2019-08-31;86,89008;;;;;;;1,0407;1,30377;;;
2019-09-01;86,89708;;;;;;;1,04078;1,30388;;;
2019-09-02;86,89124;;;;;;;1,04071;1,30379;;;
2019-09-03;86,88539;;;;;;;1,04064;1,3037;;;
2019-09-04;86,87955;;;;;;;1,04057;1,30361;;;
2019-09-05;86,87371;;;;;;;1,0405;1,30353;;;
2019-09-06;86,86787;;;;;;;1,04043;1,30344;;;
2019-09-07;86,86202;;;;;;;1,04036;1,30335;;;
2019-09-08;86,85618;;;;;;;1,04029;1,30326;;;
2019-09-09;86,85034;;;;;;;1,04022;1,30318;;;
2019-09-10;86,8445;;;;;;;1,04015;1,30309;;;
2019-09-11;86,83866;;;;;;;1,04008;1,303;;;
2019-09-12;86,83281;;;;;;;1,04001;1,30291;;;
2019-09-13;86,82697;;;;;;;1,03994;1,30282;;;
2019-09-14;86,82113;;;;;;;1,03987;1,30274;;;
2019-09-15;86,81529;;;;;;;1,0398;1,30265;;;
2019-09-16;86,80945;;;;;;;1,03973;1,30256;;;
2019-09-17;86,8036;;;;;;;1,03966;1,30247;;;
2019-09-18;86,79776;;;;;;;1,03959;1,30239;;;
2019-09-19;86,79192;;;;;;;1,03952;1,3023;;;
2019-09-20;86,78608;;;;;;;1,03945;1,30221;;;
2019-09-21;86,78024;;;;;;;1,03938;1,30212;;;
2019-09-22;86,77439;;;;;;;1,03931;1,30204;;;
2019-09-23;86,76855;;;;;;;1,03924;1,30195;;;
2019-09-24;86,76271;;;;;;;1,03917;1,30186;;;
2019-09-25;86,75687;;;;;;;1,0391;1,30177;;;
2019-09-26;86,75102;;;;;;;1,03903;1,30168;;;
2019-09-27;86,74518;;;;;;;1,03896;1,3016;;;
2019-09-28;86,73934;;;;;;;1,03889;1,30151;;;
2019-09-29;86,7335;;;;;;;1,03882;1,30142;;;
2019-09-30;86,72766;;;;;;;1,03875;1,30133;;;
2019-10-01;86,72181;;;;;;;1,03868;1,30125;;;
2019-10-02;86,73501;;;;;;;1,03884;1,30144;;;
2019-10-03;86,7482;;;;;;;1,039;1,30164;;;
2019-10-04;86,76139;;;;;;;1,03916;1,30184;;;
2019-10-05;86,77459;;;;;;;1,03932;1,30204;;;
2019-10-06;86,78777;;;;;;;1,03947;1,30224;;;
2019-10-07;86,80097;;;;;;;1,03963;1,30243;;;
2019-10-08;86,81416;;;;;;;1,03979;1,30263;;;
2019-10-09;86,82735;;;;;;;1,03995;1,30283;;;
2019-10-10;86,84054;;;;;;;1,04011;1,30303;;;
2019-10-11;86,85373;;;;;;;1,04026;1,30323;;;
2019-10-12;86,86692;;;;;;;1,04042;1,30342;;;
2019-10-13;86,88012;;;;;;;1,04058;1,30362;;;
2019-10-14;86,89331;;;;;;;1,04074;1,30382;;;
2019-10-15;86,9065;;;;;;;1,0409;1,30402;;;
2019-10-16;86,91969;;;;;;;1,04105;1,30422;;;
2019-10-17;86,93288;;;;;;;1,04121;1,30441;;;
2019-10-18;86,94608;;;;;;;1,04137;1,30461;;;
2019-10-19;86,95927;;;;;;;1,04153;1,30481;;;
2019-10-20;86,97246;;;;;;;1,04169;1,30501;;;
2019-10-21;86,98565;;;;;;;1,04184;1,30521;;;
2019-10-22;86,99885;;;;;;;1,042;1,3054;;;
2019-10-23;87,01203;;;;;;;1,04216;1,3056;;;
2019-10-24;87,02523;;;;;;;1,04232;1,3058;;;
2019-10-25;87,03841;;;;;;;1,04248;1,306;;;
2019-10-26;87,05161;;;;;;;1,04263;1,3062;;;
2019-10-27;87,0648;;;;;;;1,04279;1,30639;;;
2019-10-28;87,07799;;;;;;;1,04295;1,30659;;;
2019-10-29;87,09119;;;;;;;1,04311;1,30679;;;
2019-10-30;87,10438;;;;;;;1,04327;1,30699;;;
2019-10-31;87,11757;;;;;;;1,04342;1,30718;;;
2019-11-01;87,13076;;;;;;;1,04358;1,30738;;;
2019-11-02;87,12075;;;;;;;1,04346;1,30723;;;
2019-11-03;87,11073;;;;;;;1,04334;1,30708;;;
2019-11-04;87,10072;;;;;;;1,04322;1,30693;;;
2019-11-05;87,0907;;;;;;;1,0431;1,30678;;;
2019-11-06;87,08069;;;;;;;1,04298;1,30663;;;
2019-11-07;87,07067;;;;;;;1,04286;1,30648;;;
2019-11-08;87,06066;;;;;;;1,04274;1,30633;;;
2019-11-09;87,05064;;;;;;;1,04262;1,30618;;;
2019-11-10;87,04063;;;;;;;1,0425;1,30603;;;
2019-11-11;87,03061;;;;;;;1,04238;1,30588;;;
2019-11-12;87,0206;;;;;;;1,04226;1,30573;;;
2019-11-13;87,01058;;;;;;;1,04214;1,30558;;;
2019-11-14;87,00057;;;;;;;1,04202;1,30543;;;
2019-11-15;86,99055;;;;;;;1,0419;1,30528;;;
2019-11-16;86,98054;;;;;;;1,04178;1,30513;;;
2019-11-17;86,97052;;;;;;;1,04166;1,30498;;;
2019-11-18;86,96051;;;;;;;1,04154;1,30483;;;
2019-11-19;86,95049;;;;;;;1,04142;1,30468;;;
2019-11-20;86,94048;;;;;;;1,0413;1,30453;;;
2019-11-21;86,93046;;;;;;;1,04118;1,30438;;;
2019-11-22;86,92045;;;;;;;1,04106;1,30423;;;
2019-11-23;86,91043;;;;;;;1,04094;1,30408;;;
2019-11-24;86,90042;;;;;;;1,04082;1,30393;;;
2019-11-25;86,8904;;;;;;;1,0407;1,30378;;;
2019-11-26;86,88039;;;;;;;1,04058;1,30363;;;
2019-11-27;86,87037;;;;;;;1,04046;1,30348;;;
2019-11-28;86,86036;;;;;;;1,04034;1,30333;;;
2019-11-29;86,85034;;;;;;;1,04022;1,30318;;;
2019-11-30;86,84033;;;;;;;1,0401;1,30302;;;
2019-12-01;86,83031;;;;;;;1,03998;1,30287;;;
2019-12-02;86,82897;;;;;;;1,03997;1,30285;;;
2019-12-03;86,82761;;;;;;;1,03995;1,30283;;;
2019-12-04;86,82627;;;;;;;1,03994;1,30281;;;
2019-12-05;86,82493;;;;;;;1,03992;1,30279;;;
2019-12-06;86,82358;;;;;;;1,0399;1,30277;;;
2019-12-07;86,82223;;;;;;;1,03989;1,30275;;;
2019-12-08;86,82089;;;;;;;1,03987;1,30273;;;
2019-12-09;86,81954;;;;;;;1,03986;1,30271;;;
2019-12-10;86,81819;;;;;;;1,03984;1,30269;;;
2019-12-11;86,81685;;;;;;;1,03982;1,30267;;;
2019-12-12;86,81551;;;;;;;1,03981;1,30265;;;
2019-12-13;86,81416;;;;;;;1,03979;1,30263;;;
2019-12-14;86,81281;;;;;;;1,03977;1,30261;;;
2019-12-15;86,81147;;;;;;;1,03976;1,30259;;;
2019-12-16;86,81012;;;;;;;1,03974;1,30257;;;
2019-12-17;86,80877;;;;;;;1,03973;1,30255;;;
2019-12-18;86,80743;;;;;;;1,03971;1,30253;;;
2019-12-19;86,80608;;;;;;;1,03969;1,30251;;;
2019-12-20;86,80473;;;;;;;1,03968;1,30249;;;
2019-12-21;86,80339;;;;;;;1,03966;1,30247;;;
2019-12-22;86,80204;;;;;;;1,03965;1,30245;;;
2019-12-23;86,8007;;;;;;;1,03963;1,30243;;;
2019-12-24;86,79935;;;;;;;1,03961;1,30241;;;
2019-12-25;86,798;;;;;;;1,0396;1,30239;;;
2019-12-26;86,79666;;;;;;;1,03958;1,30237;;;
2019-12-27;86,79531;;;;;;;1,03956;1,30235;;;
2019-12-28;86,79396;;;;;;;1,03955;1,30233;;;
2019-12-29;86,79262;;;;;;;1,03953;1,30231;;;
2019-12-30;86,79128;;;;;;;1,03952;1,30229;;;
2019-12-31;86,78993;;;;;;;1,0395;1,30227;;;
2020-01-01;86,78858;;;;;;;1,03948;1,30225;;;
2020-01-02;86,7867;;;;;;;1,03946;1,30222;;;
2020-01-03;86,78481;;;;;;;1,03944;1,30219;;;
2020-01-04;86,78293;;;;;;;1,03942;1,30216;;;
2020-01-05;86,78105;;;;;;;1,03939;1,30214;;;
2020-01-06;86,77916;;;;;;;1,03937;1,30211;;;
2020-01-07;86,77727;;;;;;;1,03935;1,30208;;;
2020-01-08;86,77539;;;;;;;1,03933;1,30205;;;
2020-01-09;86,77351;;;;;;;1,0393;1,30202;;;
2020-01-10;86,77162;;;;;;;1,03928;1,30199;;;
2020-01-11;86,76974;;;;;;;1,03926;1,30197;;;
2020-01-12;86,76785;;;;;;;1,03924;1,30194;;;
2020-01-13;86,76596;;;;;;;1,03921;1,30191;;;
2020-01-14;86,76409;;;;;;;1,03919;1,30188;;;
2020-01-15;86,7622;;;;;;;1,03917;1,30185;;;
2020-01-16;86,76031;;;;;;;1,03915;1,30182;;;
2020-01-17;86,75843;;;;;;;1,03912;1,3018;;;
2020-01-18;86,75654;;;;;;;1,0391;1,30177;;;
2020-01-19;86,75466;;;;;;;1,03908;1,30174;;;
2020-01-20;86,75278;;;;;;;1,03906;1,30171;;;
2020-01-21;86,75089;;;;;;;1,03903;1,30168;;;
2020-01-22;86,74901;;;;;;;1,03901;1,30165;;;
2020-01-23;86,74712;;;;;;;1,03899;1,30163;;;
2020-01-24;86,74523;;;;;;;1,03897;1,3016;;;
2020-01-25;86,74336;;;;;;;1,03894;1,30157;;;
2020-01-26;86,74147;;;;;;;1,03892;1,30154;;;
2020-01-27;86,73958;;;;;;;1,0389;1,30151;;;
2020-01-28;86,7377;;;;;;;1,03887;1,30148;;;
2020-01-29;86,73581;;;;;;;1,03885;1,30146;;;
2020-01-30;86,73393;;;;;;;1,03883;1,30143;;;
2020-01-31;86,73205;;;;;;;1,03881;1,3014;;;
2020-02-01;86,73016;;;;;;;1,03878;1,30137;;;
2020-02-02;86,74369;;;;;;;1,03895;1,30157;;;
2020-02-03;86,75721;;;;;;;1,03911;1,30178;;;
2020-02-04;86,77074;;;;;;;1,03927;1,30198;;;
2020-02-05;86,78427;;;;;;;1,03943;1,30218;;;
2020-02-06;86,79779;;;;;;;1,03959;1,30239;;;
2020-02-07;86,81132;;;;;;;1,03976;1,30259;;;
2020-02-08;86,82484;;;;;;;1,03992;1,30279;;;
2020-02-09;86,83837;;;;;;;1,04008;1,303;;;
2020-02-10;86,85189;;;;;;;1,04024;1,3032;;;
2020-02-11;86,86542;;;;;;;1,0404;1,3034;;;
2020-02-12;86,87895;;;;;;;1,04057;1,3036;;;
2020-02-13;86,89247;;;;;;;1,04073;1,30381;;;
2020-02-14;86,906;;;;;;;1,04089;1,30401;;;
2020-02-15;86,91953;;;;;;;1,04105;1,30421;;;
2020-02-16;86,93305;;;;;;;1,04121;1,30442;;;
2020-02-17;86,94658;;;;;;;1,04138;1,30462;;;
2020-02-18;86,96011;;;;;;;1,04154;1,30482;;;
2020-02-19;86,97363;;;;;;;1,0417;1,30503;;;
2020-02-20;86,98715;;;;;;;1,04186;1,30523;;;
2020-02-21;87,00068;;;;;;;1,04202;1,30543;;;
2020-02-22;87,0142;;;;;;;1,04219;1,30563;;;
2020-02-23;87,02773;;;;;;;1,04235;1,30584;;;
2020-02-24;87,04126;;;;;;;1,04251;1,30604;;;
2020-02-25;87,05479;;;;;;;1,04267;1,30624;;;
2020-02-26;87,06831;;;;;;;1,04283;1,30645;;;
2020-02-27;87,08184;;;;;;;1,043;1,30665;;;
2020-02-28;87,09537;;;;;;;1,04316;1,30685;;;
2020-02-29;87,10889;;;;;;;1,04332;1,30705;;;
2020-03-01;87,12242;;;;;;;1,04348;1,30726;;1;
2020-03-02;87,1103;;;;;;;1,04334;1,30708;;0,99986;
2020-03-03;87,09819;;;;;;;1,04319;1,30689;;0,99972;
2020-03-04;87,08607;;;;;;;1,04305;1,30671;;0,99958;
2020-03-05;87,07396;;;;;;;1,0429;1,30653;;0,99944;
2020-03-06;87,06184;;;;;;;1,04276;1,30635;;0,9993;
2020-03-07;87,04972;;;;;;;1,04261;1,30617;;0,99917;
2020-03-08;87,03761;;;;;;;1,04247;1,30599;;0,99903;
2020-03-09;87,0255;;;;;;;1,04232;1,3058;;0,99889;
2020-03-10;87,01338;;;;;;;1,04218;1,30562;;0,99875;
2020-03-11;87,00127;;;;;;;1,04203;1,30544;;0,99861;
2020-03-12;86,98915;;;;;;;1,04189;1,30526;;0,99847;
2020-03-13;86,97704;;;;;;;1,04174;1,30508;;0,99833;
2020-03-14;86,96492;;;;;;;1,0416;1,30489;;0,99819;
2020-03-15;86,9528;;;;;;;1,04145;1,30471;;0,99805;
2020-03-16;86,94069;;;;;;;1,04131;1,30453;;0,99791;
2020-03-17;86,92857;;;;;;;1,04116;1,30435;;0,99778;
2020-03-18;86,91646;;;;;;;1,04102;1,30417;;0,99764;
2020-03-19;86,90435;;;;;;;1,04087;1,30399;;0,9975;
2020-03-20;86,89223;;;;;;;1,04073;1,3038;;0,99736;
2020-03-21;86,88012;;;;;;;1,04058;1,30362;;0,99722;
2020-03-22;86,868;;;;;;;1,04044;1,30344;;0,99708;
2020-03-23;86,85589;;;;;;;1,04029;1,30326;;0,99694;
2020-03-24;86,84377;;;;;;;1,04015;1,30308;;0,9968;
2020-03-25;86,83165;;;;;;;1,04;1,30289;;0,99666;
2020-03-26;86,81954;;;;;;;1,03986;1,30271;;0,99652;
2020-03-27;86,80743;;;;;;;1,03971;1,30253;;0,99638;
2020-03-28;86,79531;;;;;;;1,03956;1,30235;;0,99625;
2020-03-29;86,7832;;;;;;;1,03942;1,30217;;0,99611;
2020-03-30;86,77108;;;;;;;1,03927;1,30199;;0,99597;
2020-03-31;86,75897;;;;;;;1,03913;1,3018;;0,99583;
2020-04-01;86,74685;;;;;;;1,03898;1,30162;;0,99569;
2020-04-02;86,74658;;;;;;;1,03898;1,30162;;0,99569;
2020-04-03;86,74629;;;;;;;1,03898;1,30161;;0,99568;
2020-04-04;86,74602;;;;;;;1,03897;1,30161;;0,99568;
2020-04-05;86,74574;;;;;;;1,03897;1,30161;;0,99568;
2020-04-06;86,74546;;;;;;;1,03897;1,3016;;0,99567;
2020-04-07;86,74518;;;;;;;1,03896;1,3016;;0,99567;
2020-04-08;86,74491;;;;;;;1,03896;1,30159;;0,99567;
2020-04-09;86,74462;;;;;;;1,03896;1,30159;;0,99566;
2020-04-10;86,74435;;;;;;;1,03895;1,30158;;0,99566;
2020-04-11;86,74407;;;;;;;1,03895;1,30158;;0,99566;
2020-04-12;86,74379;;;;;;;1,03895;1,30158;;0,99565;
2020-04-13;86,74351;;;;;;;1,03894;1,30157;;0,99565;
2020-04-14;86,74324;;;;;;;1,03894;1,30157;;0,99565;
2020-04-15;86,74295;;;;;;;1,03894;1,30156;;0,99564;
2020-04-16;86,74268;;;;;;;1,03893;1,30156;;0,99564;
2020-04-17;86,7424;;;;;;;1,03893;1,30156;;0,99564;
2020-04-18;86,74212;;;;;;;1,03893;1,30155;;0,99563;
2020-04-19;86,74184;;;;;;;1,03892;1,30155;;0,99563;
2020-04-20;86,74157;;;;;;;1,03892;1,30154;;0,99563;
2020-04-21;86,74129;;;;;;;1,03892;1,30154;;0,99563;
2020-04-22;86,74101;;;;;;;1,03891;1,30153;;0,99562;
2020-04-23;86,74073;;;;;;;1,03891;1,30153;;0,99562;
2020-04-24;86,74045;;;;;;;1,03891;1,30153;;0,99562;
2020-04-25;86,74018;;;;;;;1,0389;1,30152;;0,99561;
2020-04-26;86,7399;;;;;;;1,0389;1,30152;;0,99561;
2020-04-27;86,73962;;;;;;;1,0389;1,30151;;0,99561;
2020-04-28;86,73934;;;;;;;1,03889;1,30151;;0,9956;
2020-04-29;86,73907;;;;;;;1,03889;1,30151;;0,9956;
2020-04-30;86,73878;;;;;;;1,03889;1,3015;;0,9956;
2020-05-01;86,73851;;;;;;;1,03888;1,3015;;0,99559;
2020-05-02;86,73635;;;;;;;1,03886;1,30146;;0,99557;
2020-05-03;86,7342;;;;;;;1,03883;1,30143;;0,99554;
2020-05-04;86,73205;;;;;;;1,03881;1,3014;;0,99552;
2020-05-05;86,72989;;;;;;;1,03878;1,30137;;0,99549;
2020-05-06;86,72774;;;;;;;1,03876;1,30134;;0,99547;
2020-05-07;86,72559;;;;;;;1,03873;1,3013;;0,99545;
2020-05-08;86,72343;;;;;;;1,0387;1,30127;;0,99542;
2020-05-09;86,72127;;;;;;;1,03868;1,30124;;0,9954;
2020-05-10;86,71912;;;;;;;1,03865;1,30121;;0,99537;
2020-05-11;86,71697;;;;;;;1,03863;1,30117;;0,99535;
2020-05-12;86,71481;;;;;;;1,0386;1,30114;;0,99532;
2020-05-13;86,71266;;;;;;;1,03857;1,30111;;0,9953;
2020-05-14;86,71051;;;;;;;1,03855;1,30108;;0,99527;
2020-05-15;86,70835;;;;;;;1,03852;1,30104;;0,99525;
2020-05-16;86,7062;;;;;;;1,0385;1,30101;;0,99522;
2020-05-17;86,70405;;;;;;;1,03847;1,30098;;0,9952;
2020-05-18;86,70189;;;;;;;1,03845;1,30095;;0,99517;
2020-05-19;86,69974;;;;;;;1,03842;1,30092;;0,99515;
2020-05-20;86,69759;;;;;;;1,03839;1,30088;;0,99512;
2020-05-21;86,69543;;;;;;;1,03837;1,30085;;0,9951;
2020-05-22;86,69328;;;;;;;1,03834;1,30082;;0,99507;
2020-05-23;86,69113;;;;;;;1,03832;1,30079;;0,99505;
2020-05-24;86,68897;;;;;;;1,03829;1,30075;;0,99502;
2020-05-25;86,68681;;;;;;;1,03827;1,30072;;0,995;
2020-05-26;86,68466;;;;;;;1,03824;1,30069;;0,99498;
2020-05-27;86,68251;;;;;;;1,03821;1,30066;;0,99495;
2020-05-28;86,68035;;;;;;;1,03819;1,30062;;0,99493;
2020-05-29;86,6782;;;;;;;1,03816;1,30059;;0,9949;
2020-05-30;86,67605;;;;;;;1,03814;1,30056;;0,99488;
2020-05-31;86,67389;;;;;;;1,03811;1,30053;;0,99485;
2020-06-01;86,67174;;;;;;;1,03808;1,3005;;0,99483;
2020-06-02;86,67063;;;;;;;1,03807;1,30048;;0,99481;
2020-06-03;86,66951;;;;;;;1,03806;1,30046;;0,9948;
2020-06-04;86,6684;;;;;;;1,03804;1,30045;;0,99479;
2020-06-05;86,66729;;;;;;;1,03803;1,30043;;0,99478;
2020-06-06;86,66617;;;;;;;1,03802;1,30041;;0,99476;
2020-06-07;86,66506;;;;;;;1,038;1,3004;;0,99475;
2020-06-08;86,66395;;;;;;;1,03799;1,30038;;0,99474;
2020-06-09;86,66283;;;;;;;1,03798;1,30036;;0,99472;
2020-06-10;86,66172;;;;;;;1,03796;1,30035;;0,99471;
2020-06-11;86,66061;;;;;;;1,03795;1,30033;;0,9947;
2020-06-12;86,6595;;;;;;;1,03794;1,30031;;0,99469;
2020-06-13;86,65839;;;;;;;1,03792;1,30029;;0,99467;
2020-06-14;86,65728;;;;;;;1,03791;1,30028;;0,99466;
2020-06-15;86,65616;;;;;;;1,0379;1,30026;;0,99465;
2020-06-16;86,65505;;;;;;;1,03788;1,30024;;0,99464;
2020-06-17;86,65394;;;;;;;1,03787;1,30023;;0,99462;
2020-06-18;86,65282;;;;;;;1,03786;1,30021;;0,99461;
2020-06-19;86,65171;;;;;;;1,03784;1,30019;;0,9946;
2020-06-20;86,6506;;;;;;;1,03783;1,30018;;0,99458;
2020-06-21;86,64948;;;;;;;1,03782;1,30016;;0,99457;
2020-06-22;86,64837;;;;;;;1,0378;1,30014;;0,99456;
2020-06-23;86,64726;;;;;;;1,03779;1,30013;;0,99455;
2020-06-24;86,64614;;;;;;;1,03778;1,30011;;0,99453;
2020-06-25;86,64503;;;;;;;1,03776;1,30009;;0,99452;
2020-06-26;86,64392;;;;;;;1,03775;1,30008;;0,99451;
2020-06-27;86,6428;;;;;;;1,03774;1,30006;;0,99449;
2020-06-28;86,64169;;;;;;;1,03772;1,30004;;0,99448;
2020-06-29;86,64058;;;;;;;1,03771;1,30003;;0,99447;
2020-06-30;86,63947;;;;;;;1,0377;1,30001;;0,99446;
2020-07-01;86,63836;;;;;;;1,03768;1,29999;;0,99444;
2020-07-02;86,64213;;;;;;;1,03773;1,30005;;0,99449;
2020-07-03;86,64589;;;;;;;1,03778;1,30011;;0,99453;
2020-07-04;86,64966;;;;;;;1,03782;1,30016;;0,99457;
2020-07-05;86,65343;;;;;;;1,03787;1,30022;;0,99462;
2020-07-06;86,6572;;;;;;;1,03791;1,30028;;0,99466;
2020-07-07;86,66097;;;;;;;1,03796;1,30033;;0,9947;
2020-07-08;86,66474;;;;;;;1,038;1,30039;;0,99475;
2020-07-09;86,66851;;;;;;;1,03805;1,30045;;0,99479;
2020-07-10;86,67228;;;;;;;1,03809;1,3005;;0,99483;
2020-07-11;86,67605;;;;;;;1,03814;1,30056;;0,99488;
2020-07-12;86,67982;;;;;;;1,03818;1,30062;;0,99492;
2020-07-13;86,68358;;;;;;;1,03823;1,30067;;0,99496;
2020-07-14;86,68735;;;;;;;1,03827;1,30073;;0,99501;
2020-07-15;86,69113;;;;;;;1,03832;1,30079;;0,99505;
2020-07-16;86,69489;;;;;;;1,03836;1,30084;;0,99509;
2020-07-17;86,69866;;;;;;;1,03841;1,3009;;0,99514;
2020-07-18;86,70243;;;;;;;1,03845;1,30096;;0,99518;
2020-07-19;86,7062;;;;;;;1,0385;1,30101;;0,99522;
2020-07-20;86,70997;;;;;;;1,03854;1,30107;;0,99527;
2020-07-21;86,71374;;;;;;;1,03859;1,30113;;0,99531;
2020-07-22;86,71751;;;;;;;1,03863;1,30118;;0,99535;
2020-07-23;86,72127;;;;;;;1,03868;1,30124;;0,9954;
2020-07-24;86,72504;;;;;;;1,03872;1,3013;;0,99544;
2020-07-25;86,72882;;;;;;;1,03877;1,30135;;0,99548;
2020-07-26;86,73258;;;;;;;1,03881;1,30141;;0,99553;
2020-07-27;86,73635;;;;;;;1,03886;1,30146;;0,99557;
2020-07-28;86,74013;;;;;;;1,0389;1,30152;;0,99561;
2020-07-29;86,74389;;;;;;;1,03895;1,30158;;0,99566;
2020-07-30;86,74766;;;;;;;1,03899;1,30163;;0,9957;
2020-07-31;86,75143;;;;;;;1,03904;1,30169;;0,99574;
2020-08-01;86,7552;;;;;;;1,03908;1,30175;;0,99579;
2020-08-02;86,75762;;;;;;;1,03911;1,30178;;0,99581;
2020-08-03;86,76005;;;;;;;1,03914;1,30182;;0,99584;
2020-08-04;86,76247;;;;;;;1,03917;1,30186;;0,99587;
2020-08-05;86,76489;;;;;;;1,0392;1,30189;;0,9959;
2020-08-06;86,76732;;;;;;;1,03923;1,30193;;0,99592;
2020-08-07;86,76974;;;;;;;1,03926;1,30197;;0,99595;
2020-08-08;86,77216;;;;;;;1,03929;1,302;;0,99598;
2020-08-09;86,77459;;;;;;;1,03932;1,30204;;0,99601;
2020-08-10;86,77701;;;;;;;1,03935;1,30207;;0,99604;
2020-08-11;86,77943;;;;;;;1,03937;1,30211;;0,99606;
2020-08-12;86,78185;;;;;;;1,0394;1,30215;;0,99609;
2020-08-13;86,78427;;;;;;;1,03943;1,30218;;0,99612;
2020-08-14;86,7867;;;;;;;1,03946;1,30222;;0,99615;
2020-08-15;86,78912;;;;;;;1,03949;1,30226;;0,99617;
2020-08-16;86,79154;;;;;;;1,03952;1,30229;;0,9962;
2020-08-17;86,79396;;;;;;;1,03955;1,30233;;0,99623;
2020-08-18;86,79638;;;;;;;1,03958;1,30237;;0,99626;
2020-08-19;86,79881;;;;;;;1,03961;1,3024;;0,99629;
2020-08-20;86,80123;;;;;;;1,03964;1,30244;;0,99631;
2020-08-21;86,80365;;;;;;;1,03966;1,30247;;0,99634;
2020-08-22;86,80608;;;;;;;1,03969;1,30251;;0,99637;
2020-08-23;86,8085;;;;;;;1,03972;1,30255;;0,9964;
2020-08-24;86,81092;;;;;;;1,03975;1,30258;;0,99642;
2020-08-25;86,81335;;;;;;;1,03978;1,30262;;0,99645;
2020-08-26;86,81577;;;;;;;1,03981;1,30266;;0,99648;
2020-08-27;86,81819;;;;;;;1,03984;1,30269;;0,99651;
2020-08-28;86,82062;;;;;;;1,03987;1,30273;;0,99654;
2020-08-29;86,82304;;;;;;;1,0399;1,30277;;0,99656;
2020-08-30;86,82546;;;;;;;1,03993;1,3028;;0,99659;
2020-08-31;86,82789;;;;;;;1,03996;1,30284;;0,99662;
2020-09-01;86,83031;;;;;;;1,03998;1,30287;;0,99665;
2020-09-02;86,84144;;;;;;;1,04012;1,30304;;0,99677;
2020-09-03;86,85257;;;;;;;1,04025;1,30321;;0,9969;
2020-09-04;86,86369;;;;;;;1,04038;1,30338;;0,99703;
2020-09-05;86,87482;;;;;;;1,04052;1,30354;;0,99716;
2020-09-06;86,88595;;;;;;;1,04065;1,30371;;0,99729;
2020-09-07;86,89708;;;;;;;1,04078;1,30388;;0,99741;
2020-09-08;86,9082;;;;;;;1,04092;1,30404;;0,99754;
2020-09-09;86,91934;;;;;;;1,04105;1,30421;;0,99767;
2020-09-10;86,93046;;;;;;;1,04118;1,30438;;0,9978;
2020-09-11;86,94159;;;;;;;1,04132;1,30454;;0,99792;
2020-09-12;86,95272;;;;;;;1,04145;1,30471;;0,99805;
2020-09-13;86,96384;;;;;;;1,04158;1,30488;;0,99818;
2020-09-14;86,97497;;;;;;;1,04172;1,30505;;0,99831;
2020-09-15;86,9861;;;;;;;1,04185;1,30521;;0,99844;
2020-09-16;86,99723;;;;;;;1,04198;1,30538;;0,99856;
2020-09-17;87,00835;;;;;;;1,04212;1,30555;;0,99869;
2020-09-18;87,01949;;;;;;;1,04225;1,30571;;0,99882;
2020-09-19;87,03061;;;;;;;1,04238;1,30588;;0,99895;
2020-09-20;87,04174;;;;;;;1,04252;1,30605;;0,99907;
2020-09-21;87,05287;;;;;;;1,04265;1,30621;;0,9992;
2020-09-22;87,06399;;;;;;;1,04278;1,30638;;0,99933;
2020-09-23;87,07512;;;;;;;1,04292;1,30655;;0,99946;
2020-09-24;87,08625;;;;;;;1,04305;1,30672;;0,99958;
2020-09-25;87,09738;;;;;;;1,04318;1,30688;;0,99971;
2020-09-26;87,1085;;;;;;;1,04332;1,30705;;0,99984;
2020-09-27;87,11964;;;;;;;1,04345;1,30722;;0,99997;
2020-09-28;87,13076;;;;;;;1,04358;1,30738;;1,0001;
2020-09-29;87,14189;;;;;;;1,04372;1,30755;;1,00022;
2020-09-30;87,15302;;;;;;;1,04385;1,30772;;1,00035;
2020-10-01;87,16414;;;;;;;1,04398;1,30788;;1,00048;
2020-10-02;87,16145;;;;;;;1,04395;1,30784;;1,00045;
2020-10-03;87,15876;;;;;;;1,04392;1,3078;;1,00042;
2020-10-04;87,15607;;;;;;;1,04389;1,30776;;1,00039;
2020-10-05;87,15338;;;;;;;1,04385;1,30772;;1,00036;
2020-10-06;87,15068;;;;;;;1,04382;1,30768;;1,00032;
2020-10-07;87,148;;;;;;;1,04379;1,30764;;1,00029;
2020-10-08;87,1453;;;;;;;1,04376;1,3076;;1,00026;
2020-10-09;87,1426;;;;;;;1,04372;1,30756;;1,00023;
2020-10-10;87,13992;;;;;;;1,04369;1,30752;;1,0002;
2020-10-11;87,13722;;;;;;;1,04366;1,30748;;1,00017;
2020-10-12;87,13453;;;;;;;1,04363;1,30744;;1,00014;
2020-10-13;87,13184;;;;;;;1,0436;1,3074;;1,00011;
2020-10-14;87,12914;;;;;;;1,04356;1,30736;;1,00008;
2020-10-15;87,12646;;;;;;;1,04353;1,30732;;1,00005;
2020-10-16;87,12376;;;;;;;1,0435;1,30728;;1,00002;
2020-10-17;87,12107;;;;;;;1,04347;1,30724;;0,99998;
2020-10-18;87,11838;;;;;;;1,04343;1,3072;;0,99995;
2020-10-19;87,11569;;;;;;;1,0434;1,30716;;0,99992;
2020-10-20;87,11299;;;;;;;1,04337;1,30712;;0,99989;
2020-10-21;87,1103;;;;;;;1,04334;1,30708;;0,99986;
2020-10-22;87,10761;;;;;;;1,04331;1,30704;;0,99983;
2020-10-23;87,10491;;;;;;;1,04327;1,307;;0,9998;
2020-10-24;87,10223;;;;;;;1,04324;1,30695;;0,99977;
2020-10-25;87,09953;;;;;;;1,04321;1,30691;;0,99974;
2020-10-26;87,09684;;;;;;;1,04318;1,30687;;0,99971;
2020-10-27;87,09415;;;;;;;1,04314;1,30683;;0,99968;
2020-10-28;87,09145;;;;;;;1,04311;1,30679;;0,99964;
2020-10-29;87,08877;;;;;;;1,04308;1,30675;;0,99961;
2020-10-30;87,08607;;;;;;;1,04305;1,30671;;0,99958;
2020-10-31;87,08338;;;;;;;1,04302;1,30667;;0,99955;
2020-11-01;87,08069;;;;;;;1,04298;1,30663;;0,99952;
2020-11-02;87,06566;;;;;;;1,0428;1,30641;;0,99935;
2020-11-03;87,05064;;;;;;;1,04262;1,30618;;0,99918;
2020-11-04;87,03562;;;;;;;1,04244;1,30596;;0,999;
2020-11-05;87,0206;;;;;;;1,04226;1,30573;;0,99883;
2020-11-06;87,00557;;;;;;;1,04208;1,3055;;0,99866;
2020-11-07;86,99055;;;;;;;1,0419;1,30528;;0,99849;
2020-11-08;86,97553;;;;;;;1,04172;1,30505;;0,99831;
2020-11-09;86,96051;;;;;;;1,04154;1,30483;;0,99814;
2020-11-10;86,94548;;;;;;;1,04136;1,3046;;0,99797;
2020-11-11;86,93046;;;;;;;1,04118;1,30438;;0,9978;
2020-11-12;86,91544;;;;;;;1,041;1,30415;;0,99762;
2020-11-13;86,90042;;;;;;;1,04082;1,30393;;0,99745;
2020-11-14;86,88539;;;;;;;1,04064;1,3037;;0,99728;
2020-11-15;86,87037;;;;;;;1,04046;1,30348;;0,99711;
2020-11-16;86,85535;;;;;;;1,04028;1,30325;;0,99693;
2020-11-17;86,84033;;;;;;;1,0401;1,30302;;0,99676;
2020-11-18;86,8253;;;;;;;1,03992;1,3028;;0,99659;
2020-11-19;86,81028;;;;;;;1,03974;1,30257;;0,99642;
2020-11-20;86,79526;;;;;;;1,03956;1,30235;;0,99624;
2020-11-21;86,78024;;;;;;;1,03938;1,30212;;0,99607;
2020-11-22;86,76521;;;;;;;1,0392;1,3019;;0,9959;
2020-11-23;86,75019;;;;;;;1,03902;1,30167;;0,99573;
2020-11-24;86,73517;;;;;;;1,03884;1,30145;;0,99556;
2020-11-25;86,72015;;;;;;;1,03866;1,30122;;0,99538;
2020-11-26;86,70512;;;;;;;1,03848;1,301;;0,99521;
2020-11-27;86,6901;;;;;;;1,0383;1,30077;;0,99504;
2020-11-28;86,67508;;;;;;;1,03812;1,30055;;0,99487;
2020-11-29;86,66006;;;;;;;1,03794;1,30032;;0,99469;
2020-11-30;86,64503;;;;;;;1,03776;1,30009;;0,99452;
2020-12-01;86,63001;;;;;;;1,03758;1,29987;;0,99435;
2020-12-02;86,62867;;;;;;;1,03757;1,29985;;0,99433;
2020-12-03;86,62731;;;;;;;1,03755;1,29983;;0,99432;
2020-12-04;86,62597;;;;;;;1,03754;1,29981;;0,9943;
2020-12-05;86,62463;;;;;;;1,03752;1,29979;;0,99429;
2020-12-06;86,62328;;;;;;;1,0375;1,29977;;0,99427;
2020-12-07;86,62193;;;;;;;1,03749;1,29975;;0,99426;
2020-12-08;86,62059;;;;;;;1,03747;1,29973;;0,99424;
2020-12-09;86,61924;;;;;;;1,03746;1,29971;;0,99422;
2020-12-10;86,61789;;;;;;;1,03744;1,29969;;0,99421;
2020-12-11;86,61655;;;;;;;1,03742;1,29967;;0,99419;
2020-12-12;86,6152;;;;;;;1,03741;1,29965;;0,99418;
2020-12-13;86,61386;;;;;;;1,03739;1,29963;;0,99416;
2020-12-14;86,61251;;;;;;;1,03738;1,29961;;0,99415;
2020-12-15;86,61117;;;;;;;1,03736;1,29959;;0,99413;
2020-12-16;86,60982;;;;;;;1,03734;1,29957;;0,99412;
2020-12-17;86,60847;;;;;;;1,03733;1,29955;;0,9941;
2020-12-18;86,60713;;;;;;;1,03731;1,29953;;0,99409;
2020-12-19;86,60578;;;;;;;1,03729;1,29951;;0,99407;
2020-12-20;86,60443;;;;;;;1,03728;1,29949;;0,99405;
2020-12-21;86,60309;;;;;;;1,03726;1,29947;;0,99404;
2020-12-22;86,60174;;;;;;;1,03725;1,29945;;0,99402;
2020-12-23;86,6004;;;;;;;1,03723;1,29942;;0,99401;
2020-12-24;86,59905;;;;;;;1,03721;1,2994;;0,99399;
2020-12-25;86,5977;;;;;;;1,0372;1,29938;;0,99398;
2020-12-26;86,59636;;;;;;;1,03718;1,29936;;0,99396;
2020-12-27;86,59501;;;;;;;1,03717;1,29934;;0,99395;
2020-12-28;86,59366;;;;;;;1,03715;1,29932;;0,99393;
2020-12-29;86,59232;;;;;;;1,03713;1,2993;;0,99392;
2020-12-30;86,59098;;;;;;;1,03712;1,29928;;0,9939;
2020-12-31;86,58962;;;;;;;1,0371;1,29926;;0,99388;
2021-01-01;86,58828;;;;;;;1,03709;1,29924;;0,99387;
2021-01-02;86,59124;;;;;;;1,03712;1,29929;;0,9939;
2021-01-03;86,59421;;;;;;;1,03716;1,29933;;0,99394;
2021-01-04;86,59717;;;;;;;1,03719;1,29938;;0,99397;
2021-01-05;86,60012;;;;;;;1,03723;1,29942;;0,99401;
2021-01-06;86,60309;;;;;;;1,03726;1,29947;;0,99404;
2021-01-07;86,60605;;;;;;;1,0373;1,29951;;0,99407;
2021-01-08;86,60901;;;;;;;1,03733;1,29955;;0,99411;
2021-01-09;86,61197;;;;;;;1,03737;1,2996;;0,99414;
2021-01-10;86,61494;;;;;;;1,0374;1,29964;;0,99418;
2021-01-11;86,61789;;;;;;;1,03744;1,29969;;0,99421;
2021-01-12;86,62085;;;;;;;1,03748;1,29973;;0,99424;
2021-01-13;86,62382;;;;;;;1,03751;1,29978;;0,99428;
2021-01-14;86,62678;;;;;;;1,03755;1,29982;;0,99431;
2021-01-15;86,62974;;;;;;;1,03758;1,29987;;0,99435;
2021-01-16;86,63271;;;;;;;1,03762;1,29991;;0,99438;
2021-01-17;86,63566;;;;;;;1,03765;1,29995;;0,99441;
2021-01-18;86,63862;;;;;;;1,03769;1,3;;0,99445;
2021-01-19;86,64159;;;;;;;1,03772;1,30004;;0,99448;
2021-01-20;86,64455;;;;;;;1,03776;1,30009;;0,99451;
2021-01-21;86,64751;;;;;;;1,03779;1,30013;;0,99455;
2021-01-22;86,65047;;;;;;;1,03783;1,30018;;0,99458;
2021-01-23;86,65343;;;;;;;1,03787;1,30022;;0,99462;
2021-01-24;86,65639;;;;;;;1,0379;1,30027;;0,99465;
2021-01-25;86,65935;;;;;;;1,03794;1,30031;;0,99468;
2021-01-26;86,66232;;;;;;;1,03797;1,30035;;0,99472;
2021-01-27;86,66528;;;;;;;1,03801;1,3004;;0,99475;
2021-01-28;86,66824;;;;;;;1,03804;1,30044;;0,99479;
2021-01-29;86,6712;;;;;;;1,03808;1,30049;;0,99482;
2021-01-30;86,67416;;;;;;;1,03811;1,30053;;0,99485;
2021-01-31;86,67712;;;;;;;1,03815;1,30058;;0,99489;
2021-02-01;86,68009;;;;;;;1,03818;1,30062;;0,99492;
2021-02-02;86,68694;;;;;;;1,03827;1,30072;;0,995;
2021-02-03;86,6938;;;;;;;1,03835;1,30083;;0,99508;
2021-02-04;86,70065;;;;;;;1,03843;1,30093;;0,99516;
2021-02-05;86,70751;;;;;;;1,03851;1,30103;;0,99524;
2021-02-06;86,71436;;;;;;;1,0386;1,30113;;0,99532;
2021-02-07;86,72122;;;;;;;1,03868;1,30124;;0,9954;
2021-02-08;86,72807;;;;;;;1,03876;1,30134;;0,99547;
2021-02-09;86,73493;;;;;;;1,03884;1,30144;;0,99555;
2021-02-10;86,74179;;;;;;;1,03892;1,30155;;0,99563;
2021-02-11;86,74864;;;;;;;1,03901;1,30165;;0,99571;
2021-02-12;86,7555;;;;;;;1,03909;1,30175;;0,99579;
2021-02-13;86,76235;;;;;;;1,03917;1,30185;;0,99587;
2021-02-14;86,76921;;;;;;;1,03925;1,30196;;0,99595;
2021-02-15;86,77606;;;;;;;1,03933;1,30206;;0,99602;
2021-02-16;86,78291;;;;;;;1,03942;1,30216;;0,9961;
2021-02-17;86,78977;;;;;;;1,0395;1,30227;;0,99618;
2021-02-18;86,79663;;;;;;;1,03958;1,30237;;0,99626;
2021-02-19;86,80349;;;;;;;1,03966;1,30247;;0,99634;
2021-02-20;86,81034;;;;;;;1,03974;1,30257;;0,99642;
2021-02-21;86,8172;;;;;;;1,03983;1,30268;;0,9965;
2021-02-22;86,82405;;;;;;;1,03991;1,30278;;0,99658;
2021-02-23;86,8309;;;;;;;1,03999;1,30288;;0,99665;
2021-02-24;86,83776;;;;;;;1,04007;1,30299;;0,99673;
2021-02-25;86,84462;;;;;;;1,04016;1,30309;;0,99681;
2021-02-26;86,85148;;;;;;;1,04024;1,30319;;0,99689;
2021-02-27;86,85833;;;;;;;1,04032;1,3033;;0,99697;
2021-02-28;86,86519;;;;;;;1,0404;1,3034;;0,99705;
2021-03-01;86,87204;;;;;;;1,04048;1,3035;1;0,99713;
2021-03-02;86,87608;;;;;;;1,04053;1,30356;1,00005;0,99717;
2021-03-03;86,88012;;;;;;;1,04058;1,30362;1,00009;0,99722;
2021-03-04;86,88416;;;;;;;1,04063;1,30368;1,00014;0,99727;
2021-03-05;86,88819;;;;;;;1,04068;1,30374;1,00019;0,99731;
2021-03-06;86,89223;;;;;;;1,04073;1,3038;1,00023;0,99736;
2021-03-07;86,89627;;;;;;;1,04077;1,30386;1,00028;0,9974;
2021-03-08;86,90031;;;;;;;1,04082;1,30392;1,00033;0,99745;
2021-03-09;86,90435;;;;;;;1,04087;1,30399;1,00037;0,9975;
2021-03-10;86,90839;;;;;;;1,04092;1,30405;1,00042;0,99754;
2021-03-11;86,91243;;;;;;;1,04097;1,30411;1,00046;0,99759;
2021-03-12;86,91646;;;;;;;1,04102;1,30417;1,00051;0,99764;
2021-03-13;86,9205;;;;;;;1,04106;1,30423;1,00056;0,99768;
2021-03-14;86,92454;;;;;;;1,04111;1,30429;1,0006;0,99773;
2021-03-15;86,92857;;;;;;;1,04116;1,30435;1,00065;0,99778;
2021-03-16;86,93261;;;;;;;1,04121;1,30441;1,0007;0,99782;
2021-03-17;86,93665;;;;;;;1,04126;1,30447;1,00074;0,99787;
2021-03-18;86,94069;;;;;;;1,04131;1,30453;1,00079;0,99791;
2021-03-19;86,94473;;;;;;;1,04135;1,30459;1,00084;0,99796;
2021-03-20;86,94877;;;;;;;1,0414;1,30465;1,00088;0,99801;
2021-03-21;86,9528;;;;;;;1,04145;1,30471;1,00093;0,99805;
2021-03-22;86,95684;;;;;;;1,0415;1,30477;1,00098;0,9981;
2021-03-23;86,96088;;;;;;;1,04155;1,30483;1,00102;0,99815;
2021-03-24;86,96492;;;;;;;1,0416;1,30489;1,00107;0,99819;
2021-03-25;86,96896;;;;;;;1,04164;1,30496;1,00112;0,99824;
2021-03-26;86,973;;;;;;;1,04169;1,30502;1,00116;0,99828;
2021-03-27;86,97704;;;;;;;1,04174;1,30508;1,00121;0,99833;
2021-03-28;86,98108;;;;;;;1,04179;1,30514;1,00126;0,99838;
2021-03-29;86,98511;;;;;;;1,04184;1,3052;1,0013;0,99842;
2021-03-30;86,98915;;;;;;;1,04189;1,30526;1,00135;0,99847;
2021-03-31;86,99319;;;;;;;1,04193;1,30532;1,00139;0,99852;
2021-04-01;86,99723;;;;;;;1,04198;1,30538;1,00144;0,99856;
2021-04-02;86,99723;;;;;;;1,04198;1,30538;1,00144;0,99856;
2021-04-03;86,99723;;;;;;;1,04198;1,30538;1,00144;0,99856;
2021-04-04;86,99723;;;;;;;1,04198;1,30538;1,00144;0,99856;
2021-04-05;86,99723;;;;;;;1,04198;1,30538;1,00144;0,99856;
2021-04-06;86,99723;;;;;;;1,04198;1,30538;1,00144;0,99856;
2021-04-07;86,99723;;;;;;;1,04198;1,30538;1,00144;0,99856;
2021-04-08;86,99723;;;;;;;1,04198;1,30538;1,00144;0,99856;
2021-04-09;86,99723;;;;;;;1,04198;1,30538;1,00144;0,99856;
2021-04-10;86,99723;;;;;;;1,04198;1,30538;1,00144;0,99856;
2021-04-11;86,99723;;;;;;;1,04198;1,30538;1,00144;0,99856;
2021-04-12;86,99723;;;;;;;1,04198;1,30538;1,00144;0,99856;
2021-04-13;86,99723;;;;;;;1,04198;1,30538;1,00144;0,99856;
2021-04-14;86,99723;;;;;;;1,04198;1,30538;1,00144;0,99856;
2021-04-15;86,99723;;;;;;;1,04198;1,30538;1,00144;0,99856;
2021-04-16;86,99723;;;;;;;1,04198;1,30538;1,00144;0,99856;
2021-04-17;86,99723;;;;;;;1,04198;1,30538;1,00144;0,99856;
2021-04-18;86,99723;;;;;;;1,04198;1,30538;1,00144;0,99856;
2021-04-19;86,99723;;;;;;;1,04198;1,30538;1,00144;0,99856;
2021-04-20;86,99723;;;;;;;1,04198;1,30538;1,00144;0,99856;
2021-04-21;86,99723;;;;;;;1,04198;1,30538;1,00144;0,99856;
2021-04-22;86,99723;;;;;;;1,04198;1,30538;1,00144;0,99856;
2021-04-23;86,99723;;;;;;;1,04198;1,30538;1,00144;0,99856;
2021-04-24;86,99723;;;;;;;1,04198;1,30538;1,00144;0,99856;
2021-04-25;86,99723;;;;;;;1,04198;1,30538;1,00144;0,99856;
2021-04-26;86,99723;;;;;;;1,04198;1,30538;1,00144;0,99856;
2021-04-27;86,99723;;;;;;;1,04198;1,30538;1,00144;0,99856;
2021-04-28;86,99723;;;;;;;1,04198;1,30538;1,00144;0,99856;
2021-04-29;86,99723;;;;;;;1,04198;1,30538;1,00144;0,99856;
2021-04-30;86,99723;;;;;;;1,04198;1,30538;1,00144;0,99856;
2021-05-01;86,99723;;;;;;;1,04198;1,30538;1,00144;0,99856;
2021-05-02;87,01473;;;;;;;1,04219;1,30564;1,00164;0,99876;
2021-05-03;87,03223;;;;;;;1,0424;1,3059;1,00184;0,99896;
2021-05-04;87,04972;;;;;;;1,04261;1,30617;1,00205;0,99917;
2021-05-05;87,06722;;;;;;;1,04282;1,30643;1,00225;0,99937;
2021-05-06;87,08473;;;;;;;1,04303;1,30669;1,00245;0,99957;
2021-05-07;87,10223;;;;;;;1,04324;1,30695;1,00265;0,99977;
2021-05-08;87,11972;;;;;;;1,04345;1,30722;1,00285;0,99997;
2021-05-09;87,13722;;;;;;;1,04366;1,30748;1,00305;1,00017;
2021-05-10;87,15472;;;;;;;1,04387;1,30774;1,00325;1,00037;
2021-05-11;87,17222;;;;;;;1,04408;1,30801;1,00346;1,00057;
2021-05-12;87,18973;;;;;;;1,04429;1,30827;1,00366;1,00077;
2021-05-13;87,20722;;;;;;;1,0445;1,30853;1,00386;1,00097;
2021-05-14;87,22472;;;;;;;1,04471;1,30879;1,00406;1,00117;
2021-05-15;87,24222;;;;;;;1,04492;1,30906;1,00426;1,00138;
2021-05-16;87,25972;;;;;;;1,04513;1,30932;1,00446;1,00158;
2021-05-17;87,27721;;;;;;;1,04534;1,30958;1,00466;1,00178;
2021-05-18;87,29472;;;;;;;1,04555;1,30984;1,00487;1,00198;
2021-05-19;87,31222;;;;;;;1,04576;1,31011;1,00507;1,00218;
2021-05-20;87,32972;;;;;;;1,04597;1,31037;1,00527;1,00238;
2021-05-21;87,34721;;;;;;;1,04618;1,31063;1,00547;1,00258;
2021-05-22;87,36471;;;;;;;1,04638;1,31089;1,00567;1,00278;
2021-05-23;87,38221;;;;;;;1,04659;1,31116;1,00587;1,00298;
2021-05-24;87,39972;;;;;;;1,0468;1,31142;1,00607;1,00318;
2021-05-25;87,41722;;;;;;;1,04701;1,31168;1,00628;1,00338;
2021-05-26;87,43471;;;;;;;1,04722;1,31194;1,00648;1,00358;
2021-05-27;87,45221;;;;;;;1,04743;1,31221;1,00668;1,00379;
2021-05-28;87,46971;;;;;;;1,04764;1,31247;1,00688;1,00399;
2021-05-29;87,48721;;;;;;;1,04785;1,31273;1,00708;1,00419;
2021-05-30;87,50471;;;;;;;1,04806;1,31299;1,00728;1,00439;
2021-05-31;87,52221;;;;;;;1,04827;1,31326;1,00748;1,00459;
2021-06-01;87,53971;;;;;;;1,04848;1,31352;1,00769;1,00479;
2021-06-02;87,54277;;;;;;;1,04852;1,31357;1,00772;1,00482;
2021-06-03;87,54583;;;;;;;1,04855;1,31361;1,00776;1,00486;
2021-06-04;87,54889;;;;;;;1,04859;1,31366;1,00779;1,0049;
2021-06-05;87,55195;;;;;;;1,04863;1,3137;1,00783;1,00493;
2021-06-06;87,55501;;;;;;;1,04866;1,31375;1,00786;1,00497;
2021-06-07;87,55807;;;;;;;1,0487;1,31379;1,0079;1,005;
2021-06-08;87,56113;;;;;;;1,04874;1,31384;1,00793;1,00504;
2021-06-09;87,56419;;;;;;;1,04877;1,31389;1,00797;1,00507;
2021-06-10;87,56725;;;;;;;1,04881;1,31393;1,008;1,00511;
2021-06-11;87,57031;;;;;;;1,04885;1,31398;1,00804;1,00514;
2021-06-12;87,57337;;;;;;;1,04888;1,31402;1,00807;1,00518;
2021-06-13;87,57643;;;;;;;1,04892;1,31407;1,00811;1,00521;
2021-06-14;87,57949;;;;;;;1,04896;1,31412;1,00814;1,00525;
2021-06-15;87,58255;;;;;;;1,04899;1,31416;1,00818;1,00528;
2021-06-16;87,58561;;;;;;;1,04903;1,31421;1,00821;1,00532;
2021-06-17;87,58867;;;;;;;1,04907;1,31425;1,00825;1,00535;
2021-06-18;87,59173;;;;;;;1,0491;1,3143;1,00828;1,00539;
2021-06-19;87,59479;;;;;;;1,04914;1,31435;1,00832;1,00542;
2021-06-20;87,59785;;;;;;;1,04918;1,31439;1,00835;1,00546;
2021-06-21;87,60091;;;;;;;1,04921;1,31444;1,00839;1,00549;
2021-06-22;87,60397;;;;;;;1,04925;1,31448;1,00843;1,00553;
2021-06-23;87,60703;;;;;;;1,04929;1,31453;1,00846;1,00556;
2021-06-24;87,61009;;;;;;;1,04932;1,31458;1,0085;1,0056;
2021-06-25;87,61315;;;;;;;1,04936;1,31462;1,00853;1,00563;
2021-06-26;87,61622;;;;;;;1,0494;1,31467;1,00857;1,00567;
2021-06-27;87,61927;;;;;;;1,04943;1,31471;1,0086;1,0057;
2021-06-28;87,62233;;;;;;;1,04947;1,31476;1,00864;1,00574;
2021-06-29;87,6254;;;;;;;1,04951;1,3148;1,00867;1,00577;
2021-06-30;87,62845;;;;;;;1,04954;1,31485;1,00871;1,00581;
2021-07-01;87,63151;;;;;;;1,04958;1,3149;1,00874;1,00584;
2021-07-02;87,64067;;;;;;;1,04969;1,31503;1,00885;1,00595;
2021-07-03;87,64982;;;;;;;1,0498;1,31517;1,00895;1,00605;
2021-07-04;87,65897;;;;;;;1,04991;1,31531;1,00906;1,00616;
2021-07-05;87,66813;;;;;;;1,05002;1,31545;1,00916;1,00626;
2021-07-06;87,67728;;;;;;;1,05013;1,31558;1,00927;1,00637;
2021-07-07;87,68644;;;;;;;1,05024;1,31572;1,00937;1,00647;
2021-07-08;87,69558;;;;;;;1,05035;1,31586;1,00948;1,00658;
2021-07-09;87,70474;;;;;;;1,05046;1,316;1,00959;1,00668;
2021-07-10;87,71389;;;;;;;1,05057;1,31613;1,00969;1,00679;
2021-07-11;87,72305;;;;;;;1,05068;1,31627;1,0098;1,00689;
2021-07-12;87,73221;;;;;;;1,05079;1,31641;1,0099;1,007;
2021-07-13;87,74135;;;;;;;1,0509;1,31654;1,01001;1,0071;
2021-07-14;87,75051;;;;;;;1,05101;1,31668;1,01011;1,00721;
2021-07-15;87,75966;;;;;;;1,05112;1,31682;1,01022;1,00731;
2021-07-16;87,76882;;;;;;;1,05122;1,31696;1,01032;1,00742;
2021-07-17;87,77797;;;;;;;1,05133;1,31709;1,01043;1,00752;
2021-07-18;87,78712;;;;;;;1,05144;1,31723;1,01053;1,00763;
2021-07-19;87,79628;;;;;;;1,05155;1,31737;1,01064;1,00773;
2021-07-20;87,80543;;;;;;;1,05166;1,31751;1,01074;1,00784;
2021-07-21;87,81458;;;;;;;1,05177;1,31764;1,01085;1,00794;
2021-07-22;87,82373;;;;;;;1,05188;1,31778;1,01096;1,00805;
2021-07-23;87,83289;;;;;;;1,05199;1,31792;1,01106;1,00815;
2021-07-24;87,84205;;;;;;;1,0521;1,31806;1,01117;1,00826;
2021-07-25;87,8512;;;;;;;1,05221;1,31819;1,01127;1,00837;
2021-07-26;87,86035;;;;;;;1,05232;1,31833;1,01138;1,00847;
2021-07-27;87,8695;;;;;;;1,05243;1,31847;1,01148;1,00858;
2021-07-28;87,87866;;;;;;;1,05254;1,3186;1,01159;1,00868;
2021-07-29;87,88781;;;;;;;1,05265;1,31874;1,01169;1,00879;
2021-07-30;87,89696;;;;;;;1,05276;1,31888;1,0118;1,00889;
2021-07-31;87,90612;;;;;;;1,05287;1,31902;1,0119;1,009;
2021-08-01;87,91527;;;;;;;1,05298;1,31915;1,01201;1,0091;
2021-08-02;87,91904;;;;;;;1,05302;1,31921;1,01205;1,00914;
2021-08-03;87,92281;;;;;;;1,05307;1,31927;1,0121;1,00919;
2021-08-04;87,92658;;;;;;;1,05311;1,31932;1,01214;1,00923;
2021-08-05;87,93034;;;;;;;1,05316;1,31938;1,01218;1,00927;
2021-08-06;87,93412;;;;;;;1,0532;1,31944;1,01223;1,00932;
2021-08-07;87,93789;;;;;;;1,05325;1,31949;1,01227;1,00936;
2021-08-08;87,94165;;;;;;;1,05329;1,31955;1,01231;1,0094;
2021-08-09;87,94543;;;;;;;1,05334;1,31961;1,01236;1,00945;
2021-08-10;87,9492;;;;;;;1,05339;1,31966;1,0124;1,00949;
2021-08-11;87,95296;;;;;;;1,05343;1,31972;1,01244;1,00953;
2021-08-12;87,95673;;;;;;;1,05348;1,31978;1,01249;1,00958;
2021-08-13;87,9605;;;;;;;1,05352;1,31983;1,01253;1,00962;
2021-08-14;87,96427;;;;;;;1,05357;1,31989;1,01257;1,00966;
2021-08-15;87,96804;;;;;;;1,05361;1,31995;1,01262;1,00971;
2021-08-16;87,97181;;;;;;;1,05366;1,32;1,01266;1,00975;
2021-08-17;87,97558;;;;;;;1,0537;1,32006;1,0127;1,00979;
2021-08-18;87,97934;;;;;;;1,05375;1,32012;1,01275;1,00984;
2021-08-19;87,98312;;;;;;;1,05379;1,32017;1,01279;1,00988;
2021-08-20;87,98689;;;;;;;1,05384;1,32023;1,01283;1,00992;
2021-08-21;87,99065;;;;;;;1,05388;1,32029;1,01288;1,00997;
2021-08-22;87,99442;;;;;;;1,05393;1,32034;1,01292;1,01001;
2021-08-23;87,99819;;;;;;;1,05397;1,3204;1,01296;1,01005;
2021-08-24;88,00196;;;;;;;1,05402;1,32046;1,01301;1,0101;
2021-08-25;88,00573;;;;;;;1,05406;1,32051;1,01305;1,01014;
2021-08-26;88,0095;;;;;;;1,05411;1,32057;1,01309;1,01018;
2021-08-27;88,01327;;;;;;;1,05415;1,32062;1,01314;1,01023;
2021-08-28;88,01704;;;;;;;1,0542;1,32068;1,01318;1,01027;
2021-08-29;88,02081;;;;;;;1,05424;1,32074;1,01322;1,01031;
2021-08-30;88,02458;;;;;;;1,05429;1,32079;1,01327;1,01036;
2021-08-31;88,02834;;;;;;;1,05433;1,32085;1,01331;1,0104;
2021-09-01;88,03211;;;;;;;1,05438;1,32091;1,01335;1,01044;
2021-09-02;88,03406;;;;;;;1,0544;1,32094;1,01338;1,01046;
2021-09-03;88,03601;;;;;;;1,05442;1,32097;1,0134;1,01049;
2021-09-04;88,03796;;;;;;;1,05445;1,321;1,01342;1,01051;
2021-09-05;88,0399;;;;;;;1,05447;1,32102;1,01344;1,01053;
2021-09-06;88,04185;;;;;;;1,05449;1,32105;1,01347;1,01055;
2021-09-07;88,0438;;;;;;;1,05452;1,32108;1,01349;1,01058;
2021-09-08;88,04574;;;;;;;1,05454;1,32111;1,01351;1,0106;
2021-09-09;88,0477;;;;;;;1,05456;1,32114;1,01353;1,01062;
2021-09-10;88,04964;;;;;;;1,05459;1,32117;1,01356;1,01064;
2021-09-11;88,05159;;;;;;;1,05461;1,3212;1,01358;1,01067;
2021-09-12;88,05354;;;;;;;1,05463;1,32123;1,0136;1,01069;
2021-09-13;88,05548;;;;;;;1,05466;1,32126;1,01362;1,01071;
2021-09-14;88,05743;;;;;;;1,05468;1,32129;1,01365;1,01073;
2021-09-15;88,05938;;;;;;;1,0547;1,32132;1,01367;1,01075;
2021-09-16;88,06132;;;;;;;1,05473;1,32135;1,01369;1,01078;
2021-09-17;88,06327;;;;;;;1,05475;1,32137;1,01371;1,0108;
2021-09-18;88,06522;;;;;;;1,05477;1,3214;1,01373;1,01082;
2021-09-19;88,06717;;;;;;;1,0548;1,32143;1,01376;1,01084;
2021-09-20;88,06911;;;;;;;1,05482;1,32146;1,01378;1,01087;
2021-09-21;88,07106;;;;;;;1,05484;1,32149;1,0138;1,01089;
2021-09-22;88,07301;;;;;;;1,05487;1,32152;1,01382;1,01091;
2021-09-23;88,07495;;;;;;;1,05489;1,32155;1,01385;1,01093;
2021-09-24;88,07691;;;;;;;1,05491;1,32158;1,01387;1,01096;
2021-09-25;88,07885;;;;;;;1,05494;1,32161;1,01389;1,01098;
2021-09-26;88,0808;;;;;;;1,05496;1,32164;1,01391;1,011;
2021-09-27;88,08275;;;;;;;1,05498;1,32167;1,01394;1,01102;
2021-09-28;88,08469;;;;;;;1,05501;1,3217;1,01396;1,01105;
2021-09-29;88,08664;;;;;;;1,05503;1,32173;1,01398;1,01107;
2021-09-30;88,08859;;;;;;;1,05505;1,32175;1,014;1,01109;
2021-10-01;88,09054;;;;;;;1,05508;1,32178;1,01403;1,01111;
2021-10-02;88,1083;;;;;;;1,05529;1,32205;1,01423;1,01132;
2021-10-03;88,12607;;;;;;;1,0555;1,32232;1,01444;1,01152;
2021-10-04;88,14384;;;;;;;1,05572;1,32258;1,01464;1,01172;
2021-10-05;88,16161;;;;;;;1,05593;1,32285;1,01484;1,01193;
2021-10-06;88,17938;;;;;;;1,05614;1,32312;1,01505;1,01213;
2021-10-07;88,19715;;;;;;;1,05635;1,32338;1,01525;1,01234;
2021-10-08;88,21491;;;;;;;1,05657;1,32365;1,01546;1,01254;
2021-10-09;88,23268;;;;;;;1,05678;1,32392;1,01566;1,01274;
2021-10-10;88,25045;;;;;;;1,05699;1,32418;1,01587;1,01295;
2021-10-11;88,26822;;;;;;;1,05721;1,32445;1,01607;1,01315;
2021-10-12;88,28599;;;;;;;1,05742;1,32472;1,01628;1,01336;
2021-10-13;88,30376;;;;;;;1,05763;1,32498;1,01648;1,01356;
2021-10-14;88,32152;;;;;;;1,05784;1,32525;1,01669;1,01376;
2021-10-15;88,33929;;;;;;;1,05806;1,32552;1,01689;1,01397;
2021-10-16;88,35706;;;;;;;1,05827;1,32578;1,01709;1,01417;
2021-10-17;88,37484;;;;;;;1,05848;1,32605;1,0173;1,01438;
2021-10-18;88,39261;;;;;;;1,0587;1,32632;1,0175;1,01458;
2021-10-19;88,41037;;;;;;;1,05891;1,32658;1,01771;1,01478;
2021-10-20;88,42814;;;;;;;1,05912;1,32685;1,01791;1,01499;
2021-10-21;88,44591;;;;;;;1,05933;1,32712;1,01812;1,01519;
2021-10-22;88,46368;;;;;;;1,05955;1,32738;1,01832;1,0154;
2021-10-23;88,48145;;;;;;;1,05976;1,32765;1,01853;1,0156;
2021-10-24;88,49922;;;;;;;1,05997;1,32792;1,01873;1,0158;
2021-10-25;88,51698;;;;;;;1,06019;1,32818;1,01894;1,01601;
2021-10-26;88,53475;;;;;;;1,0604;1,32845;1,01914;1,01621;
2021-10-27;88,55252;;;;;;;1,06061;1,32872;1,01934;1,01641;
2021-10-28;88,57029;;;;;;;1,06082;1,32898;1,01955;1,01662;
2021-10-29;88,58806;;;;;;;1,06104;1,32925;1,01975;1,01682;
2021-10-30;88,60583;;;;;;;1,06125;1,32952;1,01996;1,01703;
2021-10-31;88,62359;;;;;;;1,06146;1,32978;1,02016;1,01723;
2021-11-01;88,64136;;;;;;;1,06168;1,33005;1,02037;1,01743;
2021-11-02;88,63469;;;;;;;1,0616;1,32995;1,02029;1,01736;
2021-11-03;88,62801;;;;;;;1,06152;1,32985;1,02021;1,01728;
2021-11-04;88,62133;;;;;;;1,06144;1,32975;1,02014;1,0172;
2021-11-05;88,61466;;;;;;;1,06136;1,32965;1,02006;1,01713;
2021-11-06;88,60798;;;;;;;1,06128;1,32955;1,01998;1,01705;
2021-11-07;88,6013;;;;;;;1,0612;1,32945;1,01991;1,01697;
2021-11-08;88,59463;;;;;;;1,06112;1,32935;1,01983;1,0169;
2021-11-09;88,58795;;;;;;;1,06104;1,32925;1,01975;1,01682;
2021-11-10;88,58127;;;;;;;1,06096;1,32915;1,01968;1,01674;
2021-11-11;88,5746;;;;;;;1,06088;1,32905;1,0196;1,01667;
2021-11-12;88,56792;;;;;;;1,0608;1,32895;1,01952;1,01659;
2021-11-13;88,56124;;;;;;;1,06072;1,32885;1,01944;1,01651;
2021-11-14;88,55456;;;;;;;1,06064;1,32875;1,01937;1,01644;
2021-11-15;88,54789;;;;;;;1,06056;1,32865;1,01929;1,01636;
2021-11-16;88,54121;;;;;;;1,06048;1,32855;1,01921;1,01629;
2021-11-17;88,53453;;;;;;;1,0604;1,32845;1,01914;1,01621;
2021-11-18;88,52786;;;;;;;1,06032;1,32835;1,01906;1,01613;
2021-11-19;88,52118;;;;;;;1,06024;1,32825;1,01898;1,01606;
2021-11-20;88,5145;;;;;;;1,06016;1,32815;1,01891;1,01598;
2021-11-21;88,50783;;;;;;;1,06008;1,32805;1,01883;1,0159;
2021-11-22;88,50115;;;;;;;1,06;1,32795;1,01875;1,01583;
2021-11-23;88,49447;;;;;;;1,05992;1,32785;1,01868;1,01575;
2021-11-24;88,4878;;;;;;;1,05984;1,32774;1,0186;1,01567;
2021-11-25;88,48112;;;;;;;1,05976;1,32764;1,01852;1,0156;
2021-11-26;88,47444;;;;;;;1,05968;1,32754;1,01845;1,01552;
2021-11-27;88,46777;;;;;;;1,0596;1,32744;1,01837;1,01544;
2021-11-28;88,46109;;;;;;;1,05952;1,32734;1,01829;1,01537;
2021-11-29;88,45441;;;;;;;1,05944;1,32724;1,01822;1,01529;
2021-11-30;88,44774;;;;;;;1,05936;1,32714;1,01814;1,01521;
2021-12-01;88,44106;;;;;;;1,05928;1,32704;1,01806;1,01514;
2021-12-02;88,45318;;;;;;;1,05942;1,32723;1,0182;1,01527;
2021-12-03;88,46529;;;;;;;1,05957;1,32741;1,01834;1,01541;
2021-12-04;88,47741;;;;;;;1,05971;1,32759;1,01848;1,01555;
2021-12-05;88,48952;;;;;;;1,05986;1,32777;1,01862;1,01569;
2021-12-06;88,50164;;;;;;;1,06;1,32795;1,01876;1,01583;
2021-12-07;88,51375;;;;;;;1,06015;1,32813;1,0189;1,01597;
2021-12-08;88,52586;;;;;;;1,06029;1,32832;1,01904;1,01611;
2021-12-09;88,53798;;;;;;;1,06044;1,3285;1,01918;1,01625;
2021-12-10;88,5501;;;;;;;1,06058;1,32868;1,01932;1,01639;
2021-12-11;88,56221;;;;;;;1,06073;1,32886;1,01946;1,01653;
2021-12-12;88,57433;;;;;;;1,06087;1,32904;1,0196;1,01667;
2021-12-13;88,58644;;;;;;;1,06102;1,32923;1,01973;1,0168;
2021-12-14;88,59856;;;;;;;1,06116;1,32941;1,01987;1,01694;
2021-12-15;88,61067;;;;;;;1,06131;1,32959;1,02001;1,01708;
2021-12-16;88,62278;;;;;;;1,06145;1,32977;1,02015;1,01722;
2021-12-17;88,6349;;;;;;;1,0616;1,32995;1,02029;1,01736;
2021-12-18;88,64701;;;;;;;1,06174;1,33013;1,02043;1,0175;
2021-12-19;88,65913;;;;;;;1,06189;1,33032;1,02057;1,01764;
2021-12-20;88,67125;;;;;;;1,06203;1,3305;1,02071;1,01778;
2021-12-21;88,68336;;;;;;;1,06218;1,33068;1,02085;1,01792;
2021-12-22;88,69548;;;;;;;1,06232;1,33086;1,02099;1,01806;
2021-12-23;88,70759;;;;;;;1,06247;1,33104;1,02113;1,01819;
2021-12-24;88,7197;;;;;;;1,06261;1,33122;1,02127;1,01833;
2021-12-25;88,73182;;;;;;;1,06276;1,33141;1,02141;1,01847;
2021-12-26;88,74393;;;;;;;1,0629;1,33159;1,02155;1,01861;
2021-12-27;88,75605;;;;;;;1,06305;1,33177;1,02169;1,01875;
2021-12-28;88,76817;;;;;;;1,06319;1,33195;1,02183;1,01889;
2021-12-29;88,78028;;;;;;;1,06334;1,33213;1,02197;1,01903;
2021-12-30;88,7924;;;;;;;1,06348;1,33232;1,02211;1,01917;
2021-12-31;88,80451;;;;;;;1,06363;1,3325;1,02224;1,01931;
2022-01-01;88,81662;;;;;;;1,06377;1,33268;1,02238;1,01945;
2022-01-02;88,82739;;;;;;;1,0639;1,33284;1,02251;1,01957;
2022-01-03;88,83817;;;;;;;1,06403;1,333;1,02263;1,01969;
2022-01-04;88,84893;;;;;;;1,06416;1,33316;1,02276;1,01982;
2022-01-05;88,8597;;;;;;;1,06429;1,33333;1,02288;1,01994;
2022-01-06;88,87047;;;;;;;1,06442;1,33349;1,023;1,02006;
2022-01-07;88,88124;;;;;;;1,06455;1,33365;1,02313;1,02019;
2022-01-08;88,892;;;;;;;1,06468;1,33381;1,02325;1,02031;
2022-01-09;88,90278;;;;;;;1,06481;1,33397;1,02338;1,02044;
2022-01-10;88,91355;;;;;;;1,06494;1,33413;1,0235;1,02056;
2022-01-11;88,92431;;;;;;;1,06506;1,33429;1,02362;1,02068;
2022-01-12;88,93509;;;;;;;1,06519;1,33446;1,02375;1,02081;
2022-01-13;88,94585;;;;;;;1,06532;1,33462;1,02387;1,02093;
2022-01-14;88,95662;;;;;;;1,06545;1,33478;1,024;1,02105;
2022-01-15;88,96739;;;;;;;1,06558;1,33494;1,02412;1,02118;
2022-01-16;88,97816;;;;;;;1,06571;1,3351;1,02424;1,0213;
2022-01-17;88,98893;;;;;;;1,06584;1,33526;1,02437;1,02142;
2022-01-18;88,99969;;;;;;;1,06597;1,33543;1,02449;1,02155;
2022-01-19;89,01047;;;;;;;1,0661;1,33559;1,02462;1,02167;
2022-01-20;89,02123;;;;;;;1,06623;1,33575;1,02474;1,02179;
2022-01-21;89,032;;;;;;;1,06635;1,33591;1,02486;1,02192;
2022-01-22;89,04277;;;;;;;1,06648;1,33607;1,02499;1,02204;
2022-01-23;89,05354;;;;;;;1,06661;1,33623;1,02511;1,02217;
2022-01-24;89,0643;;;;;;;1,06674;1,3364;1,02524;1,02229;
2022-01-25;89,07508;;;;;;;1,06687;1,33656;1,02536;1,02241;
2022-01-26;89,08585;;;;;;;1,067;1,33672;1,02548;1,02254;
2022-01-27;89,09661;;;;;;;1,06713;1,33688;1,02561;1,02266;
2022-01-28;89,10739;;;;;;;1,06726;1,33704;1,02573;1,02278;
2022-01-29;89,11815;;;;;;;1,06739;1,3372;1,02586;1,02291;
2022-01-30;89,12892;;;;;;;1,06751;1,33736;1,02598;1,02303;
2022-01-31;89,13969;;;;;;;1,06764;1,33753;1,0261;1,02315;
2022-02-01;89,15046;;;;;;;1,06777;1,33769;1,02623;1,02328;
2022-02-02;89,15672;;;;;;;1,06785;1,33778;1,0263;1,02335;
2022-02-03;89,16298;;;;;;;1,06792;1,33788;1,02637;1,02342;
2022-02-04;89,16924;;;;;;;1,068;1,33797;1,02644;1,02349;
2022-02-05;89,1755;;;;;;;1,06807;1,33806;1,02652;1,02357;
2022-02-06;89,18176;;;;;;;1,06815;1,33816;1,02659;1,02364;
2022-02-07;89,18802;;;;;;;1,06822;1,33825;1,02666;1,02371;
2022-02-08;89,19428;;;;;;;1,0683;1,33835;1,02673;1,02378;
2022-02-09;89,20053;;;;;;;1,06837;1,33844;1,0268;1,02385;
2022-02-10;89,20679;;;;;;;1,06845;1,33853;1,02688;1,02392;
2022-02-11;89,21305;;;;;;;1,06852;1,33863;1,02695;1,024;
2022-02-12;89,21931;;;;;;;1,0686;1,33872;1,02702;1,02407;
2022-02-13;89,22557;;;;;;;1,06867;1,33882;1,02709;1,02414;
2022-02-14;89,23183;;;;;;;1,06875;1,33891;1,02716;1,02421;
2022-02-15;89,23809;;;;;;;1,06882;1,339;1,02724;1,02428;
2022-02-16;89,24435;;;;;;;1,0689;1,3391;1,02731;1,02436;
2022-02-17;89,25061;;;;;;;1,06897;1,33919;1,02738;1,02443;
2022-02-18;89,25687;;;;;;;1,06905;1,33928;1,02745;1,0245;
2022-02-19;89,26313;;;;;;;1,06912;1,33938;1,02752;1,02457;
2022-02-20;89,26939;;;;;;;1,0692;1,33947;1,0276;1,02464;
2022-02-21;89,27565;;;;;;;1,06927;1,33957;1,02767;1,02472;
2022-02-22;89,28191;;;;;;;1,06935;1,33966;1,02774;1,02479;
2022-02-23;89,28817;;;;;;;1,06942;1,33975;1,02781;1,02486;
2022-02-24;89,29443;;;;;;;1,0695;1,33985;1,02788;1,02493;
2022-02-25;89,30068;;;;;;;1,06957;1,33994;1,02796;1,025;
2022-02-26;89,30694;;;;;;;1,06965;1,34004;1,02803;1,02507;
2022-02-27;89,3132;;;;;;;1,06972;1,34013;1,0281;1,02515;
2022-02-28;89,31946;;;;;;;1,0698;1,34022;1,02817;1,02522;
2022-03-01;89,32572;;;;;;;1,06987;1,34032;1,02824;1,02529;
2022-03-02;89,33299;;;;;;;1,06996;1,34043;1,02833;1,02537;
2022-03-03;89,34026;;;;;;;1,07005;1,34054;1,02841;1,02546;
2022-03-04;89,34753;;;;;;;1,07013;1,34065;1,0285;1,02554;
2022-03-05;89,3548;;;;;;;1,07022;1,34075;1,02858;1,02562;
2022-03-06;89,36207;;;;;;;1,07031;1,34086;1,02866;1,02571;
2022-03-07;89,36934;;;;;;;1,07039;1,34097;1,02875;1,02579;
2022-03-08;89,37661;;;;;;;1,07048;1,34108;1,02883;1,02587;
2022-03-09;89,38388;;;;;;;1,07057;1,34119;1,02891;1,02596;
2022-03-10;89,39115;;;;;;;1,07066;1,3413;1,029;1,02604;
2022-03-11;89,39841;;;;;;;1,07074;1,34141;1,02908;1,02612;
2022-03-12;89,40568;;;;;;;1,07083;1,34152;1,02917;1,02621;
2022-03-13;89,41295;;;;;;;1,07092;1,34163;1,02925;1,02629;
2022-03-14;89,42022;;;;;;;1,071;1,34174;1,02933;1,02637;
2022-03-15;89,42749;;;;;;;1,07109;1,34184;1,02942;1,02646;
2022-03-16;89,43476;;;;;;;1,07118;1,34195;1,0295;1,02654;
2022-03-17;89,44202;;;;;;;1,07126;1,34206;1,02958;1,02662;
2022-03-18;89,44929;;;;;;;1,07135;1,34217;1,02967;1,02671;
2022-03-19;89,45656;;;;;;;1,07144;1,34228;1,02975;1,02679;
2022-03-20;89,46383;;;;;;;1,07153;1,34239;1,02983;1,02687;
2022-03-21;89,4711;;;;;;;1,07161;1,3425;1,02992;1,02696;
2022-03-22;89,47837;;;;;;;1,0717;1,34261;1,03;1,02704;
2022-03-23;89,48564;;;;;;;1,07179;1,34272;1,03009;1,02713;
2022-03-24;89,49291;;;;;;;1,07187;1,34283;1,03017;1,02721;
2022-03-25;89,50018;;;;;;;1,07196;1,34294;1,03025;1,02729;
2022-03-26;89,50744;;;;;;;1,07205;1,34304;1,03034;1,02738;
2022-03-27;89,51471;;;;;;;1,07214;1,34315;1,03042;1,02746;
2022-03-28;89,52198;;;;;;;1,07222;1,34326;1,0305;1,02754;
2022-03-29;89,52925;;;;;;;1,07231;1,34337;1,03059;1,02763;
2022-03-30;89,53652;;;;;;;1,0724;1,34348;1,03067;1,02771;
2022-03-31;89,54379;;;;;;;1,07248;1,34359;1,03076;1,02779;
2022-04-01;89,55106;;;;;;;1,07257;1,3437;1,03084;1,02788;
2022-04-02;89,57443;;;;;;;1,07285;1,34405;1,03111;1,02814;
2022-04-03;89,5978;;;;;;;1,07313;1,3444;1,03138;1,02841;
2022-04-04;89,62117;;;;;;;1,07341;1,34475;1,03165;1,02868;
2022-04-05;89,64453;;;;;;;1,07369;1,3451;1,03191;1,02895;
2022-04-06;89,6679;;;;;;;1,07397;1,34545;1,03218;1,02922;
2022-04-07;89,69127;;;;;;;1,07425;1,3458;1,03245;1,02949;
2022-04-08;89,71464;;;;;;;1,07453;1,34615;1,03272;1,02975;
2022-04-09;89,73801;;;;;;;1,07481;1,3465;1,03299;1,03002;
2022-04-10;89,76138;;;;;;;1,07509;1,34685;1,03326;1,03029;
2022-04-11;89,78474;;;;;;;1,07537;1,34721;1,03353;1,03056;
2022-04-12;89,80811;;;;;;;1,07565;1,34756;1,0338;1,03083;
2022-04-13;89,83148;;;;;;;1,07593;1,34791;1,03407;1,03109;
2022-04-14;89,85485;;;;;;;1,07621;1,34826;1,03434;1,03136;
2022-04-15;89,87822;;;;;;;1,07649;1,34861;1,0346;1,03163;
2022-04-16;89,90159;;;;;;;1,07677;1,34896;1,03487;1,0319;
2022-04-17;89,92495;;;;;;;1,07705;1,34931;1,03514;1,03217;
2022-04-18;89,94832;;;;;;;1,07733;1,34966;1,03541;1,03244;
2022-04-19;89,97169;;;;;;;1,07761;1,35001;1,03568;1,0327;
2022-04-20;89,99506;;;;;;;1,07789;1,35036;1,03595;1,03297;
2022-04-21;90,01843;;;;;;;1,07817;1,35071;1,03622;1,03324;
2022-04-22;90,0418;;;;;;;1,07845;1,35106;1,03649;1,03351;
2022-04-23;90,06517;;;;;;;1,07873;1,35141;1,03676;1,03378;
2022-04-24;90,08853;;;;;;;1,07901;1,35176;1,03703;1,03405;
2022-04-25;90,1119;;;;;;;1,07929;1,35211;1,03729;1,03431;
2022-04-26;90,13527;;;;;;;1,07957;1,35247;1,03756;1,03458;
2022-04-27;90,15864;;;;;;;1,07985;1,35282;1,03783;1,03485;
2022-04-28;90,18201;;;;;;;1,08013;1,35317;1,0381;1,03512;
2022-04-29;90,20538;;;;;;;1,08041;1,35352;1,03837;1,03539;
2022-04-30;90,22874;;;;;;;1,08069;1,35387;1,03864;1,03565;
2022-05-01;90,25211;;;;;;;1,08097;1,35422;1,03891;1,03592;
2022-05-02;90,29411;;;;;;;1,08147;1,35485;1,03939;1,03641;
2022-05-03;90,33611;;;;;;;1,08197;1,35548;1,03988;1,03689;
2022-05-04;90,37811;;;;;;;1,08248;1,35611;1,04036;1,03737;
2022-05-05;90,42011;;;;;;;1,08298;1,35674;1,04084;1,03785;
2022-05-06;90,4621;;;;;;;1,08348;1,35737;1,04133;1,03833;
2022-05-07;90,50411;;;;;;;1,08399;1,358;1,04181;1,03882;
2022-05-08;90,5461;;;;;;;1,08449;1,35863;1,04229;1,0393;
2022-05-09;90,5881;;;;;;;1,08499;1,35926;1,04278;1,03978;
2022-05-10;90,6301;;;;;;;1,08549;1,35989;1,04326;1,04026;
2022-05-11;90,6721;;;;;;;1,086;1,36052;1,04374;1,04074;
2022-05-12;90,7141;;;;;;;1,0865;1,36115;1,04423;1,04123;
2022-05-13;90,75609;;;;;;;1,087;1,36178;1,04471;1,04171;
2022-05-14;90,79809;;;;;;;1,08751;1,36241;1,04519;1,04219;
2022-05-15;90,84009;;;;;;;1,08801;1,36304;1,04568;1,04267;
2022-05-16;90,88209;;;;;;;1,08851;1,36367;1,04616;1,04315;
2022-05-17;90,92409;;;;;;;1,08902;1,3643;1,04664;1,04364;
2022-05-18;90,96608;;;;;;;1,08952;1,36493;1,04713;1,04412;
2022-05-19;91,00809;;;;;;;1,09002;1,36556;1,04761;1,0446;
2022-05-20;91,05009;;;;;;;1,09053;1,36619;1,04809;1,04508;
2022-05-21;91,09208;;;;;;;1,09103;1,36682;1,04858;1,04556;
2022-05-22;91,13408;;;;;;;1,09153;1,36745;1,04906;1,04605;
2022-05-23;91,17608;;;;;;;1,09203;1,36808;1,04954;1,04653;
2022-05-24;91,21808;;;;;;;1,09254;1,36871;1,05003;1,04701;
2022-05-25;91,26008;;;;;;;1,09304;1,36934;1,05051;1,04749;
2022-05-26;91,30207;;;;;;;1,09354;1,36997;1,05099;1,04797;
2022-05-27;91,34408;;;;;;;1,09405;1,3706;1,05148;1,04846;
2022-05-28;91,38607;;;;;;;1,09455;1,37123;1,05196;1,04894;
2022-05-29;91,42807;;;;;;;1,09505;1,37186;1,05245;1,04942;
2022-05-30;91,47007;;;;;;;1,09556;1,37249;1,05293;1,0499;
2022-05-31;91,51207;;;;;;;1,09606;1,37312;1,05341;1,05038;
2022-06-01;91,55407;;;;;;;1,09656;1,37375;1,0539;1,05087;
2022-06-02;91,5677;;;;;;;1,09672;1,37396;1,05405;1,05102;
2022-06-03;91,58133;;;;;;;1,09689;1,37416;1,05421;1,05118;
2022-06-04;91,59496;;;;;;;1,09705;1,37437;1,05437;1,05134;
2022-06-05;91,60859;;;;;;;1,09721;1,37457;1,05452;1,05149;
2022-06-06;91,62223;;;;;;;1,09738;1,37478;1,05468;1,05165;
2022-06-07;91,63586;;;;;;;1,09754;1,37498;1,05484;1,05181;
2022-06-08;91,64948;;;;;;;1,0977;1,37519;1,05499;1,05196;
2022-06-09;91,66312;;;;;;;1,09787;1,37539;1,05515;1,05212;
2022-06-10;91,67675;;;;;;;1,09803;1,37559;1,05531;1,05228;
2022-06-11;91,69038;;;;;;;1,09819;1,3758;1,05546;1,05243;
2022-06-12;91,70402;;;;;;;1,09836;1,376;1,05562;1,05259;
2022-06-13;91,71765;;;;;;;1,09852;1,37621;1,05578;1,05274;
2022-06-14;91,73127;;;;;;;1,09868;1,37641;1,05594;1,0529;
2022-06-15;91,74491;;;;;;;1,09885;1,37662;1,05609;1,05306;
2022-06-16;91,75854;;;;;;;1,09901;1,37682;1,05625;1,05321;
2022-06-17;91,77217;;;;;;;1,09917;1,37703;1,05641;1,05337;
2022-06-18;91,78581;;;;;;;1,09934;1,37723;1,05656;1,05353;
2022-06-19;91,79943;;;;;;;1,0995;1,37744;1,05672;1,05368;
2022-06-20;91,81306;;;;;;;1,09966;1,37764;1,05688;1,05384;
2022-06-21;91,8267;;;;;;;1,09983;1,37784;1,05703;1,054;
2022-06-22;91,84033;;;;;;;1,09999;1,37805;1,05719;1,05415;
2022-06-23;91,85396;;;;;;;1,10015;1,37825;1,05735;1,05431;
2022-06-24;91,8676;;;;;;;1,10032;1,37846;1,0575;1,05447;
2022-06-25;91,88122;;;;;;;1,10048;1,37866;1,05766;1,05462;
2022-06-26;91,89485;;;;;;;1,10064;1,37887;1,05782;1,05478;
2022-06-27;91,90849;;;;;;;1,10081;1,37907;1,05798;1,05494;
2022-06-28;91,92212;;;;;;;1,10097;1,37928;1,05813;1,05509;
2022-06-29;91,93575;;;;;;;1,10113;1,37948;1,05829;1,05525;
2022-06-30;91,94938;;;;;;;1,1013;1,37969;1,05845;1,0554;
2022-07-01;91,96301;;;;;;;1,10146;1,37989;1,0586;1,05556;
2022-07-02;91,98348;;;;;;;1,1017;1,3802;1,05884;1,0558;
2022-07-03;92,00393;;;;;;;1,10195;1,3805;1,05907;1,05603;
2022-07-04;92,0244;;;;;;;1,10219;1,38081;1,05931;1,05627;
2022-07-05;92,04485;;;;;;;1,10244;1,38112;1,05955;1,0565;
2022-07-06;92,06532;;;;;;;1,10268;1,38143;1,05978;1,05674;
2022-07-07;92,08578;;;;;;;1,10293;1,38173;1,06002;1,05697;
2022-07-08;92,10624;;;;;;;1,10317;1,38204;1,06025;1,0572;
2022-07-09;92,1267;;;;;;;1,10342;1,38235;1,06049;1,05744;
2022-07-10;92,14716;;;;;;;1,10367;1,38265;1,06072;1,05767;
2022-07-11;92,16762;;;;;;;1,10391;1,38296;1,06096;1,05791;
2022-07-12;92,18808;;;;;;;1,10416;1,38327;1,06119;1,05814;
2022-07-13;92,20854;;;;;;;1,1044;1,38357;1,06143;1,05838;
2022-07-14;92,229;;;;;;;1,10465;1,38388;1,06167;1,05861;
2022-07-15;92,24947;;;;;;;1,10489;1,38419;1,0619;1,05885;
2022-07-16;92,26992;;;;;;;1,10514;1,3845;1,06214;1,05908;
2022-07-17;92,29039;;;;;;;1,10538;1,3848;1,06237;1,05932;
2022-07-18;92,31084;;;;;;;1,10563;1,38511;1,06261;1,05955;
2022-07-19;92,33131;;;;;;;1,10587;1,38542;1,06284;1,05979;
2022-07-20;92,35177;;;;;;;1,10612;1,38572;1,06308;1,06002;
2022-07-21;92,37223;;;;;;;1,10636;1,38603;1,06331;1,06026;
2022-07-22;92,39269;;;;;;;1,10661;1,38634;1,06355;1,06049;
2022-07-23;92,41315;;;;;;;1,10685;1,38664;1,06378;1,06073;
2022-07-24;92,43361;;;;;;;1,1071;1,38695;1,06402;1,06096;
2022-07-25;92,45408;;;;;;;1,10734;1,38726;1,06426;1,0612;
2022-07-26;92,47453;;;;;;;1,10759;1,38757;1,06449;1,06143;
2022-07-27;92,495;;;;;;;1,10783;1,38787;1,06473;1,06167;
2022-07-28;92,51546;;;;;;;1,10808;1,38818;1,06496;1,0619;
2022-07-29;92,53591;;;;;;;1,10832;1,38849;1,0652;1,06214;
2022-07-30;92,55638;;;;;;;1,10857;1,38879;1,06543;1,06237;
2022-07-31;92,57683;;;;;;;1,10881;1,3891;1,06567;1,06261;
2022-08-01;92,5973;;;;;;;1,10906;1,38941;1,0659;1,06284;
2022-08-02;92,62018;;;;;;;1,10933;1,38975;1,06617;1,0631;
2022-08-03;92,64307;;;;;;;1,1096;1,39009;1,06643;1,06337;
2022-08-04;92,66595;;;;;;;1,10988;1,39044;1,06669;1,06363;
2022-08-05;92,68884;;;;;;;1,11015;1,39078;1,06696;1,06389;
2022-08-06;92,71172;;;;;;;1,11043;1,39112;1,06722;1,06415;
2022-08-07;92,7346;;;;;;;1,1107;1,39147;1,06749;1,06442;
2022-08-08;92,75749;;;;;;;1,11098;1,39181;1,06775;1,06468;
2022-08-09;92,78037;;;;;;;1,11125;1,39215;1,06801;1,06494;
2022-08-10;92,80325;;;;;;;1,11152;1,3925;1,06828;1,06521;
2022-08-11;92,82613;;;;;;;1,1118;1,39284;1,06854;1,06547;
2022-08-12;92,84902;;;;;;;1,11207;1,39318;1,0688;1,06573;
2022-08-13;92,8719;;;;;;;1,11235;1,39353;1,06907;1,06599;
2022-08-14;92,89479;;;;;;;1,11262;1,39387;1,06933;1,06626;
2022-08-15;92,91767;;;;;;;1,11289;1,39421;1,06959;1,06652;
2022-08-16;92,94056;;;;;;;1,11317;1,39456;1,06986;1,06678;
2022-08-17;92,96344;;;;;;;1,11344;1,3949;1,07012;1,06704;
2022-08-18;92,98632;;;;;;;1,11372;1,39524;1,07038;1,06731;
2022-08-19;93,00921;;;;;;;1,11399;1,39559;1,07065;1,06757;
2022-08-20;93,03209;;;;;;;1,11426;1,39593;1,07091;1,06783;
2022-08-21;93,05498;;;;;;;1,11454;1,39627;1,07117;1,06809;
2022-08-22;93,07786;;;;;;;1,11481;1,39662;1,07144;1,06836;
2022-08-23;93,10075;;;;;;;1,11509;1,39696;1,0717;1,06862;
2022-08-24;93,12363;;;;;;;1,11536;1,3973;1,07196;1,06888;
2022-08-25;93,14651;;;;;;;1,11563;1,39765;1,07223;1,06915;
2022-08-26;93,16939;;;;;;;1,11591;1,39799;1,07249;1,06941;
2022-08-27;93,19228;;;;;;;1,11618;1,39833;1,07275;1,06967;
2022-08-28;93,21516;;;;;;;1,11646;1,39868;1,07302;1,06993;
2022-08-29;93,23804;;;;;;;1,11673;1,39902;1,07328;1,0702;
2022-08-30;93,26093;;;;;;;1,117;1,39937;1,07354;1,07046;
2022-08-31;93,28381;;;;;;;1,11728;1,39971;1,07381;1,07072;
2022-09-01;93,3067;;;;;;;1,11755;1,40005;1,07407;1,07098;
2022-09-02;93,31532;;;;;;;1,11766;1,40018;1,07417;1,07108;
2022-09-03;93,32395;;;;;;;1,11776;1,40031;1,07427;1,07118;
2022-09-04;93,33257;;;;;;;1,11786;1,40044;1,07437;1,07128;
2022-09-05;93,34119;;;;;;;1,11797;1,40057;1,07447;1,07138;
2022-09-06;93,34982;;;;;;;1,11807;1,4007;1,07457;1,07148;
2022-09-07;93,35844;;;;;;;1,11817;1,40083;1,07467;1,07158;
2022-09-08;93,36706;;;;;;;1,11828;1,40096;1,07477;1,07168;
2022-09-09;93,37569;;;;;;;1,11838;1,40109;1,07486;1,07178;
2022-09-10;93,38431;;;;;;;1,11848;1,40122;1,07496;1,07187;
2022-09-11;93,39293;;;;;;;1,11859;1,40135;1,07506;1,07197;
2022-09-12;93,40156;;;;;;;1,11869;1,40148;1,07516;1,07207;
2022-09-13;93,41019;;;;;;;1,11879;1,4016;1,07526;1,07217;
2022-09-14;93,41881;;;;;;;1,1189;1,40173;1,07536;1,07227;
2022-09-15;93,42744;;;;;;;1,119;1,40186;1,07546;1,07237;
2022-09-16;93,43606;;;;;;;1,1191;1,40199;1,07556;1,07247;
2022-09-17;93,44468;;;;;;;1,11921;1,40212;1,07566;1,07257;
2022-09-18;93,45331;;;;;;;1,11931;1,40225;1,07576;1,07267;
2022-09-19;93,46193;;;;;;;1,11941;1,40238;1,07586;1,07277;
2022-09-20;93,47055;;;;;;;1,11952;1,40251;1,07596;1,07286;
2022-09-21;93,47918;;;;;;;1,11962;1,40264;1,07606;1,07296;
2022-09-22;93,4878;;;;;;;1,11972;1,40277;1,07616;1,07306;
2022-09-23;93,49642;;;;;;;1,11983;1,4029;1,07625;1,07316;
2022-09-24;93,50505;;;;;;;1,11993;1,40303;1,07635;1,07326;
2022-09-25;93,51367;;;;;;;1,12003;1,40316;1,07645;1,07336;
2022-09-26;93,5223;;;;;;;1,12014;1,40329;1,07655;1,07346;
2022-09-27;93,53092;;;;;;;1,12024;1,40342;1,07665;1,07356;
2022-09-28;93,53955;;;;;;;1,12034;1,40355;1,07675;1,07366;
2022-09-29;93,54817;;;;;;;1,12045;1,40367;1,07685;1,07376;
2022-09-30;93,5568;;;;;;;1,12055;1,4038;1,07695;1,07385;
2022-10-01;93,56542;;;;;;;1,12065;1,40393;1,07705;1,07395;
2022-10-02;93,57941;;;;;;;1,12082;1,40414;1,07721;1,07411;
2022-10-03;93,59342;;;;;;;1,12099;1,40435;1,07737;1,07427;
2022-10-04;93,60741;;;;;;;1,12115;1,40456;1,07753;1,07444;
2022-10-05;93,62142;;;;;;;1,12132;1,40477;1,07769;1,0746;
2022-10-06;93,63542;;;;;;;1,12149;1,40498;1,07785;1,07476;
2022-10-07;93,64942;;;;;;;1,12166;1,40519;1,07802;1,07492;
2022-10-08;93,66342;;;;;;;1,12183;1,4054;1,07818;1,07508;
2022-10-09;93,67741;;;;;;;1,12199;1,40561;1,07834;1,07524;
2022-10-10;93,69142;;;;;;;1,12216;1,40582;1,0785;1,0754;
2022-10-11;93,70541;;;;;;;1,12233;1,40603;1,07866;1,07556;
2022-10-12;93,71942;;;;;;;1,1225;1,40624;1,07882;1,07572;
2022-10-13;93,73341;;;;;;;1,12266;1,40645;1,07898;1,07588;
2022-10-14;93,74741;;;;;;;1,12283;1,40666;1,07914;1,07604;
2022-10-15;93,76141;;;;;;;1,123;1,40687;1,0793;1,0762;
2022-10-16;93,77541;;;;;;;1,12317;1,40708;1,07947;1,07636;
2022-10-17;93,78941;;;;;;;1,12333;1,40729;1,07963;1,07652;
2022-10-18;93,80341;;;;;;;1,1235;1,4075;1,07979;1,07669;
2022-10-19;93,81741;;;;;;;1,12367;1,40771;1,07995;1,07685;
2022-10-20;93,83141;;;;;;;1,12384;1,40792;1,08011;1,07701;
2022-10-21;93,84541;;;;;;;1,12401;1,40814;1,08027;1,07717;
2022-10-22;93,85941;;;;;;;1,12417;1,40835;1,08043;1,07733;
2022-10-23;93,87341;;;;;;;1,12434;1,40856;1,08059;1,07749;
2022-10-24;93,88741;;;;;;;1,12451;1,40877;1,08076;1,07765;
2022-10-25;93,90141;;;;;;;1,12468;1,40898;1,08092;1,07781;
2022-10-26;93,9154;;;;;;;1,12484;1,40919;1,08108;1,07797;
2022-10-27;93,92941;;;;;;;1,12501;1,4094;1,08124;1,07813;
2022-10-28;93,9434;;;;;;;1,12518;1,40961;1,0814;1,07829;
2022-10-29;93,95741;;;;;;;1,12535;1,40982;1,08156;1,07845;
2022-10-30;93,9714;;;;;;;1,12551;1,41003;1,08172;1,07861;
2022-10-31;93,98541;;;;;;;1,12568;1,41024;1,08188;1,07877;
2022-11-01;93,9994;;;;;;;1,12585;1,41045;1,08204;1,07893;
2022-11-02;93,9816;;;;;;;1,12564;1,41018;1,08184;1,07873;
2022-11-03;93,96379;;;;;;;1,12542;1,40991;1,08163;1,07853;
2022-11-04;93,94599;;;;;;;1,12521;1,40964;1,08143;1,07832;
2022-11-05;93,92819;;;;;;;1,125;1,40938;1,08122;1,07812;
2022-11-06;93,91038;;;;;;;1,12478;1,40911;1,08102;1,07791;
2022-11-07;93,89258;;;;;;;1,12457;1,40884;1,08081;1,07771;
2022-11-08;93,87477;;;;;;;1,12436;1,40858;1,08061;1,0775;
2022-11-09;93,85696;;;;;;;1,12414;1,40831;1,0804;1,0773;
2022-11-10;93,83916;;;;;;;1,12393;1,40804;1,0802;1,0771;
2022-11-11;93,82136;;;;;;;1,12372;1,40777;1,07999;1,07689;
2022-11-12;93,80355;;;;;;;1,1235;1,40751;1,07979;1,07669;
2022-11-13;93,78575;;;;;;;1,12329;1,40724;1,07958;1,07648;
2022-11-14;93,76795;;;;;;;1,12308;1,40697;1,07938;1,07628;
2022-11-15;93,75014;;;;;;;1,12286;1,40671;1,07918;1,07607;
2022-11-16;93,73234;;;;;;;1,12265;1,40644;1,07897;1,07587;
2022-11-17;93,71453;;;;;;;1,12244;1,40617;1,07877;1,07567;
2022-11-18;93,69672;;;;;;;1,12222;1,4059;1,07856;1,07546;
2022-11-19;93,67892;;;;;;;1,12201;1,40564;1,07836;1,07526;
2022-11-20;93,66112;;;;;;;1,1218;1,40537;1,07815;1,07505;
2022-11-21;93,64331;;;;;;;1,12158;1,4051;1,07795;1,07485;
2022-11-22;93,62551;;;;;;;1,12137;1,40484;1,07774;1,07464;
2022-11-23;93,60771;;;;;;;1,12116;1,40457;1,07754;1,07444;
2022-11-24;93,5899;;;;;;;1,12094;1,4043;1,07733;1,07423;
2022-11-25;93,5721;;;;;;;1,12073;1,40403;1,07713;1,07403;
2022-11-26;93,55429;;;;;;;1,12052;1,40377;1,07692;1,07383;
2022-11-27;93,53648;;;;;;;1,12031;1,4035;1,07672;1,07362;
2022-11-28;93,51868;;;;;;;1,12009;1,40323;1,07651;1,07342;
2022-11-29;93,50088;;;;;;;1,11988;1,40297;1,07631;1,07321;
2022-11-30;93,48307;;;;;;;1,11967;1,4027;1,0761;1,07301;
2022-12-01;93,46527;;;;;;;1,11945;1,40243;1,0759;1,0728;
2022-12-02;93,49677;;;;;;;1,11983;1,4029;1,07626;1,07317;
2022-12-03;93,52826;;;;;;;1,12021;1,40338;1,07662;1,07353;
2022-12-04;93,55977;;;;;;;1,12058;1,40385;1,07698;1,07389;
2022-12-05;93,59127;;;;;;;1,12096;1,40432;1,07735;1,07425;
2022-12-06;93,62276;;;;;;;1,12134;1,40479;1,07771;1,07461;
2022-12-07;93,65426;;;;;;;1,12172;1,40527;1,07807;1,07497;
2022-12-08;93,68576;;;;;;;1,12209;1,40574;1,07843;1,07533;
2022-12-09;93,71726;;;;;;;1,12247;1,40621;1,0788;1,0757;
2022-12-10;93,74876;;;;;;;1,12285;1,40668;1,07916;1,07606;
2022-12-11;93,78026;;;;;;;1,12322;1,40716;1,07952;1,07642;
2022-12-12;93,81175;;;;;;;1,1236;1,40763;1,07988;1,07678;
2022-12-13;93,84325;;;;;;;1,12398;1,4081;1,08025;1,07714;
2022-12-14;93,87476;;;;;;;1,12436;1,40858;1,08061;1,0775;
2022-12-15;93,90625;;;;;;;1,12473;1,40905;1,08097;1,07787;
2022-12-16;93,93775;;;;;;;1,12511;1,40952;1,08133;1,07823;
2022-12-17;93,96925;;;;;;;1,12549;1,40999;1,0817;1,07859;
2022-12-18;94,00075;;;;;;;1,12587;1,41047;1,08206;1,07895;
2022-12-19;94,03224;;;;;;;1,12624;1,41094;1,08242;1,07931;
2022-12-20;94,06375;;;;;;;1,12662;1,41141;1,08279;1,07967;
2022-12-21;94,09525;;;;;;;1,127;1,41188;1,08315;1,08003;
2022-12-22;94,12674;;;;;;;1,12737;1,41236;1,08351;1,0804;
2022-12-23;94,15824;;;;;;;1,12775;1,41283;1,08387;1,08076;
2022-12-24;94,18974;;;;;;;1,12813;1,4133;1,08424;1,08112;
2022-12-25;94,22124;;;;;;;1,12851;1,41377;1,0846;1,08148;
2022-12-26;94,25274;;;;;;;1,12888;1,41425;1,08496;1,08184;
2022-12-27;94,28424;;;;;;;1,12926;1,41472;1,08532;1,0822;
2022-12-28;94,31574;;;;;;;1,12964;1,41519;1,08569;1,08257;
2022-12-29;94,34723;;;;;;;1,13002;1,41566;1,08605;1,08293;
2022-12-30;94,37874;;;;;;;1,13039;1,41614;1,08641;1,08329;
2022-12-31;94,41024;;;;;;;1,13077;1,41661;1,08677;1,08365;
2023-01-01;94,44173;;;;;;;1,13115;1,41708;1,08714;1,08401;
2023-01-02;94,4517;;;;;;;1,13127;1,41723;1,08725;1,08413;
2023-01-03;94,46166;;;;;;;1,13139;1,41738;1,08737;1,08424;
2023-01-04;94,47162;;;;;;;1,13151;1,41753;1,08748;1,08435;
2023-01-05;94,48158;;;;;;;1,13162;1,41768;1,08759;1,08447;
2023-01-06;94,49154;;;;;;;1,13174;1,41783;1,08771;1,08458;
2023-01-07;94,5015;;;;;;;1,13186;1,41798;1,08782;1,0847;
2023-01-08;94,51146;;;;;;;1,13198;1,41813;1,08794;1,08481;
2023-01-09;94,52142;;;;;;;1,1321;1,41828;1,08805;1,08493;
2023-01-10;94,53138;;;;;;;1,13222;1,41843;1,08817;1,08504;
2023-01-11;94,54134;;;;;;;1,13234;1,41858;1,08828;1,08516;
2023-01-12;94,55131;;;;;;;1,13246;1,41873;1,0884;1,08527;
2023-01-13;94,56127;;;;;;;1,13258;1,41888;1,08851;1,08538;
2023-01-14;94,57123;;;;;;;1,1327;1,41903;1,08863;1,0855;
2023-01-15;94,58119;;;;;;;1,13282;1,41918;1,08874;1,08561;
2023-01-16;94,59115;;;;;;;1,13294;1,41932;1,08886;1,08573;
2023-01-17;94,60111;;;;;;;1,13306;1,41947;1,08897;1,08584;
2023-01-18;94,61107;;;;;;;1,13318;1,41962;1,08909;1,08596;
2023-01-19;94,62104;;;;;;;1,1333;1,41977;1,0892;1,08607;
2023-01-20;94,63099;;;;;;;1,13341;1,41992;1,08931;1,08618;
2023-01-21;94,64096;;;;;;;1,13353;1,42007;1,08943;1,0863;
2023-01-22;94,65092;;;;;;;1,13365;1,42022;1,08954;1,08641;
2023-01-23;94,66088;;;;;;;1,13377;1,42037;1,08966;1,08653;
2023-01-24;94,67084;;;;;;;1,13389;1,42052;1,08977;1,08664;
2023-01-25;94,6808;;;;;;;1,13401;1,42067;1,08989;1,08676;
2023-01-26;94,69077;;;;;;;1,13413;1,42082;1,09;1,08687;
2023-01-27;94,70072;;;;;;;1,13425;1,42097;1,09012;1,08698;
2023-01-28;94,71069;;;;;;;1,13437;1,42112;1,09023;1,0871;
2023-01-29;94,72064;;;;;;;1,13449;1,42127;1,09035;1,08721;
2023-01-30;94,73061;;;;;;;1,13461;1,42142;1,09046;1,08733;
2023-01-31;94,74057;;;;;;;1,13473;1,42157;1,09058;1,08744;
2023-02-01;94,75053;;;;;;;1,13485;1,42172;1,09069;1,08756;
2023-02-02;94,74725;;;;;;;1,13481;1,42167;1,09065;1,08752;
2023-02-03;94,74397;;;;;;;1,13477;1,42162;1,09062;1,08748;
2023-02-04;94,74069;;;;;;;1,13473;1,42157;1,09058;1,08744;
2023-02-05;94,73742;;;;;;;1,13469;1,42152;1,09054;1,08741;
2023-02-06;94,73414;;;;;;;1,13465;1,42147;1,0905;1,08737;
2023-02-07;94,73086;;;;;;;1,13461;1,42142;1,09046;1,08733;
2023-02-08;94,72758;;;;;;;1,13457;1,42137;1,09043;1,08729;
2023-02-09;94,7243;;;;;;;1,13453;1,42132;1,09039;1,08726;
2023-02-10;94,72102;;;;;;;1,13449;1,42127;1,09035;1,08722;
2023-02-11;94,71774;;;;;;;1,13445;1,42122;1,09031;1,08718;
2023-02-12;94,71447;;;;;;;1,13441;1,42118;1,09028;1,08714;
2023-02-13;94,71119;;;;;;;1,13437;1,42113;1,09024;1,0871;
2023-02-14;94,70791;;;;;;;1,13434;1,42108;1,0902;1,08707;
2023-02-15;94,70463;;;;;;;1,1343;1,42103;1,09016;1,08703;
2023-02-16;94,70135;;;;;;;1,13426;1,42098;1,09012;1,08699;
2023-02-17;94,69807;;;;;;;1,13422;1,42093;1,09009;1,08695;
2023-02-18;94,69479;;;;;;;1,13418;1,42088;1,09005;1,08692;
2023-02-19;94,69152;;;;;;;1,13414;1,42083;1,09001;1,08688;
2023-02-20;94,68824;;;;;;;1,1341;1,42078;1,08997;1,08684;
2023-02-21;94,68496;;;;;;;1,13406;1,42073;1,08994;1,0868;
2023-02-22;94,68168;;;;;;;1,13402;1,42068;1,0899;1,08677;
2023-02-23;94,6784;;;;;;;1,13398;1,42063;1,08986;1,08673;
2023-02-24;94,67512;;;;;;;1,13394;1,42058;1,08982;1,08669;
2023-02-25;94,67184;;;;;;;1,1339;1,42054;1,08978;1,08665;
2023-02-26;94,66857;;;;;;;1,13386;1,42049;1,08975;1,08662;
2023-02-27;94,66529;;;;;;;1,13383;1,42044;1,08971;1,08658;
2023-02-28;94,66201;;;;;;;1,13379;1,42039;1,08967;1,08654;
2023-03-01;94,65873;;;;;;;1,13375;1,42034;1,08963;1,0865;1
2023-03-02;94,67057;;;;;;;1,13389;1,42052;1,08977;1,08664;1,00013
2023-03-03;94,68242;;;;;;;1,13403;1,42069;1,08991;1,08677;1,00025
2023-03-04;94,69426;;;;;;;1,13417;1,42087;1,09004;1,08691;1,00038
2023-03-05;94,70611;;;;;;;1,13431;1,42105;1,09018;1,08705;1,0005
2023-03-06;94,71796;;;;;;;1,13446;1,42123;1,09032;1,08718;1,00063
2023-03-07;94,7298;;;;;;;1,1346;1,42141;1,09045;1,08732;1,00075
2023-03-08;94,74164;;;;;;;1,13474;1,42158;1,09059;1,08745;1,00088
2023-03-09;94,75349;;;;;;;1,13488;1,42176;1,09072;1,08759;1,001
2023-03-10;94,76534;;;;;;;1,13502;1,42194;1,09086;1,08773;1,00113
2023-03-11;94,77719;;;;;;;1,13517;1,42212;1,091;1,08786;1,00125
2023-03-12;94,78903;;;;;;;1,13531;1,42229;1,09113;1,088;1,00138
2023-03-13;94,80087;;;;;;;1,13545;1,42247;1,09127;1,08813;1,0015
2023-03-14;94,81272;;;;;;;1,13559;1,42265;1,09141;1,08827;1,00163
2023-03-15;94,82457;;;;;;;1,13573;1,42283;1,09154;1,08841;1,00175
2023-03-16;94,83641;;;;;;;1,13587;1,423;1,09168;1,08854;1,00188
2023-03-17;94,84826;;;;;;;1,13602;1,42318;1,09182;1,08868;1,002
2023-03-18;94,8601;;;;;;;1,13616;1,42336;1,09195;1,08881;1,00213
2023-03-19;94,87195;;;;;;;1,1363;1,42354;1,09209;1,08895;1,00225
2023-03-20;94,8838;;;;;;;1,13644;1,42372;1,09222;1,08909;1,00238
2023-03-21;94,89564;;;;;;;1,13658;1,42389;1,09236;1,08922;1,0025
2023-03-22;94,90748;;;;;;;1,13673;1,42407;1,0925;1,08936;1,00263
2023-03-23;94,91933;;;;;;;1,13687;1,42425;1,09263;1,08949;1,00275
2023-03-24;94,93118;;;;;;;1,13701;1,42443;1,09277;1,08963;1,00288
2023-03-25;94,94303;;;;;;;1,13715;1,4246;1,09291;1,08977;1,003
2023-03-26;94,95487;;;;;;;1,13729;1,42478;1,09304;1,0899;1,00313
2023-03-27;94,96671;;;;;;;1,13744;1,42496;1,09318;1,09004;1,00325
2023-03-28;94,97856;;;;;;;1,13758;1,42514;1,09332;1,09017;1,00338
2023-03-29;94,99041;;;;;;;1,13772;1,42532;1,09345;1,09031;1,0035
2023-03-30;95,00225;;;;;;;1,13786;1,42549;1,09359;1,09045;1,00363
2023-03-31;95,0141;;;;;;;1,138;1,42567;1,09372;1,09058;1,00375
2023-04-01;95,02594;;;;;;;1,13814;1,42585;1,09386;1,09072;1,00388
2023-04-02;95,05933;;;;;;;1,13854;1,42635;1,09425;1,0911;1,00423
2023-04-03;95,09271;;;;;;;1,13894;1,42685;1,09463;1,09148;1,00458
2023-04-04;95,12609;;;;;;;1,13934;1,42735;1,09501;1,09187;1,00494
2023-04-05;95,15948;;;;;;;1,13974;1,42785;1,0954;1,09225;1,00529
2023-04-06;95,19286;;;;;;;1,14014;1,42835;1,09578;1,09263;1,00564
2023-04-07;95,22624;;;;;;;1,14054;1,42885;1,09617;1,09302;1,006
2023-04-08;95,25963;;;;;;;1,14094;1,42936;1,09655;1,0934;1,00635
2023-04-09;95,29301;;;;;;;1,14134;1,42986;1,09694;1,09378;1,0067
2023-04-10;95,32639;;;;;;;1,14174;1,43036;1,09732;1,09417;1,00705
2023-04-11;95,35978;;;;;;;1,14214;1,43086;1,0977;1,09455;1,00741
2023-04-12;95,39316;;;;;;;1,14254;1,43136;1,09809;1,09493;1,00776
2023-04-13;95,42654;;;;;;;1,14294;1,43186;1,09847;1,09532;1,00811
2023-04-14;95,45993;;;;;;;1,14334;1,43236;1,09886;1,0957;1,00846
2023-04-15;95,49331;;;;;;;1,14374;1,43286;1,09924;1,09608;1,00882
2023-04-16;95,5267;;;;;;;1,14414;1,43336;1,09963;1,09647;1,00917
2023-04-17;95,56008;;;;;;;1,14454;1,43386;1,10001;1,09685;1,00952
2023-04-18;95,59346;;;;;;;1,14494;1,43436;1,10039;1,09723;1,00987
2023-04-19;95,62685;;;;;;;1,14534;1,43487;1,10078;1,09761;1,01023
2023-04-20;95,66023;;;;;;;1,14574;1,43537;1,10116;1,098;1,01058
2023-04-21;95,69361;;;;;;;1,14614;1,43587;1,10155;1,09838;1,01093
2023-04-22;95,727;;;;;;;1,14654;1,43637;1,10193;1,09876;1,01129
2023-04-23;95,76038;;;;;;;1,14694;1,43687;1,10232;1,09915;1,01164
2023-04-24;95,79376;;;;;;;1,14734;1,43737;1,1027;1,09953;1,01199
2023-04-25;95,82715;;;;;;;1,14774;1,43787;1,10308;1,09991;1,01234
2023-04-26;95,86053;;;;;;;1,14814;1,43837;1,10347;1,1003;1,0127
2023-04-27;95,89391;;;;;;;1,14854;1,43887;1,10385;1,10068;1,01305
2023-04-28;95,9273;;;;;;;1,14894;1,43937;1,10424;1,10106;1,0134
2023-04-29;95,96068;;;;;;;1,14934;1,43987;1,10462;1,10145;1,01375
2023-04-30;95,99406;;;;;;;1,14974;1,44038;1,10501;1,10183;1,01411
2023-05-01;96,02745;;;;;;;1,15014;1,44088;1,10539;1,10221;1,01446
2023-05-02;96,0506;;;;;;;1,15042;1,44122;1,10566;1,10248;1,0147
2023-05-03;96,07375;;;;;;;1,15069;1,44157;1,10592;1,10274;1,01495
2023-05-04;96,09691;;;;;;;1,15097;1,44192;1,10619;1,10301;1,01519
2023-05-05;96,12006;;;;;;;1,15125;1,44227;1,10646;1,10328;1,01544
2023-05-06;96,14321;;;;;;;1,15153;1,44261;1,10672;1,10354;1,01568
2023-05-07;96,16636;;;;;;;1,1518;1,44296;1,10699;1,10381;1,01593
2023-05-08;96,18951;;;;;;;1,15208;1,44331;1,10726;1,10407;1,01617
2023-05-09;96,21267;;;;;;;1,15236;1,44366;1,10752;1,10434;1,01642
2023-05-10;96,23583;;;;;;;1,15264;1,444;1,10779;1,1046;1,01666
2023-05-11;96,25898;;;;;;;1,15291;1,44435;1,10805;1,10487;1,01691
2023-05-12;96,28213;;;;;;;1,15319;1,4447;1,10832;1,10514;1,01715
2023-05-13;96,30528;;;;;;;1,15347;1,44505;1,10859;1,1054;1,01739
2023-05-14;96,32844;;;;;;;1,15375;1,44539;1,10885;1,10567;1,01764
2023-05-15;96,35159;;;;;;;1,15402;1,44574;1,10912;1,10593;1,01788
2023-05-16;96,37474;;;;;;;1,1543;1,44609;1,10939;1,1062;1,01813
2023-05-17;96,39789;;;;;;;1,15458;1,44643;1,10965;1,10646;1,01837
2023-05-18;96,42105;;;;;;;1,15485;1,44678;1,10992;1,10673;1,01862
2023-05-19;96,4442;;;;;;;1,15513;1,44713;1,11019;1,107;1,01886
2023-05-20;96,46736;;;;;;;1,15541;1,44748;1,11045;1,10726;1,01911
2023-05-21;96,49051;;;;;;;1,15569;1,44782;1,11072;1,10753;1,01935
2023-05-22;96,51366;;;;;;;1,15596;1,44817;1,11099;1,10779;1,0196
2023-05-23;96,53681;;;;;;;1,15624;1,44852;1,11125;1,10806;1,01984
2023-05-24;96,55996;;;;;;;1,15652;1,44887;1,11152;1,10833;1,02009
2023-05-25;96,58312;;;;;;;1,1568;1,44921;1,11179;1,10859;1,02033
2023-05-26;96,60627;;;;;;;1,15707;1,44956;1,11205;1,10886;1,02057
2023-05-27;96,62942;;;;;;;1,15735;1,44991;1,11232;1,10912;1,02082
2023-05-28;96,65258;;;;;;;1,15763;1,45026;1,11259;1,10939;1,02106
2023-05-29;96,67573;;;;;;;1,1579;1,4506;1,11285;1,10965;1,02131
2023-05-30;96,69889;;;;;;;1,15818;1,45095;1,11312;1,10992;1,02155
2023-05-31;96,72204;;;;;;;1,15846;1,4513;1,11339;1,11019;1,0218
2023-06-01;96,74519;;;;;;;1,15874;1,45165;1,11365;1,11045;1,02204
2023-06-02;96,76439;;;;;;;1,15897;1,45193;1,11387;1,11067;1,02224
2023-06-03;96,78358;;;;;;;1,1592;1,45222;1,11409;1,11089;1,02245
2023-06-04;96,80278;;;;;;;1,15943;1,45251;1,11431;1,11111;1,02265
2023-06-05;96,82197;;;;;;;1,15966;1,4528;1,11454;1,11133;1,02285
2023-06-06;96,84117;;;;;;;1,15989;1,45309;1,11476;1,11155;1,02306
2023-06-07;96,86036;;;;;;;1,16012;1,45337;1,11498;1,11177;1,02326
2023-06-08;96,87956;;;;;;;1,16035;1,45366;1,1152;1,11199;1,02346
2023-06-09;96,89875;;;;;;;1,16058;1,45395;1,11542;1,11221;1,02366
2023-06-10;96,91795;;;;;;;1,16081;1,45424;1,11564;1,11243;1,02387
2023-06-11;96,93715;;;;;;;1,16104;1,45453;1,11586;1,11265;1,02407
2023-06-12;96,95634;;;;;;;1,16127;1,45481;1,11608;1,11287;1,02427
2023-06-13;96,97554;;;;;;;1,1615;1,4551;1,1163;1,1131;1,02448
2023-06-14;96,99473;;;;;;;1,16173;1,45539;1,11652;1,11332;1,02468
2023-06-15;97,01393;;;;;;;1,16196;1,45568;1,11675;1,11354;1,02488
2023-06-16;97,03312;;;;;;;1,16219;1,45597;1,11697;1,11376;1,02508
2023-06-17;97,05232;;;;;;;1,16242;1,45625;1,11719;1,11398;1,02529
2023-06-18;97,07151;;;;;;;1,16264;1,45654;1,11741;1,1142;1,02549
2023-06-19;97,09071;;;;;;;1,16287;1,45683;1,11763;1,11442;1,02569
2023-06-20;97,1099;;;;;;;1,1631;1,45712;1,11785;1,11464;1,02589
2023-06-21;97,1291;;;;;;;1,16333;1,45741;1,11807;1,11486;1,0261
2023-06-22;97,1483;;;;;;;1,16356;1,45769;1,11829;1,11508;1,0263
2023-06-23;97,16749;;;;;;;1,16379;1,45798;1,11851;1,1153;1,0265
2023-06-24;97,18669;;;;;;;1,16402;1,45827;1,11873;1,11552;1,02671
2023-06-25;97,20588;;;;;;;1,16425;1,45856;1,11895;1,11574;1,02691
2023-06-26;97,22508;;;;;;;1,16448;1,45885;1,11918;1,11596;1,02711
2023-06-27;97,24427;;;;;;;1,16471;1,45913;1,1194;1,11618;1,02731
2023-06-28;97,26347;;;;;;;1,16494;1,45942;1,11962;1,1164;1,02752
2023-06-29;97,28266;;;;;;;1,16517;1,45971;1,11984;1,11662;1,02772
2023-06-30;97,30186;;;;;;;1,1654;1,46;1,12006;1,11684;1,02792
2023-07-01;97,32105;;;;;;;1,16563;1,46029;1,12028;1,11706;1,02813
2023-07-02;97,31917;;;;;;;1,16561;1,46026;1,12026;1,11704;1,02811
2023-07-03;97,31728;;;;;;;1,16559;1,46023;1,12024;1,11702;1,02809
2023-07-04;97,3154;;;;;;;1,16557;1,4602;1,12022;1,117;1,02807
2023-07-05;97,31352;;;;;;;1,16554;1,46017;1,12019;1,11697;1,02805
2023-07-06;97,31163;;;;;;;1,16552;1,46015;1,12017;1,11695;1,02803
2023-07-07;97,30975;;;;;;;1,1655;1,46012;1,12015;1,11693;1,02801
2023-07-08;97,30786;;;;;;;1,16548;1,46009;1,12013;1,11691;1,02799
2023-07-09;97,30598;;;;;;;1,16545;1,46006;1,12011;1,11689;1,02797
2023-07-10;97,3041;;;;;;;1,16543;1,46003;1,12009;1,11687;1,02795
2023-07-11;97,30221;;;;;;;1,16541;1,46;1,12006;1,11684;1,02793
2023-07-12;97,30032;;;;;;;1,16539;1,45998;1,12004;1,11682;1,02791
2023-07-13;97,29844;;;;;;;1,16536;1,45995;1,12002;1,1168;1,02789
2023-07-14;97,29656;;;;;;;1,16534;1,45992;1,12;1,11678;1,02787
2023-07-15;97,29467;;;;;;;1,16532;1,45989;1,11998;1,11676;1,02785
2023-07-16;97,29279;;;;;;;1,1653;1,45986;1,11996;1,11674;1,02783
2023-07-17;97,2909;;;;;;;1,16527;1,45983;1,11993;1,11671;1,02781
2023-07-18;97,28901;;;;;;;1,16525;1,45981;1,11991;1,11669;1,02779
2023-07-19;97,28713;;;;;;;1,16523;1,45978;1,11989;1,11667;1,02777
2023-07-20;97,28525;;;;;;;1,1652;1,45975;1,11987;1,11665;1,02775
2023-07-21;97,28336;;;;;;;1,16518;1,45972;1,11985;1,11663;1,02773
2023-07-22;97,28148;;;;;;;1,16516;1,45969;1,11982;1,11661;1,02771
2023-07-23;97,27959;;;;;;;1,16514;1,45966;1,1198;1,11659;1,02769
2023-07-24;97,27771;;;;;;;1,16511;1,45964;1,11978;1,11656;1,02767
2023-07-25;97,27583;;;;;;;1,16509;1,45961;1,11976;1,11654;1,02765
2023-07-26;97,27394;;;;;;;1,16507;1,45958;1,11974;1,11652;1,02763
2023-07-27;97,27206;;;;;;;1,16505;1,45955;1,11972;1,1165;1,02761
2023-07-28;97,27017;;;;;;;1,16502;1,45952;1,11969;1,11648;1,02759
2023-07-29;97,26828;;;;;;;1,165;1,45949;1,11967;1,11646;1,02757
2023-07-30;97,26641;;;;;;;1,16498;1,45947;1,11965;1,11643;1,02755
2023-07-31;97,26452;;;;;;;1,16496;1,45944;1,11963;1,11641;1,02753
2023-08-01;97,26263;;;;;;;1,16493;1,45941;1,11961;1,11639;1,02751
2023-08-02;97,26828;;;;;;;1,165;1,45949;1,11967;1,11646;1,02757
2023-08-03;97,27394;;;;;;;1,16507;1,45958;1,11974;1,11652;1,02763
2023-08-04;97,27959;;;;;;;1,16514;1,45966;1,1198;1,11659;1,02769
2023-08-05;97,28525;;;;;;;1,1652;1,45975;1,11987;1,11665;1,02775
2023-08-06;97,2909;;;;;;;1,16527;1,45983;1,11993;1,11671;1,02781
2023-08-07;97,29656;;;;;;;1,16534;1,45992;1,12;1,11678;1,02787
2023-08-08;97,30221;;;;;;;1,16541;1,46;1,12006;1,11684;1,02793
2023-08-09;97,30786;;;;;;;1,16548;1,46009;1,12013;1,11691;1,02799
2023-08-10;97,31352;;;;;;;1,16554;1,46017;1,12019;1,11697;1,02805
2023-08-11;97,31917;;;;;;;1,16561;1,46026;1,12026;1,11704;1,02811
2023-08-12;97,32483;;;;;;;1,16568;1,46034;1,12032;1,1171;1,02817
2023-08-13;97,33048;;;;;;;1,16575;1,46043;1,12039;1,11717;1,02823
2023-08-14;97,33613;;;;;;;1,16581;1,46051;1,12045;1,11723;1,02828
2023-08-15;97,34179;;;;;;;1,16588;1,4606;1,12052;1,1173;1,02834
2023-08-16;97,34744;;;;;;;1,16595;1,46068;1,12058;1,11736;1,0284
2023-08-17;97,35309;;;;;;;1,16602;1,46077;1,12065;1,11743;1,02846
2023-08-18;97,35874;;;;;;;1,16609;1,46085;1,12071;1,11749;1,02852
2023-08-19;97,3644;;;;;;;1,16615;1,46094;1,12078;1,11756;1,02858
2023-08-20;97,37005;;;;;;;1,16622;1,46102;1,12084;1,11762;1,02864
2023-08-21;97,3757;;;;;;;1,16629;1,46111;1,12091;1,11769;1,0287
2023-08-22;97,38136;;;;;;;1,16636;1,46119;1,12097;1,11775;1,02876
2023-08-23;97,38701;;;;;;;1,16642;1,46128;1,12104;1,11782;1,02882
2023-08-24;97,39267;;;;;;;1,16649;1,46136;1,1211;1,11788;1,02888
2023-08-25;97,39832;;;;;;;1,16656;1,46145;1,12117;1,11795;1,02894
2023-08-26;97,40397;;;;;;;1,16663;1,46153;1,12123;1,11801;1,029
2023-08-27;97,40963;;;;;;;1,16669;1,46162;1,1213;1,11808;1,02906
2023-08-28;97,41528;;;;;;;1,16676;1,4617;1,12137;1,11814;1,02912
2023-08-29;97,42094;;;;;;;1,16683;1,46179;1,12143;1,11821;1,02918
2023-08-30;97,42659;;;;;;;1,1669;1,46187;1,1215;1,11827;1,02924
2023-08-31;97,43225;;;;;;;1,16697;1,46195;1,12156;1,11834;1,0293
2023-09-01;97,4379;;;;;;;1,16703;1,46204;1,12163;1,1184;1,02936
2023-09-02;97,43957;;;;;;;1,16705;1,46206;1,12164;1,11842;1,02938
2023-09-03;97,44123;;;;;;;1,16707;1,46209;1,12166;1,11844;1,0294
2023-09-04;97,4429;;;;;;;1,16709;1,46211;1,12168;1,11846;1,02941
2023-09-05;97,44457;;;;;;;1,16711;1,46214;1,1217;1,11848;1,02943
2023-09-06;97,44624;;;;;;;1,16713;1,46216;1,12172;1,1185;1,02945
2023-09-07;97,44791;;;;;;;1,16715;1,46219;1,12174;1,11852;1,02947
2023-09-08;97,44958;;;;;;;1,16717;1,46222;1,12176;1,11854;1,02948
2023-09-09;97,45125;;;;;;;1,16719;1,46224;1,12178;1,11856;1,0295
2023-09-10;97,45292;;;;;;;1,16721;1,46227;1,1218;1,11857;1,02952
2023-09-11;97,45459;;;;;;;1,16723;1,46229;1,12182;1,11859;1,02954
2023-09-12;97,45626;;;;;;;1,16725;1,46232;1,12184;1,11861;1,02955
2023-09-13;97,45793;;;;;;;1,16727;1,46234;1,12186;1,11863;1,02957
2023-09-14;97,4596;;;;;;;1,16729;1,46237;1,12188;1,11865;1,02959
2023-09-15;97,46127;;;;;;;1,16731;1,46239;1,12189;1,11867;1,02961
2023-09-16;97,46293;;;;;;;1,16733;1,46242;1,12191;1,11869;1,02962
2023-09-17;97,4646;;;;;;;1,16735;1,46244;1,12193;1,11871;1,02964
2023-09-18;97,46627;;;;;;;1,16737;1,46247;1,12195;1,11873;1,02966
2023-09-19;97,46794;;;;;;;1,16739;1,46249;1,12197;1,11875;1,02968
2023-09-20;97,46961;;;;;;;1,16741;1,46252;1,12199;1,11877;1,02969
2023-09-21;97,47128;;;;;;;1,16743;1,46254;1,12201;1,11879;1,02971
2023-09-22;97,47295;;;;;;;1,16745;1,46257;1,12203;1,1188;1,02973
2023-09-23;97,47462;;;;;;;1,16747;1,46259;1,12205;1,11882;1,02975
2023-09-24;97,47629;;;;;;;1,16749;1,46262;1,12207;1,11884;1,02977
2023-09-25;97,47796;;;;;;;1,16751;1,46264;1,12209;1,11886;1,02978
2023-09-26;97,47963;;;;;;;1,16753;1,46267;1,12211;1,11888;1,0298
2023-09-27;97,4813;;;;;;;1,16755;1,46269;1,12213;1,1189;1,02982
2023-09-28;97,48296;;;;;;;1,16757;1,46272;1,12214;1,11892;1,02984
2023-09-29;97,48463;;;;;;;1,16759;1,46274;1,12216;1,11894;1,02985
2023-09-30;97,4863;;;;;;;1,16761;1,46277;1,12218;1,11896;1,02987
2023-10-01;97,48797;;;;;;;1,16763;1,46279;1,1222;1,11898;1,02989
2023-10-02;97,52001;;;;;;;1,16802;1,46327;1,12257;1,11934;1,03023
2023-10-03;97,55204;;;;;;;1,1684;1,46375;1,12294;1,11971;1,03057
2023-10-04;97,58408;;;;;;;1,16878;1,46423;1,12331;1,12008;1,0309
2023-10-05;97,61612;;;;;;;1,16917;1,46471;1,12368;1,12045;1,03124
2023-10-06;97,64816;;;;;;;1,16955;1,46519;1,12405;1,12082;1,03158
2023-10-07;97,68019;;;;;;;1,16994;1,46568;1,12441;1,12118;1,03192
2023-10-08;97,71223;;;;;;;1,17032;1,46616;1,12478;1,12155;1,03226
2023-10-09;97,74427;;;;;;;1,1707;1,46664;1,12515;1,12192;1,0326
2023-10-10;97,7763;;;;;;;1,17109;1,46712;1,12552;1,12229;1,03293
2023-10-11;97,80834;;;;;;;1,17147;1,4676;1,12589;1,12265;1,03327
2023-10-12;97,84038;;;;;;;1,17185;1,46808;1,12626;1,12302;1,03361
2023-10-13;97,87242;;;;;;;1,17224;1,46856;1,12663;1,12339;1,03395
2023-10-14;97,90446;;;;;;;1,17262;1,46904;1,127;1,12376;1,03429
2023-10-15;97,93649;;;;;;;1,173;1,46952;1,12736;1,12413;1,03463
2023-10-16;97,96853;;;;;;;1,17339;1,47;1,12773;1,12449;1,03497
2023-10-17;98,00057;;;;;;;1,17377;1,47048;1,1281;1,12486;1,0353
2023-10-18;98,03261;;;;;;;1,17416;1,47096;1,12847;1,12523;1,03564
2023-10-19;98,06465;;;;;;;1,17454;1,47144;1,12884;1,1256;1,03598
2023-10-20;98,09668;;;;;;;1,17492;1,47192;1,12921;1,12596;1,03632
2023-10-21;98,12872;;;;;;;1,17531;1,47241;1,12958;1,12633;1,03666
2023-10-22;98,16076;;;;;;;1,17569;1,47289;1,12995;1,1267;1,037
2023-10-23;98,1928;;;;;;;1,17607;1,47337;1,13032;1,12707;1,03733
2023-10-24;98,22483;;;;;;;1,17646;1,47385;1,13068;1,12743;1,03767
2023-10-25;98,25687;;;;;;;1,17684;1,47433;1,13105;1,1278;1,03801
2023-10-26;98,28891;;;;;;;1,17723;1,47481;1,13142;1,12817;1,03835
2023-10-27;98,32094;;;;;;;1,17761;1,47529;1,13179;1,12854;1,03869
2023-10-28;98,35298;;;;;;;1,17799;1,47577;1,13216;1,12891;1,03903
2023-10-29;98,38502;;;;;;;1,17838;1,47625;1,13253;1,12927;1,03937
2023-10-30;98,41706;;;;;;;1,17876;1,47673;1,1329;1,12964;1,0397
2023-10-31;98,44909;;;;;;;1,17914;1,47721;1,13327;1,13001;1,04004
2023-11-01;98,48113;;;;;;;1,17953;1,47769;1,13363;1,13038;1,04038
2023-11-02;98,4636;;;;;;;1,17932;1,47743;1,13343;1,13018;1,0402
2023-11-03;98,44608;;;;;;;1,17911;1,47717;1,13323;1,12997;1,04001
2023-11-04;98,42855;;;;;;;1,1789;1,4769;1,13303;1,12977;1,03983
2023-11-05;98,41102;;;;;;;1,17869;1,47664;1,13283;1,12957;1,03964
2023-11-06;98,3935;;;;;;;1,17848;1,47638;1,13263;1,12937;1,03946
2023-11-07;98,37597;;;;;;;1,17827;1,47612;1,13242;1,12917;1,03927
2023-11-08;98,35844;;;;;;;1,17806;1,47585;1,13222;1,12897;1,03908
2023-11-09;98,34092;;;;;;;1,17785;1,47559;1,13202;1,12877;1,0389
2023-11-10;98,32339;;;;;;;1,17764;1,47533;1,13182;1,12857;1,03871
2023-11-11;98,30587;;;;;;;1,17743;1,47506;1,13162;1,12836;1,03853
2023-11-12;98,28834;;;;;;;1,17722;1,4748;1,13142;1,12816;1,03834
2023-11-13;98,27081;;;;;;;1,17701;1,47454;1,13121;1,12796;1,03816
2023-11-14;98,25329;;;;;;;1,1768;1,47427;1,13101;1,12776;1,03797
2023-11-15;98,23576;;;;;;;1,17659;1,47401;1,13081;1,12756;1,03779
2023-11-16;98,21823;;;;;;;1,17638;1,47375;1,13061;1,12736;1,0376
2023-11-17;98,20071;;;;;;;1,17617;1,47349;1,13041;1,12716;1,03742
2023-11-18;98,18318;;;;;;;1,17596;1,47322;1,1302;1,12696;1,03723
2023-11-19;98,16566;;;;;;;1,17575;1,47296;1,13;1,12676;1,03705
2023-11-20;98,14813;;;;;;;1,17554;1,4727;1,1298;1,12655;1,03686
2023-11-21;98,1306;;;;;;;1,17533;1,47243;1,1296;1,12635;1,03668
2023-11-22;98,11308;;;;;;;1,17512;1,47217;1,1294;1,12615;1,03649
2023-11-23;98,09555;;;;;;;1,17491;1,47191;1,1292;1,12595;1,03631
2023-11-24;98,07802;;;;;;;1,1747;1,47164;1,12899;1,12575;1,03612
2023-11-25;98,0605;;;;;;;1,17449;1,47138;1,12879;1,12555;1,03594
2023-11-26;98,04297;;;;;;;1,17428;1,47112;1,12859;1,12535;1,03575
2023-11-27;98,02545;;;;;;;1,17407;1,47086;1,12839;1,12515;1,03557
2023-11-28;98,00792;;;;;;;1,17386;1,47059;1,12819;1,12494;1,03538
2023-11-29;97,99039;;;;;;;1,17365;1,47033;1,12799;1,12474;1,0352
2023-11-30;97,97287;;;;;;;1,17344;1,47007;1,12778;1,12454;1,03501
2023-12-01;97,95534;;;;;;;1,17323;1,4698;1,12758;1,12434;1,03483
2023-12-02;97,95991;;;;;;;1,17329;1,46987;1,12763;1,12439;1,03487
2023-12-03;97,9645;;;;;;;1,17334;1,46994;1,12769;1,12445;1,03492
2023-12-04;97,96907;;;;;;;1,1734;1,47001;1,12774;1,1245;1,03497
2023-12-05;97,97365;;;;;;;1,17345;1,47008;1,12779;1,12455;1,03502
2023-12-06;97,97822;;;;;;;1,1735;1,47015;1,12785;1,1246;1,03507
2023-12-07;97,9828;;;;;;;1,17356;1,47022;1,1279;1,12466;1,03512
2023-12-08;97,98738;;;;;;;1,17361;1,47028;1,12795;1,12471;1,03516
2023-12-09;97,99195;;;;;;;1,17367;1,47035;1,128;1,12476;1,03521
2023-12-10;97,99653;;;;;;;1,17372;1,47042;1,12806;1,12481;1,03526
2023-12-11;98,00111;;;;;;;1,17378;1,47049;1,12811;1,12487;1,03531
2023-12-12;98,00568;;;;;;;1,17383;1,47056;1,12816;1,12492;1,03536
2023-12-13;98,01026;;;;;;;1,17389;1,47063;1,12821;1,12497;1,03541
2023-12-14;98,01484;;;;;;;1,17394;1,4707;1,12827;1,12502;1,03545
2023-12-15;98,01941;;;;;;;1,174;1,47077;1,12832;1,12508;1,0355
2023-12-16;98,02399;;;;;;;1,17405;1,47083;1,12837;1,12513;1,03555
2023-12-17;98,02857;;;;;;;1,17411;1,4709;1,12842;1,12518;1,0356
2023-12-18;98,03315;;;;;;;1,17416;1,47097;1,12848;1,12523;1,03565
2023-12-19;98,03772;;;;;;;1,17422;1,47104;1,12853;1,12529;1,0357
2023-12-20;98,0423;;;;;;;1,17427;1,47111;1,12858;1,12534;1,03574
2023-12-21;98,04688;;;;;;;1,17433;1,47118;1,12864;1,12539;1,03579
2023-12-22;98,05145;;;;;;;1,17438;1,47125;1,12869;1,12544;1,03584
2023-12-23;98,05603;;;;;;;1,17444;1,47131;1,12874;1,1255;1,03589
2023-12-24;98,06061;;;;;;;1,17449;1,47138;1,12879;1,12555;1,03594
2023-12-25;98,06518;;;;;;;1,17455;1,47145;1,12885;1,1256;1,03599
2023-12-26;98,06976;;;;;;;1,1746;1,47152;1,1289;1,12565;1,03604
2023-12-27;98,07434;;;;;;;1,17466;1,47159;1,12895;1,12571;1,03608
2023-12-28;98,07891;;;;;;;1,17471;1,47166;1,129;1,12576;1,03613
2023-12-29;98,08349;;;;;;;1,17477;1,47173;1,12906;1,12581;1,03618
2023-12-30;98,08806;;;;;;;1,17482;1,4718;1,12911;1,12586;1,03623
2023-12-31;98,09265;;;;;;;1,17488;1,47186;1,12916;1,12592;1,03628
2024-01-01;98,09722;;;;;;;1,17493;1,47193;1,12922;1,12597;1,03633
2024-01-02;98,09157;;;;;;;1,17486;1,47185;1,12915;1,12591;1,03627
2024-01-03;98,08591;;;;;;;1,17479;1,47176;1,12908;1,12584;1,03621
2024-01-04;98,08026;;;;;;;1,17473;1,47168;1,12902;1,12578;1,03615
2024-01-05;98,0746;;;;;;;1,17466;1,47159;1,12895;1,12571;1,03609
2024-01-06;98,06895;;;;;;;1,17459;1,47151;1,12889;1,12565;1,03603
2024-01-07;98,06329;;;;;;;1,17452;1,47142;1,12882;1,12558;1,03597
2024-01-08;98,05764;;;;;;;1,17446;1,47134;1,12876;1,12552;1,03591
2024-01-09;98,05199;;;;;;;1,17439;1,47125;1,12869;1,12545;1,03585
2024-01-10;98,04633;;;;;;;1,17432;1,47117;1,12863;1,12539;1,03579
2024-01-11;98,04068;;;;;;;1,17425;1,47108;1,12856;1,12532;1,03573
2024-01-12;98,03503;;;;;;;1,17419;1,471;1,1285;1,12526;1,03567
2024-01-13;98,02938;;;;;;;1,17412;1,47091;1,12843;1,12519;1,03561
2024-01-14;98,02373;;;;;;;1,17405;1,47083;1,12837;1,12513;1,03555
2024-01-15;98,01807;;;;;;;1,17398;1,47075;1,1283;1,12506;1,03549
2024-01-16;98,01242;;;;;;;1,17391;1,47066;1,12824;1,125;1,03543
2024-01-17;98,00676;;;;;;;1,17385;1,47058;1,12817;1,12493;1,03537
2024-01-18;98,00111;;;;;;;1,17378;1,47049;1,12811;1,12487;1,03531
2024-01-19;97,99545;;;;;;;1,17371;1,47041;1,12804;1,1248;1,03525
2024-01-20;97,9898;;;;;;;1,17364;1,47032;1,12798;1,12474;1,03519
2024-01-21;97,98415;;;;;;;1,17358;1,47024;1,12791;1,12467;1,03513
2024-01-22;97,97849;;;;;;;1,17351;1,47015;1,12785;1,12461;1,03507
2024-01-23;97,97284;;;;;;;1,17344;1,47007;1,12778;1,12454;1,03501
2024-01-24;97,96718;;;;;;;1,17337;1,46998;1,12772;1,12448;1,03495
2024-01-25;97,96153;;;;;;;1,1733;1,4699;1,12765;1,12441;1,03489
2024-01-26;97,95588;;;;;;;1,17324;1,46981;1,12759;1,12435;1,03483
2024-01-27;97,95022;;;;;;;1,17317;1,46973;1,12752;1,12428;1,03477
2024-01-28;97,94457;;;;;;;1,1731;1,46964;1,12746;1,12422;1,03471
2024-01-29;97,93892;;;;;;;1,17303;1,46956;1,12739;1,12415;1,03465
2024-01-30;97,93327;;;;;;;1,17297;1,46947;1,12733;1,12409;1,03459
2024-01-31;97,92761;;;;;;;1,1729;1,46939;1,12726;1,12402;1,03453
2024-02-01;97,92196;;;;;;;1,17283;1,4693;1,1272;1,12396;1,03447
2024-02-02;97,92685;;;;;;;1,17289;1,46938;1,12725;1,12401;1,03453
2024-02-03;97,93174;;;;;;;1,17295;1,46945;1,12731;1,12407;1,03458
2024-02-04;97,93664;;;;;;;1,17301;1,46952;1,12737;1,12413;1,03463
2024-02-05;97,94153;;;;;;;1,17307;1,4696;1,12742;1,12418;1,03468
2024-02-06;97,94642;;;;;;;1,17312;1,46967;1,12748;1,12424;1,03473
2024-02-07;97,95131;;;;;;;1,17318;1,46974;1,12754;1,1243;1,03478
2024-02-08;97,9562;;;;;;;1,17324;1,46982;1,12759;1,12435;1,03484
2024-02-09;97,9611;;;;;;;1,1733;1,46989;1,12765;1,12441;1,03489
2024-02-10;97,96599;;;;;;;1,17336;1,46996;1,1277;1,12446;1,03494
2024-02-11;97,97088;;;;;;;1,17342;1,47004;1,12776;1,12452;1,03499
2024-02-12;97,97577;;;;;;;1,17348;1,47011;1,12782;1,12458;1,03504
2024-02-13;97,98066;;;;;;;1,17353;1,47018;1,12787;1,12463;1,03509
2024-02-14;97,98556;;;;;;;1,17359;1,47026;1,12793;1,12469;1,03515
2024-02-15;97,99045;;;;;;;1,17365;1,47033;1,12799;1,12474;1,0352
2024-02-16;97,99534;;;;;;;1,17371;1,4704;1,12804;1,1248;1,03525
2024-02-17;98,00023;;;;;;;1,17377;1,47048;1,1281;1,12486;1,0353
2024-02-18;98,00513;;;;;;;1,17383;1,47055;1,12816;1,12491;1,03535
2024-02-19;98,01002;;;;;;;1,17389;1,47062;1,12821;1,12497;1,0354
2024-02-20;98,01491;;;;;;;1,17394;1,4707;1,12827;1,12503;1,03546
2024-02-21;98,0198;;;;;;;1,174;1,47077;1,12832;1,12508;1,03551
2024-02-22;98,02469;;;;;;;1,17406;1,47084;1,12838;1,12514;1,03556
2024-02-23;98,02959;;;;;;;1,17412;1,47092;1,12844;1,12519;1,03561
2024-02-24;98,03448;;;;;;;1,17418;1,47099;1,12849;1,12525;1,03566
2024-02-25;98,03937;;;;;;;1,17424;1,47106;1,12855;1,12531;1,03571
2024-02-26;98,04426;;;;;;;1,1743;1,47114;1,12861;1,12536;1,03577
2024-02-27;98,04916;;;;;;;1,17435;1,47121;1,12866;1,12542;1,03582
2024-02-28;98,05405;;;;;;;1,17441;1,47129;1,12872;1,12547;1,03587
2024-02-29;98,05895;;;;;;;1,17447;1,47136;1,12877;1,12553;1,03592
2024-03-01;98,06384;;;;;;;1,17453;1,47143;1,12883;1,12559;1,03597
2024-03-02;98,05468;;;;;;;1,17442;1,47129;1,12873;1,12548;1,03588
2024-03-03;98,04553;;;;;;;1,17431;1,47116;1,12862;1,12538;1,03578
2024-03-04;98,03638;;;;;;;1,1742;1,47102;1,12851;1,12527;1,03568
2024-03-05;98,02722;;;;;;;1,17409;1,47088;1,12841;1,12517;1,03559
2024-03-06;98,01807;;;;;;;1,17398;1,47075;1,1283;1,12506;1,03549
2024-03-07;98,00891;;;;;;;1,17387;1,47061;1,1282;1,12496;1,03539
2024-03-08;97,99976;;;;;;;1,17376;1,47047;1,12809;1,12485;1,0353
2024-03-09;97,99061;;;;;;;1,17365;1,47033;1,12799;1,12475;1,0352
2024-03-10;97,98145;;;;;;;1,17354;1,4702;1,12788;1,12464;1,0351
2024-03-11;97,9723;;;;;;;1,17343;1,47006;1,12778;1,12454;1,03501
2024-03-12;97,96314;;;;;;;1,17332;1,46992;1,12767;1,12443;1,03491
2024-03-13;97,954;;;;;;;1,17321;1,46978;1,12757;1,12433;1,03481
2024-03-14;97,94484;;;;;;;1,1731;1,46965;1,12746;1,12422;1,03472
2024-03-15;97,93569;;;;;;;1,173;1,46951;1,12736;1,12412;1,03462
2024-03-16;97,92653;;;;;;;1,17289;1,46937;1,12725;1,12401;1,03452
2024-03-17;97,91738;;;;;;;1,17278;1,46923;1,12714;1,12391;1,03443
2024-03-18;97,90823;;;;;;;1,17267;1,4691;1,12704;1,1238;1,03433
2024-03-19;97,89907;;;;;;;1,17256;1,46896;1,12693;1,1237;1,03423
2024-03-20;97,88992;;;;;;;1,17245;1,46882;1,12683;1,12359;1,03414
2024-03-21;97,88077;;;;;;;1,17234;1,46868;1,12672;1,12349;1,03404
2024-03-22;97,87161;;;;;;;1,17223;1,46855;1,12662;1,12338;1,03394
2024-03-23;97,86246;;;;;;;1,17212;1,46841;1,12651;1,12328;1,03385
2024-03-24;97,8533;;;;;;;1,17201;1,46827;1,12641;1,12317;1,03375
2024-03-25;97,84415;;;;;;;1,1719;1,46814;1,1263;1,12307;1,03365
2024-03-26;97,835;;;;;;;1,17179;1,468;1,1262;1,12296;1,03356
2024-03-27;97,82585;;;;;;;1,17168;1,46786;1,12609;1,12286;1,03346
2024-03-28;97,81669;;;;;;;1,17157;1,46772;1,12599;1,12275;1,03336
2024-03-29;97,80753;;;;;;;1,17146;1,46759;1,12588;1,12264;1,03326
2024-03-30;97,79839;;;;;;;1,17135;1,46745;1,12578;1,12254;1,03317
2024-03-31;97,78923;;;;;;;1,17124;1,46731;1,12567;1,12243;1,03307
2024-04-01;97,78008;;;;;;;1,17113;1,46717;1,12556;1,12233;1,03297
2024-04-02;97,80762;;;;;;;1,17146;1,46759;1,12588;1,12265;1,03327
2024-04-03;97,83516;;;;;;;1,17179;1,468;1,1262;1,12296;1,03356
2024-04-04;97,8627;;;;;;;1,17212;1,46841;1,12652;1,12328;1,03385
2024-04-05;97,89024;;;;;;;1,17245;1,46883;1,12683;1,12359;1,03414
2024-04-06;97,91778;;;;;;;1,17278;1,46924;1,12715;1,12391;1,03443
2024-04-07;97,94532;;;;;;;1,17311;1,46965;1,12747;1,12423;1,03472
2024-04-08;97,97287;;;;;;;1,17344;1,47007;1,12778;1,12454;1,03501
2024-04-09;98,00041;;;;;;;1,17377;1,47048;1,1281;1,12486;1,0353
2024-04-10;98,02795;;;;;;;1,1741;1,47089;1,12842;1,12517;1,03559
2024-04-11;98,05549;;;;;;;1,17443;1,47131;1,12873;1,12549;1,03588
2024-04-12;98,08303;;;;;;;1,17476;1,47172;1,12905;1,12581;1,03618
2024-04-13;98,11057;;;;;;;1,17509;1,47213;1,12937;1,12612;1,03647
2024-04-14;98,13811;;;;;;;1,17542;1,47255;1,12969;1,12644;1,03676
2024-04-15;98,16566;;;;;;;1,17575;1,47296;1,13;1,12676;1,03705
2024-04-16;98,1932;;;;;;;1,17608;1,47337;1,13032;1,12707;1,03734
2024-04-17;98,22074;;;;;;;1,17641;1,47379;1,13064;1,12739;1,03763
2024-04-18;98,24828;;;;;;;1,17674;1,4742;1,13095;1,1277;1,03792
2024-04-19;98,27582;;;;;;;1,17707;1,47461;1,13127;1,12802;1,03821
2024-04-20;98,30336;;;;;;;1,1774;1,47503;1,13159;1,12834;1,0385
2024-04-21;98,3309;;;;;;;1,17773;1,47544;1,13191;1,12865;1,03879
2024-04-22;98,35844;;;;;;;1,17806;1,47585;1,13222;1,12897;1,03908
2024-04-23;98,38599;;;;;;;1,17839;1,47627;1,13254;1,12928;1,03938
2024-04-24;98,41353;;;;;;;1,17872;1,47668;1,13286;1,1296;1,03967
2024-04-25;98,44107;;;;;;;1,17905;1,47709;1,13317;1,12992;1,03996
2024-04-26;98,46861;;;;;;;1,17938;1,47751;1,13349;1,13023;1,04025
2024-04-27;98,49615;;;;;;;1,17971;1,47792;1,13381;1,13055;1,04054
2024-04-28;98,52369;;;;;;;1,18004;1,47833;1,13412;1,13087;1,04083
2024-04-29;98,55123;;;;;;;1,18037;1,47875;1,13444;1,13118;1,04112
2024-04-30;98,57878;;;;;;;1,1807;1,47916;1,13476;1,1315;1,04141
2024-05-01;98,60632;;;;;;;1,18103;1,47957;1,13508;1,13181;1,0417
2024-05-02;98,61304;;;;;;;1,18111;1,47967;1,13515;1,13189;1,04177
2024-05-03;98,61978;;;;;;;1,18119;1,47977;1,13523;1,13197;1,04185
2024-05-04;98,62651;;;;;;;1,18127;1,47987;1,13531;1,13205;1,04192
2024-05-05;98,63324;;;;;;;1,18135;1,47998;1,13539;1,13212;1,04199
2024-05-06;98,63997;;;;;;;1,18143;1,48008;1,13546;1,1322;1,04206
2024-05-07;98,6467;;;;;;;1,18151;1,48018;1,13554;1,13228;1,04213
2024-05-08;98,65343;;;;;;;1,18159;1,48028;1,13562;1,13235;1,0422
2024-05-09;98,66016;;;;;;;1,18167;1,48038;1,1357;1,13243;1,04227
2024-05-10;98,66689;;;;;;;1,18175;1,48048;1,13577;1,13251;1,04234
2024-05-11;98,67363;;;;;;;1,18183;1,48058;1,13585;1,13259;1,04241
2024-05-12;98,68035;;;;;;;1,18191;1,48068;1,13593;1,13266;1,04249
2024-05-13;98,68708;;;;;;;1,18199;1,48078;1,13601;1,13274;1,04256
2024-05-14;98,69381;;;;;;;1,18208;1,48088;1,13608;1,13282;1,04263
2024-05-15;98,70054;;;;;;;1,18216;1,48099;1,13616;1,13289;1,0427
2024-05-16;98,70728;;;;;;;1,18224;1,48109;1,13624;1,13297;1,04277
2024-05-17;98,714;;;;;;;1,18232;1,48119;1,13632;1,13305;1,04284
2024-05-18;98,72074;;;;;;;1,1824;1,48129;1,13639;1,13313;1,04291
2024-05-19;98,72747;;;;;;;1,18248;1,48139;1,13647;1,1332;1,04298
2024-05-20;98,7342;;;;;;;1,18256;1,48149;1,13655;1,13328;1,04305
2024-05-21;98,74093;;;;;;;1,18264;1,48159;1,13662;1,13336;1,04313
2024-05-22;98,74765;;;;;;;1,18272;1,48169;1,1367;1,13344;1,0432
2024-05-23;98,75439;;;;;;;1,1828;1,48179;1,13678;1,13351;1,04327
2024-05-24;98,76112;;;;;;;1,18288;1,48189;1,13686;1,13359;1,04334
2024-05-25;98,76785;;;;;;;1,18296;1,482;1,13693;1,13367;1,04341
2024-05-26;98,77458;;;;;;;1,18304;1,4821;1,13701;1,13374;1,04348
2024-05-27;98,78131;;;;;;;1,18312;1,4822;1,13709;1,13382;1,04355
2024-05-28;98,78804;;;;;;;1,1832;1,4823;1,13717;1,1339;1,04362
2024-05-29;98,79477;;;;;;;1,18328;1,4824;1,13724;1,13398;1,04369
2024-05-30;98,8015;;;;;;;1,18337;1,4825;1,13732;1,13405;1,04377
2024-05-31;98,80824;;;;;;;1,18345;1,4826;1,1374;1,13413;1,04384
2024-06-01;98,81496;;;;;;;1,18353;1,4827;1,13748;1,13421;1,04391
2024-06-02;98,83193;;;;;;;1,18373;1,48296;1,13767;1,1344;1,04409
2024-06-03;98,84891;;;;;;;1,18393;1,48321;1,13787;1,1346;1,04427
2024-06-04;98,86587;;;;;;;1,18414;1,48347;1,13806;1,13479;1,04445
2024-06-05;98,88284;;;;;;;1,18434;1,48372;1,13826;1,13499;1,04462
2024-06-06;98,89982;;;;;;;1,18454;1,48398;1,13845;1,13518;1,0448
2024-06-07;98,91678;;;;;;;1,18475;1,48423;1,13865;1,13538;1,04498
2024-06-08;98,93375;;;;;;;1,18495;1,48448;1,13884;1,13557;1,04516
2024-06-09;98,95073;;;;;;;1,18515;1,48474;1,13904;1,13577;1,04534
2024-06-10;98,96769;;;;;;;1,18536;1,48499;1,13924;1,13596;1,04552
2024-06-11;98,98466;;;;;;;1,18556;1,48525;1,13943;1,13616;1,0457
2024-06-12;99,00164;;;;;;;1,18576;1,4855;1,13963;1,13635;1,04588
2024-06-13;99,0186;;;;;;;1,18597;1,48576;1,13982;1,13655;1,04606
2024-06-14;99,03557;;;;;;;1,18617;1,48601;1,14002;1,13674;1,04624
2024-06-15;99,05254;;;;;;;1,18637;1,48627;1,14021;1,13694;1,04642
2024-06-16;99,06951;;;;;;;1,18658;1,48652;1,14041;1,13713;1,0466
2024-06-17;99,08648;;;;;;;1,18678;1,48678;1,1406;1,13732;1,04678
2024-06-18;99,10345;;;;;;;1,18698;1,48703;1,1408;1,13752;1,04696
2024-06-19;99,12042;;;;;;;1,18719;1,48729;1,14099;1,13771;1,04713
2024-06-20;99,13739;;;;;;;1,18739;1,48754;1,14119;1,13791;1,04731
2024-06-21;99,15436;;;;;;;1,18759;1,4878;1,14138;1,1381;1,04749
2024-06-22;99,17133;;;;;;;1,18779;1,48805;1,14158;1,1383;1,04767
2024-06-23;99,1883;;;;;;;1,188;1,4883;1,14177;1,13849;1,04785
2024-06-24;99,20527;;;;;;;1,1882;1,48856;1,14197;1,13869;1,04803
2024-06-25;99,22224;;;;;;;1,1884;1,48881;1,14217;1,13888;1,04821
2024-06-26;99,23921;;;;;;;1,18861;1,48907;1,14236;1,13908;1,04839
2024-06-27;99,25618;;;;;;;1,18881;1,48932;1,14256;1,13927;1,04857
2024-06-28;99,27315;;;;;;;1,18901;1,48958;1,14275;1,13947;1,04875
2024-06-29;99,29012;;;;;;;1,18922;1,48983;1,14295;1,13966;1,04893
2024-06-30;99,30709;;;;;;;1,18942;1,49009;1,14314;1,13986;1,04911
2024-07-01;99,32406;;;;;;;1,18962;1,49034;1,14334;1,14005;1,04929
2024-07-02;99,32514;;;;;;;1,18964;1,49036;1,14335;1,14006;1,0493
2024-07-03;99,32621;;;;;;;1,18965;1,49037;1,14336;1,14008;1,04931
2024-07-04;99,32729;;;;;;;1,18966;1,49039;1,14337;1,14009;1,04932
2024-07-05;99,32837;;;;;;;1,18968;1,49041;1,14339;1,1401;1,04933
2024-07-06;99,32944;;;;;;;1,18969;1,49042;1,1434;1,14011;1,04934
2024-07-07;99,33052;;;;;;;1,1897;1,49044;1,14341;1,14013;1,04935
2024-07-08;99,3316;;;;;;;1,18971;1,49045;1,14342;1,14014;1,04937
2024-07-09;99,33267;;;;;;;1,18973;1,49047;1,14344;1,14015;1,04938
2024-07-10;99,33375;;;;;;;1,18974;1,49049;1,14345;1,14016;1,04939
2024-07-11;99,33483;;;;;;;1,18975;1,4905;1,14346;1,14018;1,0494
2024-07-12;99,3359;;;;;;;1,18977;1,49052;1,14347;1,14019;1,04941
2024-07-13;99,33698;;;;;;;1,18978;1,49054;1,14349;1,1402;1,04942
2024-07-14;99,33806;;;;;;;1,18979;1,49055;1,1435;1,14021;1,04943
2024-07-15;99,33913;;;;;;;1,1898;1,49057;1,14351;1,14022;1,04945
2024-07-16;99,34021;;;;;;;1,18982;1,49058;1,14352;1,14024;1,04946
2024-07-17;99,34129;;;;;;;1,18983;1,4906;1,14354;1,14025;1,04947
2024-07-18;99,34237;;;;;;;1,18984;1,49062;1,14355;1,14026;1,04948
2024-07-19;99,34345;;;;;;;1,18986;1,49063;1,14356;1,14027;1,04949
2024-07-20;99,34452;;;;;;;1,18987;1,49065;1,14357;1,14029;1,0495
2024-07-21;99,3456;;;;;;;1,18988;1,49066;1,14359;1,1403;1,04951
2024-07-22;99,34668;;;;;;;1,1899;1,49068;1,1436;1,14031;1,04952
2024-07-23;99,34775;;;;;;;1,18991;1,4907;1,14361;1,14032;1,04954
2024-07-24;99,34883;;;;;;;1,18992;1,49071;1,14362;1,14034;1,04955
2024-07-25;99,34991;;;;;;;1,18993;1,49073;1,14364;1,14035;1,04956
2024-07-26;99,35098;;;;;;;1,18995;1,49075;1,14365;1,14036;1,04957
2024-07-27;99,35206;;;;;;;1,18996;1,49076;1,14366;1,14037;1,04958
2024-07-28;99,35314;;;;;;;1,18997;1,49078;1,14367;1,14039;1,04959
2024-07-29;99,35421;;;;;;;1,18999;1,49079;1,14368;1,1404;1,0496
2024-07-30;99,35529;;;;;;;1,19;1,49081;1,1437;1,14041;1,04962
2024-07-31;99,35637;;;;;;;1,19001;1,49083;1,14371;1,14042;1,04963
2024-08-01;99,35744;;;;;;;1,19002;1,49084;1,14372;1,14043;1,04964
2024-08-02;99,35986;;;;;;;1,19005;1,49088;1,14375;1,14046;1,04966
2024-08-03;99,36229;;;;;;;1,19008;1,49092;1,14378;1,14049;1,04969
2024-08-04;99,36471;;;;;;;1,19011;1,49095;1,14381;1,14052;1,04972
2024-08-05;99,36713;;;;;;;1,19014;1,49099;1,14383;1,14055;1,04974
2024-08-06;99,36956;;;;;;;1,19017;1,49102;1,14386;1,14057;1,04977
2024-08-07;99,37198;;;;;;;1,1902;1,49106;1,14389;1,1406;1,04979
2024-08-08;99,3744;;;;;;;1,19023;1,4911;1,14392;1,14063;1,04982
2024-08-09;99,37683;;;;;;;1,19026;1,49113;1,14394;1,14066;1,04984
2024-08-10;99,37925;;;;;;;1,19029;1,49117;1,14397;1,14069;1,04987
2024-08-11;99,38167;;;;;;;1,19031;1,49121;1,144;1,14071;1,04989
2024-08-12;99,3841;;;;;;;1,19034;1,49124;1,14403;1,14074;1,04992
2024-08-13;99,38652;;;;;;;1,19037;1,49128;1,14406;1,14077;1,04995
2024-08-14;99,38894;;;;;;;1,1904;1,49131;1,14408;1,1408;1,04997
2024-08-15;99,39137;;;;;;;1,19043;1,49135;1,14411;1,14082;1,05
2024-08-16;99,39379;;;;;;;1,19046;1,49139;1,14414;1,14085;1,05002
2024-08-17;99,39621;;;;;;;1,19049;1,49142;1,14417;1,14088;1,05005
2024-08-18;99,39863;;;;;;;1,19052;1,49146;1,1442;1,14091;1,05007
2024-08-19;99,40106;;;;;;;1,19055;1,4915;1,14422;1,14094;1,0501
2024-08-20;99,40348;;;;;;;1,19058;1,49153;1,14425;1,14096;1,05012
2024-08-21;99,4059;;;;;;;1,1906;1,49157;1,14428;1,14099;1,05015
2024-08-22;99,40833;;;;;;;1,19063;1,49161;1,14431;1,14102;1,05018
2024-08-23;99,41075;;;;;;;1,19066;1,49164;1,14434;1,14105;1,0502
2024-08-24;99,41317;;;;;;;1,19069;1,49168;1,14436;1,14107;1,05023
2024-08-25;99,4156;;;;;;;1,19072;1,49171;1,14439;1,1411;1,05025
2024-08-26;99,41802;;;;;;;1,19075;1,49175;1,14442;1,14113;1,05028
2024-08-27;99,42044;;;;;;;1,19078;1,49179;1,14445;1,14116;1,0503
2024-08-28;99,42287;;;;;;;1,19081;1,49182;1,14447;1,14119;1,05033
2024-08-29;99,42529;;;;;;;1,19084;1,49186;1,1445;1,14121;1,05036
2024-08-30;99,42771;;;;;;;1,19087;1,4919;1,14453;1,14124;1,05038
2024-08-31;99,43014;;;;;;;1,19089;1,49193;1,14456;1,14127;1,05041
2024-09-01;99,43256;;;;;;;1,19092;1,49197;1,14459;1,1413;1,05043
2024-09-02;99,43896;;;;;;;1,191;1,49207;1,14466;1,14137;1,0505
2024-09-03;99,44535;;;;;;;1,19108;1,49216;1,14473;1,14144;1,05057
2024-09-04;99,45175;;;;;;;1,19115;1,49226;1,14481;1,14152;1,05063
2024-09-05;99,45815;;;;;;;1,19123;1,49235;1,14488;1,14159;1,0507
2024-09-06;99,46455;;;;;;;1,19131;1,49245;1,14495;1,14166;1,05077
2024-09-07;99,47095;;;;;;;1,19138;1,49255;1,14503;1,14174;1,05084
2024-09-08;99,47735;;;;;;;1,19146;1,49264;1,1451;1,14181;1,05091
2024-09-09;99,48374;;;;;;;1,19154;1,49274;1,14518;1,14188;1,05097
2024-09-10;99,49014;;;;;;;1,19161;1,49283;1,14525;1,14196;1,05104
2024-09-11;99,49654;;;;;;;1,19169;1,49293;1,14532;1,14203;1,05111
2024-09-12;99,50294;;;;;;;1,19177;1,49303;1,1454;1,1421;1,05118
2024-09-13;99,50934;;;;;;;1,19184;1,49312;1,14547;1,14218;1,05124
2024-09-14;99,51574;;;;;;;1,19192;1,49322;1,14554;1,14225;1,05131
2024-09-15;99,52213;;;;;;;1,192;1,49331;1,14562;1,14233;1,05138
2024-09-16;99,52853;;;;;;;1,19207;1,49341;1,14569;1,1424;1,05145
2024-09-17;99,53494;;;;;;;1,19215;1,49351;1,14576;1,14247;1,05151
2024-09-18;99,54133;;;;;;;1,19223;1,4936;1,14584;1,14255;1,05158
2024-09-19;99,54773;;;;;;;1,1923;1,4937;1,14591;1,14262;1,05165
2024-09-20;99,55413;;;;;;;1,19238;1,49379;1,14599;1,14269;1,05172
2024-09-21;99,56052;;;;;;;1,19246;1,49389;1,14606;1,14277;1,05178
2024-09-22;99,56693;;;;;;;1,19253;1,49399;1,14613;1,14284;1,05185
2024-09-23;99,57333;;;;;;;1,19261;1,49408;1,14621;1,14291;1,05192
2024-09-24;99,57972;;;;;;;1,19269;1,49418;1,14628;1,14299;1,05199
2024-09-25;99,58612;;;;;;;1,19276;1,49427;1,14635;1,14306;1,05205
2024-09-26;99,59252;;;;;;;1,19284;1,49437;1,14643;1,14313;1,05212
2024-09-27;99,59891;;;;;;;1,19292;1,49447;1,1465;1,14321;1,05219
2024-09-28;99,60532;;;;;;;1,19299;1,49456;1,14658;1,14328;1,05226
2024-09-29;99,61172;;;;;;;1,19307;1,49466;1,14665;1,14335;1,05232
2024-09-30;99,61811;;;;;;;1,19315;1,49475;1,14672;1,14343;1,05239
2024-10-01;99,62451;;;;;;;1,19322;1,49485;1,1468;1,1435;1,05246
2024-10-02;99,64175;;;;;;;1,19343;1,49511;1,14699;1,1437;1,05264
2024-10-03;99,65897;;;;;;;1,19364;1,49537;1,14719;1,1439;1,05282
2024-10-04;99,67621;;;;;;;1,19384;1,49563;1,14739;1,14409;1,05301
2024-10-05;99,69343;;;;;;;1,19405;1,49588;1,14759;1,14429;1,05319
2024-10-06;99,71067;;;;;;;1,19425;1,49614;1,14779;1,14449;1,05337
2024-10-07;99,72789;;;;;;;1,19446;1,4964;1,14799;1,14469;1,05355
2024-10-08;99,74513;;;;;;;1,19467;1,49666;1,14818;1,14488;1,05373
2024-10-09;99,76235;;;;;;;1,19487;1,49692;1,14838;1,14508;1,05392
2024-10-10;99,77959;;;;;;;1,19508;1,49718;1,14858;1,14528;1,0541
2024-10-11;99,79681;;;;;;;1,19529;1,49743;1,14878;1,14548;1,05428
2024-10-12;99,81405;;;;;;;1,19549;1,49769;1,14898;1,14568;1,05446
2024-10-13;99,83127;;;;;;;1,1957;1,49795;1,14918;1,14587;1,05464
2024-10-14;99,84851;;;;;;;1,19591;1,49821;1,14937;1,14607;1,05483
2024-10-15;99,86573;;;;;;;1,19611;1,49847;1,14957;1,14627;1,05501
2024-10-16;99,88297;;;;;;;1,19632;1,49873;1,14977;1,14647;1,05519
2024-10-17;99,90019;;;;;;;1,19652;1,49899;1,14997;1,14666;1,05537
2024-10-18;99,91743;;;;;;;1,19673;1,49924;1,15017;1,14686;1,05555
2024-10-19;99,93465;;;;;;;1,19694;1,4995;1,15037;1,14706;1,05574
2024-10-20;99,95189;;;;;;;1,19714;1,49976;1,15056;1,14726;1,05592
2024-10-21;99,96911;;;;;;;1,19735;1,50002;1,15076;1,14746;1,0561
2024-10-22;99,98635;;;;;;;1,19756;1,50028;1,15096;1,14765;1,05628
2024-10-23;100,00357;;;;;;;1,19776;1,50054;1,15116;1,14785;1,05646
2024-10-24;100,02081;;;;;;;1,19797;1,5008;1,15136;1,14805;1,05665
2024-10-25;100,03803;;;;;;;1,19818;1,50105;1,15156;1,14825;1,05683
2024-10-26;100,05527;;;;;;;1,19838;1,50131;1,15175;1,14844;1,05701
2024-10-27;100,07249;;;;;;;1,19859;1,50157;1,15195;1,14864;1,05719
2024-10-28;100,08973;;;;;;;1,19879;1,50183;1,15215;1,14884;1,05737
2024-10-29;100,10695;;;;;;;1,199;1,50209;1,15235;1,14904;1,05756
2024-10-30;100,12419;;;;;;;1,19921;1,50235;1,15255;1,14924;1,05774
2024-10-31;100,14141;;;;;;;1,19941;1,50261;1,15275;1,14943;1,05792
2024-11-01;100,15865;;;;;;;1,19962;1,50286;1,15294;1,14963;1,0581
2024-11-02;100,11664;;;;;;;1,19912;1,50223;1,15246;1,14915;1,05766
2024-11-03;100,07463;;;;;;;1,19861;1,5016;1,15198;1,14867;1,05722
2024-11-04;100,03262;;;;;;;1,19811;1,50097;1,15149;1,14818;1,05677
2024-11-05;99,99062;;;;;;;1,19761;1,50034;1,15101;1,1477;1,05633
2024-11-06;99,94861;;;;;;;1,1971;1,49971;1,15053;1,14722;1,05588
2024-11-07;99,9066;;;;;;;1,1966;1,49908;1,15004;1,14674;1,05544
2024-11-08;99,8646;;;;;;;1,1961;1,49845;1,14956;1,14626;1,055
2024-11-09;99,82258;;;;;;;1,1956;1,49782;1,14908;1,14577;1,05455
2024-11-10;99,78058;;;;;;;1,19509;1,49719;1,14859;1,14529;1,05411
2024-11-11;99,73857;;;;;;;1,19459;1,49656;1,14811;1,14481;1,05366
2024-11-12;99,69656;;;;;;;1,19409;1,49593;1,14763;1,14433;1,05322
2024-11-13;99,65456;;;;;;;1,19358;1,4953;1,14714;1,14385;1,05278
2024-11-14;99,61255;;;;;;;1,19308;1,49467;1,14666;1,14336;1,05233
2024-11-15;99,57054;;;;;;;1,19258;1,49404;1,14617;1,14288;1,05189
2024-11-16;99,52853;;;;;;;1,19207;1,49341;1,14569;1,1424;1,05145
2024-11-17;99,48653;;;;;;;1,19157;1,49278;1,14521;1,14192;1,051
2024-11-18;99,44452;;;;;;;1,19107;1,49215;1,14472;1,14143;1,05056
2024-11-19;99,40251;;;;;;;1,19056;1,49152;1,14424;1,14095;1,05011
2024-11-20;99,36051;;;;;;;1,19006;1,49089;1,14376;1,14047;1,04967
2024-11-21;99,31849;;;;;;;1,18956;1,49026;1,14327;1,13999;1,04923
2024-11-22;99,27649;;;;;;;1,18905;1,48963;1,14279;1,13951;1,04878
2024-11-23;99,23448;;;;;;;1,18855;1,489;1,14231;1,13902;1,04834
2024-11-24;99,19247;;;;;;;1,18805;1,48837;1,14182;1,13854;1,0479
2024-11-25;99,15047;;;;;;;1,18754;1,48774;1,14134;1,13806;1,04745
2024-11-26;99,10846;;;;;;;1,18704;1,48711;1,14086;1,13758;1,04701
2024-11-27;99,06645;;;;;;;1,18654;1,48648;1,14037;1,13709;1,04656
2024-11-28;99,02444;;;;;;;1,18604;1,48585;1,13989;1,13661;1,04612
2024-11-29;98,98244;;;;;;;1,18553;1,48522;1,13941;1,13613;1,04568
2024-11-30;98,94043;;;;;;;1,18503;1,48458;1,13892;1,13565;1,04523
2024-12-01;98,89842;;;;;;;1,18453;1,48395;1,13844;1,13517;1,04479
2024-12-02;98,90731;;;;;;;1,18463;1,48409;1,13854;1,13527;1,04488
2024-12-03;98,91619;;;;;;;1,18474;1,48422;1,13864;1,13537;1,04498
2024-12-04;98,92508;;;;;;;1,18485;1,48435;1,13874;1,13547;1,04507
2024-12-05;98,93396;;;;;;;1,18495;1,48449;1,13885;1,13557;1,04516
2024-12-06;98,94285;;;;;;;1,18506;1,48462;1,13895;1,13568;1,04526
2024-12-07;98,95173;;;;;;;1,18516;1,48475;1,13905;1,13578;1,04535
2024-12-08;98,96062;;;;;;;1,18527;1,48489;1,13915;1,13588;1,04545
2024-12-09;98,9695;;;;;;;1,18538;1,48502;1,13926;1,13598;1,04554
2024-12-10;98,97838;;;;;;;1,18548;1,48515;1,13936;1,13608;1,04563
2024-12-11;98,98726;;;;;;;1,18559;1,48529;1,13946;1,13619;1,04573
2024-12-12;98,99615;;;;;;;1,1857;1,48542;1,13956;1,13629;1,04582
2024-12-13;99,00503;;;;;;;1,1858;1,48555;1,13967;1,13639;1,04592
2024-12-14;99,01392;;;;;;;1,18591;1,48569;1,13977;1,13649;1,04601
2024-12-15;99,0228;;;;;;;1,18602;1,48582;1,13987;1,13659;1,0461
2024-12-16;99,03169;;;;;;;1,18612;1,48595;1,13997;1,1367;1,0462
2024-12-17;99,04057;;;;;;;1,18623;1,48609;1,14007;1,1368;1,04629
2024-12-18;99,04946;;;;;;;1,18634;1,48622;1,14018;1,1369;1,04638
2024-12-19;99,05834;;;;;;;1,18644;1,48635;1,14028;1,137;1,04648
2024-12-20;99,06723;;;;;;;1,18655;1,48649;1,14038;1,1371;1,04657
2024-12-21;99,07611;;;;;;;1,18665;1,48662;1,14048;1,13721;1,04667
2024-12-22;99,08499;;;;;;;1,18676;1,48675;1,14059;1,13731;1,04676
2024-12-23;99,09387;;;;;;;1,18687;1,48689;1,14069;1,13741;1,04685
2024-12-24;99,10276;;;;;;;1,18697;1,48702;1,14079;1,13751;1,04695
2024-12-25;99,11164;;;;;;;1,18708;1,48715;1,14089;1,13761;1,04704
2024-12-26;99,12053;;;;;;;1,18719;1,48729;1,14099;1,13772;1,04714
2024-12-27;99,12941;;;;;;;1,18729;1,48742;1,1411;1,13782;1,04723
2024-12-28;99,1383;;;;;;;1,1874;1,48755;1,1412;1,13792;1,04732
2024-12-29;99,14718;;;;;;;1,18751;1,48769;1,1413;1,13802;1,04742
2024-12-30;99,15607;;;;;;;1,18761;1,48782;1,1414;1,13812;1,04751
2024-12-31;99,16495;;;;;;;1,18772;1,48795;1,14151;1,13823;1,0476
2025-01-01;99,17384;;;;;;;1,18782;1,48809;1,14161;1,13833;1,0477
2025-01-02;99,16926;;;;;;;1,18777;1,48802;1,14156;1,13827;1,04765
2025-01-03;99,16468;;;;;;;1,18772;1,48795;1,1415;1,13822;1,0476
2025-01-04;99,16011;;;;;;;1,18766;1,48788;1,14145;1,13817;1,04755
2025-01-05;99,15552;;;;;;;1,18761;1,48781;1,1414;1,13812;1,04751
2025-01-06;99,15095;;;;;;;1,18755;1,48774;1,14134;1,13806;1,04746
2025-01-07;99,14638;;;;;;;1,1875;1,48768;1,14129;1,13801;1,04741
2025-01-08;99,1418;;;;;;;1,18744;1,48761;1,14124;1,13796;1,04736
2025-01-09;99,13722;;;;;;;1,18739;1,48754;1,14119;1,13791;1,04731
2025-01-10;99,13265;;;;;;;1,18733;1,48747;1,14113;1,13785;1,04726
2025-01-11;99,12807;;;;;;;1,18728;1,4874;1,14108;1,1378;1,04722
2025-01-12;99,12349;;;;;;;1,18722;1,48733;1,14103;1,13775;1,04717
2025-01-13;99,11891;;;;;;;1,18717;1,48726;1,14098;1,1377;1,04712
2025-01-14;99,11434;;;;;;;1,18711;1,48719;1,14092;1,13764;1,04707
2025-01-15;99,10976;;;;;;;1,18706;1,48713;1,14087;1,13759;1,04702
2025-01-16;99,10518;;;;;;;1,187;1,48706;1,14082;1,13754;1,04697
2025-01-17;99,10061;;;;;;;1,18695;1,48699;1,14077;1,13749;1,04693
2025-01-18;99,09603;;;;;;;1,18689;1,48692;1,14071;1,13743;1,04688
2025-01-19;99,09145;;;;;;;1,18684;1,48685;1,14066;1,13738;1,04683
2025-01-20;99,08688;;;;;;;1,18678;1,48678;1,14061;1,13733;1,04678
2025-01-21;99,0823;;;;;;;1,18673;1,48671;1,14055;1,13728;1,04673
2025-01-22;99,07772;;;;;;;1,18667;1,48665;1,1405;1,13722;1,04668
2025-01-23;99,07314;;;;;;;1,18662;1,48658;1,14045;1,13717;1,04664
2025-01-24;99,06857;;;;;;;1,18656;1,48651;1,1404;1,13712;1,04659
2025-01-25;99,064;;;;;;;1,18651;1,48644;1,14034;1,13707;1,04654
2025-01-26;99,05941;;;;;;;1,18645;1,48637;1,14029;1,13701;1,04649
2025-01-27;99,05484;;;;;;;1,1864;1,4863;1,14024;1,13696;1,04644
2025-01-28;99,05027;;;;;;;1,18634;1,48623;1,14019;1,13691;1,04639
2025-01-29;99,04568;;;;;;;1,18629;1,48616;1,14013;1,13686;1,04635
2025-01-30;99,04111;;;;;;;1,18624;1,4861;1,14008;1,1368;1,0463
2025-01-31;99,03653;;;;;;;1,18618;1,48603;1,14003;1,13675;1,04625
2025-02-01;99,03196;;;;;;;1,18613;1,48596;1,13998;1,1367;1,0462
2025-02-02;99,03852;;;;;;;1,1862;1,48606;1,14005;1,13677;1,04627
2025-02-03;99,04507;;;;;;;1,18628;1,48616;1,14013;1,13685;1,04634
2025-02-04;99,05163;;;;;;;1,18636;1,48625;1,1402;1,13692;1,04641
2025-02-05;99,05819;;;;;;;1,18644;1,48635;1,14028;1,137;1,04648
2025-02-06;99,06475;;;;;;;1,18652;1,48645;1,14035;1,13708;1,04655
2025-02-07;99,0713;;;;;;;1,1866;1,48655;1,14043;1,13715;1,04662
2025-02-08;99,07786;;;;;;;1,18668;1,48665;1,1405;1,13723;1,04668
2025-02-09;99,08442;;;;;;;1,18675;1,48675;1,14058;1,1373;1,04675
2025-02-10;99,09097;;;;;;;1,18683;1,48684;1,14065;1,13738;1,04682
2025-02-11;99,09753;;;;;;;1,18691;1,48694;1,14073;1,13745;1,04689
2025-02-12;99,10409;;;;;;;1,18699;1,48704;1,14081;1,13753;1,04696
2025-02-13;99,11065;;;;;;;1,18707;1,48714;1,14088;1,1376;1,04703
2025-02-14;99,1172;;;;;;;1,18715;1,48724;1,14096;1,13768;1,0471
2025-02-15;99,12376;;;;;;;1,18723;1,48734;1,14103;1,13775;1,04717
2025-02-16;99,13032;;;;;;;1,1873;1,48743;1,14111;1,13783;1,04724
2025-02-17;99,13687;;;;;;;1,18738;1,48753;1,14118;1,1379;1,04731
2025-02-18;99,14343;;;;;;;1,18746;1,48763;1,14126;1,13798;1,04738
2025-02-19;99,14999;;;;;;;1,18754;1,48773;1,14133;1,13805;1,04745
2025-02-20;99,15655;;;;;;;1,18762;1,48783;1,14141;1,13813;1,04752
2025-02-21;99,1631;;;;;;;1,1877;1,48793;1,14148;1,1382;1,04759
2025-02-22;99,16966;;;;;;;1,18777;1,48802;1,14156;1,13828;1,04765
2025-02-23;99,17622;;;;;;;1,18785;1,48812;1,14164;1,13835;1,04772
2025-02-24;99,18277;;;;;;;1,18793;1,48822;1,14171;1,13843;1,04779
2025-02-25;99,18933;;;;;;;1,18801;1,48832;1,14179;1,13851;1,04786
2025-02-26;99,19589;;;;;;;1,18809;1,48842;1,14186;1,13858;1,04793
2025-02-27;99,20245;;;;;;;1,18817;1,48852;1,14194;1,13866;1,048
2025-02-28;99,209;;;;;;;1,18825;1,48861;1,14201;1,13873;1,04807
2025-03-01;99,21556;;;;;;;1,18832;1,48871;1,14209;1,13881;1,04814
2025-03-02;99,21906;;;;;;;1,18837;1,48877;1,14213;1,13885;1,04818
2025-03-03;99,22257;;;;;;;1,18841;1,48882;1,14217;1,13889;1,04821
2025-03-04;99,22606;;;;;;;1,18845;1,48887;1,14221;1,13893;1,04825
2025-03-05;99,22956;;;;;;;1,18849;1,48892;1,14225;1,13897;1,04829
2025-03-06;99,23307;;;;;;;1,18853;1,48898;1,14229;1,13901;1,04832
2025-03-07;99,23656;;;;;;;1,18858;1,48903;1,14233;1,13905;1,04836
2025-03-08;99,24006;;;;;;;1,18862;1,48908;1,14237;1,13909;1,0484
2025-03-09;99,24356;;;;;;;1,18866;1,48913;1,14241;1,13913;1,04844
2025-03-10;99,24706;;;;;;;1,1887;1,48919;1,14245;1,13917;1,04847
2025-03-11;99,25057;;;;;;;1,18874;1,48924;1,14249;1,13921;1,04851
2025-03-12;99,25406;;;;;;;1,18879;1,48929;1,14253;1,13925;1,04855
2025-03-13;99,25756;;;;;;;1,18883;1,48934;1,14257;1,13929;1,04858
2025-03-14;99,26107;;;;;;;1,18887;1,4894;1,14261;1,13933;1,04862
2025-03-15;99,26456;;;;;;;1,18891;1,48945;1,14265;1,13937;1,04866
2025-03-16;99,26806;;;;;;;1,18895;1,4895;1,14269;1,13941;1,04869
2025-03-17;99,27157;;;;;;;1,189;1,48955;1,14273;1,13945;1,04873
2025-03-18;99,27506;;;;;;;1,18904;1,48961;1,14277;1,13949;1,04877
2025-03-19;99,27856;;;;;;;1,18908;1,48966;1,14281;1,13953;1,04881
2025-03-20;99,28206;;;;;;;1,18912;1,48971;1,14285;1,13957;1,04884
2025-03-21;99,28556;;;;;;;1,18916;1,48976;1,14289;1,13961;1,04888
2025-03-22;99,28906;;;;;;;1,1892;1,48982;1,14293;1,13965;1,04892
2025-03-23;99,29256;;;;;;;1,18925;1,48987;1,14297;1,13969;1,04895
2025-03-24;99,29606;;;;;;;1,18929;1,48992;1,14302;1,13973;1,04899
2025-03-25;99,29957;;;;;;;1,18933;1,48997;1,14306;1,13977;1,04903
2025-03-26;99,30306;;;;;;;1,18937;1,49003;1,1431;1,13981;1,04906
2025-03-27;99,30656;;;;;;;1,18941;1,49008;1,14314;1,13985;1,0491
2025-03-28;99,31006;;;;;;;1,18946;1,49013;1,14318;1,13989;1,04914
2025-03-29;99,31356;;;;;;;1,1895;1,49018;1,14322;1,13993;1,04917
2025-03-30;99,31706;;;;;;;1,18954;1,49024;1,14326;1,13997;1,04921
2025-03-31;99,32056;;;;;;;1,18958;1,49029;1,1433;1,14001;1,04925
2025-04-01;99,32406;;;;;;;1,18962;1,49034;1,14334;1,14005;1,04929
2025-04-02;99,32434;;;;;;;1,18963;1,49035;1,14334;1,14005;1,04929
2025-04-03;99,32462;;;;;;;1,18963;1,49035;1,14334;1,14006;1,04929
2025-04-04;99,3249;;;;;;;1,18963;1,49035;1,14335;1,14006;1,04929
2025-04-05;99,32517;;;;;;;1,18964;1,49036;1,14335;1,14006;1,0493
2025-04-06;99,32545;;;;;;;1,18964;1,49036;1,14335;1,14007;1,0493
2025-04-07;99,32573;;;;;;;1,18964;1,49037;1,14336;1,14007;1,0493
2025-04-08;99,32601;;;;;;;1,18965;1,49037;1,14336;1,14007;1,04931
2025-04-09;99,32629;;;;;;;1,18965;1,49037;1,14336;1,14008;1,04931
2025-04-10;99,32656;;;;;;;1,18965;1,49038;1,14337;1,14008;1,04931
2025-04-11;99,32684;;;;;;;1,18966;1,49038;1,14337;1,14008;1,04932
2025-04-12;99,32712;;;;;;;1,18966;1,49039;1,14337;1,14009;1,04932
2025-04-13;99,3274;;;;;;;1,18966;1,49039;1,14338;1,14009;1,04932
2025-04-14;99,32767;;;;;;;1,18967;1,4904;1,14338;1,14009;1,04932
2025-04-15;99,32796;;;;;;;1,18967;1,4904;1,14338;1,1401;1,04933
2025-04-16;99,32823;;;;;;;1,18967;1,4904;1,14339;1,1401;1,04933
2025-04-17;99,32851;;;;;;;1,18968;1,49041;1,14339;1,1401;1,04933
2025-04-18;99,32879;;;;;;;1,18968;1,49041;1,14339;1,14011;1,04934
2025-04-19;99,32907;;;;;;;1,18968;1,49042;1,1434;1,14011;1,04934
2025-04-20;99,32934;;;;;;;1,18969;1,49042;1,1434;1,14011;1,04934
2025-04-21;99,32963;;;;;;;1,18969;1,49042;1,1434;1,14012;1,04934
2025-04-22;99,3299;;;;;;;1,18969;1,49043;1,1434;1,14012;1,04935
2025-04-23;99,33018;;;;;;;1,1897;1,49043;1,14341;1,14012;1,04935
2025-04-24;99,33046;;;;;;;1,1897;1,49044;1,14341;1,14013;1,04935
2025-04-25;99,33074;;;;;;;1,1897;1,49044;1,14341;1,14013;1,04936
2025-04-26;99,33101;;;;;;;1,18971;1,49045;1,14342;1,14013;1,04936
2025-04-27;99,3313;;;;;;;1,18971;1,49045;1,14342;1,14013;1,04936
2025-04-28;99,33157;;;;;;;1,18971;1,49045;1,14342;1,14014;1,04937
2025-04-29;99,33185;;;;;;;1,18972;1,49046;1,14343;1,14014;1,04937
2025-04-30;99,33213;;;;;;;1,18972;1,49046;1,14343;1,14014;1,04937
2025-05-01;99,33241;;;;;;;1,18972;1,49047;1,14343;1,14015;1,04937
2025-05-02;99,33833;;;;;;;1,1898;1,49056;1,1435;1,14022;1,04944
2025-05-03;99,34425;;;;;;;1,18987;1,49064;1,14357;1,14028;1,0495
2025-05-04;99,35017;;;;;;;1,18994;1,49073;1,14364;1,14035;1,04956
2025-05-05;99,3561;;;;;;;1,19001;1,49082;1,14371;1,14042;1,04962
2025-05-06;99,36202;;;;;;;1,19008;1,49091;1,14377;1,14049;1,04969
2025-05-07;99,36794;;;;;;;1,19015;1,491;1,14384;1,14056;1,04975
2025-05-08;99,37387;;;;;;;1,19022;1,49109;1,14391;1,14062;1,04981
2025-05-09;99,37979;;;;;;;1,19029;1,49118;1,14398;1,14069;1,04987
2025-05-10;99,38571;;;;;;;1,19036;1,49127;1,14405;1,14076;1,04994
2025-05-11;99,39164;;;;;;;1,19043;1,49136;1,14412;1,14083;1,05
2025-05-12;99,39755;;;;;;;1,1905;1,49144;1,14418;1,1409;1,05006
2025-05-13;99,40348;;;;;;;1,19058;1,49153;1,14425;1,14096;1,05012
2025-05-14;99,40941;;;;;;;1,19065;1,49162;1,14432;1,14103;1,05019
2025-05-15;99,41532;;;;;;;1,19072;1,49171;1,14439;1,1411;1,05025
2025-05-16;99,42125;;;;;;;1,19079;1,4918;1,14446;1,14117;1,05031
2025-05-17;99,42717;;;;;;;1,19086;1,49189;1,14452;1,14124;1,05038
2025-05-18;99,4331;;;;;;;1,19093;1,49198;1,14459;1,1413;1,05044
2025-05-19;99,43902;;;;;;;1,191;1,49207;1,14466;1,14137;1,0505
2025-05-20;99,44494;;;;;;;1,19107;1,49216;1,14473;1,14144;1,05056
2025-05-21;99,45087;;;;;;;1,19114;1,49224;1,1448;1,14151;1,05063
2025-05-22;99,45678;;;;;;;1,19121;1,49233;1,14487;1,14158;1,05069
2025-05-23;99,46271;;;;;;;1,19128;1,49242;1,14493;1,14164;1,05075
2025-05-24;99,46864;;;;;;;1,19136;1,49251;1,145;1,14171;1,05081
2025-05-25;99,47455;;;;;;;1,19143;1,4926;1,14507;1,14178;1,05088
2025-05-26;99,48048;;;;;;;1,1915;1,49269;1,14514;1,14185;1,05094
2025-05-27;99,4864;;;;;;;1,19157;1,49278;1,14521;1,14192;1,051
2025-05-28;99,49232;;;;;;;1,19164;1,49287;1,14527;1,14198;1,05106
2025-05-29;99,49825;;;;;;;1,19171;1,49295;1,14534;1,14205;1,05113
2025-05-30;99,50417;;;;;;;1,19178;1,49304;1,14541;1,14212;1,05119
2025-05-31;99,51009;;;;;;;1,19185;1,49313;1,14548;1,14219;1,05125
2025-06-01;99,51602;;;;;;;1,19192;1,49322;1,14555;1,14226;1,05131
2025-06-02;99,53521;;;;;;;1,19215;1,49351;1,14577;1,14248;1,05152
2025-06-03;99,55441;;;;;;;1,19238;1,4938;1,14599;1,1427;1,05172
2025-06-04;99,5736;;;;;;;1,19261;1,49409;1,14621;1,14292;1,05192
2025-06-05;99,5928;;;;;;;1,19284;1,49437;1,14643;1,14314;1,05212
2025-06-06;99,61199;;;;;;;1,19307;1,49466;1,14665;1,14336;1,05233
2025-06-07;99,63119;;;;;;;1,1933;1,49495;1,14687;1,14358;1,05253
2025-06-08;99,65038;;;;;;;1,19353;1,49524;1,14709;1,1438;1,05273
2025-06-09;99,66958;;;;;;;1,19376;1,49553;1,14731;1,14402;1,05294
2025-06-10;99,68877;;;;;;;1,19399;1,49581;1,14754;1,14424;1,05314
2025-06-11;99,70797;;;;;;;1,19422;1,4961;1,14776;1,14446;1,05334
2025-06-12;99,72717;;;;;;;1,19445;1,49639;1,14798;1,14468;1,05354
2025-06-13;99,74636;;;;;;;1,19468;1,49668;1,1482;1,1449;1,05375
2025-06-14;99,76556;;;;;;;1,19491;1,49697;1,14842;1,14512;1,05395
2025-06-15;99,78475;;;;;;;1,19514;1,49725;1,14864;1,14534;1,05415
2025-06-16;99,80395;;;;;;;1,19537;1,49754;1,14886;1,14556;1,05436
2025-06-17;99,82314;;;;;;;1,1956;1,49783;1,14908;1,14578;1,05456
2025-06-18;99,84234;;;;;;;1,19583;1,49812;1,1493;1,146;1,05476
2025-06-19;99,86153;;;;;;;1,19606;1,49841;1,14952;1,14622;1,05496
2025-06-20;99,88073;;;;;;;1,19629;1,49869;1,14975;1,14644;1,05517
2025-06-21;99,89992;;;;;;;1,19652;1,49898;1,14997;1,14666;1,05537
2025-06-22;99,91912;;;;;;;1,19675;1,49927;1,15019;1,14688;1,05557
2025-06-23;99,93832;;;;;;;1,19698;1,49956;1,15041;1,1471;1,05577
2025-06-24;99,95751;;;;;;;1,19721;1,49985;1,15063;1,14732;1,05598
2025-06-25;99,97671;;;;;;;1,19744;1,50013;1,15085;1,14754;1,05618
2025-06-26;99,9959;;;;;;;1,19767;1,50042;1,15107;1,14776;1,05638
2025-06-27;100,0151;;;;;;;1,1979;1,50071;1,15129;1,14798;1,05659
2025-06-28;100,03429;;;;;;;1,19813;1,501;1,15151;1,1482;1,05679
2025-06-29;100,05349;;;;;;;1,19836;1,50129;1,15173;1,14842;1,05699
2025-06-30;100,07268;;;;;;;1,19859;1,50157;1,15196;1,14864;1,05719
2025-07-01;100,09188;;;;;;;1,19882;1,50186;1,15218;1,14886;1,0574
2025-07-02;100,08757;;;;;;;1,19877;1,5018;1,15213;1,14882;1,05735
2025-07-03;100,08327;;;;;;;1,19872;1,50173;1,15208;1,14877;1,05731
2025-07-04;100,07896;;;;;;;1,19867;1,50167;1,15203;1,14872;1,05726
2025-07-05;100,07465;;;;;;;1,19861;1,5016;1,15198;1,14867;1,05722
2025-07-06;100,07034;;;;;;;1,19856;1,50154;1,15193;1,14862;1,05717
2025-07-07;100,06603;;;;;;;1,19851;1,50147;1,15188;1,14857;1,05712
2025-07-08;100,06173;;;;;;;1,19846;1,50141;1,15183;1,14852;1,05708
2025-07-09;100,05742;;;;;;;1,19841;1,50135;1,15178;1,14847;1,05703
2025-07-10;100,05311;;;;;;;1,19836;1,50128;1,15173;1,14842;1,05699
2025-07-11;100,04881;;;;;;;1,1983;1,50122;1,15168;1,14837;1,05694
2025-07-12;100,0445;;;;;;;1,19825;1,50115;1,15163;1,14832;1,0569
2025-07-13;100,04019;;;;;;;1,1982;1,50109;1,15158;1,14827;1,05685
2025-07-14;100,03588;;;;;;;1,19815;1,50102;1,15153;1,14822;1,05681
2025-07-15;100,03157;;;;;;;1,1981;1,50096;1,15148;1,14817;1,05676
2025-07-16;100,02727;;;;;;;1,19805;1,50089;1,15143;1,14812;1,05671
2025-07-17;100,02296;;;;;;;1,198;1,50083;1,15138;1,14807;1,05667
2025-07-18;100,01865;;;;;;;1,19794;1,50076;1,15133;1,14802;1,05662
2025-07-19;100,01435;;;;;;;1,19789;1,5007;1,15128;1,14797;1,05658
2025-07-20;100,01004;;;;;;;1,19784;1,50063;1,15123;1,14793;1,05653
2025-07-21;100,00573;;;;;;;1,19779;1,50057;1,15118;1,14788;1,05649
2025-07-22;100,00142;;;;;;;1,19774;1,5005;1,15113;1,14783;1,05644
2025-07-23;99,99711;;;;;;;1,19769;1,50044;1,15109;1,14778;1,0564
2025-07-24;99,99281;;;;;;;1,19763;1,50038;1,15104;1,14773;1,05635
2025-07-25;99,9885;;;;;;;1,19758;1,50031;1,15099;1,14768;1,05631
2025-07-26;99,98419;;;;;;;1,19753;1,50025;1,15094;1,14763;1,05626
2025-07-27;99,97989;;;;;;;1,19748;1,50018;1,15089;1,14758;1,05621
2025-07-28;99,97558;;;;;;;1,19743;1,50012;1,15084;1,14753;1,05617
2025-07-29;99,97127;;;;;;;1,19738;1,50005;1,15079;1,14748;1,05612
2025-07-30;99,96696;;;;;;;1,19732;1,49999;1,15074;1,14743;1,05608
2025-07-31;99,96265;;;;;;;1,19727;1,49992;1,15069;1,14738;1,05603
2025-08-01;99,95835;;;;;;;1,19722;1,49986;1,15064;1,14733;1,05599
2025-08-02;99,97073;;;;;;;1,19737;1,50004;1,15078;1,14747;1,05612
2025-08-03;99,98312;;;;;;;1,19752;1,50023;1,15092;1,14762;1,05625
2025-08-04;99,9955;;;;;;;1,19767;1,50042;1,15107;1,14776;1,05638
2025-08-05;100,00788;;;;;;;1,19781;1,5006;1,15121;1,1479;1,05651
2025-08-06;100,02026;;;;;;;1,19796;1,50079;1,15135;1,14804;1,05664
2025-08-07;100,03265;;;;;;;1,19811;1,50097;1,15149;1,14818;1,05677
2025-08-08;100,04503;;;;;;;1,19826;1,50116;1,15164;1,14833;1,0569
2025-08-09;100,05742;;;;;;;1,19841;1,50135;1,15178;1,14847;1,05703
2025-08-10;100,0698;;;;;;;1,19856;1,50153;1,15192;1,14861;1,05716
2025-08-11;100,08219;;;;;;;1,1987;1,50172;1,15206;1,14875;1,05729
2025-08-12;100,09458;;;;;;;1,19885;1,5019;1,15221;1,1489;1,05743
2025-08-13;100,10695;;;;;;;1,199;1,50209;1,15235;1,14904;1,05756
2025-08-14;100,11934;;;;;;;1,19915;1,50227;1,15249;1,14918;1,05769
2025-08-15;100,13172;;;;;;;1,1993;1,50246;1,15263;1,14932;1,05782
2025-08-16;100,14411;;;;;;;1,19945;1,50265;1,15278;1,14946;1,05795
2025-08-17;100,15649;;;;;;;1,19959;1,50283;1,15292;1,14961;1,05808
2025-08-18;100,16888;;;;;;;1,19974;1,50302;1,15306;1,14975;1,05821
2025-08-19;100,18126;;;;;;;1,19989;1,5032;1,1532;1,14989;1,05834
2025-08-20;100,19365;;;;;;;1,20004;1,50339;1,15335;1,15003;1,05847
2025-08-21;100,20603;;;;;;;1,20019;1,50358;1,15349;1,15018;1,0586
2025-08-22;100,21841;;;;;;;1,20034;1,50376;1,15363;1,15032;1,05873
2025-08-23;100,2308;;;;;;;1,20048;1,50395;1,15378;1,15046;1,05886
2025-08-24;100,24318;;;;;;;1,20063;1,50413;1,15392;1,1506;1,059
2025-08-25;100,25557;;;;;;;1,20078;1,50432;1,15406;1,15074;1,05913
2025-08-26;100,26795;;;;;;;1,20093;1,5045;1,1542;1,15089;1,05926
2025-08-27;100,28034;;;;;;;1,20108;1,50469;1,15435;1,15103;1,05939
2025-08-28;100,29272;;;;;;;1,20123;1,50488;1,15449;1,15117;1,05952
2025-08-29;100,3051;;;;;;;1,20137;1,50506;1,15463;1,15131;1,05965
2025-08-30;100,31748;;;;;;;1,20152;1,50525;1,15477;1,15145;1,05978
2025-08-31;100,32987;;;;;;;1,20167;1,50543;1,15492;1,1516;1,05991
2025-09-01;100,34226;;;;;;;1,20182;1,50562;1,15506;1,15174;1,06004
2025-09-02;100,34949;;;;;;;1,20191;1,50573;1,15514;1,15182;1,06012
2025-09-03;100,35672;;;;;;;1,20199;1,50584;1,15522;1,1519;1,0602
2025-09-04;100,36395;;;;;;;1,20208;1,50594;1,15531;1,15199;1,06027
2025-09-05;100,37119;;;;;;;1,20217;1,50605;1,15539;1,15207;1,06035
2025-09-06;100,37842;;;;;;;1,20225;1,50616;1,15547;1,15215;1,06042
2025-09-07;100,38565;;;;;;;1,20234;1,50627;1,15556;1,15224;1,0605
2025-09-08;100,39289;;;;;;;1,20243;1,50638;1,15564;1,15232;1,06058
2025-09-09;100,40012;;;;;;;1,20251;1,50649;1,15572;1,1524;1,06065
2025-09-10;100,40735;;;;;;;1,2026;1,5066;1,15581;1,15249;1,06073
2025-09-11;100,41459;;;;;;;1,20269;1,5067;1,15589;1,15257;1,06081
2025-09-12;100,42182;;;;;;;1,20277;1,50681;1,15597;1,15265;1,06088
2025-09-13;100,42905;;;;;;;1,20286;1,50692;1,15606;1,15273;1,06096
2025-09-14;100,43629;;;;;;;1,20295;1,50703;1,15614;1,15282;1,06104
2025-09-15;100,44352;;;;;;;1,20303;1,50714;1,15622;1,1529;1,06111
2025-09-16;100,45075;;;;;;;1,20312;1,50725;1,15631;1,15298;1,06119
2025-09-17;100,45799;;;;;;;1,20321;1,50736;1,15639;1,15307;1,06126
2025-09-18;100,46521;;;;;;;1,20329;1,50746;1,15647;1,15315;1,06134
2025-09-19;100,47245;;;;;;;1,20338;1,50757;1,15656;1,15323;1,06142
2025-09-20;100,47969;;;;;;;1,20347;1,50768;1,15664;1,15332;1,06149
2025-09-21;100,48691;;;;;;;1,20355;1,50779;1,15672;1,1534;1,06157
2025-09-22;100,49415;;;;;;;1,20364;1,5079;1,15681;1,15348;1,06165
2025-09-23;100,50139;;;;;;;1,20373;1,50801;1,15689;1,15357;1,06172
2025-09-24;100,50861;;;;;;;1,20381;1,50812;1,15697;1,15365;1,0618
2025-09-25;100,51585;;;;;;;1,2039;1,50822;1,15706;1,15373;1,06188
2025-09-26;100,52309;;;;;;;1,20399;1,50833;1,15714;1,15381;1,06195
2025-09-27;100,53031;;;;;;;1,20407;1,50844;1,15722;1,1539;1,06203
2025-09-28;100,53755;;;;;;;1,20416;1,50855;1,15731;1,15398;1,06211
2025-09-29;100,54478;;;;;;;1,20425;1,50866;1,15739;1,15406;1,06218
2025-09-30;100,55201;;;;;;;1,20433;1,50877;1,15747;1,15415;1,06226
2025-10-01;100,55925;;;;;;;1,20442;1,50888;1,15756;1,15423;1,06233
2025-10-02;100,57298;;;;;;;1,20458;1,50908;1,15771;1,15439;1,06248
2025-10-03;100,58671;;;;;;;1,20475;1,50929;1,15787;1,15454;1,06262
2025-10-04;100,60043;;;;;;;1,20491;1,50949;1,15803;1,1547;1,06277
2025-10-05;100,61417;;;;;;;1,20508;1,5097;1,15819;1,15486;1,06291
2025-10-06;100,6279;;;;;;;1,20524;1,50991;1,15835;1,15502;1,06306
2025-10-07;100,64163;;;;;;;1,2054;1,51011;1,1585;1,15517;1,0632
2025-10-08;100,65536;;;;;;;1,20557;1,51032;1,15866;1,15533;1,06335
2025-10-09;100,66909;;;;;;;1,20573;1,51052;1,15882;1,15549;1,0635
2025-10-10;100,68282;;;;;;;1,2059;1,51073;1,15898;1,15565;1,06364
2025-10-11;100,69655;;;;;;;1,20606;1,51094;1,15914;1,15581;1,06379
2025-10-12;100,71028;;;;;;;1,20623;1,51114;1,15929;1,15596;1,06393
2025-10-13;100,72401;;;;;;;1,20639;1,51135;1,15945;1,15612;1,06408
2025-10-14;100,73774;;;;;;;1,20656;1,51155;1,15961;1,15628;1,06422
2025-10-15;100,75147;;;;;;;1,20672;1,51176;1,15977;1,15644;1,06437
2025-10-16;100,7652;;;;;;;1,20688;1,51197;1,15993;1,15659;1,06451
2025-10-17;100,77894;;;;;;;1,20705;1,51217;1,16008;1,15675;1,06466
2025-10-18;100,79266;;;;;;;1,20721;1,51238;1,16024;1,15691;1,0648
2025-10-19;100,80639;;;;;;;1,20738;1,51258;1,1604;1,15707;1,06495
2025-10-20;100,82012;;;;;;;1,20754;1,51279;1,16056;1,15722;1,06509
2025-10-21;100,83385;;;;;;;1,20771;1,513;1,16072;1,15738;1,06524
2025-10-22;100,84758;;;;;;;1,20787;1,5132;1,16088;1,15754;1,06538
2025-10-23;100,86132;;;;;;;1,20804;1,51341;1,16103;1,1577;1,06553
2025-10-24;100,87505;;;;;;;1,2082;1,51361;1,16119;1,15785;1,06567
2025-10-25;100,88878;;;;;;;1,20837;1,51382;1,16135;1,15801;1,06582
2025-10-26;100,9025;;;;;;;1,20853;1,51403;1,16151;1,15817;1,06596
2025-10-27;100,91623;;;;;;;1,20869;1,51423;1,16167;1,15833;1,06611
2025-10-28;100,92996;;;;;;;1,20886;1,51444;1,16182;1,15848;1,06625
2025-10-29;100,9437;;;;;;;1,20902;1,51464;1,16198;1,15864;1,0664
2025-10-30;100,95743;;;;;;;1,20919;1,51485;1,16214;1,1588;1,06654
2025-10-31;100,97116;;;;;;;1,20935;1,51506;1,1623;1,15896;1,06669
2025-11-01;100,98489;;;;;;;1,20952;1,51526;1,16246;1,15911;1,06683
2025-11-02;100,95178;;;;;;;1,20912;1,51476;1,16207;1,15873;1,06648
2025-11-03;100,91868;;;;;;;1,20872;1,51427;1,16169;1,15835;1,06613
2025-11-04;100,88557;;;;;;;1,20833;1,51377;1,16131;1,15797;1,06578
2025-11-05;100,85246;;;;;;;1,20793;1,51327;1,16093;1,15759;1,06543
2025-11-06;100,81936;;;;;;;1,20753;1,51278;1,16055;1,15721;1,06508
2025-11-07;100,78626;;;;;;;1,20714;1,51228;1,16017;1,15683;1,06473
2025-11-08;100,75315;;;;;;;1,20674;1,51178;1,15979;1,15645;1,06438
2025-11-09;100,72005;;;;;;;1,20634;1,51129;1,15941;1,15608;1,06403
2025-11-10;100,68694;;;;;;;1,20595;1,51079;1,15903;1,15569;1,06368
2025-11-11;100,65383;;;;;;;1,20555;1,51029;1,15864;1,15531;1,06333
2025-11-12;100,62073;;;;;;;1,20515;1,5098;1,15826;1,15494;1,06298
2025-11-13;100,58762;;;;;;;1,20476;1,5093;1,15788;1,15456;1,06263
2025-11-14;100,55452;;;;;;;1,20436;1,5088;1,1575;1,15418;1,06228
2025-11-15;100,52142;;;;;;;1,20397;1,50831;1,15712;1,1538;1,06194
2025-11-16;100,48831;;;;;;;1,20357;1,50781;1,15674;1,15342;1,06159
2025-11-17;100,4552;;;;;;;1,20317;1,50731;1,15636;1,15304;1,06124
2025-11-18;100,4221;;;;;;;1,20278;1,50682;1,15598;1,15266;1,06089
2025-11-19;100,38899;;;;;;;1,20238;1,50632;1,1556;1,15228;1,06054
2025-11-20;100,35588;;;;;;;1,20198;1,50582;1,15522;1,1519;1,06019
2025-11-21;100,32278;;;;;;;1,20159;1,50533;1,15483;1,15152;1,05984
2025-11-22;100,28968;;;;;;;1,20119;1,50483;1,15445;1,15114;1,05949
2025-11-23;100,25657;;;;;;;1,20079;1,50433;1,15407;1,15076;1,05914
2025-11-24;100,22347;;;;;;;1,2004;1,50384;1,15369;1,15038;1,05879
2025-11-25;100,19036;;;;;;;1,2;1,50334;1,15331;1,15;1,05844
2025-11-26;100,15725;;;;;;;1,1996;1,50284;1,15293;1,14962;1,05809
2025-11-27;100,12415;;;;;;;1,19921;1,50235;1,15255;1,14924;1,05774
2025-11-28;100,09105;;;;;;;1,19881;1,50185;1,15217;1,14886;1,05739
2025-11-29;100,05794;;;;;;;1,19841;1,50135;1,15179;1,14848;1,05704
2025-11-30;100,02484;;;;;;;1,19802;1,50086;1,1514;1,1481;1,05669
2025-12-01;99,99173;;;;;;;1,19762;1,50036;1,15102;1,14772;1,05634
2025-12-02;99,99388;;;;;;;1,19765;1,50039;1,15105;1,14774;1,05636
2025-12-03;99,99604;;;;;;;1,19767;1,50042;1,15107;1,14776;1,05638
2025-12-04;99,99819;;;;;;;1,1977;1,50046;1,1511;1,14779;1,05641
2025-12-05;100,00034;;;;;;;1,19772;1,50049;1,15112;1,14781;1,05643
2025-12-06;100,0025;;;;;;;1,19775;1,50052;1,15115;1,14784;1,05645
2025-12-07;100,00465;;;;;;;1,19778;1,50055;1,15117;1,14786;1,05648
2025-12-08;100,0068;;;;;;;1,1978;1,50059;1,1512;1,14789;1,0565
2025-12-09;100,00896;;;;;;;1,19783;1,50062;1,15122;1,14791;1,05652
2025-12-10;100,01112;;;;;;;1,19785;1,50065;1,15125;1,14794;1,05654
2025-12-11;100,01327;;;;;;;1,19788;1,50068;1,15127;1,14796;1,05657
2025-12-12;100,01542;;;;;;;1,1979;1,50072;1,1513;1,14799;1,05659
2025-12-13;100,01758;;;;;;;1,19793;1,50075;1,15132;1,14801;1,05661
2025-12-14;100,01973;;;;;;;1,19796;1,50078;1,15135;1,14804;1,05664
2025-12-15;100,02188;;;;;;;1,19798;1,50081;1,15137;1,14806;1,05666
2025-12-16;100,02404;;;;;;;1,19801;1,50084;1,1514;1,14809;1,05668
2025-12-17;100,02619;;;;;;;1,19803;1,50088;1,15142;1,14811;1,0567
2025-12-18;100,02834;;;;;;;1,19806;1,50091;1,15144;1,14814;1,05673
2025-12-19;100,0305;;;;;;;1,19809;1,50094;1,15147;1,14816;1,05675
2025-12-20;100,03265;;;;;;;1,19811;1,50097;1,15149;1,14818;1,05677
2025-12-21;100,0348;;;;;;;1,19814;1,50101;1,15152;1,14821;1,05679
2025-12-22;100,03696;;;;;;;1,19816;1,50104;1,15154;1,14823;1,05682
2025-12-23;100,03911;;;;;;;1,19819;1,50107;1,15157;1,14826;1,05684
2025-12-24;100,04126;;;;;;;1,19821;1,5011;1,15159;1,14828;1,05686
2025-12-25;100,04342;;;;;;;1,19824;1,50114;1,15162;1,14831;1,05689
2025-12-26;100,04558;;;;;;;1,19827;1,50117;1,15164;1,14833;1,05691
2025-12-27;100,04773;;;;;;;1,19829;1,5012;1,15167;1,14836;1,05693
2025-12-28;100,04988;;;;;;;1,19832;1,50123;1,15169;1,14838;1,05695
2025-12-29;100,05204;;;;;;;1,19834;1,50126;1,15172;1,14841;1,05698
2025-12-30;100,05419;;;;;;;1,19837;1,5013;1,15174;1,14843;1,057
2025-12-31;100,05634;;;;;;;1,19839;1,50133;1,15177;1,14846;1,05702
2026-01-01;100,0585;;;;;;;1,19842;1,50136;1,15179;1,14848;1,05704
2026-01-02;100,05257;;;;;;;1,19835;1,50127;1,15172;1,14841;1,05698
2026-01-03;100,04665;;;;;;;1,19828;1,50118;1,15166;1,14835;1,05692
2026-01-04;100,04073;;;;;;;1,19821;1,50109;1,15159;1,14828;1,05686
2026-01-05;100,0348;;;;;;;1,19814;1,50101;1,15152;1,14821;1,05679
2026-01-06;100,02889;;;;;;;1,19807;1,50092;1,15145;1,14814;1,05673
2026-01-07;100,02296;;;;;;;1,198;1,50083;1,15138;1,14807;1,05667
2026-01-08;100,01703;;;;;;;1,19792;1,50074;1,15131;1,14801;1,05661
2026-01-09;100,01112;;;;;;;1,19785;1,50065;1,15125;1,14794;1,05654
2026-01-10;100,00519;;;;;;;1,19778;1,50056;1,15118;1,14787;1,05648
2026-01-11;99,99927;;;;;;;1,19771;1,50047;1,15111;1,1478;1,05642
2026-01-12;99,99335;;;;;;;1,19764;1,50038;1,15104;1,14773;1,05636
2026-01-13;99,98742;;;;;;;1,19757;1,50029;1,15097;1,14767;1,05629
2026-01-14;99,9815;;;;;;;1,1975;1,50021;1,15091;1,1476;1,05623
2026-01-15;99,97558;;;;;;;1,19743;1,50012;1,15084;1,14753;1,05617
2026-01-16;99,96965;;;;;;;1,19736;1,50003;1,15077;1,14746;1,05611
2026-01-17;99,96373;;;;;;;1,19729;1,49994;1,1507;1,14739;1,05604
2026-01-18;99,9578;;;;;;;1,19721;1,49985;1,15063;1,14733;1,05598
2026-01-19;99,95189;;;;;;;1,19714;1,49976;1,15056;1,14726;1,05592
2026-01-20;99,94596;;;;;;;1,19707;1,49967;1,1505;1,14719;1,05586
2026-01-21;99,94004;;;;;;;1,197;1,49958;1,15043;1,14712;1,05579
2026-01-22;99,93412;;;;;;;1,19693;1,4995;1,15036;1,14705;1,05573
2026-01-23;99,92819;;;;;;;1,19686;1,49941;1,15029;1,14699;1,05567
2026-01-24;99,92227;;;;;;;1,19679;1,49932;1,15022;1,14692;1,05561
2026-01-25;99,91635;;;;;;;1,19672;1,49923;1,15016;1,14685;1,05554
2026-01-26;99,91042;;;;;;;1,19665;1,49914;1,15009;1,14678;1,05548
2026-01-27;99,9045;;;;;;;1,19658;1,49905;1,15002;1,14671;1,05542
2026-01-28;99,89858;;;;;;;1,19651;1,49896;1,14995;1,14665;1,05536
2026-01-29;99,89266;;;;;;;1,19643;1,49887;1,14988;1,14658;1,05529
2026-01-30;99,88673;;;;;;;1,19636;1,49878;1,14981;1,14651;1,05523
2026-01-31;99,88081;;;;;;;1,19629;1,4987;1,14975;1,14644;1,05517
2026-02-01;99,87489;;;;;;;1,19622;1,49861;1,14968;1,14637;1,0551
2026-02-02;99,87757;;;;;;;1,19625;1,49865;1,14971;1,1464;1,05513
2026-02-03;99,88025;;;;;;;1,19629;1,49869;1,14974;1,14644;1,05516
2026-02-04;99,88293;;;;;;;1,19632;1,49873;1,14977;1,14647;1,05519
2026-02-05;99,88562;;;;;;;1,19635;1,49877;1,1498;1,1465;1,05522
2026-02-06;99,8883;;;;;;;1,19638;1,49881;1,14983;1,14653;1,05525
2026-02-07;99,89099;;;;;;;1,19641;1,49885;1,14986;1,14656;1,05527
2026-02-08;99,89367;;;;;;;1,19645;1,49889;1,14989;1,14659;1,0553
2026-02-09;99,89634;;;;;;;1,19648;1,49893;1,14993;1,14662;1,05533
2026-02-10;99,89903;;;;;;;1,19651;1,49897;1,14996;1,14665;1,05536
2026-02-11;99,90171;;;;;;;1,19654;1,49901;1,14999;1,14668;1,05539
2026-02-12;99,9044;;;;;;;1,19657;1,49905;1,15002;1,14671;1,05542
2026-02-13;99,90708;;;;;;;1,19661;1,49909;1,15005;1,14674;1,05544
2026-02-14;99,90976;;;;;;;1,19664;1,49913;1,15008;1,14677;1,05547
2026-02-15;99,91244;;;;;;;1,19667;1,49917;1,15011;1,14681;1,0555
2026-02-16;99,91512;;;;;;;1,1967;1,49921;1,15014;1,14684;1,05553
2026-02-17;99,91781;;;;;;;1,19674;1,49925;1,15017;1,14687;1,05556
2026-02-18;99,92049;;;;;;;1,19677;1,49929;1,1502;1,1469;1,05559
2026-02-19;99,92318;;;;;;;1,1968;1,49933;1,15023;1,14693;1,05562
2026-02-20;99,92586;;;;;;;1,19683;1,49937;1,15026;1,14696;1,05564
2026-02-21;99,92854;;;;;;;1,19686;1,49941;1,1503;1,14699;1,05567
2026-02-22;99,93122;;;;;;;1,1969;1,49945;1,15033;1,14702;1,0557
2026-02-23;99,9339;;;;;;;1,19693;1,49949;1,15036;1,14705;1,05573
2026-02-24;99,93659;;;;;;;1,19696;1,49953;1,15039;1,14708;1,05576
2026-02-25;99,93927;;;;;;;1,19699;1,49957;1,15042;1,14711;1,05579
2026-02-26;99,94195;;;;;;;1,19702;1,49961;1,15045;1,14714;1,05581
2026-02-27;99,94463;;;;;;;1,19706;1,49965;1,15048;1,14717;1,05584
2026-02-28;99,94732;;;;;;;1,19709;1,49969;1,15051;1,14721;1,05587
2026-03-01;99,95;;;;;;;1,19712;1,49973;1,15054;1,14724;1,0559
2026-03-02;99,93774;;;;;;;1,19697;1,49955;1,1504;1,1471;1,05577
2026-03-03;99,92548;;;;;;;1,19683;1,49937;1,15026;1,14695;1,05564
2026-03-04;99,91323;;;;;;;1,19668;1,49918;1,15012;1,14681;1,05551
2026-03-05;99,90097;;;;;;;1,19653;1,499;1,14998;1,14667;1,05538
2026-03-06;99,88871;;;;;;;1,19639;1,49881;1,14984;1,14653;1,05525
2026-03-07;99,87645;;;;;;;1,19624;1,49863;1,1497;1,14639;1,05512
2026-03-08;99,86419;;;;;;;1,19609;1,49845;1,14956;1,14625;1,05499
2026-03-09;99,85194;;;;;;;1,19595;1,49826;1,14941;1,14611;1,05486
2026-03-10;99,83968;;;;;;;1,1958;1,49808;1,14927;1,14597;1,05473
2026-03-11;99,82742;;;;;;;1,19565;1,49789;1,14913;1,14583;1,0546
2026-03-12;99,81516;;;;;;;1,19551;1,49771;1,14899;1,14569;1,05447
2026-03-13;99,8029;;;;;;;1,19536;1,49753;1,14885;1,14555;1,05434
2026-03-14;99,79065;;;;;;;1,19521;1,49734;1,14871;1,14541;1,05421
2026-03-15;99,77839;;;;;;;1,19507;1,49716;1,14857;1,14527;1,05409
2026-03-16;99,76613;;;;;;;1,19492;1,49697;1,14843;1,14513;1,05396
2026-03-17;99,75387;;;;;;;1,19477;1,49679;1,14829;1,14499;1,05383
2026-03-18;99,74161;;;;;;;1,19463;1,49661;1,14814;1,14484;1,0537
2026-03-19;99,72935;;;;;;;1,19448;1,49642;1,148;1,1447;1,05357
2026-03-20;99,7171;;;;;;;1,19433;1,49624;1,14786;1,14456;1,05344
2026-03-21;99,70484;;;;;;;1,19418;1,49605;1,14772;1,14442;1,05331
2026-03-22;99,69258;;;;;;;1,19404;1,49587;1,14758;1,14428;1,05318
2026-03-23;99,68032;;;;;;;1,19389;1,49569;1,14744;1,14414;1,05305
2026-03-24;99,66806;;;;;;;1,19374;1,4955;1,1473;1,144;1,05292
2026-03-25;99,65581;;;;;;;1,1936;1,49532;1,14716;1,14386;1,05279
2026-03-26;99,64355;;;;;;;1,19345;1,49514;1,14702;1,14372;1,05266
2026-03-27;99,63129;;;;;;;1,1933;1,49495;1,14687;1,14358;1,05253
2026-03-28;99,61903;;;;;;;1,19316;1,49477;1,14673;1,14344;1,0524
2026-03-29;99,60677;;;;;;;1,19301;1,49458;1,14659;1,1433;1,05227
2026-03-30;99,59452;;;;;;;1,19286;1,4944;1,14645;1,14316;1,05214
2026-03-31;99,58226;;;;;;;1,19272;1,49422;1,14631;1,14302;1,05201
2026-04-01;99,57;;;;;;;1,19257;1,49403;1,14617;1,14287;1,05188
2026-04-02;99,591;;;;;;;1,19282;1,49435;1,14641;1,14312;1,05211
2026-04-03;99,612;;;;;;;1,19307;1,49466;1,14665;1,14336;1,05233
2026-04-04;99,633;;;;;;;1,19332;1,49498;1,14689;1,1436;1,05255
2026-04-05;99,654;;;;;;;1,19358;1,49529;1,14714;1,14384;1,05277
2026-04-06;99,675;;;;;;;1,19383;1,49561;1,14738;1,14408;1,05299
2026-04-07;99,696;;;;;;;1,19408;1,49592;1,14762;1,14432;1,05322
2026-04-08;99,717;;;;;;;1,19433;1,49624;1,14786;1,14456;1,05344
2026-04-09;99,738;;;;;;;1,19458;1,49655;1,1481;1,1448;1,05366
2026-04-10;99,759;;;;;;;1,19483;1,49687;1,14834;1,14504;1,05388
2026-04-11;99,78;;;;;;;1,19508;1,49718;1,14859;1,14528;1,0541
2026-04-12;99,801;;;;;;;1,19534;1,4975;1,14883;1,14553;1,05432
2026-04-13;99,822;;;;;;;1,19559;1,49781;1,14907;1,14577;1,05455
2026-04-14;99,843;;;;;;;1,19584;1,49813;1,14931;1,14601;1,05477
2026-04-15;99,864;;;;;;;1,19609;1,49844;1,14955;1,14625;1,05499
2026-04-16;99,885;;;;;;;1,19634;1,49876;1,14979;1,14649;1,05521
2026-04-17;99,906;;;;;;;1,19659;1,49907;1,15004;1,14673;1,05543
2026-04-18;99,927;;;;;;;1,19685;1,49939;1,15028;1,14697;1,05566
2026-04-19;99,948;;;;;;;1,1971;1,4997;1,15052;1,14721;1,05588
2026-04-20;99,969;;;;;;;1,19735;1,50002;1,15076;1,14745;1,0561
2026-04-21;99,99;;;;;;;1,1976;1,50033;1,151;1,1477;1,05632
2026-04-22;100,011;;;;;;;1,19785;1,50065;1,15124;1,14794;1,05654
2026-04-23;100,032;;;;;;;1,1981;1,50096;1,15149;1,14818;1,05676
2026-04-24;100,053;;;;;;;1,19835;1,50128;1,15173;1,14842;1,05699
2026-04-25;100,074;;;;;;;1,19861;1,50159;1,15197;1,14866;1,05721
2026-04-26;100,095;;;;;;;1,19886;1,50191;1,15221;1,1489;1,05743
2026-04-27;100,116;;;;;;;1,19911;1,50222;1,15245;1,14914;1,05765
2026-04-28;100,137;;;;;;;1,19936;1,50254;1,1527;1,14938;1,05787
2026-04-29;100,158;;;;;;;1,19961;1,50285;1,15294;1,14962;1,0581
2026-04-30;100,179;;;;;;;1,19986;1,50317;1,15318;1,14986;1,05832
2026-05-01;100,2;;;;;;;1,20012;1,50348;1,15342;1,15011;1,05854
2026-05-02;100,23161;;;;;;;1,20049;1,50396;1,15378;1,15047;1,05887
2026-05-03;100,26323;;;;;;;1,20087;1,50443;1,15415;1,15083;1,05921
2026-05-04;100,29484;;;;;;;1,20125;1,50491;1,15451;1,15119;1,05954
2026-05-05;100,32645;;;;;;;1,20163;1,50538;1,15488;1,15156;1,05988
2026-05-06;100,35806;;;;;;;1,20201;1,50586;1,15524;1,15192;1,06021
2026-05-07;100,38968;;;;;;;1,20239;1,50633;1,1556;1,15228;1,06054
2026-05-08;100,42129;;;;;;;1,20277;1,5068;1,15597;1,15265;1,06088
2026-05-09;100,4529;;;;;;;1,20314;1,50728;1,15633;1,15301;1,06121
2026-05-10;100,48452;;;;;;;1,20352;1,50775;1,1567;1,15337;1,06155
2026-05-11;100,51613;;;;;;;1,2039;1,50823;1,15706;1,15373;1,06188
2026-05-12;100,54774;;;;;;;1,20428;1,5087;1,15742;1,1541;1,06221
2026-05-13;100,57935;;;;;;;1,20466;1,50918;1,15779;1,15446;1,06255
2026-05-14;100,61097;;;;;;;1,20504;1,50965;1,15815;1,15482;1,06288
2026-05-15;100,64258;;;;;;;1,20542;1,51013;1,15852;1,15519;1,06321
2026-05-16;100,67419;;;;;;;1,20579;1,5106;1,15888;1,15555;1,06355
2026-05-17;100,70581;;;;;;;1,20617;1,51107;1,15924;1,15591;1,06388
2026-05-18;100,73742;;;;;;;1,20655;1,51155;1,15961;1,15627;1,06422
2026-05-19;100,76903;;;;;;;1,20693;1,51202;1,15997;1,15664;1,06455
2026-05-20;100,80065;;;;;;;1,20731;1,5125;1,16033;1,157;1,06488
2026-05-21;100,83226;;;;;;;1,20769;1,51297;1,1607;1,15736;1,06522
2026-05-22;100,86387;;;;;;;1,20807;1,51345;1,16106;1,15773;1,06555
2026-05-23;100,89548;;;;;;;1,20845;1,51392;1,16143;1,15809;1,06589
2026-05-24;100,9271;;;;;;;1,20882;1,51439;1,16179;1,15845;1,06622
2026-05-25;100,95871;;;;;;;1,2092;1,51487;1,16215;1,15881;1,06655
2026-05-26;100,99032;;;;;;;1,20958;1,51534;1,16252;1,15918;1,06689
2026-05-27;101,02194;;;;;;;1,20996;1,51582;1,16288;1,15954;1,06722
2026-05-28;101,05355;;;;;;;1,21034;1,51629;1,16325;1,1599;1,06756
2026-05-29;101,08516;;;;;;;1,21072;1,51677;1,16361;1,16027;1,06789
2026-05-30;101,11677;;;;;;;1,2111;1,51724;1,16397;1,16063;1,06822
2026-05-31;101,14839;;;;;;;1,21147;1,51772;1,16434;1,16099;1,06856
2026-06-01;101,18;;;;;;;1,21185;1,51819;1,1647;1,16135;1,06889
2026-06-02;101,21533;;;;;;;1,21228;1,51872;1,16511;1,16176;1,06927
2026-06-03;101,25067;;;;;;;1,2127;1,51925;1,16552;1,16217;1,06964
2026-06-04;101,286;;;;;;;1,21312;1,51978;1,16592;1,16257;1,07001
2026-06-05;101,32133;;;;;;;1,21355;1,52031;1,16633;1,16298;1,07039
2026-06-06;101,35667;;;;;;;1,21397;1,52084;1,16674;1,16338;1,07076
2026-06-07;101,392;;;;;;;1,21439;1,52137;1,16714;1,16379;1,07113
2026-06-08;101,42733;;;;;;;1,21482;1,5219;1,16755;1,16419;1,07151
2026-06-09;101,46267;;;;;;;1,21524;1,52243;1,16796;1,1646;1,07188
2026-06-10;101,498;;;;;;;1,21566;1,52296;1,16836;1,165;1,07225
2026-06-11;101,53333;;;;;;;1,21608;1,52349;1,16877;1,16541;1,07263
2026-06-12;101,56867;;;;;;;1,21651;1,52402;1,16918;1,16582;1,073
2026-06-13;101,604;;;;;;;1,21693;1,52455;1,16958;1,16622;1,07337
2026-06-14;101,63933;;;;;;;1,21735;1,52508;1,16999;1,16663;1,07374
2026-06-15;101,67467;;;;;;;1,21778;1,52561;1,1704;1,16703;1,07412
2026-06-16;101,71;;;;;;;1,2182;1,52614;1,1708;1,16744;1,07449
2026-06-17;101,74533;;;;;;;1,21862;1,52667;1,17121;1,16784;1,07486
2026-06-18;101,78067;;;;;;;1,21905;1,5272;1,17162;1,16825;1,07524
2026-06-19;101,816;;;;;;;1,21947;1,52773;1,17202;1,16865;1,07561
2026-06-20;101,85133;;;;;;;1,21989;1,52826;1,17243;1,16906;1,07598
2026-06-21;101,88667;;;;;;;1,22032;1,52879;1,17284;1,16947;1,07636
2026-06-22;101,922;;;;;;;1,22074;1,52932;1,17324;1,16987;1,07673
2026-06-23;101,95733;;;;;;;1,22116;1,52985;1,17365;1,17028;1,0771
2026-06-24;101,99267;;;;;;;1,22159;1,53038;1,17406;1,17068;1,07748
2026-06-25;102,028;;;;;;;1,22201;1,53091;1,17446;1,17109;1,07785
2026-06-26;102,06333;;;;;;;1,22243;1,53144;1,17487;1,17149;1,07822
2026-06-27;102,09867;;;;;;;1,22286;1,53197;1,17528;1,1719;1,0786
2026-06-28;102,134;;;;;;;1,22328;1,5325;1,17568;1,1723;1,07897
2026-06-29;102,16933;;;;;;;1,2237;1,53303;1,17609;1,17271;1,07934
2026-06-30;102,20467;;;;;;;1,22413;1,53356;1,1765;1,17312;1,07972
2026-07-01;102,24;;;;;;;1,22455;1,53409;1,1769;1,17352;1,08009
2026-07-02;102,24419;;;;;;;1,2246;1,53416;1,17695;1,17357;1,08013
2026-07-03;102,24839;;;;;;;1,22465;1,53422;1,177;1,17362;1,08018
2026-07-04;102,25258;;;;;;;1,2247;1,53428;1,17705;1,17367;1,08022
2026-07-05;102,25677;;;;;;;1,22475;1,53435;1,1771;1,17371;1,08027
2026-07-06;102,26097;;;;;;;1,2248;1,53441;1,17714;1,17376;1,08031
2026-07-07;102,26516;;;;;;;1,22485;1,53447;1,17719;1,17381;1,08036
2026-07-08;102,26935;;;;;;;1,2249;1,53453;1,17724;1,17386;1,0804
2026-07-09;102,27355;;;;;;;1,22495;1,5346;1,17729;1,17391;1,08044
2026-07-10;102,27774;;;;;;;1,225;1,53466;1,17734;1,17395;1,08049
2026-07-11;102,28194;;;;;;;1,22505;1,53472;1,17739;1,174;1,08053
2026-07-12;102,28613;;;;;;;1,2251;1,53479;1,17743;1,17405;1,08058
2026-07-13;102,29032;;;;;;;1,22515;1,53485;1,17748;1,1741;1,08062
2026-07-14;102,29452;;;;;;;1,2252;1,53491;1,17753;1,17415;1,08067
2026-07-15;102,29871;;;;;;;1,22525;1,53498;1,17758;1,1742;1,08071
2026-07-16;102,3029;;;;;;;1,2253;1,53504;1,17763;1,17424;1,08076
2026-07-17;102,3071;;;;;;;1,22535;1,5351;1,17768;1,17429;1,0808
2026-07-18;102,31129;;;;;;;1,2254;1,53516;1,17772;1,17434;1,08084
2026-07-19;102,31548;;;;;;;1,22545;1,53523;1,17777;1,17439;1,08089
2026-07-20;102,31968;;;;;;;1,2255;1,53529;1,17782;1,17444;1,08093
2026-07-21;102,32387;;;;;;;1,22555;1,53535;1,17787;1,17448;1,08098
2026-07-22;102,32806;;;;;;;1,2256;1,53542;1,17792;1,17453;1,08102
2026-07-23;102,33226;;;;;;;1,22565;1,53548;1,17797;1,17458;1,08107
2026-07-24;102,33645;;;;;;;1,2257;1,53554;1,17801;1,17463;1,08111
2026-07-25;102,34065;;;;;;;1,22575;1,5356;1,17806;1,17468;1,08115
2026-07-26;102,34484;;;;;;;1,2258;1,53567;1,17811;1,17472;1,0812
2026-07-27;102,34903;;;;;;;1,22585;1,53573;1,17816;1,17477;1,08124
2026-07-28;102,35323;;;;;;;1,22591;1,53579;1,17821;1,17482;1,08129
2026-07-29;102,35742;;;;;;;1,22596;1,53586;1,17826;1,17487;1,08133
2026-07-30;102,36161;;;;;;;1,22601;1,53592;1,1783;1,17492;1,08138
2026-07-31;102,36581;;;;;;;1,22606;1,53598;1,17835;1,17497;1,08142
2026-08-01;102,37;;;;;;;1,22611;1,53605;1,1784;1,17501;1,08146
2026-08-02;102,36097;;;;;;;1,226;1,53591;1,1783;1,17491;1,08137
2026-08-03;102,35194;;;;;;;1,22589;1,53577;1,17819;1,17481;1,08127
2026-08-04;102,3429;;;;;;;1,22578;1,53564;1,17809;1,1747;1,08118
2026-08-05;102,33387;;;;;;;1,22567;1,5355;1,17798;1,1746;1,08108
2026-08-06;102,32484;;;;;;;1,22557;1,53537;1,17788;1,17449;1,08099
2026-08-07;102,31581;;;;;;;1,22546;1,53523;1,17778;1,17439;1,08089
2026-08-08;102,30677;;;;;;;1,22535;1,5351;1,17767;1,17429;1,0808
2026-08-09;102,29774;;;;;;;1,22524;1,53496;1,17757;1,17418;1,0807
2026-08-10;102,28871;;;;;;;1,22513;1,53483;1,17746;1,17408;1,08061
2026-08-11;102,27968;;;;;;;1,22502;1,53469;1,17736;1,17398;1,08051
2026-08-12;102,27065;;;;;;;1,22492;1,53455;1,17726;1,17387;1,08041
2026-08-13;102,26161;;;;;;;1,22481;1,53442;1,17715;1,17377;1,08032
2026-08-14;102,25258;;;;;;;1,2247;1,53428;1,17705;1,17367;1,08022
2026-08-15;102,24355;;;;;;;1,22459;1,53415;1,17694;1,17356;1,08013
2026-08-16;102,23452;;;;;;;1,22448;1,53401;1,17684;1,17346;1,08003
2026-08-17;102,22548;;;;;;;1,22437;1,53388;1,17674;1,17335;1,07994
2026-08-18;102,21645;;;;;;;1,22427;1,53374;1,17663;1,17325;1,07984
2026-08-19;102,20742;;;;;;;1,22416;1,53361;1,17653;1,17315;1,07975
2026-08-20;102,19839;;;;;;;1,22405;1,53347;1,17642;1,17304;1,07965
2026-08-21;102,18935;;;;;;;1,22394;1,53333;1,17632;1,17294;1,07956
2026-08-22;102,18032;;;;;;;1,22383;1,5332;1,17622;1,17284;1,07946
2026-08-23;102,17129;;;;;;;1,22373;1,53306;1,17611;1,17273;1,07936
2026-08-24;102,16226;;;;;;;1,22362;1,53293;1,17601;1,17263;1,07927
2026-08-25;102,15323;;;;;;;1,22351;1,53279;1,1759;1,17253;1,07917
2026-08-26;102,14419;;;;;;;1,2234;1,53266;1,1758;1,17242;1,07908
2026-08-27;102,13516;;;;;;;1,22329;1,53252;1,1757;1,17232;1,07898
2026-08-28;102,12613;;;;;;;1,22319;1,53239;1,17559;1,17221;1,07889
2026-08-29;102,1171;;;;;;;1,22308;1,53225;1,17549;1,17211;1,07879
2026-08-30;102,10806;;;;;;;1,22297;1,53211;1,17538;1,17201;1,0787
2026-08-31;102,09903;;;;;;;1,22286;1,53198;1,17528;1,1719;1,0786
2026-09-01;102,09;;;;;;;1,22275;1,53184;1,17518;1,1718;1,07851
2026-09-02;102,10933;;;;;;;1,22298;1,53213;1,1754;1,17202;1,07871
2026-09-03;102,12867;;;;;;;1,22322;1,53242;1,17562;1,17224;1,07891
2026-09-04;102,148;;;;;;;1,22345;1,53271;1,17584;1,17247;1,07912
2026-09-05;102,16733;;;;;;;1,22368;1,533;1,17607;1,17269;1,07932
2026-09-06;102,18667;;;;;;;1,22391;1,53329;1,17629;1,17291;1,07953
2026-09-07;102,206;;;;;;;1,22414;1,53358;1,17651;1,17313;1,07973
2026-09-08;102,22533;;;;;;;1,22437;1,53387;1,17673;1,17335;1,07994
2026-09-09;102,24467;;;;;;;1,2246;1,53416;1,17696;1,17357;1,08014
2026-09-10;102,264;;;;;;;1,22484;1,53445;1,17718;1,1738;1,08034
2026-09-11;102,28333;;;;;;;1,22507;1,53474;1,1774;1,17402;1,08055
2026-09-12;102,30267;;;;;;;1,2253;1,53503;1,17762;1,17424;1,08075
2026-09-13;102,322;;;;;;;1,22553;1,53532;1,17785;1,17446;1,08096
2026-09-14;102,34133;;;;;;;1,22576;1,53561;1,17807;1,17468;1,08116
2026-09-15;102,36067;;;;;;;1,22599;1,53591;1,17829;1,17491;1,08137
2026-09-16;102,38;;;;;;;1,22623;1,5362;1,17851;1,17513;1,08157
2026-09-17;102,39933;;;;;;;1,22646;1,53649;1,17874;1,17535;1,08177
2026-09-18;102,41867;;;;;;;1,22669;1,53678;1,17896;1,17557;1,08198
2026-09-19;102,438;;;;;;;1,22692;1,53707;1,17918;1,17579;1,08218
2026-09-20;102,45733;;;;;;;1,22715;1,53736;1,17941;1,17602;1,08239
2026-09-21;102,47667;;;;;;;1,22738;1,53765;1,17963;1,17624;1,08259
2026-09-22;102,496;;;;;;;1,22762;1,53794;1,17985;1,17646;1,0828
2026-09-23;102,51533;;;;;;;1,22785;1,53823;1,18007;1,17668;1,083
2026-09-24;102,53467;;;;;;;1,22808;1,53852;1,1803;1,1769;1,0832
2026-09-25;102,554;;;;;;;1,22831;1,53881;1,18052;1,17713;1,08341
2026-09-26;102,57333;;;;;;;1,22854;1,5391;1,18074;1,17735;1,08361
2026-09-27;102,59267;;;;;;;1,22877;1,53939;1,18096;1,17757;1,08382
2026-09-28;102,612;;;;;;;1,229;1,53968;1,18119;1,17779;1,08402
2026-09-29;102,63133;;;;;;;1,22924;1,53997;1,18141;1,17801;1,08422
2026-09-30;102,65067;;;;;;;1,22947;1,54026;1,18163;1,17823;1,08443
2026-10-01;102,67;;;;;;;1,2297;1,54055;1,18185;1,17846;1,08463
2026-10-02;102,69194;;;;;;;1,22996;1,54088;1,18211;1,17871;1,08486
2026-10-03;102,71387;;;;;;;1,23022;1,5412;1,18236;1,17896;1,0851
2026-10-04;102,73581;;;;;;;1,23049;1,54153;1,18261;1,17921;1,08533
2026-10-05;102,75774;;;;;;;1,23075;1,54186;1,18286;1,17946;1,08556
2026-10-06;102,77968;;;;;;;1,23101;1,54219;1,18312;1,17972;1,08579
2026-10-07;102,80161;;;;;;;1,23128;1,54252;1,18337;1,17997;1,08602
2026-10-08;102,82355;;;;;;;1,23154;1,54285;1,18362;1,18022;1,08626
2026-10-09;102,84548;;;;;;;1,2318;1,54318;1,18387;1,18047;1,08649
2026-10-10;102,86742;;;;;;;1,23206;1,54351;1,18413;1,18072;1,08672
2026-10-11;102,88935;;;;;;;1,23233;1,54384;1,18438;1,18097;1,08695
2026-10-12;102,91129;;;;;;;1,23259;1,54417;1,18463;1,18123;1,08718
2026-10-13;102,93323;;;;;;;1,23285;1,5445;1,18488;1,18148;1,08741
2026-10-14;102,95516;;;;;;;1,23311;1,54483;1,18514;1,18173;1,08765
2026-10-15;102,9771;;;;;;;1,23338;1,54515;1,18539;1,18198;1,08788
2026-10-16;102,99903;;;;;;;1,23364;1,54548;1,18564;1,18223;1,08811
2026-10-17;103,02097;;;;;;;1,2339;1,54581;1,18589;1,18249;1,08834
2026-10-18;103,0429;;;;;;;1,23417;1,54614;1,18615;1,18274;1,08857
2026-10-19;103,06484;;;;;;;1,23443;1,54647;1,1864;1,18299;1,0888
2026-10-20;103,08677;;;;;;;1,23469;1,5468;1,18665;1,18324;1,08904
2026-10-21;103,10871;;;;;;;1,23495;1,54713;1,1869;1,18349;1,08927
2026-10-22;103,13065;;;;;;;1,23522;1,54746;1,18716;1,18374;1,0895
2026-10-23;103,15258;;;;;;;1,23548;1,54779;1,18741;1,184;1,08973
2026-10-24;103,17452;;;;;;;1,23574;1,54812;1,18766;1,18425;1,08996
2026-10-25;103,19645;;;;;;;1,236;1,54845;1,18791;1,1845;1,09019
2026-10-26;103,21839;;;;;;;1,23627;1,54878;1,18817;1,18475;1,09043
2026-10-27;103,24032;;;;;;;1,23653;1,5491;1,18842;1,185;1,09066
2026-10-28;103,26226;;;;;;;1,23679;1,54943;1,18867;1,18525;1,09089
2026-10-29;103,28419;;;;;;;1,23706;1,54976;1,18892;1,18551;1,09112
2026-10-30;103,30613;;;;;;;1,23732;1,55009;1,18918;1,18576;1,09135
2026-10-31;103,32806;;;;;;;1,23758;1,55042;1,18943;1,18601;1,09159
2026-11-01;103,35;;;;;;;1,23784;1,55075;1,18968;1,18626;1,09182
