date;daily_reference
1998-07-25;66,363
1998-07-26;66,363
1998-07-27;66,363
1998-07-28;66,363
1998-07-29;66,363
1998-07-30;66,363
1998-07-31;66,363
1998-08-01;66,363
1998-08-02;66,36486
1998-08-03;66,36672
1998-08-04;66,36858
1998-08-05;66,37045
1998-08-06;66,37231
1998-08-07;66,37417
1998-08-08;66,37602
1998-08-09;66,37788
1998-08-10;66,37974
1998-08-11;66,38161
1998-08-12;66,38347
1998-08-13;66,38532
1998-08-14;66,38718
1998-08-15;66,38904
1998-08-16;66,39091
1998-08-17;66,39276
1998-08-18;66,39463
1998-08-19;66,39649
1998-08-20;66,39835
1998-08-21;66,4002
1998-08-22;66,40206
1998-08-23;66,40392
1998-08-24;66,40578
1998-08-25;66,40764
1998-08-26;66,40951
1998-08-27;66,41137
1998-08-28;66,41323
1998-08-29;66,41509
1998-08-30;66,41694
1998-08-31;66,4188
1998-09-01;66,42066
1998-09-02;66,41105
1998-09-03;66,40144
1998-09-04;66,39184
1998-09-05;66,38223
1998-09-06;66,37262
1998-09-07;66,36301
1998-09-08;66,3534
1998-09-09;66,34379
1998-09-10;66,33418
1998-09-11;66,32457
1998-09-12;66,31496
1998-09-13;66,30536
1998-09-14;66,29574
1998-09-15;66,28614
1998-09-16;66,27652
1998-09-17;66,26691
1998-09-18;66,2573
1998-09-19;66,2477
1998-09-20;66,23809
1998-09-21;66,22848
1998-09-22;66,21887
1998-09-23;66,20926
1998-09-24;66,19965
1998-09-25;66,19003
1998-09-26;66,18043
1998-09-27;66,17082
1998-09-28;66,16122
1998-09-29;66,1516
1998-09-30;66,142
1998-10-01;66,13238
1998-10-02;66,1361
1998-10-03;66,13982
1998-10-04;66,14354
1998-10-05;66,14726
1998-10-06;66,15098
1998-10-07;66,1547
1998-10-08;66,15842
1998-10-09;66,16214
1998-10-10;66,16586
1998-10-11;66,16958
1998-10-12;66,17329
1998-10-13;66,17702
1998-10-14;66,18074
1998-10-15;66,18446
1998-10-16;66,18817
1998-10-17;66,1919
1998-10-18;66,19562
1998-10-19;66,19934
1998-10-20;66,20305
1998-10-21;66,20678
1998-10-22;66,2105
1998-10-23;66,21422
1998-10-24;66,21793
1998-10-25;66,22166
1998-10-26;66,22537
1998-10-27;66,22909
1998-10-28;66,23282
1998-10-29;66,23654
1998-10-30;66,24025
1998-10-31;66,24397
1998-11-01;66,2477
1998-11-02;66,2477
1998-11-03;66,2477
1998-11-04;66,2477
1998-11-05;66,2477
1998-11-06;66,2477
1998-11-07;66,2477
1998-11-08;66,2477
1998-11-09;66,2477
1998-11-10;66,2477
1998-11-11;66,2477
1998-11-12;66,2477
1998-11-13;66,2477
1998-11-14;66,2477
1998-11-15;66,2477
1998-11-16;66,2477
1998-11-17;66,2477
1998-11-18;66,2477
1998-11-19;66,2477
1998-11-20;66,2477
1998-11-21;66,2477
1998-11-22;66,2477
1998-11-23;66,2477
1998-11-24;66,2477
1998-11-25;66,2477
1998-11-26;66,2477
1998-11-27;66,2477
1998-11-28;66,2477
1998-11-29;66,2477
1998-11-30;66,2477
1998-12-01;66,2477
1998-12-02;66,2477
1998-12-03;66,2477
1998-12-04;66,2477
1998-12-05;66,2477
1998-12-06;66,2477
1998-12-07;66,2477
1998-12-08;66,2477
1998-12-09;66,2477
1998-12-10;66,2477
1998-12-11;66,2477
1998-12-12;66,2477
1998-12-13;66,2477
1998-12-14;66,2477
1998-12-15;66,2477
1998-12-16;66,2477
1998-12-17;66,2477
1998-12-18;66,2477
1998-12-19;66,2477
1998-12-20;66,2477
1998-12-21;66,2477
1998-12-22;66,2477
1998-12-23;66,2477
1998-12-24;66,2477
1998-12-25;66,2477
1998-12-26;66,2477
1998-12-27;66,2477
1998-12-28;66,2477
1998-12-29;66,2477
1998-12-30;66,2477
1998-12-31;66,2477
1999-01-01;66,2477
1999-01-02;66,24584
1999-01-03;66,24397
1999-01-04;66,24211
1999-01-05;66,24025
1999-01-06;66,23839
1999-01-07;66,23654
1999-01-08;66,23468
1999-01-09;66,23282
1999-01-10;66,23095
1999-01-11;66,22909
1999-01-12;66,22723
1999-01-13;66,22537
1999-01-14;66,22351
1999-01-15;66,22166
1999-01-16;66,2198
1999-01-17;66,21793
1999-01-18;66,21607
1999-01-19;66,21422
1999-01-20;66,21236
1999-01-21;66,2105
1999-01-22;66,20863
1999-01-23;66,20678
1999-01-24;66,20492
1999-01-25;66,20305
1999-01-26;66,20119
1999-01-27;66,19934
1999-01-28;66,19748
1999-01-29;66,19562
1999-01-30;66,19376
1999-01-31;66,1919
1999-02-01;66,19003
1999-02-02;66,1921
1999-02-03;66,19416
1999-02-04;66,19621
1999-02-05;66,19827
1999-02-06;66,20033
1999-02-07;66,20239
1999-02-08;66,20446
1999-02-09;66,20651
1999-02-10;66,20857
1999-02-11;66,21062
1999-02-12;66,21269
1999-02-13;66,21475
1999-02-14;66,21681
1999-02-15;66,21887
1999-02-16;66,22092
1999-02-17;66,22298
1999-02-18;66,22505
1999-02-19;66,22711
1999-02-20;66,22916
1999-02-21;66,23121
1999-02-22;66,23327
1999-02-23;66,23534
1999-02-24;66,2374
1999-02-25;66,23946
1999-02-26;66,24152
1999-02-27;66,24357
1999-02-28;66,24563
1999-03-01;66,2477
1999-03-02;66,23915
1999-03-03;66,2306
1999-03-04;66,22205
1999-03-05;66,2135
1999-03-06;66,20495
1999-03-07;66,1964
1999-03-08;66,18786
1999-03-09;66,1793
1999-03-10;66,17076
1999-03-11;66,16221
1999-03-12;66,15366
1999-03-13;66,14512
1999-03-14;66,13657
1999-03-15;66,12802
1999-03-16;66,11947
1999-03-17;66,11092
1999-03-18;66,10238
1999-03-19;66,09382
1999-03-20;66,08528
1999-03-21;66,07673
1999-03-22;66,06819
1999-03-23;66,05964
1999-03-24;66,05109
1999-03-25;66,04254
1999-03-26;66,03399
1999-03-27;66,02545
1999-03-28;66,01689
1999-03-29;66,00835
1999-03-30;65,9998
1999-03-31;65,99124
1999-04-01;65,9827
1999-04-02;65,98933
1999-04-03;65,99595
1999-04-04;66,00258
1999-04-05;66,00921
1999-04-06;66,01582
1999-04-07;66,02245
1999-04-08;66,02908
1999-04-09;66,0357
1999-04-10;66,04232
1999-04-11;66,04895
1999-04-12;66,05557
1999-04-13;66,0622
1999-04-14;66,06883
1999-04-15;66,07545
1999-04-16;66,08207
1999-04-17;66,0887
1999-04-18;66,09533
1999-04-19;66,10194
1999-04-20;66,10857
1999-04-21;66,1152
1999-04-22;66,12182
1999-04-23;66,12845
1999-04-24;66,13507
1999-04-25;66,1417
1999-04-26;66,14832
1999-04-27;66,15495
1999-04-28;66,16157
1999-04-29;66,16819
1999-04-30;66,17482
1999-05-01;66,18145
1999-05-02;66,18999
1999-05-03;66,19855
1999-05-04;66,20709
1999-05-05;66,21563
1999-05-06;66,22419
1999-05-07;66,23273
1999-05-08;66,24128
1999-05-09;66,24983
1999-05-10;66,25838
1999-05-11;66,26693
1999-05-12;66,27548
1999-05-13;66,28403
1999-05-14;66,29257
1999-05-15;66,30112
1999-05-16;66,30966
1999-05-17;66,31821
1999-05-18;66,32676
1999-05-19;66,33531
1999-05-20;66,34386
1999-05-21;66,3524
1999-05-22;66,36096
1999-05-23;66,3695
1999-05-24;66,37805
1999-05-25;66,3866
1999-05-26;66,39515
1999-05-27;66,4037
1999-05-28;66,41224
1999-05-29;66,42079
1999-05-30;66,42934
1999-05-31;66,43789
1999-06-01;66,44644
1999-06-02;66,45306
1999-06-03;66,45969
1999-06-04;66,46631
1999-06-05;66,47293
1999-06-06;66,47956
1999-06-07;66,48619
1999-06-08;66,49281
1999-06-09;66,49943
1999-06-10;66,50606
1999-06-11;66,51269
1999-06-12;66,51931
1999-06-13;66,52593
1999-06-14;66,53256
1999-06-15;66,53918
1999-06-16;66,54581
1999-06-17;66,55243
1999-06-18;66,55906
1999-06-19;66,56568
1999-06-20;66,57231
1999-06-21;66,57894
1999-06-22;66,58555
1999-06-23;66,59218
1999-06-24;66,59881
1999-06-25;66,60543
1999-06-26;66,61205
1999-06-27;66,61868
1999-06-28;66,6253
1999-06-29;66,63193
1999-06-30;66,63856
1999-07-01;66,64518
1999-07-02;66,64518
1999-07-03;66,64518
1999-07-04;66,64518
1999-07-05;66,64518
1999-07-06;66,64518
1999-07-07;66,64518
1999-07-08;66,64518
1999-07-09;66,64518
1999-07-10;66,64518
1999-07-11;66,64518
1999-07-12;66,64518
1999-07-13;66,64518
1999-07-14;66,64518
1999-07-15;66,64518
1999-07-16;66,64518
1999-07-17;66,64518
1999-07-18;66,64518
1999-07-19;66,64518
1999-07-20;66,64518
1999-07-21;66,64518
1999-07-22;66,64518
1999-07-23;66,64518
1999-07-24;66,64518
1999-07-25;66,64518
1999-07-26;66,64518
1999-07-27;66,64518
1999-07-28;66,64518
1999-07-29;66,64518
1999-07-30;66,64518
1999-07-31;66,64518
1999-08-01;66,64518
1999-08-02;66,64518
1999-08-03;66,64518
1999-08-04;66,64518
1999-08-05;66,64518
1999-08-06;66,64518
1999-08-07;66,64518
1999-08-08;66,64518
1999-08-09;66,64518
1999-08-10;66,64518
1999-08-11;66,64518
1999-08-12;66,64518
1999-08-13;66,64518
1999-08-14;66,64518
1999-08-15;66,64518
1999-08-16;66,64518
1999-08-17;66,64518
1999-08-18;66,64518
1999-08-19;66,64518
1999-08-20;66,64518
1999-08-21;66,64518
1999-08-22;66,64518
1999-08-23;66,64518
1999-08-24;66,64518
1999-08-25;66,64518
1999-08-26;66,64518
1999-08-27;66,64518
1999-08-28;66,64518
1999-08-29;66,64518
1999-08-30;66,64518
1999-08-31;66,64518
1999-09-01;66,64518
1999-09-02;66,63856
1999-09-03;66,63193
1999-09-04;66,6253
1999-09-05;66,61868
1999-09-06;66,61205
1999-09-07;66,60543
1999-09-08;66,59881
1999-09-09;66,59218
1999-09-10;66,58555
1999-09-11;66,57894
1999-09-12;66,57231
1999-09-13;66,56568
1999-09-14;66,55906
1999-09-15;66,55243
1999-09-16;66,54581
1999-09-17;66,53918
1999-09-18;66,53256
1999-09-19;66,52593
1999-09-20;66,51931
1999-09-21;66,51269
1999-09-22;66,50606
1999-09-23;66,49943
1999-09-24;66,49281
1999-09-25;66,48619
1999-09-26;66,47956
1999-09-27;66,47293
1999-09-28;66,46631
1999-09-29;66,45969
1999-09-30;66,45306
1999-10-01;66,44644
1999-10-02;66,45071
1999-10-03;66,45498
1999-10-04;66,45926
1999-10-05;66,46354
1999-10-06;66,46781
1999-10-07;66,47208
1999-10-08;66,47636
1999-10-09;66,48063
1999-10-10;66,4849
1999-10-11;66,48918
1999-10-12;66,49345
1999-10-13;66,49772
1999-10-14;66,50199
1999-10-15;66,50627
1999-10-16;66,51054
1999-10-17;66,51482
1999-10-18;66,5191
1999-10-19;66,52337
1999-10-20;66,52764
1999-10-21;66,53191
1999-10-22;66,53619
1999-10-23;66,54047
1999-10-24;66,54474
1999-10-25;66,54902
1999-10-26;66,55329
1999-10-27;66,55756
1999-10-28;66,56183
1999-10-29;66,56612
1999-10-30;66,57039
1999-10-31;66,57466
1999-11-01;66,57894
1999-11-02;66,58114
1999-11-03;66,58335
1999-11-04;66,58555
1999-11-05;66,58776
1999-11-06;66,58998
1999-11-07;66,59218
1999-11-08;66,59438
1999-11-09;66,5966
1999-11-10;66,59881
1999-11-11;66,60101
1999-11-12;66,60322
1999-11-13;66,60543
1999-11-14;66,60764
1999-11-15;66,60985
1999-11-16;66,61205
1999-11-17;66,61426
1999-11-18;66,61647
1999-11-19;66,61868
1999-11-20;66,62089
1999-11-21;66,6231
1999-11-22;66,6253
1999-11-23;66,62751
1999-11-24;66,62972
1999-11-25;66,63193
1999-11-26;66,63413
1999-11-27;66,63635
1999-11-28;66,63856
1999-11-29;66,64076
1999-11-30;66,64297
1999-12-01;66,64518
1999-12-02;66,64732
1999-12-03;66,64945
1999-12-04;66,65159
1999-12-05;66,65372
1999-12-06;66,65587
1999-12-07;66,658
1999-12-08;66,66014
1999-12-09;66,66228
1999-12-10;66,66441
1999-12-11;66,66655
1999-12-12;66,66869
1999-12-13;66,67082
1999-12-14;66,67296
1999-12-15;66,6751
1999-12-16;66,67723
1999-12-17;66,67937
1999-12-18;66,68151
1999-12-19;66,68364
1999-12-20;66,68578
1999-12-21;66,68792
1999-12-22;66,69005
1999-12-23;66,6922
1999-12-24;66,69432
1999-12-25;66,69647
1999-12-26;66,69861
1999-12-27;66,70074
1999-12-28;66,70288
1999-12-29;66,70502
1999-12-30;66,70715
1999-12-31;66,70929
2000-01-01;66,71143
2000-01-02;66,71143
2000-01-03;66,71143
2000-01-04;66,71143
2000-01-05;66,71143
2000-01-06;66,71143
2000-01-07;66,71143
2000-01-08;66,71143
2000-01-09;66,71143
2000-01-10;66,71143
2000-01-11;66,71143
2000-01-12;66,71143
2000-01-13;66,71143
2000-01-14;66,71143
2000-01-15;66,71143
2000-01-16;66,71143
2000-01-17;66,71143
2000-01-18;66,71143
2000-01-19;66,71143
2000-01-20;66,71143
2000-01-21;66,71143
2000-01-22;66,71143
2000-01-23;66,71143
2000-01-24;66,71143
2000-01-25;66,71143
2000-01-26;66,71143
2000-01-27;66,71143
2000-01-28;66,71143
2000-01-29;66,71143
2000-01-30;66,71143
2000-01-31;66,71143
2000-02-01;66,71143
2000-02-02;66,72285
2000-02-03;66,73427
2000-02-04;66,74569
2000-02-05;66,75712
2000-02-06;66,76854
2000-02-07;66,77996
2000-02-08;66,79138
2000-02-09;66,8028
2000-02-10;66,81422
2000-02-11;66,82565
2000-02-12;66,83707
2000-02-13;66,84849
2000-02-14;66,85992
2000-02-15;66,87133
2000-02-16;66,88276
2000-02-17;66,89417
2000-02-18;66,9056
2000-02-19;66,91702
2000-02-20;66,92845
2000-02-21;66,93987
2000-02-22;66,95129
2000-02-23;66,96271
2000-02-24;66,97413
2000-02-25;66,98555
2000-02-26;66,99697
2000-02-27;67,0084
2000-02-28;67,01982
2000-02-29;67,03125
2000-03-01;67,04266
2000-03-02;67,04053
2000-03-03;67,03839
2000-03-04;67,03625
2000-03-05;67,03412
2000-03-06;67,03198
2000-03-07;67,02985
2000-03-08;67,02771
2000-03-09;67,02556
2000-03-10;67,02344
2000-03-11;67,02129
2000-03-12;67,01916
2000-03-13;67,01702
2000-03-14;67,01488
2000-03-15;67,01274
2000-03-16;67,01061
2000-03-17;67,00847
2000-03-18;67,00633
2000-03-19;67,0042
2000-03-20;67,00206
2000-03-21;66,99993
2000-03-22;66,99779
2000-03-23;66,99565
2000-03-24;66,99352
2000-03-25;66,99138
2000-03-26;66,98923
2000-03-27;66,98711
2000-03-28;66,98496
2000-03-29;66,98283
2000-03-30;66,98069
2000-03-31;66,97856
2000-04-01;66,97641
2000-04-02;66,97863
2000-04-03;66,98084
2000-04-04;66,98304
2000-04-05;66,98524
2000-04-06;66,98746
2000-04-07;66,98967
2000-04-08;66,99187
2000-04-09;66,99408
2000-04-10;66,99629
2000-04-11;66,9985
2000-04-12;67,00071
2000-04-13;67,00291
2000-04-14;67,00512
2000-04-15;67,00734
2000-04-16;67,00954
2000-04-17;67,01175
2000-04-18;67,01396
2000-04-19;67,01617
2000-04-20;67,01837
2000-04-21;67,02058
2000-04-22;67,02279
2000-04-23;67,025
2000-04-24;67,02721
2000-04-25;67,02942
2000-04-26;67,03162
2000-04-27;67,03383
2000-04-28;67,03604
2000-04-29;67,03825
2000-04-30;67,04046
2000-05-01;67,04266
2000-05-02;67,05335
2000-05-03;67,06404
2000-05-04;67,07472
2000-05-05;67,08541
2000-05-06;67,09609
2000-05-07;67,10678
2000-05-08;67,11746
2000-05-09;67,12814
2000-05-10;67,13883
2000-05-11;67,14952
2000-05-12;67,1602
2000-05-13;67,17089
2000-05-14;67,18157
2000-05-15;67,19226
2000-05-16;67,20295
2000-05-17;67,21362
2000-05-18;67,22431
2000-05-19;67,23499
2000-05-20;67,24568
2000-05-21;67,25637
2000-05-22;67,26705
2000-05-23;67,27774
2000-05-24;67,28842
2000-05-25;67,29911
2000-05-26;67,3098
2000-05-27;67,32047
2000-05-28;67,33116
2000-05-29;67,34185
2000-05-30;67,35253
2000-05-31;67,36322
2000-06-01;67,3739
2000-06-02;67,3739
2000-06-03;67,3739
2000-06-04;67,3739
2000-06-05;67,3739
2000-06-06;67,3739
2000-06-07;67,3739
2000-06-08;67,3739
2000-06-09;67,3739
2000-06-10;67,3739
2000-06-11;67,3739
2000-06-12;67,3739
2000-06-13;67,3739
2000-06-14;67,3739
2000-06-15;67,3739
2000-06-16;67,3739
2000-06-17;67,3739
2000-06-18;67,3739
2000-06-19;67,3739
2000-06-20;67,3739
2000-06-21;67,3739
2000-06-22;67,3739
2000-06-23;67,3739
2000-06-24;67,3739
2000-06-25;67,3739
2000-06-26;67,3739
2000-06-27;67,3739
2000-06-28;67,3739
2000-06-29;67,3739
2000-06-30;67,3739
2000-07-01;67,3739
2000-07-02;67,37818
2000-07-03;67,38245
2000-07-04;67,38672
2000-07-05;67,391
2000-07-06;67,39528
2000-07-07;67,39955
2000-07-08;67,40382
2000-07-09;67,4081
2000-07-10;67,41237
2000-07-11;67,41665
2000-07-12;67,42092
2000-07-13;67,4252
2000-07-14;67,42946
2000-07-15;67,43373
2000-07-16;67,43801
2000-07-17;67,44229
2000-07-18;67,44656
2000-07-19;67,45084
2000-07-20;67,45511
2000-07-21;67,45938
2000-07-22;67,46365
2000-07-23;67,46794
2000-07-24;67,47221
2000-07-25;67,47648
2000-07-26;67,48076
2000-07-27;67,48503
2000-07-28;67,4893
2000-07-29;67,49358
2000-07-30;67,49786
2000-07-31;67,50213
2000-08-01;67,5064
2000-08-02;67,51281
2000-08-03;67,51922
2000-08-04;67,52563
2000-08-05;67,53204
2000-08-06;67,53846
2000-08-07;67,54486
2000-08-08;67,55128
2000-08-09;67,55769
2000-08-10;67,5641
2000-08-11;67,57051
2000-08-12;67,57692
2000-08-13;67,58333
2000-08-14;67,58974
2000-08-15;67,59615
2000-08-16;67,60256
2000-08-17;67,60898
2000-08-18;67,61539
2000-08-19;67,62179
2000-08-20;67,62821
2000-08-21;67,63462
2000-08-22;67,64104
2000-08-23;67,64744
2000-08-24;67,65386
2000-08-25;67,66027
2000-08-26;67,66668
2000-08-27;67,67309
2000-08-28;67,6795
2000-08-29;67,68591
2000-08-30;67,69232
2000-08-31;67,69873
2000-09-01;67,70514
2000-09-02;67,70073
2000-09-03;67,69631
2000-09-04;67,69189
2000-09-05;67,68747
2000-09-06;67,68306
2000-09-07;67,67864
2000-09-08;67,67422
2000-09-09;67,66981
2000-09-10;67,66539
2000-09-11;67,66098
2000-09-12;67,65656
2000-09-13;67,65215
2000-09-14;67,64772
2000-09-15;67,64332
2000-09-16;67,63889
2000-09-17;67,63448
2000-09-18;67,63006
2000-09-19;67,62565
2000-09-20;67,62122
2000-09-21;67,61682
2000-09-22;67,61239
2000-09-23;67,60798
2000-09-24;67,60356
2000-09-25;67,59915
2000-09-26;67,59473
2000-09-27;67,59031
2000-09-28;67,5859
2000-09-29;67,58148
2000-09-30;67,57707
2000-10-01;67,57264
2000-10-02;67,57692
2000-10-03;67,58119
2000-10-04;67,58546
2000-10-05;67,58974
2000-10-06;67,59402
2000-10-07;67,59829
2000-10-08;67,60256
2000-10-09;67,60684
2000-10-10;67,61111
2000-10-11;67,61539
2000-10-12;67,61966
2000-10-13;67,62394
2000-10-14;67,62821
2000-10-15;67,63248
2000-10-16;67,63676
2000-10-17;67,64104
2000-10-18;67,64531
2000-10-19;67,64958
2000-10-20;67,65386
2000-10-21;67,65813
2000-10-22;67,6624
2000-10-23;67,66668
2000-10-24;67,67095
2000-10-25;67,67522
2000-10-26;67,6795
2000-10-27;67,68377
2000-10-28;67,68804
2000-10-29;67,69232
2000-10-30;67,6966
2000-10-31;67,70087
2000-11-01;67,70514
2000-11-02;67,71618
2000-11-03;67,72722
2000-11-04;67,73827
2000-11-05;67,74931
2000-11-06;67,76035
2000-11-07;67,77139
2000-11-08;67,78243
2000-11-09;67,79347
2000-11-10;67,80452
2000-11-11;67,81556
2000-11-12;67,82659
2000-11-13;67,83764
2000-11-14;67,84868
2000-11-15;67,85972
2000-11-16;67,87077
2000-11-17;67,88181
2000-11-18;67,89284
2000-11-19;67,90388
2000-11-20;67,91493
2000-11-21;67,92596
2000-11-22;67,93701
2000-11-23;67,94806
2000-11-24;67,95909
2000-11-25;67,97013
2000-11-26;67,98117
2000-11-27;67,99221
2000-11-28;68,00326
2000-11-29;68,0143
2000-11-30;68,02534
2000-12-01;68,03638
2000-12-02;68,03424
2000-12-03;68,03211
2000-12-04;68,02997
2000-12-05;68,02783
2000-12-06;68,0257
2000-12-07;68,02356
2000-12-08;68,02142
2000-12-09;68,01928
2000-12-10;68,01715
2000-12-11;68,01501
2000-12-12;68,01288
2000-12-13;68,01073
2000-12-14;68,0086
2000-12-15;68,00646
2000-12-16;68,00432
2000-12-17;68,00219
2000-12-18;68,00005
2000-12-19;67,99791
2000-12-20;67,99578
2000-12-21;67,99364
2000-12-22;67,9915
2000-12-23;67,98937
2000-12-24;67,98723
2000-12-25;67,9851
2000-12-26;67,98295
2000-12-27;67,98082
2000-12-28;67,97868
2000-12-29;67,97655
2000-12-30;67,9744
2000-12-31;67,97228
2001-01-01;67,97013
2001-01-02;67,9744
2001-01-03;67,97868
2001-01-04;67,98295
2001-01-05;67,98723
2001-01-06;67,9915
2001-01-07;67,99578
2001-01-08;68,00005
2001-01-09;68,00432
2001-01-10;68,0086
2001-01-11;68,01288
2001-01-12;68,01715
2001-01-13;68,02142
2001-01-14;68,0257
2001-01-15;68,02997
2001-01-16;68,03424
2001-01-17;68,03852
2001-01-18;68,04279
2001-01-19;68,04706
2001-01-20;68,05134
2001-01-21;68,05561
2001-01-22;68,05988
2001-01-23;68,06416
2001-01-24;68,06844
2001-01-25;68,07271
2001-01-26;68,07698
2001-01-27;68,08126
2001-01-28;68,08553
2001-01-29;68,08981
2001-01-30;68,09408
2001-01-31;68,09836
2001-02-01;68,10263
2001-02-02;68,10263
2001-02-03;68,10263
2001-02-04;68,10263
2001-02-05;68,10263
2001-02-06;68,10263
2001-02-07;68,10263
2001-02-08;68,10263
2001-02-09;68,10263
2001-02-10;68,10263
2001-02-11;68,10263
2001-02-12;68,10263
2001-02-13;68,10263
2001-02-14;68,10263
2001-02-15;68,10263
2001-02-16;68,10263
2001-02-17;68,10263
2001-02-18;68,10263
2001-02-19;68,10263
2001-02-20;68,10263
2001-02-21;68,10263
2001-02-22;68,10263
2001-02-23;68,10263
2001-02-24;68,10263
2001-02-25;68,10263
2001-02-26;68,10263
2001-02-27;68,10263
2001-02-28;68,10263
2001-03-01;68,10263
2001-03-02;68,09194
2001-03-03;68,08126
2001-03-04;68,07057
2001-03-05;68,05988
2001-03-06;68,0492
2001-03-07;68,03852
2001-03-08;68,02783
2001-03-09;68,01715
2001-03-10;68,00646
2001-03-11;67,99578
2001-03-12;67,9851
2001-03-13;67,9744
2001-03-14;67,96372
2001-03-15;67,95303
2001-03-16;67,94235
2001-03-17;67,93167
2001-03-18;67,92098
2001-03-19;67,9103
2001-03-20;67,89961
2001-03-21;67,88893
2001-03-22;67,87824
2001-03-23;67,86755
2001-03-24;67,85687
2001-03-25;67,84619
2001-03-26;67,8355
2001-03-27;67,82482
2001-03-28;67,81413
2001-03-29;67,80345
2001-03-30;67,79277
2001-03-31;67,78207
2001-04-01;67,77139
2001-04-02;67,77581
2001-04-03;67,78022
2001-04-04;67,78464
2001-04-05;67,78906
2001-04-06;67,79347
2001-04-07;67,79789
2001-04-08;67,8023
2001-04-09;67,80672
2001-04-10;67,81113
2001-04-11;67,81556
2001-04-12;67,81997
2001-04-13;67,82439
2001-04-14;67,82881
2001-04-15;67,83322
2001-04-16;67,83764
2001-04-17;67,84206
2001-04-18;67,84647
2001-04-19;67,85089
2001-04-20;67,85531
2001-04-21;67,85972
2001-04-22;67,86414
2001-04-23;67,86855
2001-04-24;67,87297
2001-04-25;67,87738
2001-04-26;67,88181
2001-04-27;67,88621
2001-04-28;67,89064
2001-04-29;67,89505
2001-04-30;67,89947
2001-05-01;67,90388
2001-05-02;67,91457
2001-05-03;67,92526
2001-05-04;67,93595
2001-05-05;67,94663
2001-05-06;67,95731
2001-05-07;67,96799
2001-05-08;67,97868
2001-05-09;67,98937
2001-05-10;68,00005
2001-05-11;68,01073
2001-05-12;68,02142
2001-05-13;68,03211
2001-05-14;68,04279
2001-05-15;68,05348
2001-05-16;68,06416
2001-05-17;68,07485
2001-05-18;68,08553
2001-05-19;68,09621
2001-05-20;68,1069
2001-05-21;68,11759
2001-05-22;68,12828
2001-05-23;68,13896
2001-05-24;68,14964
2001-05-25;68,16033
2001-05-26;68,17102
2001-05-27;68,1817
2001-05-28;68,19238
2001-05-29;68,20306
2001-05-30;68,21376
2001-05-31;68,22444
2001-06-01;68,23512
2001-06-02;68,24617
2001-06-03;68,2572
2001-06-04;68,26825
2001-06-05;68,27929
2001-06-06;68,29033
2001-06-07;68,30137
2001-06-08;68,31241
2001-06-09;68,32345
2001-06-10;68,33449
2001-06-11;68,34554
2001-06-12;68,35658
2001-06-13;68,36762
2001-06-14;68,37866
2001-06-15;68,3897
2001-06-16;68,40074
2001-06-17;68,41179
2001-06-18;68,42283
2001-06-19;68,43387
2001-06-20;68,44491
2001-06-21;68,45594
2001-06-22;68,46699
2001-06-23;68,47804
2001-06-24;68,48907
2001-06-25;68,50012
2001-06-26;68,51116
2001-06-27;68,52219
2001-06-28;68,53323
2001-06-29;68,54428
2001-06-30;68,55532
2001-07-01;68,56636
2001-07-02;68,58132
2001-07-03;68,59628
2001-07-04;68,61124
2001-07-05;68,6262
2001-07-06;68,64115
2001-07-07;68,65611
2001-07-08;68,67107
2001-07-09;68,68604
2001-07-10;68,70099
2001-07-11;68,71596
2001-07-12;68,73091
2001-07-13;68,74587
2001-07-14;68,76083
2001-07-15;68,77579
2001-07-16;68,79075
2001-07-17;68,80571
2001-07-18;68,82067
2001-07-19;68,83562
2001-07-20;68,85059
2001-07-21;68,86554
2001-07-22;68,88051
2001-07-23;68,89546
2001-07-24;68,91042
2001-07-25;68,92538
2001-07-26;68,94035
2001-07-27;68,9553
2001-07-28;68,97026
2001-07-29;68,98522
2001-07-30;69,00018
2001-07-31;69,01514
2001-08-01;69,0301
2001-08-02;69,0301
2001-08-03;69,0301
2001-08-04;69,0301
2001-08-05;69,0301
2001-08-06;69,0301
2001-08-07;69,0301
2001-08-08;69,0301
2001-08-09;69,0301
2001-08-10;69,0301
2001-08-11;69,0301
2001-08-12;69,0301
2001-08-13;69,0301
2001-08-14;69,0301
2001-08-15;69,0301
2001-08-16;69,0301
2001-08-17;69,0301
2001-08-18;69,0301
2001-08-19;69,0301
2001-08-20;69,0301
2001-08-21;69,0301
2001-08-22;69,0301
2001-08-23;69,0301
2001-08-24;69,0301
2001-08-25;69,0301
2001-08-26;69,0301
2001-08-27;69,0301
2001-08-28;69,0301
2001-08-29;69,0301
2001-08-30;69,0301
2001-08-31;69,0301
2001-09-01;69,0301
2001-09-02;69,02567
2001-09-03;69,02127
2001-09-04;69,01684
2001-09-05;69,01243
2001-09-06;69,00801
2001-09-07;69,0036
2001-09-08;68,99918
2001-09-09;68,99477
2001-09-10;68,99035
2001-09-11;68,98593
2001-09-12;68,98152
2001-09-13;68,9771
2001-09-14;68,97268
2001-09-15;68,96827
2001-09-16;68,96385
2001-09-17;68,95943
2001-09-18;68,95502
2001-09-19;68,9506
2001-09-20;68,94618
2001-09-21;68,94176
2001-09-22;68,93735
2001-09-23;68,93293
2001-09-24;68,92852
2001-09-25;68,9241
2001-09-26;68,91968
2001-09-27;68,91527
2001-09-28;68,91085
2001-09-29;68,90643
2001-09-30;68,90202
2001-10-01;68,8976
2001-10-02;68,8976
2001-10-03;68,8976
2001-10-04;68,8976
2001-10-05;68,8976
2001-10-06;68,8976
2001-10-07;68,8976
2001-10-08;68,8976
2001-10-09;68,8976
2001-10-10;68,8976
2001-10-11;68,8976
2001-10-12;68,8976
2001-10-13;68,8976
2001-10-14;68,8976
2001-10-15;68,8976
2001-10-16;68,8976
2001-10-17;68,8976
2001-10-18;68,8976
2001-10-19;68,8976
2001-10-20;68,8976
2001-10-21;68,8976
2001-10-22;68,8976
2001-10-23;68,8976
2001-10-24;68,8976
2001-10-25;68,8976
2001-10-26;68,8976
2001-10-27;68,8976
2001-10-28;68,8976
2001-10-29;68,8976
2001-10-30;68,8976
2001-10-31;68,8976
2001-11-01;68,8976
2001-11-02;68,90202
2001-11-03;68,90643
2001-11-04;68,91085
2001-11-05;68,91527
2001-11-06;68,91968
2001-11-07;68,9241
2001-11-08;68,92852
2001-11-09;68,93293
2001-11-10;68,93735
2001-11-11;68,94176
2001-11-12;68,94618
2001-11-13;68,9506
2001-11-14;68,95502
2001-11-15;68,95943
2001-11-16;68,96385
2001-11-17;68,96827
2001-11-18;68,97268
2001-11-19;68,9771
2001-11-20;68,98152
2001-11-21;68,98593
2001-11-22;68,99035
2001-11-23;68,99477
2001-11-24;68,99918
2001-11-25;69,0036
2001-11-26;69,00801
2001-11-27;69,01243
2001-11-28;69,01684
2001-11-29;69,02127
2001-11-30;69,02567
2001-12-01;69,0301
2001-12-02;69,03223
2001-12-03;69,03437
2001-12-04;69,03651
2001-12-05;69,03864
2001-12-06;69,04078
2001-12-07;69,04292
2001-12-08;69,04505
2001-12-09;69,0472
2001-12-10;69,04933
2001-12-11;69,05147
2001-12-12;69,0536
2001-12-13;69,05574
2001-12-14;69,05788
2001-12-15;69,06002
2001-12-16;69,06215
2001-12-17;69,06429
2001-12-18;69,06643
2001-12-19;69,06856
2001-12-20;69,0707
2001-12-21;69,07284
2001-12-22;69,07497
2001-12-23;69,07711
2001-12-24;69,07925
2001-12-25;69,08138
2001-12-26;69,08353
2001-12-27;69,08566
2001-12-28;69,0878
2001-12-29;69,08993
2001-12-30;69,09207
2001-12-31;69,0942
2002-01-01;69,09635
2002-01-02;69,08993
2002-01-03;69,08353
2002-01-04;69,07711
2002-01-05;69,0707
2002-01-06;69,06429
2002-01-07;69,05788
2002-01-08;69,05147
2002-01-09;69,04505
2002-01-10;69,03864
2002-01-11;69,03223
2002-01-12;69,02582
2002-01-13;69,01941
2002-01-14;69,013
2002-01-15;69,0066
2002-01-16;69,00018
2002-01-17;68,99377
2002-01-18;68,98735
2002-01-19;68,98095
2002-01-20;68,97453
2002-01-21;68,96812
2002-01-22;68,96171
2002-01-23;68,9553
2002-01-24;68,94889
2002-01-25;68,94247
2002-01-26;68,93606
2002-01-27;68,92965
2002-01-28;68,92324
2002-01-29;68,91684
2002-01-30;68,91042
2002-01-31;68,90402
2002-02-01;68,8976
2002-02-02;68,89997
2002-02-03;68,90233
2002-02-04;68,90469
2002-02-05;68,90707
2002-02-06;68,90943
2002-02-07;68,91179
2002-02-08;68,91416
2002-02-09;68,91653
2002-02-10;68,91889
2002-02-11;68,92126
2002-02-12;68,92363
2002-02-13;68,92599
2002-02-14;68,92836
2002-02-15;68,93072
2002-02-16;68,93309
2002-02-17;68,93545
2002-02-18;68,93782
2002-02-19;68,94019
2002-02-20;68,94256
2002-02-21;68,94492
2002-02-22;68,94729
2002-02-23;68,94965
2002-02-24;68,95201
2002-02-25;68,95438
2002-02-26;68,95675
2002-02-27;68,95912
2002-02-28;68,96149
2002-03-01;68,96385
2002-03-02;68,97026
2002-03-03;68,97667
2002-03-04;68,98308
2002-03-05;68,98949
2002-03-06;68,9959
2002-03-07;69,00231
2002-03-08;69,00872
2002-03-09;69,01514
2002-03-10;69,02155
2002-03-11;69,02795
2002-03-12;69,03437
2002-03-13;69,04078
2002-03-14;69,0472
2002-03-15;69,0536
2002-03-16;69,06002
2002-03-17;69,06643
2002-03-18;69,07284
2002-03-19;69,07925
2002-03-20;69,08566
2002-03-21;69,09207
2002-03-22;69,09848
2002-03-23;69,10489
2002-03-24;69,1113
2002-03-25;69,11771
2002-03-26;69,12413
2002-03-27;69,13053
2002-03-28;69,13695
2002-03-29;69,14336
2002-03-30;69,14978
2002-03-31;69,15618
2002-04-01;69,16259
2002-04-02;69,16701
2002-04-03;69,17143
2002-04-04;69,17584
2002-04-05;69,18026
2002-04-06;69,18467
2002-04-07;69,18909
2002-04-08;69,19351
2002-04-09;69,19792
2002-04-10;69,20234
2002-04-11;69,20676
2002-04-12;69,21117
2002-04-13;69,21559
2002-04-14;69,22001
2002-04-15;69,22442
2002-04-16;69,22884
2002-04-17;69,23326
2002-04-18;69,23767
2002-04-19;69,24209
2002-04-20;69,24651
2002-04-21;69,25092
2002-04-22;69,25533
2002-04-23;69,25976
2002-04-24;69,26416
2002-04-25;69,26859
2002-04-26;69,273
2002-04-27;69,27742
2002-04-28;69,28183
2002-04-29;69,28626
2002-04-30;69,29067
2002-05-01;69,29509
2002-05-02;69,30363
2002-05-03;69,31219
2002-05-04;69,32073
2002-05-05;69,32928
2002-05-06;69,33783
2002-05-07;69,34637
2002-05-08;69,35492
2002-05-09;69,36347
2002-05-10;69,37202
2002-05-11;69,38056
2002-05-12;69,38912
2002-05-13;69,39767
2002-05-14;69,40621
2002-05-15;69,41477
2002-05-16;69,42331
2002-05-17;69,43186
2002-05-18;69,4404
2002-05-19;69,44895
2002-05-20;69,4575
2002-05-21;69,46604
2002-05-22;69,4746
2002-05-23;69,48314
2002-05-24;69,49169
2002-05-25;69,50024
2002-05-26;69,50879
2002-05-27;69,51734
2002-05-28;69,52589
2002-05-29;69,53443
2002-05-30;69,54297
2002-05-31;69,55153
2002-06-01;69,56008
2002-06-02;69,56891
2002-06-03;69,57774
2002-06-04;69,58657
2002-06-05;69,5954
2002-06-06;69,60424
2002-06-07;69,61307
2002-06-08;69,62191
2002-06-09;69,63074
2002-06-10;69,63958
2002-06-11;69,64841
2002-06-12;69,65725
2002-06-13;69,66608
2002-06-14;69,67491
2002-06-15;69,68374
2002-06-16;69,69257
2002-06-17;69,7014
2002-06-18;69,71024
2002-06-19;69,71907
2002-06-20;69,7279
2002-06-21;69,73674
2002-06-22;69,74557
2002-06-23;69,7544
2002-06-24;69,76324
2002-06-25;69,77207
2002-06-26;69,7809
2002-06-27;69,78974
2002-06-28;69,79857
2002-06-29;69,8074
2002-06-30;69,81624
2002-07-01;69,82506
2002-07-02;69,82934
2002-07-03;69,83361
2002-07-04;69,83788
2002-07-05;69,84217
2002-07-06;69,84644
2002-07-07;69,85071
2002-07-08;69,85498
2002-07-09;69,85926
2002-07-10;69,86353
2002-07-11;69,86781
2002-07-12;69,87209
2002-07-13;69,87636
2002-07-14;69,88063
2002-07-15;69,8849
2002-07-16;69,88918
2002-07-17;69,89346
2002-07-18;69,89773
2002-07-19;69,90201
2002-07-20;69,90628
2002-07-21;69,91055
2002-07-22;69,91482
2002-07-23;69,9191
2002-07-24;69,92337
2002-07-25;69,92764
2002-07-26;69,93192
2002-07-27;69,93619
2002-07-28;69,94046
2002-07-29;69,94474
2002-07-30;69,94902
2002-07-31;69,95329
2002-08-01;69,95756
2002-08-02;69,95543
2002-08-03;69,95329
2002-08-04;69,95115
2002-08-05;69,94902
2002-08-06;69,94688
2002-08-07;69,94474
2002-08-08;69,94261
2002-08-09;69,94046
2002-08-10;69,93833
2002-08-11;69,93619
2002-08-12;69,93406
2002-08-13;69,93192
2002-08-14;69,92978
2002-08-15;69,92764
2002-08-16;69,92551
2002-08-17;69,92337
2002-08-18;69,92123
2002-08-19;69,9191
2002-08-20;69,91696
2002-08-21;69,91482
2002-08-22;69,91269
2002-08-23;69,91055
2002-08-24;69,90842
2002-08-25;69,90628
2002-08-26;69,90413
2002-08-27;69,90201
2002-08-28;69,89986
2002-08-29;69,89773
2002-08-30;69,89559
2002-08-31;69,89346
2002-09-01;69,89131
2002-09-02;69,89131
2002-09-03;69,89131
2002-09-04;69,89131
2002-09-05;69,89131
2002-09-06;69,89131
2002-09-07;69,89131
2002-09-08;69,89131
2002-09-09;69,89131
2002-09-10;69,89131
2002-09-11;69,89131
2002-09-12;69,89131
2002-09-13;69,89131
2002-09-14;69,89131
2002-09-15;69,89131
2002-09-16;69,89131
2002-09-17;69,89131
2002-09-18;69,89131
2002-09-19;69,89131
2002-09-20;69,89131
2002-09-21;69,89131
2002-09-22;69,89131
2002-09-23;69,89131
2002-09-24;69,89131
2002-09-25;69,89131
2002-09-26;69,89131
2002-09-27;69,89131
2002-09-28;69,89131
2002-09-29;69,89131
2002-09-30;69,89131
2002-10-01;69,89131
2002-10-02;69,89773
2002-10-03;69,90413
2002-10-04;69,91055
2002-10-05;69,91696
2002-10-06;69,92337
2002-10-07;69,92978
2002-10-08;69,93619
2002-10-09;69,94261
2002-10-10;69,94902
2002-10-11;69,95543
2002-10-12;69,96184
2002-10-13;69,96825
2002-10-14;69,97466
2002-10-15;69,98107
2002-10-16;69,98748
2002-10-17;69,99389
2002-10-18;70,0003
2002-10-19;70,00671
2002-10-20;70,01312
2002-10-21;70,01954
2002-10-22;70,02595
2002-10-23;70,03236
2002-10-24;70,03877
2002-10-25;70,04518
2002-10-26;70,0516
2002-10-27;70,058
2002-10-28;70,06442
2002-10-29;70,07083
2002-10-30;70,07724
2002-10-31;70,08364
2002-11-01;70,09006
2002-11-02;70,09448
2002-11-03;70,09889
2002-11-04;70,10331
2002-11-05;70,10773
2002-11-06;70,11214
2002-11-07;70,11656
2002-11-08;70,12098
2002-11-09;70,12539
2002-11-10;70,12981
2002-11-11;70,13423
2002-11-12;70,13864
2002-11-13;70,14306
2002-11-14;70,14747
2002-11-15;70,15189
2002-11-16;70,1563
2002-11-17;70,16073
2002-11-18;70,16513
2002-11-19;70,16956
2002-11-20;70,17397
2002-11-21;70,17839
2002-11-22;70,1828
2002-11-23;70,18723
2002-11-24;70,19164
2002-11-25;70,19606
2002-11-26;70,20047
2002-11-27;70,20489
2002-11-28;70,20931
2002-11-29;70,21372
2002-11-30;70,21814
2002-12-01;70,22255
2002-12-02;70,22683
2002-12-03;70,2311
2002-12-04;70,23537
2002-12-05;70,23965
2002-12-06;70,24393
2002-12-07;70,2482
2002-12-08;70,25247
2002-12-09;70,25675
2002-12-10;70,26102
2002-12-11;70,2653
2002-12-12;70,26957
2002-12-13;70,27385
2002-12-14;70,27812
2002-12-15;70,28239
2002-12-16;70,28667
2002-12-17;70,29094
2002-12-18;70,29521
2002-12-19;70,29949
2002-12-20;70,30376
2002-12-21;70,30803
2002-12-22;70,3123
2002-12-23;70,31659
2002-12-24;70,32086
2002-12-25;70,32513
2002-12-26;70,32941
2002-12-27;70,33368
2002-12-28;70,33795
2002-12-29;70,34223
2002-12-30;70,34651
2002-12-31;70,35078
2003-01-01;70,35505
2003-01-02;70,35505
2003-01-03;70,35505
2003-01-04;70,35505
2003-01-05;70,35505
2003-01-06;70,35505
2003-01-07;70,35505
2003-01-08;70,35505
2003-01-09;70,35505
2003-01-10;70,35505
2003-01-11;70,35505
2003-01-12;70,35505
2003-01-13;70,35505
2003-01-14;70,35505
2003-01-15;70,35505
2003-01-16;70,35505
2003-01-17;70,35505
2003-01-18;70,35505
2003-01-19;70,35505
2003-01-20;70,35505
2003-01-21;70,35505
2003-01-22;70,35505
2003-01-23;70,35505
2003-01-24;70,35505
2003-01-25;70,35505
2003-01-26;70,35505
2003-01-27;70,35505
2003-01-28;70,35505
2003-01-29;70,35505
2003-01-30;70,35505
2003-01-31;70,35505
2003-02-01;70,35505
2003-02-02;70,35741
2003-02-03;70,35978
2003-02-04;70,36215
2003-02-05;70,36452
2003-02-06;70,36688
2003-02-07;70,36925
2003-02-08;70,37161
2003-02-09;70,37398
2003-02-10;70,37634
2003-02-11;70,3787
2003-02-12;70,38107
2003-02-13;70,38344
2003-02-14;70,38581
2003-02-15;70,38818
2003-02-16;70,39054
2003-02-17;70,3929
2003-02-18;70,39527
2003-02-19;70,39764
2003-02-20;70,4
2003-02-21;70,40237
2003-02-22;70,40473
2003-02-23;70,4071
2003-02-24;70,40947
2003-02-25;70,41183
2003-02-26;70,4142
2003-02-27;70,41657
2003-02-28;70,41893
2003-03-01;70,4213
2003-03-02;70,4213
2003-03-03;70,4213
2003-03-04;70,4213
2003-03-05;70,4213
2003-03-06;70,4213
2003-03-07;70,4213
2003-03-08;70,4213
2003-03-09;70,4213
2003-03-10;70,4213
2003-03-11;70,4213
2003-03-12;70,4213
2003-03-13;70,4213
2003-03-14;70,4213
2003-03-15;70,4213
2003-03-16;70,4213
2003-03-17;70,4213
2003-03-18;70,4213
2003-03-19;70,4213
2003-03-20;70,4213
2003-03-21;70,4213
2003-03-22;70,4213
2003-03-23;70,4213
2003-03-24;70,4213
2003-03-25;70,4213
2003-03-26;70,4213
2003-03-27;70,4213
2003-03-28;70,4213
2003-03-29;70,4213
2003-03-30;70,4213
2003-03-31;70,4213
2003-04-01;70,4213
2003-04-02;70,43897
2003-04-03;70,45663
2003-04-04;70,4743
2003-04-05;70,49197
2003-04-06;70,50963
2003-04-07;70,52729
2003-04-08;70,54496
2003-04-09;70,56262
2003-04-10;70,58029
2003-04-11;70,59796
2003-04-12;70,61562
2003-04-13;70,63329
2003-04-14;70,65095
2003-04-15;70,66862
2003-04-16;70,68629
2003-04-17;70,70396
2003-04-18;70,72162
2003-04-19;70,73929
2003-04-20;70,75696
2003-04-21;70,77462
2003-04-22;70,79228
2003-04-23;70,80995
2003-04-24;70,82761
2003-04-25;70,84528
2003-04-26;70,86295
2003-04-27;70,88062
2003-04-28;70,89828
2003-04-29;70,91595
2003-04-30;70,93361
2003-05-01;70,95128
2003-05-02;70,95983
2003-05-03;70,96838
2003-05-04;70,97693
2003-05-05;70,98547
2003-05-06;70,99402
2003-05-07;71,00257
2003-05-08;71,01111
2003-05-09;71,01967
2003-05-10;71,02821
2003-05-11;71,03676
2003-05-12;71,04531
2003-05-13;71,05386
2003-05-14;71,06241
2003-05-15;71,07095
2003-05-16;71,0795
2003-05-17;71,08804
2003-05-18;71,09659
2003-05-19;71,10514
2003-05-20;71,11369
2003-05-21;71,12224
2003-05-22;71,13079
2003-05-23;71,13934
2003-05-24;71,14788
2003-05-25;71,15644
2003-05-26;71,16498
2003-05-27;71,17353
2003-05-28;71,18208
2003-05-29;71,19062
2003-05-30;71,19917
2003-05-31;71,20772
2003-06-01;71,21627
2003-06-02;71,21407
2003-06-03;71,21185
2003-06-04;71,20964
2003-06-05;71,20744
2003-06-06;71,20523
2003-06-07;71,20302
2003-06-08;71,20081
2003-06-09;71,1986
2003-06-10;71,1964
2003-06-11;71,19419
2003-06-12;71,19197
2003-06-13;71,18977
2003-06-14;71,18757
2003-06-15;71,18535
2003-06-16;71,18314
2003-06-17;71,18094
2003-06-18;71,17873
2003-06-19;71,17652
2003-06-20;71,17431
2003-06-21;71,1721
2003-06-22;71,1699
2003-06-23;71,16769
2003-06-24;71,16548
2003-06-25;71,16327
2003-06-26;71,16106
2003-06-27;71,15885
2003-06-28;71,15665
2003-06-29;71,15444
2003-06-30;71,15223
2003-07-01;71,15002
2003-07-02;71,14575
2003-07-03;71,14147
2003-07-04;71,1372
2003-07-05;71,13292
2003-07-06;71,12865
2003-07-07;71,12438
2003-07-08;71,12011
2003-07-09;71,11584
2003-07-10;71,11156
2003-07-11;71,10728
2003-07-12;71,10301
2003-07-13;71,09873
2003-07-14;71,09446
2003-07-15;71,09019
2003-07-16;71,08592
2003-07-17;71,08163
2003-07-18;71,07736
2003-07-19;71,07309
2003-07-20;71,06881
2003-07-21;71,06454
2003-07-22;71,06027
2003-07-23;71,05599
2003-07-24;71,05171
2003-07-25;71,04744
2003-07-26;71,04317
2003-07-27;71,03889
2003-07-28;71,03462
2003-07-29;71,03035
2003-07-30;71,02608
2003-07-31;71,0218
2003-08-01;71,01753
2003-08-02;71,0218
2003-08-03;71,02608
2003-08-04;71,03035
2003-08-05;71,03462
2003-08-06;71,03889
2003-08-07;71,04317
2003-08-08;71,04744
2003-08-09;71,05171
2003-08-10;71,05599
2003-08-11;71,06027
2003-08-12;71,06454
2003-08-13;71,06881
2003-08-14;71,07309
2003-08-15;71,07736
2003-08-16;71,08163
2003-08-17;71,08592
2003-08-18;71,09019
2003-08-19;71,09446
2003-08-20;71,09873
2003-08-21;71,10301
2003-08-22;71,10728
2003-08-23;71,11156
2003-08-24;71,11584
2003-08-25;71,12011
2003-08-26;71,12438
2003-08-27;71,12865
2003-08-28;71,13292
2003-08-29;71,1372
2003-08-30;71,14147
2003-08-31;71,14575
2003-09-01;71,15002
2003-09-02;71,14782
2003-09-03;71,14561
2003-09-04;71,14339
2003-09-05;71,14119
2003-09-06;71,13898
2003-09-07;71,13678
2003-09-08;71,13456
2003-09-09;71,13235
2003-09-10;71,13015
2003-09-11;71,12795
2003-09-12;71,12573
2003-09-13;71,12352
2003-09-14;71,12132
2003-09-15;71,11911
2003-09-16;71,1169
2003-09-17;71,11469
2003-09-18;71,11248
2003-09-19;71,11028
2003-09-20;71,10807
2003-09-21;71,10585
2003-09-22;71,10365
2003-09-23;71,10144
2003-09-24;71,09923
2003-09-25;71,09702
2003-09-26;71,09482
2003-09-27;71,09261
2003-09-28;71,0904
2003-09-29;71,08819
2003-09-30;71,08598
2003-10-01;71,08377
2003-10-02;71,09019
2003-10-03;71,09659
2003-10-04;71,10301
2003-10-05;71,10942
2003-10-06;71,11584
2003-10-07;71,12224
2003-10-08;71,12865
2003-10-09;71,13506
2003-10-10;71,14147
2003-10-11;71,14788
2003-10-12;71,15429
2003-10-13;71,16071
2003-10-14;71,16712
2003-10-15;71,17353
2003-10-16;71,17994
2003-10-17;71,18635
2003-10-18;71,19277
2003-10-19;71,19917
2003-10-20;71,20559
2003-10-21;71,212
2003-10-22;71,21841
2003-10-23;71,22482
2003-10-24;71,23123
2003-10-25;71,23764
2003-10-26;71,24405
2003-10-27;71,25046
2003-10-28;71,25687
2003-10-29;71,26328
2003-10-30;71,2697
2003-10-31;71,2761
2003-11-01;71,28252
2003-11-02;71,29135
2003-11-03;71,30019
2003-11-04;71,30902
2003-11-05;71,31785
2003-11-06;71,32669
2003-11-07;71,33552
2003-11-08;71,34435
2003-11-09;71,35318
2003-11-10;71,36201
2003-11-11;71,37084
2003-11-12;71,37968
2003-11-13;71,38851
2003-11-14;71,39734
2003-11-15;71,40618
2003-11-16;71,41501
2003-11-17;71,42385
2003-11-18;71,43268
2003-11-19;71,44152
2003-11-20;71,45035
2003-11-21;71,45918
2003-11-22;71,46801
2003-11-23;71,47684
2003-11-24;71,48568
2003-11-25;71,49451
2003-11-26;71,50334
2003-11-27;71,51218
2003-11-28;71,52101
2003-11-29;71,52984
2003-11-30;71,53868
2003-12-01;71,54751
2003-12-02;71,54964
2003-12-03;71,55178
2003-12-04;71,55392
2003-12-05;71,55605
2003-12-06;71,55819
2003-12-07;71,56033
2003-12-08;71,56246
2003-12-09;71,56461
2003-12-10;71,56674
2003-12-11;71,56888
2003-12-12;71,57101
2003-12-13;71,57316
2003-12-14;71,57529
2003-12-15;71,57743
2003-12-16;71,57956
2003-12-17;71,5817
2003-12-18;71,58384
2003-12-19;71,58597
2003-12-20;71,58811
2003-12-21;71,59025
2003-12-22;71,59238
2003-12-23;71,59452
2003-12-24;71,59666
2003-12-25;71,59879
2003-12-26;71,60094
2003-12-27;71,60307
2003-12-28;71,60521
2003-12-29;71,60734
2003-12-30;71,60948
2003-12-31;71,61161
2004-01-01;71,61376
2004-01-02;71,60948
2004-01-03;71,60521
2004-01-04;71,60094
2004-01-05;71,59666
2004-01-06;71,59238
2004-01-07;71,58811
2004-01-08;71,58384
2004-01-09;71,57956
2004-01-10;71,57529
2004-01-11;71,57101
2004-01-12;71,56674
2004-01-13;71,56246
2004-01-14;71,55819
2004-01-15;71,55392
2004-01-16;71,54964
2004-01-17;71,54537
2004-01-18;71,5411
2004-01-19;71,53683
2004-01-20;71,53255
2004-01-21;71,52828
2004-01-22;71,52401
2004-01-23;71,51972
2004-01-24;71,51545
2004-01-25;71,51118
2004-01-26;71,50691
2004-01-27;71,50263
2004-01-28;71,49836
2004-01-29;71,49408
2004-01-30;71,48981
2004-01-31;71,48553
2004-02-01;71,48126
2004-02-02;71,48355
2004-02-03;71,48583
2004-02-04;71,48811
2004-02-05;71,4904
2004-02-06;71,49268
2004-02-07;71,49497
2004-02-08;71,49725
2004-02-09;71,49954
2004-02-10;71,50181
2004-02-11;71,5041
2004-02-12;71,50639
2004-02-13;71,50868
2004-02-14;71,51096
2004-02-15;71,51325
2004-02-16;71,51553
2004-02-17;71,51781
2004-02-18;71,52009
2004-02-19;71,52238
2004-02-20;71,52467
2004-02-21;71,52695
2004-02-22;71,52923
2004-02-23;71,53152
2004-02-24;71,5338
2004-02-25;71,53609
2004-02-26;71,53837
2004-02-27;71,54066
2004-02-28;71,54293
2004-02-29;71,54522
2004-03-01;71,54751
2004-03-02;71,54324
2004-03-03;71,53896
2004-03-04;71,53469
2004-03-05;71,53041
2004-03-06;71,52613
2004-03-07;71,52186
2004-03-08;71,51759
2004-03-09;71,51332
2004-03-10;71,50904
2004-03-11;71,50477
2004-03-12;71,5005
2004-03-13;71,49622
2004-03-14;71,49195
2004-03-15;71,48768
2004-03-16;71,4834
2004-03-17;71,47912
2004-03-18;71,47485
2004-03-19;71,47058
2004-03-20;71,4663
2004-03-21;71,46203
2004-03-22;71,45776
2004-03-23;71,45348
2004-03-24;71,4492
2004-03-25;71,44493
2004-03-26;71,44066
2004-03-27;71,43638
2004-03-28;71,43211
2004-03-29;71,42783
2004-03-30;71,42356
2004-03-31;71,41928
2004-04-01;71,41501
2004-04-02;71,42606
2004-04-03;71,43709
2004-04-04;71,44813
2004-04-05;71,45918
2004-04-06;71,47022
2004-04-07;71,48126
2004-04-08;71,4923
2004-04-09;71,50334
2004-04-10;71,51438
2004-04-11;71,52543
2004-04-12;71,53647
2004-04-13;71,54751
2004-04-14;71,55855
2004-04-15;71,56959
2004-04-16;71,58063
2004-04-17;71,59167
2004-04-18;71,60272
2004-04-19;71,61376
2004-04-20;71,6248
2004-04-21;71,63583
2004-04-22;71,64688
2004-04-23;71,65792
2004-04-24;71,66896
2004-04-25;71,68001
2004-04-26;71,69105
2004-04-27;71,70208
2004-04-28;71,71312
2004-04-29;71,72417
2004-04-30;71,73521
2004-05-01;71,74625
2004-05-02;71,75479
2004-05-03;71,76335
2004-05-04;71,7719
2004-05-05;71,78044
2004-05-06;71,789
2004-05-07;71,79754
2004-05-08;71,80609
2004-05-09;71,81464
2004-05-10;71,82319
2004-05-11;71,83173
2004-05-12;71,84028
2004-05-13;71,84883
2004-05-14;71,85737
2004-05-15;71,86593
2004-05-16;71,87447
2004-05-17;71,88302
2004-05-18;71,89157
2004-05-19;71,90012
2004-05-20;71,90867
2004-05-21;71,91721
2004-05-22;71,92576
2004-05-23;71,93431
2004-05-24;71,94285
2004-05-25;71,95141
2004-05-26;71,95995
2004-05-27;71,9685
2004-05-28;71,97705
2004-05-29;71,9856
2004-05-30;71,99415
2004-05-31;72,0027
2004-06-01;72,01125
2004-06-02;72,01786
2004-06-03;72,02449
2004-06-04;72,03112
2004-06-05;72,03774
2004-06-06;72,04436
2004-06-07;72,05099
2004-06-08;72,05762
2004-06-09;72,06424
2004-06-10;72,07087
2004-06-11;72,07749
2004-06-12;72,08411
2004-06-13;72,09074
2004-06-14;72,09737
2004-06-15;72,10399
2004-06-16;72,11061
2004-06-17;72,11724
2004-06-18;72,12386
2004-06-19;72,13049
2004-06-20;72,13711
2004-06-21;72,14374
2004-06-22;72,15036
2004-06-23;72,15699
2004-06-24;72,16361
2004-06-25;72,17023
2004-06-26;72,17686
2004-06-27;72,18349
2004-06-28;72,19011
2004-06-29;72,19673
2004-06-30;72,20336
2004-07-01;72,20999
2004-07-02;72,21853
2004-07-03;72,22709
2004-07-04;72,23563
2004-07-05;72,24418
2004-07-06;72,25272
2004-07-07;72,26127
2004-07-08;72,26982
2004-07-09;72,27837
2004-07-10;72,28692
2004-07-11;72,29546
2004-07-12;72,30402
2004-07-13;72,31256
2004-07-14;72,32111
2004-07-15;72,32967
2004-07-16;72,33821
2004-07-17;72,34675
2004-07-18;72,3553
2004-07-19;72,36385
2004-07-20;72,3724
2004-07-21;72,38094
2004-07-22;72,3895
2004-07-23;72,39804
2004-07-24;72,40659
2004-07-25;72,41514
2004-07-26;72,42369
2004-07-27;72,43224
2004-07-28;72,44078
2004-07-29;72,44933
2004-07-30;72,45787
2004-07-31;72,46643
2004-08-01;72,47498
2004-08-02;72,47711
2004-08-03;72,47925
2004-08-04;72,48138
2004-08-05;72,48352
2004-08-06;72,48566
2004-08-07;72,48779
2004-08-08;72,48993
2004-08-09;72,49208
2004-08-10;72,4942
2004-08-11;72,49635
2004-08-12;72,49848
2004-08-13;72,50062
2004-08-14;72,50276
2004-08-15;72,5049
2004-08-16;72,50703
2004-08-17;72,50917
2004-08-18;72,5113
2004-08-19;72,51344
2004-08-20;72,51558
2004-08-21;72,51772
2004-08-22;72,51985
2004-08-23;72,522
2004-08-24;72,52412
2004-08-25;72,52627
2004-08-26;72,52841
2004-08-27;72,53054
2004-08-28;72,53268
2004-08-29;72,53481
2004-08-30;72,53695
2004-08-31;72,53908
2004-09-01;72,54122
2004-09-02;72,5368
2004-09-03;72,53239
2004-09-04;72,52797
2004-09-05;72,52356
2004-09-06;72,51914
2004-09-07;72,51473
2004-09-08;72,5103
2004-09-09;72,5059
2004-09-10;72,50147
2004-09-11;72,49706
2004-09-12;72,49264
2004-09-13;72,48823
2004-09-14;72,48381
2004-09-15;72,4794
2004-09-16;72,47498
2004-09-17;72,47056
2004-09-18;72,46615
2004-09-19;72,46173
2004-09-20;72,45731
2004-09-21;72,45289
2004-09-22;72,44848
2004-09-23;72,44406
2004-09-24;72,43965
2004-09-25;72,43522
2004-09-26;72,43081
2004-09-27;72,42639
2004-09-28;72,42198
2004-09-29;72,41756
2004-09-30;72,41315
2004-10-01;72,40873
2004-10-02;72,413
2004-10-03;72,41727
2004-10-04;72,42154
2004-10-05;72,42583
2004-10-06;72,4301
2004-10-07;72,43437
2004-10-08;72,43865
2004-10-09;72,44292
2004-10-10;72,44719
2004-10-11;72,45147
2004-10-12;72,45575
2004-10-13;72,46002
2004-10-14;72,46429
2004-10-15;72,46857
2004-10-16;72,47284
2004-10-17;72,47711
2004-10-18;72,48138
2004-10-19;72,48566
2004-10-20;72,48993
2004-10-21;72,4942
2004-10-22;72,49848
2004-10-23;72,50276
2004-10-24;72,50703
2004-10-25;72,5113
2004-10-26;72,51558
2004-10-27;72,51985
2004-10-28;72,52412
2004-10-29;72,52841
2004-10-30;72,53268
2004-10-31;72,53695
2004-11-01;72,54122
2004-11-02;72,54343
2004-11-03;72,54564
2004-11-04;72,54785
2004-11-05;72,55005
2004-11-06;72,55227
2004-11-07;72,55447
2004-11-08;72,55668
2004-11-09;72,55889
2004-11-10;72,5611
2004-11-11;72,56331
2004-11-12;72,56552
2004-11-13;72,56772
2004-11-14;72,56993
2004-11-15;72,57214
2004-11-16;72,57435
2004-11-17;72,57655
2004-11-18;72,57876
2004-11-19;72,58098
2004-11-20;72,58318
2004-11-21;72,58539
2004-11-22;72,58759
2004-11-23;72,58981
2004-11-24;72,59202
2004-11-25;72,59422
2004-11-26;72,59642
2004-11-27;72,59864
2004-11-28;72,60085
2004-11-29;72,60305
2004-11-30;72,60526
2004-12-01;72,60747
2004-12-02;72,61388
2004-12-03;72,62029
2004-12-04;72,6267
2004-12-05;72,63311
2004-12-06;72,63953
2004-12-07;72,64593
2004-12-08;72,65235
2004-12-09;72,65876
2004-12-10;72,66517
2004-12-11;72,67158
2004-12-12;72,67799
2004-12-13;72,68441
2004-12-14;72,69082
2004-12-15;72,69723
2004-12-16;72,70364
2004-12-17;72,71005
2004-12-18;72,71646
2004-12-19;72,72287
2004-12-20;72,72928
2004-12-21;72,73569
2004-12-22;72,74211
2004-12-23;72,74851
2004-12-24;72,75493
2004-12-25;72,76134
2004-12-26;72,76775
2004-12-27;72,77416
2004-12-28;72,78057
2004-12-29;72,78699
2004-12-30;72,79339
2004-12-31;72,7998
2005-01-01;72,80621
2005-01-02;72,80835
2005-01-03;72,81049
2005-01-04;72,81262
2005-01-05;72,81476
2005-01-06;72,8169
2005-01-07;72,81903
2005-01-08;72,82117
2005-01-09;72,82331
2005-01-10;72,82544
2005-01-11;72,82759
2005-01-12;72,82972
2005-01-13;72,83186
2005-01-14;72,834
2005-01-15;72,83613
2005-01-16;72,83827
2005-01-17;72,84041
2005-01-18;72,84254
2005-01-19;72,84468
2005-01-20;72,84682
2005-01-21;72,84896
2005-01-22;72,85109
2005-01-23;72,85323
2005-01-24;72,85536
2005-01-25;72,8575
2005-01-26;72,85964
2005-01-27;72,86177
2005-01-28;72,86392
2005-01-29;72,86605
2005-01-30;72,86819
2005-01-31;72,87032
2005-02-01;72,87246
2005-02-02;72,87483
2005-02-03;72,8772
2005-02-04;72,87956
2005-02-05;72,88193
2005-02-06;72,8843
2005-02-07;72,88666
2005-02-08;72,88902
2005-02-09;72,89139
2005-02-10;72,89375
2005-02-11;72,89612
2005-02-12;72,89849
2005-02-13;72,90086
2005-02-14;72,90322
2005-02-15;72,90559
2005-02-16;72,90795
2005-02-17;72,91032
2005-02-18;72,91268
2005-02-19;72,91505
2005-02-20;72,91741
2005-02-21;72,91978
2005-02-22;72,92215
2005-02-23;72,92452
2005-02-24;72,92688
2005-02-25;72,92924
2005-02-26;72,93162
2005-02-27;72,93398
2005-02-28;72,93634
2005-03-01;72,93871
2005-03-02;72,92589
2005-03-03;72,91307
2005-03-04;72,90025
2005-03-05;72,88742
2005-03-06;72,8746
2005-03-07;72,86177
2005-03-08;72,84896
2005-03-09;72,83613
2005-03-10;72,82331
2005-03-11;72,81049
2005-03-12;72,79767
2005-03-13;72,78484
2005-03-14;72,77202
2005-03-15;72,7592
2005-03-16;72,74638
2005-03-17;72,73355
2005-03-18;72,72074
2005-03-19;72,70791
2005-03-20;72,69509
2005-03-21;72,68226
2005-03-22;72,66944
2005-03-23;72,65662
2005-03-24;72,6438
2005-03-25;72,63098
2005-03-26;72,61816
2005-03-27;72,60533
2005-03-28;72,59251
2005-03-29;72,57969
2005-03-30;72,56687
2005-03-31;72,55404
2005-04-01;72,54122
2005-04-02;72,55668
2005-04-03;72,57214
2005-04-04;72,58759
2005-04-05;72,60305
2005-04-06;72,61852
2005-04-07;72,63397
2005-04-08;72,64943
2005-04-09;72,66489
2005-04-10;72,68034
2005-04-11;72,6958
2005-04-12;72,71126
2005-04-13;72,72672
2005-04-14;72,74218
2005-04-15;72,75763
2005-04-16;72,77309
2005-04-17;72,78855
2005-04-18;72,80401
2005-04-19;72,81947
2005-04-20;72,83492
2005-04-21;72,85038
2005-04-22;72,86584
2005-04-23;72,88129
2005-04-24;72,89676
2005-04-25;72,91221
2005-04-26;72,92766
2005-04-27;72,94313
2005-04-28;72,95858
2005-04-29;72,97404
2005-04-30;72,98951
2005-05-01;73,00495
2005-05-02;73,01992
2005-05-03;73,03487
2005-05-04;73,04983
2005-05-05;73,06479
2005-05-06;73,07975
2005-05-07;73,09471
2005-05-08;73,10967
2005-05-09;73,12463
2005-05-10;73,13959
2005-05-11;73,15455
2005-05-12;73,16951
2005-05-13;73,18446
2005-05-14;73,19943
2005-05-15;73,21438
2005-05-16;73,22935
2005-05-17;73,2443
2005-05-18;73,25926
2005-05-19;73,27422
2005-05-20;73,28918
2005-05-21;73,30414
2005-05-22;73,3191
2005-05-23;73,33406
2005-05-24;73,34901
2005-05-25;73,36398
2005-05-26;73,37894
2005-05-27;73,3939
2005-05-28;73,40886
2005-05-29;73,42382
2005-05-30;73,43877
2005-05-31;73,45374
2005-06-01;73,46869
2005-06-02;73,47311
2005-06-03;73,47752
2005-06-04;73,48194
2005-06-05;73,48636
2005-06-06;73,49077
2005-06-07;73,49519
2005-06-08;73,49961
2005-06-09;73,50402
2005-06-10;73,50844
2005-06-11;73,51286
2005-06-12;73,51727
2005-06-13;73,52169
2005-06-14;73,52611
2005-06-15;73,53052
2005-06-16;73,53494
2005-06-17;73,53936
2005-06-18;73,54377
2005-06-19;73,54819
2005-06-20;73,55261
2005-06-21;73,55702
2005-06-22;73,56144
2005-06-23;73,56585
2005-06-24;73,57027
2005-06-25;73,57468
2005-06-26;73,57911
2005-06-27;73,58352
2005-06-28;73,58794
2005-06-29;73,59235
2005-06-30;73,59677
2005-07-01;73,60119
2005-07-02;73,60333
2005-07-03;73,60546
2005-07-04;73,6076
2005-07-05;73,60974
2005-07-06;73,61187
2005-07-07;73,61401
2005-07-08;73,61615
2005-07-09;73,61828
2005-07-10;73,62042
2005-07-11;73,62256
2005-07-12;73,62469
2005-07-13;73,62683
2005-07-14;73,62897
2005-07-15;73,6311
2005-07-16;73,63325
2005-07-17;73,63537
2005-07-18;73,63752
2005-07-19;73,63965
2005-07-20;73,64179
2005-07-21;73,64393
2005-07-22;73,64607
2005-07-23;73,6482
2005-07-24;73,65034
2005-07-25;73,65248
2005-07-26;73,65461
2005-07-27;73,65675
2005-07-28;73,65889
2005-07-29;73,66102
2005-07-30;73,66316
2005-07-31;73,66529
2005-08-01;73,66743
2005-08-02;73,66958
2005-08-03;73,6717
2005-08-04;73,67385
2005-08-05;73,67598
2005-08-06;73,67812
2005-08-07;73,68025
2005-08-08;73,6824
2005-08-09;73,68453
2005-08-10;73,68667
2005-08-11;73,68881
2005-08-12;73,69094
2005-08-13;73,69308
2005-08-14;73,69521
2005-08-15;73,69735
2005-08-16;73,69949
2005-08-17;73,70162
2005-08-18;73,70376
2005-08-19;73,7059
2005-08-20;73,70803
2005-08-21;73,71018
2005-08-22;73,71231
2005-08-23;73,71445
2005-08-24;73,71658
2005-08-25;73,71873
2005-08-26;73,72086
2005-08-27;73,723
2005-08-28;73,72513
2005-08-29;73,72727
2005-08-30;73,72941
2005-08-31;73,73154
2005-09-01;73,73368
2005-09-02;73,72927
2005-09-03;73,72485
2005-09-04;73,72044
2005-09-05;73,71601
2005-09-06;73,7116
2005-09-07;73,70718
2005-09-08;73,70277
2005-09-09;73,69835
2005-09-10;73,69393
2005-09-11;73,68951
2005-09-12;73,6851
2005-09-13;73,68068
2005-09-14;73,67626
2005-09-15;73,67185
2005-09-16;73,66743
2005-09-17;73,66302
2005-09-18;73,6586
2005-09-19;73,65419
2005-09-20;73,64976
2005-09-21;73,64536
2005-09-22;73,64093
2005-09-23;73,63652
2005-09-24;73,6321
2005-09-25;73,62769
2005-09-26;73,62327
2005-09-27;73,61886
2005-09-28;73,61444
2005-09-29;73,61002
2005-09-30;73,60561
2005-10-01;73,60119
2005-10-02;73,61187
2005-10-03;73,62256
2005-10-04;73,63325
2005-10-05;73,64393
2005-10-06;73,65461
2005-10-07;73,66529
2005-10-08;73,67598
2005-10-09;73,68667
2005-10-10;73,69735
2005-10-11;73,70803
2005-10-12;73,71873
2005-10-13;73,72941
2005-10-14;73,7401
2005-10-15;73,75078
2005-10-16;73,76146
2005-10-17;73,77215
2005-10-18;73,78283
2005-10-19;73,79352
2005-10-20;73,8042
2005-10-21;73,81489
2005-10-22;73,82558
2005-10-23;73,83626
2005-10-24;73,84694
2005-10-25;73,85763
2005-10-26;73,86832
2005-10-27;73,879
2005-10-28;73,88968
2005-10-29;73,90036
2005-10-30;73,91106
2005-10-31;73,92174
2005-11-01;73,93243
2005-11-02;73,94126
2005-11-03;73,9501
2005-11-04;73,95893
2005-11-05;73,96776
2005-11-06;73,9766
2005-11-07;73,98543
2005-11-08;73,99426
2005-11-09;74,00309
2005-11-10;74,01192
2005-11-11;74,02075
2005-11-12;74,02959
2005-11-13;74,03842
2005-11-14;74,04725
2005-11-15;74,05609
2005-11-16;74,06492
2005-11-17;74,07375
2005-11-18;74,08259
2005-11-19;74,09142
2005-11-20;74,10025
2005-11-21;74,10909
2005-11-22;74,11792
2005-11-23;74,12675
2005-11-24;74,13558
2005-11-25;74,14441
2005-11-26;74,15325
2005-11-27;74,16208
2005-11-28;74,17092
2005-11-29;74,17975
2005-11-30;74,18859
2005-12-01;74,19742
2005-12-02;74,19742
2005-12-03;74,19742
2005-12-04;74,19742
2005-12-05;74,19742
2005-12-06;74,19742
2005-12-07;74,19742
2005-12-08;74,19742
2005-12-09;74,19742
2005-12-10;74,19742
2005-12-11;74,19742
2005-12-12;74,19742
2005-12-13;74,19742
2005-12-14;74,19742
2005-12-15;74,19742
2005-12-16;74,19742
2005-12-17;74,19742
2005-12-18;74,19742
2005-12-19;74,19742
2005-12-20;74,19742
2005-12-21;74,19742
2005-12-22;74,19742
2005-12-23;74,19742
2005-12-24;74,19742
2005-12-25;74,19742
2005-12-26;74,19742
2005-12-27;74,19742
2005-12-28;74,19742
2005-12-29;74,19742
2005-12-30;74,19742
2005-12-31;74,19742
2006-01-01;74,19742
2006-01-02;74,19315
2006-01-03;74,18887
2006-01-04;74,1846
2006-01-05;74,18032
2006-01-06;74,17604
2006-01-07;74,17177
2006-01-08;74,1675
2006-01-09;74,16323
2006-01-10;74,15895
2006-01-11;74,15467
2006-01-12;74,1504
2006-01-13;74,14612
2006-01-14;74,14185
2006-01-15;74,13758
2006-01-16;74,13331
2006-01-17;74,12903
2006-01-18;74,12476
2006-01-19;74,12049
2006-01-20;74,11621
2006-01-21;74,11194
2006-01-22;74,10767
2006-01-23;74,10339
2006-01-24;74,09911
2006-01-25;74,09484
2006-01-26;74,09057
2006-01-27;74,08629
2006-01-28;74,08202
2006-01-29;74,07774
2006-01-30;74,07347
2006-01-31;74,06919
2006-02-01;74,06492
2006-02-02;74,06728
2006-02-03;74,06965
2006-02-04;74,07201
2006-02-05;74,07438
2006-02-06;74,07675
2006-02-07;74,07912
2006-02-08;74,08149
2006-02-09;74,08385
2006-02-10;74,08621
2006-02-11;74,08858
2006-02-12;74,09095
2006-02-13;74,09331
2006-02-14;74,09568
2006-02-15;74,09804
2006-02-16;74,10041
2006-02-17;74,10278
2006-02-18;74,10514
2006-02-19;74,10751
2006-02-20;74,10988
2006-02-21;74,11224
2006-02-22;74,1146
2006-02-23;74,11697
2006-02-24;74,11933
2006-02-25;74,1217
2006-02-26;74,12408
2006-02-27;74,12644
2006-02-28;74,12881
2006-03-01;74,13117
2006-03-02;74,12861
2006-03-03;74,12604
2006-03-04;74,12347
2006-03-05;74,12091
2006-03-06;74,11835
2006-03-07;74,11578
2006-03-08;74,11322
2006-03-09;74,11065
2006-03-10;74,10808
2006-03-11;74,10552
2006-03-12;74,10296
2006-03-13;74,1004
2006-03-14;74,09784
2006-03-15;74,09527
2006-03-16;74,0927
2006-03-17;74,09013
2006-03-18;74,08757
2006-03-19;74,08501
2006-03-20;74,08245
2006-03-21;74,07988
2006-03-22;74,07731
2006-03-23;74,07475
2006-03-24;74,07219
2006-03-25;74,06963
2006-03-26;74,06706
2006-03-27;74,06449
2006-03-28;74,06192
2006-03-29;74,05936
2006-03-30;74,0568
2006-03-31;74,05424
2006-04-01;74,05167
2006-04-02;74,06116
2006-04-03;74,07066
2006-04-04;74,08016
2006-04-05;74,08965
2006-04-06;74,09915
2006-04-07;74,10864
2006-04-08;74,11814
2006-04-09;74,12764
2006-04-10;74,13713
2006-04-11;74,14663
2006-04-12;74,15612
2006-04-13;74,16562
2006-04-14;74,17511
2006-04-15;74,18461
2006-04-16;74,19411
2006-04-17;74,20359
2006-04-18;74,2131
2006-04-19;74,22259
2006-04-20;74,23209
2006-04-21;74,24158
2006-04-22;74,25107
2006-04-23;74,26057
2006-04-24;74,27007
2006-04-25;74,27957
2006-04-26;74,28906
2006-04-27;74,29855
2006-04-28;74,30805
2006-04-29;74,31754
2006-04-30;74,32705
2006-05-01;74,33654
2006-05-02;74,34359
2006-05-03;74,35064
2006-05-04;74,35769
2006-05-05;74,36474
2006-05-06;74,3718
2006-05-07;74,37885
2006-05-08;74,3859
2006-05-09;74,39295
2006-05-10;74,40001
2006-05-11;74,40706
2006-05-12;74,41411
2006-05-13;74,42116
2006-05-14;74,42821
2006-05-15;74,43527
2006-05-16;74,44232
2006-05-17;74,44937
2006-05-18;74,45642
2006-05-19;74,46348
2006-05-20;74,47053
2006-05-21;74,47758
2006-05-22;74,48463
2006-05-23;74,49169
2006-05-24;74,49874
2006-05-25;74,50579
2006-05-26;74,51284
2006-05-27;74,51989
2006-05-28;74,52695
2006-05-29;74,53399
2006-05-30;74,54105
2006-05-31;74,54809
2006-06-01;74,55516
2006-06-02;74,56575
2006-06-03;74,57635
2006-06-04;74,58695
2006-06-05;74,59755
2006-06-06;74,60815
2006-06-07;74,61875
2006-06-08;74,62935
2006-06-09;74,63995
2006-06-10;74,65055
2006-06-11;74,66115
2006-06-12;74,67175
2006-06-13;74,68235
2006-06-14;74,69295
2006-06-15;74,70354
2006-06-16;74,71414
2006-06-17;74,72475
2006-06-18;74,73535
2006-06-19;74,74595
2006-06-20;74,75655
2006-06-21;74,76715
2006-06-22;74,77775
2006-06-23;74,78835
2006-06-24;74,79895
2006-06-25;74,80955
2006-06-26;74,82014
2006-06-27;74,83074
2006-06-28;74,84134
2006-06-29;74,85194
2006-06-30;74,86254
2006-07-01;74,87314
2006-07-02;74,88383
2006-07-03;74,89451
2006-07-04;74,9052
2006-07-05;74,91589
2006-07-06;74,92657
2006-07-07;74,93725
2006-07-08;74,94794
2006-07-09;74,95862
2006-07-10;74,96931
2006-07-11;74,97999
2006-07-12;74,99068
2006-07-13;75,00137
2006-07-14;75,01205
2006-07-15;75,02274
2006-07-16;75,03342
2006-07-17;75,0441
2006-07-18;75,05479
2006-07-19;75,06547
2006-07-20;75,07616
2006-07-21;75,08684
2006-07-22;75,09753
2006-07-23;75,10822
2006-07-24;75,1189
2006-07-25;75,12958
2006-07-26;75,14028
2006-07-27;75,15095
2006-07-28;75,16164
2006-07-29;75,17232
2006-07-30;75,18301
2006-07-31;75,1937
2006-08-01;75,20438
2006-08-02;75,20417
2006-08-03;75,20395
2006-08-04;75,20374
2006-08-05;75,20353
2006-08-06;75,20331
2006-08-07;75,20309
2006-08-08;75,20289
2006-08-09;75,20267
2006-08-10;75,20246
2006-08-11;75,20224
2006-08-12;75,20203
2006-08-13;75,20182
2006-08-14;75,20161
2006-08-15;75,20138
2006-08-16;75,20117
2006-08-17;75,20097
2006-08-18;75,20075
2006-08-19;75,20053
2006-08-20;75,20032
2006-08-21;75,20011
2006-08-22;75,1999
2006-08-23;75,19968
2006-08-24;75,19946
2006-08-25;75,19926
2006-08-26;75,19904
2006-08-27;75,19882
2006-08-28;75,19861
2006-08-29;75,1984
2006-08-30;75,19819
2006-08-31;75,19797
2006-09-01;75,19775
2006-09-02;75,19356
2006-09-03;75,18937
2006-09-04;75,18517
2006-09-05;75,18098
2006-09-06;75,17677
2006-09-07;75,17258
2006-09-08;75,16839
2006-09-09;75,16419
2006-09-10;75,16
2006-09-11;75,1558
2006-09-12;75,1516
2006-09-13;75,14741
2006-09-14;75,14321
2006-09-15;75,13901
2006-09-16;75,13482
2006-09-17;75,13063
2006-09-18;75,12643
2006-09-19;75,12223
2006-09-20;75,11804
2006-09-21;75,11384
2006-09-22;75,10965
2006-09-23;75,10546
2006-09-24;75,10125
2006-09-25;75,09706
2006-09-26;75,09286
2006-09-27;75,08866
2006-09-28;75,08447
2006-09-29;75,08028
2006-09-30;75,07608
2006-10-01;75,07189
2006-10-02;75,08022
2006-10-03;75,08856
2006-10-04;75,09689
2006-10-05;75,10522
2006-10-06;75,11355
2006-10-07;75,12189
2006-10-08;75,13023
2006-10-09;75,13856
2006-10-10;75,1469
2006-10-11;75,15523
2006-10-12;75,16357
2006-10-13;75,1719
2006-10-14;75,18024
2006-10-15;75,18856
2006-10-16;75,1969
2006-10-17;75,20524
2006-10-18;75,21357
2006-10-19;75,22191
2006-10-20;75,23024
2006-10-21;75,23857
2006-10-22;75,2469
2006-10-23;75,25524
2006-10-24;75,26358
2006-10-25;75,27191
2006-10-26;75,28025
2006-10-27;75,28858
2006-10-28;75,29692
2006-10-29;75,30525
2006-10-30;75,31359
2006-10-31;75,32191
2006-11-01;75,33025
2006-11-02;75,32451
2006-11-03;75,31877
2006-11-04;75,31303
2006-11-05;75,30728
2006-11-06;75,30155
2006-11-07;75,2958
2006-11-08;75,29006
2006-11-09;75,28432
2006-11-10;75,27857
2006-11-11;75,27283
2006-11-12;75,2671
2006-11-13;75,26136
2006-11-14;75,25561
2006-11-15;75,24987
2006-11-16;75,24413
2006-11-17;75,23839
2006-11-18;75,23265
2006-11-19;75,22691
2006-11-20;75,22116
2006-11-21;75,21542
2006-11-22;75,20968
2006-11-23;75,20394
2006-11-24;75,1982
2006-11-25;75,19245
2006-11-26;75,18671
2006-11-27;75,18098
2006-11-28;75,17524
2006-11-29;75,16949
2006-11-30;75,16375
2006-12-01;75,15801
2006-12-02;75,15267
2006-12-03;75,14732
2006-12-04;75,14199
2006-12-05;75,13664
2006-12-06;75,13129
2006-12-07;75,12595
2006-12-08;75,12061
2006-12-09;75,11526
2006-12-10;75,10992
2006-12-11;75,10458
2006-12-12;75,09924
2006-12-13;75,0939
2006-12-14;75,08856
2006-12-15;75,08321
2006-12-16;75,07786
2006-12-17;75,07253
2006-12-18;75,06718
2006-12-19;75,06184
2006-12-20;75,0565
2006-12-21;75,05116
2006-12-22;75,04582
2006-12-23;75,04047
2006-12-24;75,03513
2006-12-25;75,02978
2006-12-26;75,02444
2006-12-27;75,0191
2006-12-28;75,01376
2006-12-29;75,00841
2006-12-30;75,00308
2006-12-31;74,99773
2007-01-01;74,99239
2007-01-02;74,99517
2007-01-03;74,99794
2007-01-04;75,00072
2007-01-05;75,00349
2007-01-06;75,00628
2007-01-07;75,00905
2007-01-08;75,01183
2007-01-09;75,01461
2007-01-10;75,01739
2007-01-11;75,02017
2007-01-12;75,02295
2007-01-13;75,02573
2007-01-14;75,02851
2007-01-15;75,03128
2007-01-16;75,03406
2007-01-17;75,03684
2007-01-18;75,03962
2007-01-19;75,04239
2007-01-20;75,04517
2007-01-21;75,04795
2007-01-22;75,05072
2007-01-23;75,05351
2007-01-24;75,05628
2007-01-25;75,05907
2007-01-26;75,06184
2007-01-27;75,06462
2007-01-28;75,0674
2007-01-29;75,07018
2007-01-30;75,07295
2007-01-31;75,07574
2007-02-01;75,07851
2007-02-02;75,08467
2007-02-03;75,09081
2007-02-04;75,09697
2007-02-05;75,10311
2007-02-06;75,10927
2007-02-07;75,11541
2007-02-08;75,12157
2007-02-09;75,12772
2007-02-10;75,13387
2007-02-11;75,14002
2007-02-12;75,14618
2007-02-13;75,15233
2007-02-14;75,15848
2007-02-15;75,16463
2007-02-16;75,17079
2007-02-17;75,17694
2007-02-18;75,18309
2007-02-19;75,18924
2007-02-20;75,19539
2007-02-21;75,20154
2007-02-22;75,20769
2007-02-23;75,21384
2007-02-24;75,21999
2007-02-25;75,22615
2007-02-26;75,2323
2007-02-27;75,23846
2007-02-28;75,2446
2007-03-01;75,25076
2007-03-02;75,24221
2007-03-03;75,23366
2007-03-04;75,22511
2007-03-05;75,21656
2007-03-06;75,20801
2007-03-07;75,19946
2007-03-08;75,19092
2007-03-09;75,18236
2007-03-10;75,17382
2007-03-11;75,16527
2007-03-12;75,15672
2007-03-13;75,14818
2007-03-14;75,13963
2007-03-15;75,13108
2007-03-16;75,12253
2007-03-17;75,11399
2007-03-18;75,10544
2007-03-19;75,09689
2007-03-20;75,08834
2007-03-21;75,07979
2007-03-22;75,07125
2007-03-23;75,0627
2007-03-24;75,05415
2007-03-25;75,0456
2007-03-26;75,03705
2007-03-27;75,02851
2007-03-28;75,01995
2007-03-29;75,01141
2007-03-30;75,00286
2007-03-31;74,99431
2007-04-01;74,98576
2007-04-02;74,99062
2007-04-03;74,99548
2007-04-04;75,00034
2007-04-05;75,0052
2007-04-06;75,01005
2007-04-07;75,01491
2007-04-08;75,01977
2007-04-09;75,02463
2007-04-10;75,02948
2007-04-11;75,03434
2007-04-12;75,03921
2007-04-13;75,04406
2007-04-14;75,04892
2007-04-15;75,05378
2007-04-16;75,05864
2007-04-17;75,06349
2007-04-18;75,06835
2007-04-19;75,07321
2007-04-20;75,07807
2007-04-21;75,08293
2007-04-22;75,08779
2007-04-23;75,09264
2007-04-24;75,0975
2007-04-25;75,10236
2007-04-26;75,10722
2007-04-27;75,11207
2007-04-28;75,11693
2007-04-29;75,12179
2007-04-30;75,12665
2007-05-01;75,13151
2007-05-02;75,14199
2007-05-03;75,15245
2007-05-04;75,16293
2007-05-05;75,1734
2007-05-06;75,18387
2007-05-07;75,19434
2007-05-08;75,20481
2007-05-09;75,21528
2007-05-10;75,22575
2007-05-11;75,23622
2007-05-12;75,24669
2007-05-13;75,25717
2007-05-14;75,26763
2007-05-15;75,27811
2007-05-16;75,28858
2007-05-17;75,29905
2007-05-18;75,30952
2007-05-19;75,31999
2007-05-20;75,33046
2007-05-21;75,34093
2007-05-22;75,35141
2007-05-23;75,36187
2007-05-24;75,37235
2007-05-25;75,38282
2007-05-26;75,3933
2007-05-27;75,40377
2007-05-28;75,41424
2007-05-29;75,42471
2007-05-30;75,43518
2007-05-31;75,44565
2007-06-01;75,45612
2007-06-02;75,46849
2007-06-03;75,48085
2007-06-04;75,49322
2007-06-05;75,50559
2007-06-06;75,51795
2007-06-07;75,53032
2007-06-08;75,54269
2007-06-09;75,55505
2007-06-10;75,56742
2007-06-11;75,57978
2007-06-12;75,59214
2007-06-13;75,60451
2007-06-14;75,61688
2007-06-15;75,62925
2007-06-16;75,64162
2007-06-17;75,65399
2007-06-18;75,66635
2007-06-19;75,67872
2007-06-20;75,69109
2007-06-21;75,70345
2007-06-22;75,71581
2007-06-23;75,72818
2007-06-24;75,74054
2007-06-25;75,75291
2007-06-26;75,76528
2007-06-27;75,77764
2007-06-28;75,79001
2007-06-29;75,80238
2007-06-30;75,81474
2007-07-01;75,82711
2007-07-02;75,83331
2007-07-03;75,83951
2007-07-04;75,8457
2007-07-05;75,8519
2007-07-06;75,85809
2007-07-07;75,8643
2007-07-08;75,87049
2007-07-09;75,87669
2007-07-10;75,88288
2007-07-11;75,88908
2007-07-12;75,89527
2007-07-13;75,90148
2007-07-14;75,90768
2007-07-15;75,91388
2007-07-16;75,92007
2007-07-17;75,92627
2007-07-18;75,93246
2007-07-19;75,93866
2007-07-20;75,94486
2007-07-21;75,95106
2007-07-22;75,95725
2007-07-23;75,96345
2007-07-24;75,96964
2007-07-25;75,97585
2007-07-26;75,98205
2007-07-27;75,98824
2007-07-28;75,99444
2007-07-29;76,00064
2007-07-30;76,00683
2007-07-31;76,01303
2007-08-01;76,01923
2007-08-02;76,02243
2007-08-03;76,02564
2007-08-04;76,02885
2007-08-05;76,03205
2007-08-06;76,03525
2007-08-07;76,03846
2007-08-08;76,04167
2007-08-09;76,04487
2007-08-10;76,04808
2007-08-11;76,05128
2007-08-12;76,05449
2007-08-13;76,05769
2007-08-14;76,0609
2007-08-15;76,0641
2007-08-16;76,06731
2007-08-17;76,07051
2007-08-18;76,07373
2007-08-19;76,07693
2007-08-20;76,08014
2007-08-21;76,08333
2007-08-22;76,08655
2007-08-23;76,08975
2007-08-24;76,09295
2007-08-25;76,09616
2007-08-26;76,09936
2007-08-27;76,10258
2007-08-28;76,10578
2007-08-29;76,10898
2007-08-30;76,11218
2007-08-31;76,11539
2007-09-01;76,1186
2007-09-02;76,11198
2007-09-03;76,10535
2007-09-04;76,09872
2007-09-05;76,0921
2007-09-06;76,08548
2007-09-07;76,07885
2007-09-08;76,07222
2007-09-09;76,0656
2007-09-10;76,05898
2007-09-11;76,05235
2007-09-12;76,04573
2007-09-13;76,0391
2007-09-14;76,03248
2007-09-15;76,02585
2007-09-16;76,01923
2007-09-17;76,0126
2007-09-18;76,00597
2007-09-19;75,99936
2007-09-20;75,99273
2007-09-21;75,9861
2007-09-22;75,97948
2007-09-23;75,97286
2007-09-24;75,96623
2007-09-25;75,9596
2007-09-26;75,95298
2007-09-27;75,94635
2007-09-28;75,93973
2007-09-29;75,93311
2007-09-30;75,92648
2007-10-01;75,91985
2007-10-02;75,92777
2007-10-03;75,93567
2007-10-04;75,94358
2007-10-05;75,95148
2007-10-06;75,9594
2007-10-07;75,9673
2007-10-08;75,9752
2007-10-09;75,98311
2007-10-10;75,99102
2007-10-11;75,99892
2007-10-12;76,00683
2007-10-13;76,01475
2007-10-14;76,02265
2007-10-15;76,03055
2007-10-16;76,03846
2007-10-17;76,04637
2007-10-18;76,05427
2007-10-19;76,06218
2007-10-20;76,07009
2007-10-21;76,078
2007-10-22;76,0859
2007-10-23;76,09381
2007-10-24;76,10172
2007-10-25;76,10962
2007-10-26;76,11753
2007-10-27;76,12544
2007-10-28;76,13335
2007-10-29;76,14125
2007-10-30;76,14916
2007-10-31;76,15706
2007-11-01;76,16497
2007-11-02;76,1674
2007-11-03;76,16983
2007-11-04;76,17226
2007-11-05;76,17469
2007-11-06;76,17711
2007-11-07;76,17954
2007-11-08;76,18198
2007-11-09;76,1844
2007-11-10;76,18684
2007-11-11;76,18927
2007-11-12;76,19169
2007-11-13;76,19412
2007-11-14;76,19655
2007-11-15;76,19898
2007-11-16;76,20141
2007-11-17;76,20384
2007-11-18;76,20627
2007-11-19;76,2087
2007-11-20;76,21112
2007-11-21;76,21355
2007-11-22;76,21598
2007-11-23;76,21842
2007-11-24;76,22084
2007-11-25;76,22327
2007-11-26;76,2257
2007-11-27;76,22812
2007-11-28;76,23056
2007-11-29;76,23299
2007-11-30;76,23541
2007-12-01;76,23785
2007-12-02;76,24404
2007-12-03;76,25024
2007-12-04;76,25643
2007-12-05;76,26263
2007-12-06;76,26883
2007-12-07;76,27503
2007-12-08;76,28122
2007-12-09;76,28742
2007-12-10;76,29362
2007-12-11;76,29982
2007-12-12;76,30602
2007-12-13;76,31222
2007-12-14;76,31841
2007-12-15;76,32461
2007-12-16;76,3308
2007-12-17;76,337
2007-12-18;76,3432
2007-12-19;76,3494
2007-12-20;76,35559
2007-12-21;76,36179
2007-12-22;76,36799
2007-12-23;76,37419
2007-12-24;76,38039
2007-12-25;76,38659
2007-12-26;76,39278
2007-12-27;76,39898
2007-12-28;76,40517
2007-12-29;76,41137
2007-12-30;76,41757
2007-12-31;76,42377
2008-01-01;76,42996
2008-01-02;76,44386
2008-01-03;76,45774
2008-01-04;76,47163
2008-01-05;76,48553
2008-01-06;76,49941
2008-01-07;76,51331
2008-01-08;76,5272
2008-01-09;76,54109
2008-01-10;76,55498
2008-01-11;76,56887
2008-01-12;76,58276
2008-01-13;76,59665
2008-01-14;76,61054
2008-01-15;76,62444
2008-01-16;76,63832
2008-01-17;76,65221
2008-01-18;76,66611
2008-01-19;76,67999
2008-01-20;76,69389
2008-01-21;76,70777
2008-01-22;76,72167
2008-01-23;76,73556
2008-01-24;76,74945
2008-01-25;76,76334
2008-01-26;76,77722
2008-01-27;76,79112
2008-01-28;76,80502
2008-01-29;76,8189
2008-01-30;76,83279
2008-01-31;76,84668
2008-02-01;76,86057
2008-02-02;76,87062
2008-02-03;76,88067
2008-02-04;76,89073
2008-02-05;76,90078
2008-02-06;76,91083
2008-02-07;76,92088
2008-02-08;76,93094
2008-02-09;76,94099
2008-02-10;76,95103
2008-02-11;76,96108
2008-02-12;76,97114
2008-02-13;76,98119
2008-02-14;76,99124
2008-02-15;77,00129
2008-02-16;77,01135
2008-02-17;77,0214
2008-02-18;77,03145
2008-02-19;77,0415
2008-02-20;77,05155
2008-02-21;77,0616
2008-02-22;77,07165
2008-02-23;77,08171
2008-02-24;77,09175
2008-02-25;77,10181
2008-02-26;77,11186
2008-02-27;77,12191
2008-02-28;77,13196
2008-02-29;77,14201
2008-03-01;77,15206
2008-03-02;77,14906
2008-03-03;77,14608
2008-03-04;77,14309
2008-03-05;77,1401
2008-03-06;77,13711
2008-03-07;77,13411
2008-03-08;77,13112
2008-03-09;77,12813
2008-03-10;77,12514
2008-03-11;77,12215
2008-03-12;77,11915
2008-03-13;77,11617
2008-03-14;77,11317
2008-03-15;77,11017
2008-03-16;77,10719
2008-03-17;77,10419
2008-03-18;77,1012
2008-03-19;77,09821
2008-03-20;77,09522
2008-03-21;77,09223
2008-03-22;77,08923
2008-03-23;77,08625
2008-03-24;77,08325
2008-03-25;77,08025
2008-03-26;77,07727
2008-03-27;77,07428
2008-03-28;77,07128
2008-03-29;77,06829
2008-03-30;77,0653
2008-03-31;77,06231
2008-04-01;77,05931
2008-04-02;77,06484
2008-04-03;77,07036
2008-04-04;77,07588
2008-04-05;77,0814
2008-04-06;77,08692
2008-04-07;77,09244
2008-04-08;77,09795
2008-04-09;77,10348
2008-04-10;77,109
2008-04-11;77,11452
2008-04-12;77,12005
2008-04-13;77,12556
2008-04-14;77,13108
2008-04-15;77,1366
2008-04-16;77,14213
2008-04-17;77,14765
2008-04-18;77,15317
2008-04-19;77,15869
2008-04-20;77,1642
2008-04-21;77,16973
2008-04-22;77,17525
2008-04-23;77,18077
2008-04-24;77,1863
2008-04-25;77,19181
2008-04-26;77,19733
2008-04-27;77,20285
2008-04-28;77,20837
2008-04-29;77,2139
2008-04-30;77,21942
2008-05-01;77,22494
2008-05-02;77,24396
2008-05-03;77,26298
2008-05-04;77,282
2008-05-05;77,30102
2008-05-06;77,32004
2008-05-07;77,33905
2008-05-08;77,35807
2008-05-09;77,37709
2008-05-10;77,39611
2008-05-11;77,41513
2008-05-12;77,43415
2008-05-13;77,45317
2008-05-14;77,47219
2008-05-15;77,49121
2008-05-16;77,51023
2008-05-17;77,52924
2008-05-18;77,54826
2008-05-19;77,56728
2008-05-20;77,5863
2008-05-21;77,60532
2008-05-22;77,62434
2008-05-23;77,64336
2008-05-24;77,66239
2008-05-25;77,68141
2008-05-26;77,70043
2008-05-27;77,71944
2008-05-28;77,73846
2008-05-29;77,75748
2008-05-30;77,7765
2008-05-31;77,79552
2008-06-01;77,81454
2008-06-02;77,82337
2008-06-03;77,83221
2008-06-04;77,84104
2008-06-05;77,84987
2008-06-06;77,8587
2008-06-07;77,86753
2008-06-08;77,87637
2008-06-09;77,8852
2008-06-10;77,89404
2008-06-11;77,90287
2008-06-12;77,91171
2008-06-13;77,92054
2008-06-14;77,92937
2008-06-15;77,93821
2008-06-16;77,94704
2008-06-17;77,95587
2008-06-18;77,96471
2008-06-19;77,97354
2008-06-20;77,98237
2008-06-21;77,9912
2008-06-22;78,00003
2008-06-23;78,00886
2008-06-24;78,0177
2008-06-25;78,02653
2008-06-26;78,03536
2008-06-27;78,0442
2008-06-28;78,05303
2008-06-29;78,06186
2008-06-30;78,0707
2008-07-01;78,07953
2008-07-02;78,09321
2008-07-03;78,10689
2008-07-04;78,12056
2008-07-05;78,13423
2008-07-06;78,14792
2008-07-07;78,16159
2008-07-08;78,17527
2008-07-09;78,18894
2008-07-10;78,20263
2008-07-11;78,2163
2008-07-12;78,22998
2008-07-13;78,24365
2008-07-14;78,25734
2008-07-15;78,27101
2008-07-16;78,28469
2008-07-17;78,29836
2008-07-18;78,31204
2008-07-19;78,32571
2008-07-20;78,33939
2008-07-21;78,35306
2008-07-22;78,36675
2008-07-23;78,38042
2008-07-24;78,3941
2008-07-25;78,40778
2008-07-26;78,42146
2008-07-27;78,43513
2008-07-28;78,44881
2008-07-29;78,46249
2008-07-30;78,47616
2008-07-31;78,48984
2008-08-01;78,50351
2008-08-02;78,51314
2008-08-03;78,52275
2008-08-04;78,53237
2008-08-05;78,54198
2008-08-06;78,55159
2008-08-07;78,56122
2008-08-08;78,57083
2008-08-09;78,58045
2008-08-10;78,59007
2008-08-11;78,59968
2008-08-12;78,6093
2008-08-13;78,61891
2008-08-14;78,62854
2008-08-15;78,63815
2008-08-16;78,64776
2008-08-17;78,65739
2008-08-18;78,66699
2008-08-19;78,67662
2008-08-20;78,68623
2008-08-21;78,69584
2008-08-22;78,70547
2008-08-23;78,71508
2008-08-24;78,7247
2008-08-25;78,73432
2008-08-26;78,74392
2008-08-27;78,75355
2008-08-28;78,76317
2008-08-29;78,77278
2008-08-30;78,7824
2008-08-31;78,79201
2008-09-01;78,80163
2008-09-02;78,79589
2008-09-03;78,79015
2008-09-04;78,7844
2008-09-05;78,77866
2008-09-06;78,77293
2008-09-07;78,76718
2008-09-08;78,76143
2008-09-09;78,7557
2008-09-10;78,74996
2008-09-11;78,74422
2008-09-12;78,73848
2008-09-13;78,73273
2008-09-14;78,72699
2008-09-15;78,72125
2008-09-16;78,71551
2008-09-17;78,70977
2008-09-18;78,70403
2008-09-19;78,69828
2008-09-20;78,69254
2008-09-21;78,68681
2008-09-22;78,68106
2008-09-23;78,67531
2008-09-24;78,66958
2008-09-25;78,66384
2008-09-26;78,65809
2008-09-27;78,65235
2008-09-28;78,64661
2008-09-29;78,64087
2008-09-30;78,63513
2008-10-01;78,62939
2008-10-02;78,62832
2008-10-03;78,62725
2008-10-04;78,62618
2008-10-05;78,62511
2008-10-06;78,62405
2008-10-07;78,62298
2008-10-08;78,62191
2008-10-09;78,62084
2008-10-10;78,61976
2008-10-11;78,6187
2008-10-12;78,61764
2008-10-13;78,61657
2008-10-14;78,61549
2008-10-15;78,61443
2008-10-16;78,61336
2008-10-17;78,61229
2008-10-18;78,61122
2008-10-19;78,61016
2008-10-20;78,60908
2008-10-21;78,60801
2008-10-22;78,60694
2008-10-23;78,60588
2008-10-24;78,60481
2008-10-25;78,60374
2008-10-26;78,60268
2008-10-27;78,6016
2008-10-28;78,60053
2008-10-29;78,59947
2008-10-30;78,59841
2008-10-31;78,59733
2008-11-01;78,59626
2008-11-02;78,59449
2008-11-03;78,59273
2008-11-04;78,59096
2008-11-05;78,58919
2008-11-06;78,58743
2008-11-07;78,58566
2008-11-08;78,58389
2008-11-09;78,58213
2008-11-10;78,58036
2008-11-11;78,57859
2008-11-12;78,57683
2008-11-13;78,57506
2008-11-14;78,57329
2008-11-15;78,57153
2008-11-16;78,56976
2008-11-17;78,56799
2008-11-18;78,56623
2008-11-19;78,56446
2008-11-20;78,56269
2008-11-21;78,56093
2008-11-22;78,55916
2008-11-23;78,5574
2008-11-24;78,55563
2008-11-25;78,55386
2008-11-26;78,5521
2008-11-27;78,55033
2008-11-28;78,54857
2008-11-29;78,5468
2008-11-30;78,54503
2008-12-01;78,54327
2008-12-02;78,54176
2008-12-03;78,54027
2008-12-04;78,53878
2008-12-05;78,53728
2008-12-06;78,53579
2008-12-07;78,53429
2008-12-08;78,53279
2008-12-09;78,5313
2008-12-10;78,5298
2008-12-11;78,52831
2008-12-12;78,52681
2008-12-13;78,52531
2008-12-14;78,52382
2008-12-15;78,52233
2008-12-16;78,52082
2008-12-17;78,51933
2008-12-18;78,51784
2008-12-19;78,51633
2008-12-20;78,51485
2008-12-21;78,51335
2008-12-22;78,51185
2008-12-23;78,51035
2008-12-24;78,50886
2008-12-25;78,50736
2008-12-26;78,50587
2008-12-27;78,50437
2008-12-28;78,50287
2008-12-29;78,50138
2008-12-30;78,49988
2008-12-31;78,49839
2009-01-01;78,49689
2009-01-02;78,48471
2009-01-03;78,47253
2009-01-04;78,46035
2009-01-05;78,44816
2009-01-06;78,43598
2009-01-07;78,4238
2009-01-08;78,41163
2009-01-09;78,39944
2009-01-10;78,38726
2009-01-11;78,37508
2009-01-12;78,36289
2009-01-13;78,35072
2009-01-14;78,33854
2009-01-15;78,32636
2009-01-16;78,31417
2009-01-17;78,302
2009-01-18;78,28981
2009-01-19;78,27763
2009-01-20;78,26546
2009-01-21;78,25327
2009-01-22;78,24109
2009-01-23;78,2289
2009-01-24;78,21673
2009-01-25;78,20455
2009-01-26;78,19236
2009-01-27;78,18019
2009-01-28;78,168
2009-01-29;78,15583
2009-01-30;78,14364
2009-01-31;78,13146
2009-02-01;78,11928
2009-02-02;78,11242
2009-02-03;78,10556
2009-02-04;78,0987
2009-02-05;78,09183
2009-02-06;78,08497
2009-02-07;78,07811
2009-02-08;78,07125
2009-02-09;78,06439
2009-02-10;78,05753
2009-02-11;78,05067
2009-02-12;78,0438
2009-02-13;78,03694
2009-02-14;78,03009
2009-02-15;78,02322
2009-02-16;78,01636
2009-02-17;78,0095
2009-02-18;78,00264
2009-02-19;77,99578
2009-02-20;77,98891
2009-02-21;77,98206
2009-02-22;77,97519
2009-02-23;77,96833
2009-02-24;77,96147
2009-02-25;77,95461
2009-02-26;77,94775
2009-02-27;77,94088
2009-02-28;77,93403
2009-03-01;77,92716
2009-03-02;77,91647
2009-03-03;77,90579
2009-03-04;77,8951
2009-03-05;77,88442
2009-03-06;77,87374
2009-03-07;77,86305
2009-03-08;77,85237
2009-03-09;77,84168
2009-03-10;77,831
2009-03-11;77,82031
2009-03-12;77,80962
2009-03-13;77,79894
2009-03-14;77,78825
2009-03-15;77,77757
2009-03-16;77,76688
2009-03-17;77,7562
2009-03-18;77,74552
2009-03-19;77,73483
2009-03-20;77,72414
2009-03-21;77,71346
2009-03-22;77,70277
2009-03-23;77,69209
2009-03-24;77,68141
2009-03-25;77,67071
2009-03-26;77,66003
2009-03-27;77,64935
2009-03-28;77,63867
2009-03-29;77,62798
2009-03-30;77,61729
2009-03-31;77,60661
2009-04-01;77,59592
2009-04-02;77,60608
2009-04-03;77,61624
2009-04-04;77,6264
2009-04-05;77,63655
2009-04-06;77,64671
2009-04-07;77,65687
2009-04-08;77,66703
2009-04-09;77,67719
2009-04-10;77,68735
2009-04-11;77,6975
2009-04-12;77,70766
2009-04-13;77,71782
2009-04-14;77,72798
2009-04-15;77,73814
2009-04-16;77,74829
2009-04-17;77,75845
2009-04-18;77,76861
2009-04-19;77,77877
2009-04-20;77,78893
2009-04-21;77,79908
2009-04-22;77,80924
2009-04-23;77,8194
2009-04-24;77,82956
2009-04-25;77,83972
2009-04-26;77,84987
2009-04-27;77,86003
2009-04-28;77,87019
2009-04-29;77,88035
2009-04-30;77,8905
2009-05-01;77,90066
2009-05-02;77,90537
2009-05-03;77,91007
2009-05-04;77,91476
2009-05-05;77,91947
2009-05-06;77,92417
2009-05-07;77,92887
2009-05-08;77,93358
2009-05-09;77,93827
2009-05-10;77,94297
2009-05-11;77,94768
2009-05-12;77,95238
2009-05-13;77,95708
2009-05-14;77,96178
2009-05-15;77,96648
2009-05-16;77,97118
2009-05-17;77,97589
2009-05-18;77,98059
2009-05-19;77,98529
2009-05-20;77,98999
2009-05-21;77,99469
2009-05-22;77,99939
2009-05-23;78,0041
2009-05-24;78,0088
2009-05-25;78,0135
2009-05-26;78,0182
2009-05-27;78,0229
2009-05-28;78,0276
2009-05-29;78,0323
2009-05-30;78,03701
2009-05-31;78,0417
2009-06-01;78,0464
2009-06-02;78,0506
2009-06-03;78,0548
2009-06-04;78,059
2009-06-05;78,06319
2009-06-06;78,06738
2009-06-07;78,07158
2009-06-08;78,07577
2009-06-09;78,07998
2009-06-10;78,08417
2009-06-11;78,08836
2009-06-12;78,09256
2009-06-13;78,09675
2009-06-14;78,10095
2009-06-15;78,10515
2009-06-16;78,10934
2009-06-17;78,11354
2009-06-18;78,11774
2009-06-19;78,12193
2009-06-20;78,12612
2009-06-21;78,13032
2009-06-22;78,13452
2009-06-23;78,13871
2009-06-24;78,14291
2009-06-25;78,1471
2009-06-26;78,15129
2009-06-27;78,1555
2009-06-28;78,15969
2009-06-29;78,16389
2009-06-30;78,16809
2009-07-01;78,17228
2009-07-02;78,17612
2009-07-03;78,17997
2009-07-04;78,18382
2009-07-05;78,18767
2009-07-06;78,19151
2009-07-07;78,19536
2009-07-08;78,19921
2009-07-09;78,20305
2009-07-10;78,2069
2009-07-11;78,21074
2009-07-12;78,21459
2009-07-13;78,21844
2009-07-14;78,22228
2009-07-15;78,22613
2009-07-16;78,22998
2009-07-17;78,23382
2009-07-18;78,23767
2009-07-19;78,24152
2009-07-20;78,24536
2009-07-21;78,24921
2009-07-22;78,25306
2009-07-23;78,2569
2009-07-24;78,26075
2009-07-25;78,2646
2009-07-26;78,26844
2009-07-27;78,27229
2009-07-28;78,27613
2009-07-29;78,27999
2009-07-30;78,28383
2009-07-31;78,28767
2009-08-01;78,29152
2009-08-02;78,29473
2009-08-03;78,29794
2009-08-04;78,30114
2009-08-05;78,30434
2009-08-06;78,30755
2009-08-07;78,31076
2009-08-08;78,31396
2009-08-09;78,31717
2009-08-10;78,32037
2009-08-11;78,32358
2009-08-12;78,32679
2009-08-13;78,32999
2009-08-14;78,33319
2009-08-15;78,3364
2009-08-16;78,33961
2009-08-17;78,34281
2009-08-18;78,34602
2009-08-19;78,34922
2009-08-20;78,35243
2009-08-21;78,35563
2009-08-22;78,35884
2009-08-23;78,36204
2009-08-24;78,36525
2009-08-25;78,36845
2009-08-26;78,37167
2009-08-27;78,37487
2009-08-28;78,37808
2009-08-29;78,38127
2009-08-30;78,38449
2009-08-31;78,38769
2009-09-01;78,3909
2009-09-02;78,37919
2009-09-03;78,36749
2009-09-04;78,35578
2009-09-05;78,34407
2009-09-06;78,33238
2009-09-07;78,32067
2009-09-08;78,30896
2009-09-09;78,29726
2009-09-10;78,28556
2009-09-11;78,27385
2009-09-12;78,26215
2009-09-13;78,25045
2009-09-14;78,23874
2009-09-15;78,22704
2009-09-16;78,21534
2009-09-17;78,20363
2009-09-18;78,19193
2009-09-19;78,18023
2009-09-20;78,16852
2009-09-21;78,15682
2009-09-22;78,14512
2009-09-23;78,13341
2009-09-24;78,12171
2009-09-25;78,11001
2009-09-26;78,0983
2009-09-27;78,0866
2009-09-28;78,0749
2009-09-29;78,06319
2009-09-30;78,05149
2009-10-01;78,03978
2009-10-02;78,05282
2009-10-03;78,06585
2009-10-04;78,07889
2009-10-05;78,09193
2009-10-06;78,10497
2009-10-07;78,11799
2009-10-08;78,13103
2009-10-09;78,14407
2009-10-10;78,15711
2009-10-11;78,17014
2009-10-12;78,18318
2009-10-13;78,19621
2009-10-14;78,20925
2009-10-15;78,22228
2009-10-16;78,23532
2009-10-17;78,24836
2009-10-18;78,26139
2009-10-19;78,27443
2009-10-20;78,28746
2009-10-21;78,3005
2009-10-22;78,31354
2009-10-23;78,32657
2009-10-24;78,33961
2009-10-25;78,35265
2009-10-26;78,36568
2009-10-27;78,37871
2009-10-28;78,39175
2009-10-29;78,40479
2009-10-30;78,41783
2009-10-31;78,43086
2009-11-01;78,44389
2009-11-02;78,43749
2009-11-03;78,43109
2009-11-04;78,42468
2009-11-05;78,41828
2009-11-06;78,41188
2009-11-07;78,40547
2009-11-08;78,39907
2009-11-09;78,39266
2009-11-10;78,38625
2009-11-11;78,37985
2009-11-12;78,37345
2009-11-13;78,36704
2009-11-14;78,36064
2009-11-15;78,35424
2009-11-16;78,34783
2009-11-17;78,34143
2009-11-18;78,33503
2009-11-19;78,32862
2009-11-20;78,32222
2009-11-21;78,31582
2009-11-22;78,30941
2009-11-23;78,303
2009-11-24;78,2966
2009-11-25;78,2902
2009-11-26;78,28379
2009-11-27;78,27739
2009-11-28;78,27099
2009-11-29;78,26458
2009-11-30;78,25818
2009-12-01;78,25178
2009-12-02;78,25412
2009-12-03;78,25648
2009-12-04;78,25883
2009-12-05;78,26118
2009-12-06;78,26353
2009-12-07;78,26588
2009-12-08;78,26823
2009-12-09;78,27058
2009-12-10;78,27293
2009-12-11;78,27528
2009-12-12;78,27763
2009-12-13;78,27999
2009-12-14;78,28233
2009-12-15;78,28469
2009-12-16;78,28704
2009-12-17;78,28938
2009-12-18;78,29174
2009-12-19;78,29408
2009-12-20;78,29644
2009-12-21;78,29879
2009-12-22;78,30114
2009-12-23;78,30349
2009-12-24;78,30584
2009-12-25;78,30819
2009-12-26;78,31054
2009-12-27;78,31289
2009-12-28;78,31525
2009-12-29;78,31759
2009-12-30;78,31995
2009-12-31;78,32229
2010-01-01;78,32465
2010-01-02;78,32636
2010-01-03;78,32807
2010-01-04;78,32978
2010-01-05;78,33148
2010-01-06;78,33319
2010-01-07;78,3349
2010-01-08;78,33661
2010-01-09;78,33832
2010-01-10;78,34004
2010-01-11;78,34175
2010-01-12;78,34346
2010-01-13;78,34517
2010-01-14;78,34687
2010-01-15;78,34858
2010-01-16;78,35029
2010-01-17;78,352
2010-01-18;78,35371
2010-01-19;78,35542
2010-01-20;78,35713
2010-01-21;78,35884
2010-01-22;78,36055
2010-01-23;78,36225
2010-01-24;78,36396
2010-01-25;78,36568
2010-01-26;78,36739
2010-01-27;78,3691
2010-01-28;78,37081
2010-01-29;78,37252
2010-01-30;78,37423
2010-01-31;78,37594
2010-02-01;78,37764
2010-02-02;78,38451
2010-02-03;78,39136
2010-02-04;78,39823
2010-02-05;78,40509
2010-02-06;78,41195
2010-02-07;78,41881
2010-02-08;78,42567
2010-02-09;78,43254
2010-02-10;78,43939
2010-02-11;78,44626
2010-02-12;78,45312
2010-02-13;78,45998
2010-02-14;78,46684
2010-02-15;78,4737
2010-02-16;78,48057
2010-02-17;78,48742
2010-02-18;78,49428
2010-02-19;78,50115
2010-02-20;78,50801
2010-02-21;78,51487
2010-02-22;78,52173
2010-02-23;78,52859
2010-02-24;78,53545
2010-02-25;78,54231
2010-02-26;78,54918
2010-02-27;78,55604
2010-02-28;78,5629
2010-03-01;78,56976
2010-03-02;78,56378
2010-03-03;78,5578
2010-03-04;78,55181
2010-03-05;78,54583
2010-03-06;78,53984
2010-03-07;78,53387
2010-03-08;78,52788
2010-03-09;78,52189
2010-03-10;78,51591
2010-03-11;78,50993
2010-03-12;78,50395
2010-03-13;78,49796
2010-03-14;78,49197
2010-03-15;78,486
2010-03-16;78,48001
2010-03-17;78,47402
2010-03-18;78,46804
2010-03-19;78,46206
2010-03-20;78,45608
2010-03-21;78,45008
2010-03-22;78,44411
2010-03-23;78,43812
2010-03-24;78,43214
2010-03-25;78,42616
2010-03-26;78,42017
2010-03-27;78,41419
2010-03-28;78,4082
2010-03-29;78,40222
2010-03-30;78,39624
2010-03-31;78,39025
2010-04-01;78,38427
2010-04-02;78,39907
2010-04-03;78,41386
2010-04-04;78,42866
2010-04-05;78,44345
2010-04-06;78,45825
2010-04-07;78,47304
2010-04-08;78,48783
2010-04-09;78,50264
2010-04-10;78,51743
2010-04-11;78,53222
2010-04-12;78,54702
2010-04-13;78,56181
2010-04-14;78,57661
2010-04-15;78,5914
2010-04-16;78,6062
2010-04-17;78,62099
2010-04-18;78,6358
2010-04-19;78,65058
2010-04-20;78,66538
2010-04-21;78,68018
2010-04-22;78,69497
2010-04-23;78,70977
2010-04-24;78,72456
2010-04-25;78,73936
2010-04-26;78,75415
2010-04-27;78,76895
2010-04-28;78,78374
2010-04-29;78,79854
2010-04-30;78,81334
2010-05-01;78,82813
2010-05-02;78,84074
2010-05-03;78,85335
2010-05-04;78,86596
2010-05-05;78,87856
2010-05-06;78,89117
2010-05-07;78,90378
2010-05-08;78,91639
2010-05-09;78,92899
2010-05-10;78,9416
2010-05-11;78,95422
2010-05-12;78,96682
2010-05-13;78,97944
2010-05-14;78,99204
2010-05-15;79,00465
2010-05-16;79,01725
2010-05-17;79,02987
2010-05-18;79,04247
2010-05-19;79,05508
2010-05-20;79,06769
2010-05-21;79,0803
2010-05-22;79,09291
2010-05-23;79,10552
2010-05-24;79,11812
2010-05-25;79,13073
2010-05-26;79,14334
2010-05-27;79,15595
2010-05-28;79,16855
2010-05-29;79,18116
2010-05-30;79,19378
2010-05-31;79,20639
2010-06-01;79,21899
2010-06-02;79,22606
2010-06-03;79,23313
2010-06-04;79,24019
2010-06-05;79,24726
2010-06-06;79,25432
2010-06-07;79,26139
2010-06-08;79,26846
2010-06-09;79,27552
2010-06-10;79,28259
2010-06-11;79,28966
2010-06-12;79,29672
2010-06-13;79,30379
2010-06-14;79,31086
2010-06-15;79,31792
2010-06-16;79,32499
2010-06-17;79,33206
2010-06-18;79,33912
2010-06-19;79,34619
2010-06-20;79,35326
2010-06-21;79,36032
2010-06-22;79,36739
2010-06-23;79,37445
2010-06-24;79,38152
2010-06-25;79,38858
2010-06-26;79,39565
2010-06-27;79,40271
2010-06-28;79,40978
2010-06-29;79,41685
2010-06-30;79,42391
2010-07-01;79,43098
2010-07-02;79,43398
2010-07-03;79,43697
2010-07-04;79,43996
2010-07-05;79,44295
2010-07-06;79,44595
2010-07-07;79,44893
2010-07-08;79,45192
2010-07-09;79,45492
2010-07-10;79,45791
2010-07-11;79,4609
2010-07-12;79,4639
2010-07-13;79,46688
2010-07-14;79,46988
2010-07-15;79,47287
2010-07-16;79,47586
2010-07-17;79,47885
2010-07-18;79,48184
2010-07-19;79,48484
2010-07-20;79,48783
2010-07-21;79,49082
2010-07-22;79,49382
2010-07-23;79,4968
2010-07-24;79,49979
2010-07-25;79,50279
2010-07-26;79,50578
2010-07-27;79,50877
2010-07-28;79,51177
2010-07-29;79,51476
2010-07-30;79,51774
2010-07-31;79,52073
2010-08-01;79,52373
2010-08-02;79,5233
2010-08-03;79,52288
2010-08-04;79,52244
2010-08-05;79,52202
2010-08-06;79,52159
2010-08-07;79,52117
2010-08-08;79,52073
2010-08-09;79,52032
2010-08-10;79,51988
2010-08-11;79,51946
2010-08-12;79,51903
2010-08-13;79,5186
2010-08-14;79,51817
2010-08-15;79,51774
2010-08-16;79,51732
2010-08-17;79,51689
2010-08-18;79,51646
2010-08-19;79,51604
2010-08-20;79,51561
2010-08-21;79,51518
2010-08-22;79,51476
2010-08-23;79,51433
2010-08-24;79,5139
2010-08-25;79,51347
2010-08-26;79,51305
2010-08-27;79,51262
2010-08-28;79,51219
2010-08-29;79,51177
2010-08-30;79,51133
2010-08-31;79,51091
2010-09-01;79,51048
2010-09-02;79,50297
2010-09-03;79,49546
2010-09-04;79,48796
2010-09-05;79,48045
2010-09-06;79,47294
2010-09-07;79,46543
2010-09-08;79,45793
2010-09-09;79,45041
2010-09-10;79,44291
2010-09-11;79,4354
2010-09-12;79,42789
2010-09-13;79,42038
2010-09-14;79,41288
2010-09-15;79,40537
2010-09-16;79,39786
2010-09-17;79,39035
2010-09-18;79,38284
2010-09-19;79,37534
2010-09-20;79,36783
2010-09-21;79,36032
2010-09-22;79,35281
2010-09-23;79,3453
2010-09-24;79,33779
2010-09-25;79,33029
2010-09-26;79,32279
2010-09-27;79,31527
2010-09-28;79,30776
2010-09-29;79,30026
2010-09-30;79,29275
2010-10-01;79,28524
2010-10-02;79,29143
2010-10-03;79,29763
2010-10-04;79,30383
2010-10-05;79,31002
2010-10-06;79,31623
2010-10-07;79,32243
2010-10-08;79,32862
2010-10-09;79,33482
2010-10-10;79,34101
2010-10-11;79,34721
2010-10-12;79,35341
2010-10-13;79,35961
2010-10-14;79,3658
2010-10-15;79,372
2010-10-16;79,37819
2010-10-17;79,38439
2010-10-18;79,3906
2010-10-19;79,3968
2010-10-20;79,40299
2010-10-21;79,40919
2010-10-22;79,41538
2010-10-23;79,42158
2010-10-24;79,42778
2010-10-25;79,43398
2010-10-26;79,44017
2010-10-27;79,44637
2010-10-28;79,45256
2010-10-29;79,45876
2010-10-30;79,46497
2010-10-31;79,47117
2010-11-01;79,47736
2010-11-02;79,47537
2010-11-03;79,47339
2010-11-04;79,47139
2010-11-05;79,46941
2010-11-06;79,46742
2010-11-07;79,46543
2010-11-08;79,46345
2010-11-09;79,46146
2010-11-10;79,45947
2010-11-11;79,45748
2010-11-12;79,45549
2010-11-13;79,45351
2010-11-14;79,45152
2010-11-15;79,44953
2010-11-16;79,44755
2010-11-17;79,44556
2010-11-18;79,44357
2010-11-19;79,44158
2010-11-20;79,43959
2010-11-21;79,43761
2010-11-22;79,43562
2010-11-23;79,43364
2010-11-24;79,43165
2010-11-25;79,42966
2010-11-26;79,42767
2010-11-27;79,42568
2010-11-28;79,4237
2010-11-29;79,42171
2010-11-30;79,41972
2010-12-01;79,41774
2010-12-02;79,42094
2010-12-03;79,42415
2010-12-04;79,42735
2010-12-05;79,43056
2010-12-06;79,43376
2010-12-07;79,43697
2010-12-08;79,44017
2010-12-09;79,44337
2010-12-10;79,44659
2010-12-11;79,44979
2010-12-12;79,453
2010-12-13;79,45619
2010-12-14;79,45941
2010-12-15;79,46261
2010-12-16;79,46582
2010-12-17;79,46902
2010-12-18;79,47223
2010-12-19;79,47544
2010-12-20;79,47864
2010-12-21;79,48184
2010-12-22;79,48505
2010-12-23;79,48826
2010-12-24;79,49146
2010-12-25;79,49467
2010-12-26;79,49787
2010-12-27;79,50108
2010-12-28;79,50428
2010-12-29;79,50749
2010-12-30;79,51069
2010-12-31;79,5139
2011-01-01;79,5171
2011-01-02;79,51839
2011-01-03;79,51967
2011-01-04;79,52096
2011-01-05;79,52223
2011-01-06;79,52352
2011-01-07;79,5248
2011-01-08;79,52608
2011-01-09;79,52736
2011-01-10;79,52864
2011-01-11;79,52992
2011-01-12;79,53121
2011-01-13;79,53249
2011-01-14;79,53378
2011-01-15;79,53506
2011-01-16;79,53634
2011-01-17;79,53762
2011-01-18;79,5389
2011-01-19;79,54019
2011-01-20;79,54146
2011-01-21;79,54275
2011-01-22;79,54403
2011-01-23;79,54531
2011-01-24;79,5466
2011-01-25;79,54788
2011-01-26;79,54917
2011-01-27;79,55044
2011-01-28;79,55173
2011-01-29;79,55301
2011-01-30;79,55429
2011-01-31;79,55557
2011-02-01;79,55685
2011-02-02;79,56916
2011-02-03;79,58146
2011-02-04;79,59376
2011-02-05;79,60607
2011-02-06;79,61837
2011-02-07;79,63067
2011-02-08;79,64297
2011-02-09;79,65528
2011-02-10;79,66758
2011-02-11;79,67988
2011-02-12;79,69219
2011-02-13;79,70449
2011-02-14;79,71679
2011-02-15;79,7291
2011-02-16;79,7414
2011-02-17;79,7537
2011-02-18;79,76601
2011-02-19;79,77831
2011-02-20;79,79061
2011-02-21;79,80291
2011-02-22;79,81522
2011-02-23;79,82753
2011-02-24;79,83983
2011-02-25;79,85213
2011-02-26;79,86443
2011-02-27;79,87674
2011-02-28;79,88904
2011-03-01;79,90135
2011-03-02;79,89514
2011-03-03;79,88894
2011-03-04;79,88275
2011-03-05;79,87655
2011-03-06;79,87036
2011-03-07;79,86416
2011-03-08;79,85796
2011-03-09;79,85176
2011-03-10;79,84557
2011-03-11;79,83937
2011-03-12;79,83318
2011-03-13;79,82698
2011-03-14;79,82077
2011-03-15;79,81458
2011-03-16;79,80838
2011-03-17;79,80218
2011-03-18;79,79599
2011-03-19;79,78979
2011-03-20;79,78359
2011-03-21;79,77739
2011-03-22;79,7712
2011-03-23;79,765
2011-03-24;79,75881
2011-03-25;79,75261
2011-03-26;79,74641
2011-03-27;79,74021
2011-03-28;79,73401
2011-03-29;79,72781
2011-03-30;79,72162
2011-03-31;79,71542
2011-04-01;79,70922
2011-04-02;79,72203
2011-04-03;79,73485
2011-04-04;79,74765
2011-04-05;79,76045
2011-04-06;79,77327
2011-04-07;79,78607
2011-04-08;79,79887
2011-04-09;79,81169
2011-04-10;79,8245
2011-04-11;79,8373
2011-04-12;79,85011
2011-04-13;79,86292
2011-04-14;79,87572
2011-04-15;79,88853
2011-04-16;79,90135
2011-04-17;79,91415
2011-04-18;79,92696
2011-04-19;79,93977
2011-04-20;79,95257
2011-04-21;79,96538
2011-04-22;79,97819
2011-04-23;79,991
2011-04-24;80,00381
2011-04-25;80,01661
2011-04-26;80,02942
2011-04-27;80,04223
2011-04-28;80,05503
2011-04-29;80,06785
2011-04-30;80,08066
2011-05-01;80,09346
2011-05-02;80,11483
2011-05-03;80,13621
2011-05-04;80,15757
2011-05-05;80,17894
2011-05-06;80,20031
2011-05-07;80,22168
2011-05-08;80,24306
2011-05-09;80,26442
2011-05-10;80,28579
2011-05-11;80,30716
2011-05-12;80,32854
2011-05-13;80,3499
2011-05-14;80,37127
2011-05-15;80,39264
2011-05-16;80,41401
2011-05-17;80,43539
2011-05-18;80,45675
2011-05-19;80,47813
2011-05-20;80,49949
2011-05-21;80,52087
2011-05-22;80,54223
2011-05-23;80,56361
2011-05-24;80,58498
2011-05-25;80,60635
2011-05-26;80,62772
2011-05-27;80,64908
2011-05-28;80,67046
2011-05-29;80,69183
2011-05-30;80,7132
2011-05-31;80,73456
2011-06-01;80,75594
2011-06-02;80,76521
2011-06-03;80,77449
2011-06-04;80,78376
2011-06-05;80,79303
2011-06-06;80,80231
2011-06-07;80,81159
2011-06-08;80,82086
2011-06-09;80,83013
2011-06-10;80,83941
2011-06-11;80,84868
2011-06-12;80,85796
2011-06-13;80,86724
2011-06-14;80,87651
2011-06-15;80,88578
2011-06-16;80,89506
2011-06-17;80,90433
2011-06-18;80,91361
2011-06-19;80,92288
2011-06-20;80,93216
2011-06-21;80,94143
2011-06-22;80,9507
2011-06-23;80,95998
2011-06-24;80,96926
2011-06-25;80,97853
2011-06-26;80,9878
2011-06-27;80,99708
2011-06-28;81,00635
2011-06-29;81,01563
2011-06-30;81,02491
2011-07-01;81,03418
2011-07-02;81,03589
2011-07-03;81,03759
2011-07-04;81,0393
2011-07-05;81,04101
2011-07-06;81,04272
2011-07-07;81,04444
2011-07-08;81,04614
2011-07-09;81,04786
2011-07-10;81,04957
2011-07-11;81,05128
2011-07-12;81,05298
2011-07-13;81,05469
2011-07-14;81,0564
2011-07-15;81,05811
2011-07-16;81,05983
2011-07-17;81,06153
2011-07-18;81,06324
2011-07-19;81,06495
2011-07-20;81,06666
2011-07-21;81,06837
2011-07-22;81,07007
2011-07-23;81,07179
2011-07-24;81,0735
2011-07-25;81,07522
2011-07-26;81,07692
2011-07-27;81,07863
2011-07-28;81,08034
2011-07-29;81,08205
2011-07-30;81,08376
2011-07-31;81,08546
2011-08-01;81,08717
2011-08-02;81,08909
2011-08-03;81,09102
2011-08-04;81,09295
2011-08-05;81,09487
2011-08-06;81,0968
2011-08-07;81,09872
2011-08-08;81,10064
2011-08-09;81,10256
2011-08-10;81,10448
2011-08-11;81,1064
2011-08-12;81,10833
2011-08-13;81,11026
2011-08-14;81,11218
2011-08-15;81,11411
2011-08-16;81,11603
2011-08-17;81,11795
2011-08-18;81,11987
2011-08-19;81,12179
2011-08-20;81,12372
2011-08-21;81,12564
2011-08-22;81,12757
2011-08-23;81,12949
2011-08-24;81,13141
2011-08-25;81,13334
2011-08-26;81,13526
2011-08-27;81,13718
2011-08-28;81,13911
2011-08-29;81,14103
2011-08-30;81,14295
2011-08-31;81,14488
2011-09-01;81,1468
2011-09-02;81,13465
2011-09-03;81,1225
2011-09-04;81,11036
2011-09-05;81,09822
2011-09-06;81,08607
2011-09-07;81,07393
2011-09-08;81,06179
2011-09-09;81,04964
2011-09-10;81,03749
2011-09-11;81,02535
2011-09-12;81,0132
2011-09-13;81,00105
2011-09-14;80,98891
2011-09-15;80,97676
2011-09-16;80,96462
2011-09-17;80,95247
2011-09-18;80,94032
2011-09-19;80,92818
2011-09-20;80,91603
2011-09-21;80,90389
2011-09-22;80,89175
2011-09-23;80,87961
2011-09-24;80,86745
2011-09-25;80,85531
2011-09-26;80,84317
2011-09-27;80,83102
2011-09-28;80,81887
2011-09-29;80,80673
2011-09-30;80,79458
2011-10-01;80,78243
2011-10-02;80,79633
2011-10-03;80,81022
2011-10-04;80,82411
2011-10-05;80,838
2011-10-06;80,85189
2011-10-07;80,86578
2011-10-08;80,87967
2011-10-09;80,89356
2011-10-10;80,90746
2011-10-11;80,92134
2011-10-12;80,93524
2011-10-13;80,94913
2011-10-14;80,96301
2011-10-15;80,97691
2011-10-16;80,9908
2011-10-17;81,00468
2011-10-18;81,01858
2011-10-19;81,03247
2011-10-20;81,04636
2011-10-21;81,06024
2011-10-22;81,07414
2011-10-23;81,08803
2011-10-24;81,10192
2011-10-25;81,11582
2011-10-26;81,1297
2011-10-27;81,14359
2011-10-28;81,15749
2011-10-29;81,17138
2011-10-30;81,18526
2011-10-31;81,19915
2011-11-01;81,21305
2011-11-02;81,21084
2011-11-03;81,20862
2011-11-04;81,20642
2011-11-05;81,20422
2011-11-06;81,20201
2011-11-07;81,19979
2011-11-08;81,19759
2011-11-09;81,19538
2011-11-10;81,19318
2011-11-11;81,19096
2011-11-12;81,18875
2011-11-13;81,18655
2011-11-14;81,18434
2011-11-15;81,18213
2011-11-16;81,17992
2011-11-17;81,17772
2011-11-18;81,17551
2011-11-19;81,1733
2011-11-20;81,17109
2011-11-21;81,16888
2011-11-22;81,16667
2011-11-23;81,16447
2011-11-24;81,16225
2011-11-25;81,16005
2011-11-26;81,15784
2011-11-27;81,15563
2011-11-28;81,15342
2011-11-29;81,15122
2011-11-30;81,149
2011-12-01;81,1468
2011-12-02;81,15193
2011-12-03;81,15705
2011-12-04;81,16219
2011-12-05;81,16731
2011-12-06;81,17244
2011-12-07;81,17757
2011-12-08;81,1827
2011-12-09;81,18783
2011-12-10;81,19296
2011-12-11;81,19809
2011-12-12;81,20322
2011-12-13;81,20834
2011-12-14;81,21348
2011-12-15;81,21861
2011-12-16;81,22373
2011-12-17;81,22886
2011-12-18;81,23399
2011-12-19;81,23911
2011-12-20;81,24425
2011-12-21;81,24938
2011-12-22;81,2545
2011-12-23;81,25963
2011-12-24;81,26476
2011-12-25;81,26989
2011-12-26;81,27502
2011-12-27;81,28015
2011-12-28;81,28528
2011-12-29;81,2904
2011-12-30;81,29554
2011-12-31;81,30066
2012-01-01;81,30579
2012-01-02;81,31156
2012-01-03;81,31734
2012-01-04;81,3231
2012-01-05;81,32887
2012-01-06;81,33465
2012-01-07;81,34041
2012-01-08;81,34619
2012-01-09;81,35196
2012-01-10;81,35772
2012-01-11;81,3635
2012-01-12;81,36926
2012-01-13;81,37503
2012-01-14;81,38081
2012-01-15;81,38657
2012-01-16;81,39235
2012-01-17;81,39811
2012-01-18;81,40388
2012-01-19;81,40965
2012-01-20;81,41542
2012-01-21;81,42119
2012-01-22;81,42696
2012-01-23;81,43273
2012-01-24;81,4385
2012-01-25;81,44427
2012-01-26;81,45004
2012-01-27;81,45581
2012-01-28;81,46158
2012-01-29;81,46735
2012-01-30;81,47312
2012-01-31;81,4789
2012-02-01;81,48466
2012-02-02;81,49631
2012-02-03;81,50796
2012-02-04;81,51962
2012-02-05;81,53126
2012-02-06;81,54292
2012-02-07;81,55457
2012-02-08;81,56621
2012-02-09;81,57787
2012-02-10;81,58952
2012-02-11;81,60116
2012-02-12;81,61282
2012-02-13;81,62446
2012-02-14;81,63612
2012-02-15;81,64777
2012-02-16;81,65942
2012-02-17;81,67107
2012-02-18;81,68273
2012-02-19;81,69437
2012-02-20;81,70602
2012-02-21;81,71767
2012-02-22;81,72932
2012-02-23;81,74097
2012-02-24;81,75262
2012-02-25;81,76427
2012-02-26;81,77593
2012-02-27;81,78758
2012-02-28;81,79923
2012-02-29;81,81087
2012-03-01;81,82253
2012-03-02;81,81291
2012-03-03;81,80329
2012-03-04;81,79368
2012-03-05;81,78406
2012-03-06;81,77444
2012-03-07;81,76483
2012-03-08;81,75521
2012-03-09;81,74559
2012-03-10;81,73597
2012-03-11;81,72636
2012-03-12;81,71674
2012-03-13;81,70713
2012-03-14;81,69751
2012-03-15;81,68789
2012-03-16;81,67828
2012-03-17;81,66866
2012-03-18;81,65905
2012-03-19;81,64943
2012-03-20;81,6398
2012-03-21;81,6302
2012-03-22;81,62058
2012-03-23;81,61096
2012-03-24;81,60135
2012-03-25;81,59172
2012-03-26;81,58211
2012-03-27;81,57249
2012-03-28;81,56287
2012-03-29;81,55326
2012-03-30;81,54364
2012-03-31;81,53403
2012-04-01;81,52441
2012-04-02;81,53589
2012-04-03;81,54738
2012-04-04;81,55886
2012-04-05;81,57034
2012-04-06;81,58183
2012-04-07;81,59331
2012-04-08;81,60479
2012-04-09;81,61628
2012-04-10;81,62776
2012-04-11;81,63924
2012-04-12;81,65073
2012-04-13;81,6622
2012-04-14;81,67369
2012-04-15;81,68517
2012-04-16;81,69666
2012-04-17;81,70813
2012-04-18;81,71962
2012-04-19;81,7311
2012-04-20;81,74258
2012-04-21;81,75408
2012-04-22;81,76555
2012-04-23;81,77704
2012-04-24;81,78852
2012-04-25;81,8
2012-04-26;81,81148
2012-04-27;81,82297
2012-04-28;81,83445
2012-04-29;81,84593
2012-04-30;81,85741
2012-05-01;81,8689
2012-05-02;81,89134
2012-05-03;81,91377
2012-05-04;81,93622
2012-05-05;81,95865
2012-05-06;81,98109
2012-05-07;82,00353
2012-05-08;82,02598
2012-05-09;82,04841
2012-05-10;82,07085
2012-05-11;82,09328
2012-05-12;82,11573
2012-05-13;82,13816
2012-05-14;82,1606
2012-05-15;82,18304
2012-05-16;82,20548
2012-05-17;82,22792
2012-05-18;82,25036
2012-05-19;82,2728
2012-05-20;82,29524
2012-05-21;82,31767
2012-05-22;82,34011
2012-05-23;82,36255
2012-05-24;82,38499
2012-05-25;82,40742
2012-05-26;82,42986
2012-05-27;82,45231
2012-05-28;82,47475
2012-05-29;82,49718
2012-05-30;82,51962
2012-05-31;82,54206
2012-06-01;82,5645
2012-06-02;82,56826
2012-06-03;82,572
2012-06-04;82,57576
2012-06-05;82,57951
2012-06-06;82,58327
2012-06-07;82,58703
2012-06-08;82,59078
2012-06-09;82,59453
2012-06-10;82,59828
2012-06-11;82,60204
2012-06-12;82,6058
2012-06-13;82,60955
2012-06-14;82,61331
2012-06-15;82,61705
2012-06-16;82,62081
2012-06-17;82,62457
2012-06-18;82,62831
2012-06-19;82,63207
2012-06-20;82,63583
2012-06-21;82,63958
2012-06-22;82,64334
2012-06-23;82,64709
2012-06-24;82,65084
2012-06-25;82,65459
2012-06-26;82,65835
2012-06-27;82,66211
2012-06-28;82,66586
2012-06-29;82,66962
2012-06-30;82,67336
2012-07-01;82,67712
2012-07-02;82,67563
2012-07-03;82,67412
2012-07-04;82,67264
2012-07-05;82,67114
2012-07-06;82,66964
2012-07-07;82,66815
2012-07-08;82,66665
2012-07-09;82,66516
2012-07-10;82,66366
2012-07-11;82,66216
2012-07-12;82,66066
2012-07-13;82,65917
2012-07-14;82,65767
2012-07-15;82,65618
2012-07-16;82,65469
2012-07-17;82,65318
2012-07-18;82,65169
2012-07-19;82,65019
2012-07-20;82,6487
2012-07-21;82,6472
2012-07-22;82,64571
2012-07-23;82,64421
2012-07-24;82,64271
2012-07-25;82,64122
2012-07-26;82,63972
2012-07-27;82,63823
2012-07-28;82,63673
2012-07-29;82,63523
2012-07-30;82,63374
2012-07-31;82,63224
2012-08-01;82,63075
2012-08-02;82,63181
2012-08-03;82,63289
2012-08-04;82,63395
2012-08-05;82,63502
2012-08-06;82,63608
2012-08-07;82,63716
2012-08-08;82,63823
2012-08-09;82,6393
2012-08-10;82,64036
2012-08-11;82,64143
2012-08-12;82,6425
2012-08-13;82,64357
2012-08-14;82,64464
2012-08-15;82,64571
2012-08-16;82,64677
2012-08-17;82,64784
2012-08-18;82,64891
2012-08-19;82,64998
2012-08-20;82,65106
2012-08-21;82,65212
2012-08-22;82,65318
2012-08-23;82,65425
2012-08-24;82,65533
2012-08-25;82,65639
2012-08-26;82,65746
2012-08-27;82,65853
2012-08-28;82,6596
2012-08-29;82,66066
2012-08-30;82,66173
2012-08-31;82,66281
2012-09-01;82,66387
2012-09-02;82,65151
2012-09-03;82,63914
2012-09-04;82,62677
2012-09-05;82,6144
2012-09-06;82,60204
2012-09-07;82,58967
2012-09-08;82,5773
2012-09-09;82,56494
2012-09-10;82,55257
2012-09-11;82,54021
2012-09-12;82,52785
2012-09-13;82,51548
2012-09-14;82,50311
2012-09-15;82,49075
2012-09-16;82,47838
2012-09-17;82,46601
2012-09-18;82,45365
2012-09-19;82,44128
2012-09-20;82,42891
2012-09-21;82,41654
2012-09-22;82,40418
2012-09-23;82,39181
2012-09-24;82,37945
2012-09-25;82,36708
2012-09-26;82,35471
2012-09-27;82,34235
2012-09-28;82,32998
2012-09-29;82,31761
2012-09-30;82,30525
2012-10-01;82,29288
2012-10-02;82,31084
2012-10-03;82,32878
2012-10-04;82,34674
2012-10-05;82,36469
2012-10-06;82,38264
2012-10-07;82,40059
2012-10-08;82,41854
2012-10-09;82,43649
2012-10-10;82,45444
2012-10-11;82,4724
2012-10-12;82,49034
2012-10-13;82,50829
2012-10-14;82,52625
2012-10-15;82,54419
2012-10-16;82,56215
2012-10-17;82,5801
2012-10-18;82,59805
2012-10-19;82,616
2012-10-20;82,63395
2012-10-21;82,65191
2012-10-22;82,66985
2012-10-23;82,68781
2012-10-24;82,70576
2012-10-25;82,72371
2012-10-26;82,74166
2012-10-27;82,75961
2012-10-28;82,77756
2012-10-29;82,79551
2012-10-30;82,81347
2012-10-31;82,83141
2012-11-01;82,84936
2012-11-02;82,84229
2012-11-03;82,83523
2012-11-04;82,82816
2012-11-05;82,82109
2012-11-06;82,81403
2012-11-07;82,80696
2012-11-08;82,7999
2012-11-09;82,79283
2012-11-10;82,78577
2012-11-11;82,7787
2012-11-12;82,77164
2012-11-13;82,76457
2012-11-14;82,7575
2012-11-15;82,75044
2012-11-16;82,74337
2012-11-17;82,7363
2012-11-18;82,72924
2012-11-19;82,72217
2012-11-20;82,7151
2012-11-21;82,70804
2012-11-22;82,70097
2012-11-23;82,6939
2012-11-24;82,68684
2012-11-25;82,67977
2012-11-26;82,6727
2012-11-27;82,66564
2012-11-28;82,65857
2012-11-29;82,65151
2012-11-30;82,64444
2012-12-01;82,63737
2012-12-02;82,63887
2012-12-03;82,64036
2012-12-04;82,64186
2012-12-05;82,64335
2012-12-06;82,64485
2012-12-07;82,64635
2012-12-08;82,64784
2012-12-09;82,64934
2012-12-10;82,65083
2012-12-11;82,65233
2012-12-12;82,65383
2012-12-13;82,65533
2012-12-14;82,65681
2012-12-15;82,65832
2012-12-16;82,65981
2012-12-17;82,6613
2012-12-18;82,66281
2012-12-19;82,6643
2012-12-20;82,66579
2012-12-21;82,66729
2012-12-22;82,66879
2012-12-23;82,67028
2012-12-24;82,67178
2012-12-25;82,67327
2012-12-26;82,67477
2012-12-27;82,67627
2012-12-28;82,67776
2012-12-29;82,67926
2012-12-30;82,68075
2012-12-31;82,68225
2013-01-01;82,68375
2013-01-02;82,67947
2013-01-03;82,6752
2013-01-04;82,67093
2013-01-05;82,66665
2013-01-06;82,66237
2013-01-07;82,6581
2013-01-08;82,65383
2013-01-09;82,64955
2013-01-10;82,64528
2013-01-11;82,641
2013-01-12;82,63673
2013-01-13;82,63245
2013-01-14;82,62819
2013-01-15;82,62391
2013-01-16;82,61964
2013-01-17;82,61536
2013-01-18;82,61109
2013-01-19;82,60681
2013-01-20;82,60254
2013-01-21;82,59827
2013-01-22;82,59399
2013-01-23;82,58971
2013-01-24;82,58544
2013-01-25;82,58117
2013-01-26;82,57689
2013-01-27;82,57262
2013-01-28;82,56835
2013-01-29;82,56407
2013-01-30;82,55979
2013-01-31;82,55552
2013-02-01;82,55125
2013-02-02;82,56095
2013-02-03;82,57065
2013-02-04;82,58035
2013-02-05;82,59006
2013-02-06;82,59975
2013-02-07;82,60945
2013-02-08;82,61916
2013-02-09;82,62886
2013-02-10;82,63856
2013-02-11;82,64826
2013-02-12;82,65796
2013-02-13;82,66766
2013-02-14;82,67736
2013-02-15;82,68706
2013-02-16;82,69676
2013-02-17;82,70646
2013-02-18;82,71616
2013-02-19;82,72586
2013-02-20;82,73556
2013-02-21;82,74526
2013-02-22;82,75496
2013-02-23;82,76466
2013-02-24;82,77437
2013-02-25;82,78406
2013-02-26;82,79376
2013-02-27;82,80346
2013-02-28;82,81317
2013-03-01;82,82286
2013-03-02;82,80876
2013-03-03;82,79465
2013-03-04;82,78055
2013-03-05;82,76645
2013-03-06;82,75235
2013-03-07;82,73824
2013-03-08;82,72414
2013-03-09;82,71004
2013-03-10;82,69593
2013-03-11;82,68183
2013-03-12;82,66772
2013-03-13;82,65362
2013-03-14;82,63951
2013-03-15;82,62541
2013-03-16;82,6113
2013-03-17;82,59719
2013-03-18;82,58309
2013-03-19;82,56898
2013-03-20;82,55488
2013-03-21;82,54077
2013-03-22;82,52667
2013-03-23;82,51256
2013-03-24;82,49847
2013-03-25;82,48436
2013-03-26;82,47026
2013-03-27;82,45615
2013-03-28;82,44205
2013-03-29;82,42795
2013-03-30;82,41384
2013-03-31;82,39974
2013-04-01;82,38563
2013-04-02;82,39358
2013-04-03;82,40153
2013-04-04;82,40948
2013-04-05;82,41743
2013-04-06;82,42538
2013-04-07;82,43333
2013-04-08;82,44128
2013-04-09;82,44923
2013-04-10;82,45718
2013-04-11;82,46513
2013-04-12;82,47308
2013-04-13;82,48103
2013-04-14;82,48898
2013-04-15;82,49692
2013-04-16;82,50488
2013-04-17;82,51282
2013-04-18;82,52078
2013-04-19;82,52872
2013-04-20;82,53668
2013-04-21;82,54463
2013-04-22;82,55257
2013-04-23;82,56053
2013-04-24;82,56847
2013-04-25;82,57643
2013-04-26;82,58437
2013-04-27;82,59233
2013-04-28;82,60027
2013-04-29;82,60822
2013-04-30;82,61617
2013-05-01;82,62412
2013-05-02;82,64485
2013-05-03;82,66558
2013-05-04;82,68631
2013-05-05;82,70704
2013-05-06;82,72777
2013-05-07;82,74849
2013-05-08;82,76922
2013-05-09;82,78996
2013-05-10;82,81069
2013-05-11;82,83141
2013-05-12;82,85214
2013-05-13;82,87287
2013-05-14;82,89359
2013-05-15;82,91433
2013-05-16;82,93506
2013-05-17;82,95579
2013-05-18;82,97652
2013-05-19;82,99725
2013-05-20;83,01798
2013-05-21;83,0387
2013-05-22;83,05943
2013-05-23;83,08017
2013-05-24;83,1009
2013-05-25;83,12162
2013-05-26;83,14235
2013-05-27;83,16308
2013-05-28;83,18381
2013-05-29;83,20454
2013-05-30;83,22527
2013-05-31;83,246
2013-06-01;83,26673
2013-06-02;83,26253
2013-06-03;83,25833
2013-06-04;83,25414
2013-06-05;83,24995
2013-06-06;83,24575
2013-06-07;83,24155
2013-06-08;83,23736
2013-06-09;83,23315
2013-06-10;83,22896
2013-06-11;83,22477
2013-06-12;83,22057
2013-06-13;83,21638
2013-06-14;83,21218
2013-06-15;83,20798
2013-06-16;83,20379
2013-06-17;83,1996
2013-06-18;83,1954
2013-06-19;83,1912
2013-06-20;83,18701
2013-06-21;83,18281
2013-06-22;83,17861
2013-06-23;83,17442
2013-06-24;83,17023
2013-06-25;83,16603
2013-06-26;83,16184
2013-06-27;83,15763
2013-06-28;83,15344
2013-06-29;83,14924
2013-06-30;83,14505
2013-07-01;83,14086
2013-07-02;83,14235
2013-07-03;83,14384
2013-07-04;83,14534
2013-07-05;83,14683
2013-07-06;83,14833
2013-07-07;83,14983
2013-07-08;83,15133
2013-07-09;83,15282
2013-07-10;83,15432
2013-07-11;83,15581
2013-07-12;83,15731
2013-07-13;83,15881
2013-07-14;83,16029
2013-07-15;83,1618
2013-07-16;83,16329
2013-07-17;83,16479
2013-07-18;83,16629
2013-07-19;83,16778
2013-07-20;83,16927
2013-07-21;83,17077
2013-07-22;83,17227
2013-07-23;83,17376
2013-07-24;83,17527
2013-07-25;83,17675
2013-07-26;83,17825
2013-07-27;83,17975
2013-07-28;83,18124
2013-07-29;83,18274
2013-07-30;83,18423
2013-07-31;83,18573
2013-08-01;83,18723
2013-08-02;83,19172
2013-08-03;83,19621
2013-08-04;83,20069
2013-08-05;83,20518
2013-08-06;83,20967
2013-08-07;83,21416
2013-08-08;83,21864
2013-08-09;83,22313
2013-08-10;83,22762
2013-08-11;83,2321
2013-08-12;83,23659
2013-08-13;83,24108
2013-08-14;83,24556
2013-08-15;83,25005
2013-08-16;83,25454
2013-08-17;83,25903
2013-08-18;83,26352
2013-08-19;83,26801
2013-08-20;83,2725
2013-08-21;83,27698
2013-08-22;83,28147
2013-08-23;83,28596
2013-08-24;83,29045
2013-08-25;83,29493
2013-08-26;83,29942
2013-08-27;83,30391
2013-08-28;83,30839
2013-08-29;83,31289
2013-08-30;83,31737
2013-08-31;83,32186
2013-09-01;83,32635
2013-09-02;83,31685
2013-09-03;83,30736
2013-09-04;83,29786
2013-09-05;83,28837
2013-09-06;83,27887
2013-09-07;83,26937
2013-09-08;83,25989
2013-09-09;83,25038
2013-09-10;83,24089
2013-09-11;83,23139
2013-09-12;83,2219
2013-09-13;83,21241
2013-09-14;83,20291
2013-09-15;83,19341
2013-09-16;83,18391
2013-09-17;83,17442
2013-09-18;83,16492
2013-09-19;83,15543
2013-09-20;83,14594
2013-09-21;83,13643
2013-09-22;83,12694
2013-09-23;83,11745
2013-09-24;83,10795
2013-09-25;83,09846
2013-09-26;83,08896
2013-09-27;83,07946
2013-09-28;83,06997
2013-09-29;83,06048
2013-09-30;83,05097
2013-10-01;83,04148
2013-10-02;83,05323
2013-10-03;83,06498
2013-10-04;83,07674
2013-10-05;83,0885
2013-10-06;83,10025
2013-10-07;83,11201
2013-10-08;83,12376
2013-10-09;83,13552
2013-10-10;83,14727
2013-10-11;83,15902
2013-10-12;83,17077
2013-10-13;83,18253
2013-10-14;83,19429
2013-10-15;83,20604
2013-10-16;83,21779
2013-10-17;83,22954
2013-10-18;83,24129
2013-10-19;83,25304
2013-10-20;83,2648
2013-10-21;83,27655
2013-10-22;83,28831
2013-10-23;83,30006
2013-10-24;83,31181
2013-10-25;83,32357
2013-10-26;83,33532
2013-10-27;83,34707
2013-10-28;83,35883
2013-10-29;83,37059
2013-10-30;83,38234
2013-10-31;83,3941
2013-11-01;83,40585
2013-11-02;83,39922
2013-11-03;83,39259
2013-11-04;83,38597
2013-11-05;83,37935
2013-11-06;83,37272
2013-11-07;83,3661
2013-11-08;83,35947
2013-11-09;83,35285
2013-11-10;83,34622
2013-11-11;83,3396
2013-11-12;83,33297
2013-11-13;83,32635
2013-11-14;83,31973
2013-11-15;83,3131
2013-11-16;83,30647
2013-11-17;83,29985
2013-11-18;83,29323
2013-11-19;83,2866
2013-11-20;83,27997
2013-11-21;83,27335
2013-11-22;83,26673
2013-11-23;83,2601
2013-11-24;83,25348
2013-11-25;83,24685
2013-11-26;83,24022
2013-11-27;83,2336
2013-11-28;83,22698
2013-11-29;83,22035
2013-11-30;83,21372
2013-12-01;83,2071
2013-12-02;83,20368
2013-12-03;83,20026
2013-12-04;83,19685
2013-12-05;83,19342
2013-12-06;83,19001
2013-12-07;83,18658
2013-12-08;83,18317
2013-12-09;83,17975
2013-12-10;83,17633
2013-12-11;83,17291
2013-12-12;83,16949
2013-12-13;83,16607
2013-12-14;83,16265
2013-12-15;83,15923
2013-12-16;83,15581
2013-12-17;83,15239
2013-12-18;83,14898
2013-12-19;83,14556
2013-12-20;83,14214
2013-12-21;83,13871
2013-12-22;83,1353
2013-12-23;83,13188
2013-12-24;83,12846
2013-12-25;83,12504
2013-12-26;83,12162
2013-12-27;83,11821
2013-12-28;83,11478
2013-12-29;83,11136
2013-12-30;83,10794
2013-12-31;83,10453
2014-01-01;83,10111
2014-01-02;83,09982
2014-01-03;83,09854
2014-01-04;83,09726
2014-01-05;83,09598
2014-01-06;83,0947
2014-01-07;83,09341
2014-01-08;83,09213
2014-01-09;83,09085
2014-01-10;83,08956
2014-01-11;83,08829
2014-01-12;83,087
2014-01-13;83,08572
2014-01-14;83,08444
2014-01-15;83,08315
2014-01-16;83,08188
2014-01-17;83,08059
2014-01-18;83,07931
2014-01-19;83,07802
2014-01-20;83,07674
2014-01-21;83,07546
2014-01-22;83,07417
2014-01-23;83,0729
2014-01-24;83,07161
2014-01-25;83,07033
2014-01-26;83,06905
2014-01-27;83,06777
2014-01-28;83,06649
2014-01-29;83,06521
2014-01-30;83,06392
2014-01-31;83,06264
2014-02-01;83,06135
2014-02-02;83,07176
2014-02-03;83,08218
2014-02-04;83,09258
2014-02-05;83,103
2014-02-06;83,11341
2014-02-07;83,12382
2014-02-08;83,13423
2014-02-09;83,14464
2014-02-10;83,15505
2014-02-11;83,16546
2014-02-12;83,17588
2014-02-13;83,18628
2014-02-14;83,19669
2014-02-15;83,2071
2014-02-16;83,21751
2014-02-17;83,22792
2014-02-18;83,23833
2014-02-19;83,24874
2014-02-20;83,25915
2014-02-21;83,26957
2014-02-22;83,27997
2014-02-23;83,29038
2014-02-24;83,3008
2014-02-25;83,3112
2014-02-26;83,32162
2014-02-27;83,33203
2014-02-28;83,34244
2014-03-01;83,35285
2014-03-02;83,33618
2014-03-03;83,31951
2014-03-04;83,30284
2014-03-05;83,28617
2014-03-06;83,2695
2014-03-07;83,25283
2014-03-08;83,23617
2014-03-09;83,2195
2014-03-10;83,20283
2014-03-11;83,18616
2014-03-12;83,16949
2014-03-13;83,15282
2014-03-14;83,13615
2014-03-15;83,11948
2014-03-16;83,10282
2014-03-17;83,08615
2014-03-18;83,06948
2014-03-19;83,05281
2014-03-20;83,03614
2014-03-21;83,01947
2014-03-22;83,0028
2014-03-23;82,98613
2014-03-24;82,96947
2014-03-25;82,9528
2014-03-26;82,93613
2014-03-27;82,91946
2014-03-28;82,90279
2014-03-29;82,88612
2014-03-30;82,86945
2014-03-31;82,85278
2014-04-01;82,83612
2014-04-02;82,85091
2014-04-03;82,86571
2014-04-04;82,8805
2014-04-05;82,8953
2014-04-06;82,91009
2014-04-07;82,92488
2014-04-08;82,93968
2014-04-09;82,95448
2014-04-10;82,96927
2014-04-11;82,98406
2014-04-12;82,99887
2014-04-13;83,01366
2014-04-14;83,02845
2014-04-15;83,04325
2014-04-16;83,05804
2014-04-17;83,07284
2014-04-18;83,08764
2014-04-19;83,10243
2014-04-20;83,11722
2014-04-21;83,13203
2014-04-22;83,14682
2014-04-23;83,16161
2014-04-24;83,17641
2014-04-25;83,1912
2014-04-26;83,206
2014-04-27;83,22079
2014-04-28;83,23559
2014-04-29;83,25038
2014-04-30;83,26519
2014-05-01;83,27997
2014-05-02;83,29237
2014-05-03;83,30476
2014-05-04;83,31716
2014-05-05;83,32956
2014-05-06;83,34195
2014-05-07;83,35434
2014-05-08;83,36674
2014-05-09;83,37913
2014-05-10;83,39153
2014-05-11;83,40393
2014-05-12;83,41632
2014-05-13;83,42871
2014-05-14;83,44111
2014-05-15;83,4535
2014-05-16;83,46589
2014-05-17;83,47829
2014-05-18;83,49068
2014-05-19;83,50308
2014-05-20;83,51547
2014-05-21;83,52786
2014-05-22;83,54026
2014-05-23;83,55266
2014-05-24;83,56505
2014-05-25;83,57745
2014-05-26;83,58984
2014-05-27;83,60223
2014-05-28;83,61463
2014-05-29;83,62703
2014-05-30;83,63942
2014-05-31;83,65182
2014-06-01;83,66421
2014-06-02;83,66311
2014-06-03;83,66201
2014-06-04;83,6609
2014-06-05;83,65979
2014-06-06;83,65869
2014-06-07;83,65758
2014-06-08;83,65648
2014-06-09;83,65538
2014-06-10;83,65428
2014-06-11;83,65317
2014-06-12;83,65207
2014-06-13;83,65096
2014-06-14;83,64985
2014-06-15;83,64875
2014-06-16;83,64765
2014-06-17;83,64654
2014-06-18;83,64544
2014-06-19;83,64434
2014-06-20;83,64323
2014-06-21;83,64213
2014-06-22;83,64102
2014-06-23;83,63991
2014-06-24;83,63882
2014-06-25;83,63771
2014-06-26;83,63661
2014-06-27;83,63551
2014-06-28;83,6344
2014-06-29;83,6333
2014-06-30;83,63219
2014-07-01;83,63108
2014-07-02;83,63173
2014-07-03;83,63237
2014-07-04;83,63301
2014-07-05;83,63365
2014-07-06;83,6343
2014-07-07;83,63494
2014-07-08;83,63557
2014-07-09;83,63622
2014-07-10;83,63686
2014-07-11;83,6375
2014-07-12;83,63814
2014-07-13;83,63878
2014-07-14;83,63942
2014-07-15;83,64006
2014-07-16;83,64071
2014-07-17;83,64134
2014-07-18;83,64198
2014-07-19;83,64263
2014-07-20;83,64327
2014-07-21;83,6439
2014-07-22;83,64455
2014-07-23;83,64519
2014-07-24;83,64583
2014-07-25;83,64647
2014-07-26;83,64712
2014-07-27;83,64776
2014-07-28;83,6484
2014-07-29;83,64904
2014-07-30;83,64968
2014-07-31;83,65032
2014-08-01;83,65096
2014-08-02;83,6499
2014-08-03;83,64882
2014-08-04;83,64776
2014-08-05;83,64669
2014-08-06;83,64562
2014-08-07;83,64455
2014-08-08;83,64349
2014-08-09;83,64242
2014-08-10;83,64134
2014-08-11;83,64027
2014-08-12;83,63921
2014-08-13;83,63814
2014-08-14;83,63707
2014-08-15;83,636
2014-08-16;83,63494
2014-08-17;83,63386
2014-08-18;83,6328
2014-08-19;83,63173
2014-08-20;83,63066
2014-08-21;83,62959
2014-08-22;83,62852
2014-08-23;83,62745
2014-08-24;83,62639
2014-08-25;83,62532
2014-08-26;83,62425
2014-08-27;83,62318
2014-08-28;83,62211
2014-08-29;83,62104
2014-08-30;83,61998
2014-08-31;83,61891
2014-09-01;83,61784
2014-09-02;83,60878
2014-09-03;83,59973
2014-09-04;83,59067
2014-09-05;83,58162
2014-09-06;83,57257
2014-09-07;83,56352
2014-09-08;83,55446
2014-09-09;83,54541
2014-09-10;83,53635
2014-09-11;83,5273
2014-09-12;83,51825
2014-09-13;83,50919
2014-09-14;83,50014
2014-09-15;83,49108
2014-09-16;83,48203
2014-09-17;83,47297
2014-09-18;83,46393
2014-09-19;83,45487
2014-09-20;83,44581
2014-09-21;83,43676
2014-09-22;83,4277
2014-09-23;83,41865
2014-09-24;83,4096
2014-09-25;83,40055
2014-09-26;83,39149
2014-09-27;83,38244
2014-09-28;83,37338
2014-09-29;83,36433
2014-09-30;83,35528
2014-10-01;83,34622
2014-10-02;83,35841
2014-10-03;83,37059
2014-10-04;83,38276
2014-10-05;83,39495
2014-10-06;83,40713
2014-10-07;83,41931
2014-10-08;83,43149
2014-10-09;83,44367
2014-10-10;83,45585
2014-10-11;83,46803
2014-10-12;83,48022
2014-10-13;83,4924
2014-10-14;83,50458
2014-10-15;83,51675
2014-10-16;83,52894
2014-10-17;83,54112
2014-10-18;83,5533
2014-10-19;83,56549
2014-10-20;83,57766
2014-10-21;83,58984
2014-10-22;83,60202
2014-10-23;83,61421
2014-10-24;83,62639
2014-10-25;83,63857
2014-10-26;83,65075
2014-10-27;83,66292
2014-10-28;83,67511
2014-10-29;83,68729
2014-10-30;83,69948
2014-10-31;83,71166
2014-11-01;83,72383
2014-11-02;83,71279
2014-11-03;83,70176
2014-11-04;83,69071
2014-11-05;83,67967
2014-11-06;83,66863
2014-11-07;83,65758
2014-11-08;83,64654
2014-11-09;83,63551
2014-11-10;83,62447
2014-11-11;83,61342
2014-11-12;83,60238
2014-11-13;83,59134
2014-11-14;83,58029
2014-11-15;83,56926
2014-11-16;83,55822
2014-11-17;83,54718
2014-11-18;83,53613
2014-11-19;83,52509
2014-11-20;83,51405
2014-11-21;83,50301
2014-11-22;83,49197
2014-11-23;83,48093
2014-11-24;83,46988
2014-11-25;83,45884
2014-11-26;83,4478
2014-11-27;83,43676
2014-11-28;83,42572
2014-11-29;83,41468
2014-11-30;83,40364
2014-12-01;83,39259
2014-12-02;83,39345
2014-12-03;83,3943
2014-12-04;83,39516
2014-12-05;83,39601
2014-12-06;83,39687
2014-12-07;83,39773
2014-12-08;83,39858
2014-12-09;83,39943
2014-12-10;83,40029
2014-12-11;83,40114
2014-12-12;83,402
2014-12-13;83,40285
2014-12-14;83,4037
2014-12-15;83,40456
2014-12-16;83,40541
2014-12-17;83,40627
2014-12-18;83,40713
2014-12-19;83,40798
2014-12-20;83,40884
2014-12-21;83,40969
2014-12-22;83,41055
2014-12-23;83,4114
2014-12-24;83,41226
2014-12-25;83,41312
2014-12-26;83,41397
2014-12-27;83,41482
2014-12-28;83,41568
2014-12-29;83,41653
2014-12-30;83,41739
2014-12-31;83,41824
2015-01-01;83,41909
2015-01-02;83,41439
2015-01-03;83,40969
2015-01-04;83,40499
2015-01-05;83,40029
2015-01-06;83,39559
2015-01-07;83,39089
2015-01-08;83,38618
2015-01-09;83,38148
2015-01-10;83,37679
2015-01-11;83,37208
2015-01-12;83,36738
2015-01-13;83,36268
2015-01-14;83,35797
2015-01-15;83,35328
2015-01-16;83,34858
2015-01-17;83,34387
2015-01-18;83,33916
2015-01-19;83,33447
2015-01-20;83,32977
2015-01-21;83,32507
2015-01-22;83,32037
2015-01-23;83,31566
2015-01-24;83,31096
2015-01-25;83,30626
2015-01-26;83,30156
2015-01-27;83,29686
2015-01-28;83,29216
2015-01-29;83,28745
2015-01-30;83,28275
2015-01-31;83,27805
2015-02-01;83,27335
2015-02-02;83,27595
2015-02-03;83,27856
2015-02-04;83,28116
2015-02-05;83,28375
2015-02-06;83,28636
2015-02-07;83,28896
2015-02-08;83,29157
2015-02-09;83,29417
2015-02-10;83,29677
2015-02-11;83,29938
2015-02-12;83,30197
2015-02-13;83,30458
2015-02-14;83,30718
2015-02-15;83,30979
2015-02-16;83,31239
2015-02-17;83,31499
2015-02-18;83,3176
2015-02-19;83,32019
2015-02-20;83,3228
2015-02-21;83,3254
2015-02-22;83,328
2015-02-23;83,33061
2015-02-24;83,33321
2015-02-25;83,33582
2015-02-26;83,33841
2015-02-27;83,34102
2015-02-28;83,34362
2015-03-01;83,34622
2015-03-02;83,31887
2015-03-03;83,29152
2015-03-04;83,26416
2015-03-05;83,23681
2015-03-06;83,20945
2015-03-07;83,1821
2015-03-08;83,15474
2015-03-09;83,1274
2015-03-10;83,10004
2015-03-11;83,07269
2015-03-12;83,04533
2015-03-13;83,01798
2015-03-14;82,99062
2015-03-15;82,96327
2015-03-16;82,93592
2015-03-17;82,90856
2015-03-18;82,8812
2015-03-19;82,85385
2015-03-20;82,82649
2015-03-21;82,79914
2015-03-22;82,77179
2015-03-23;82,74444
2015-03-24;82,71708
2015-03-25;82,68973
2015-03-26;82,66237
2015-03-27;82,63502
2015-03-28;82,60767
2015-03-29;82,58032
2015-03-30;82,55296
2015-03-31;82,52561
2015-04-01;82,49825
2015-04-02;82,5168
2015-04-03;82,53535
2015-04-04;82,5539
2015-04-05;82,57245
2015-04-06;82,591
2015-04-07;82,60955
2015-04-08;82,6281
2015-04-09;82,64665
2015-04-10;82,66519
2015-04-11;82,68375
2015-04-12;82,7023
2015-04-13;82,72084
2015-04-14;82,7394
2015-04-15;82,75794
2015-04-16;82,77649
2015-04-17;82,79504
2015-04-18;82,81359
2015-04-19;82,83214
2015-04-20;82,85069
2015-04-21;82,86924
2015-04-22;82,88779
2015-04-23;82,90634
2015-04-24;82,92488
2015-04-25;82,94344
2015-04-26;82,96199
2015-04-27;82,98053
2015-04-28;82,99909
2015-04-29;83,01763
2015-04-30;83,03618
2015-05-01;83,05474
2015-05-02;83,07247
2015-05-03;83,09021
2015-05-04;83,10794
2015-05-05;83,12568
2015-05-06;83,14342
2015-05-07;83,16116
2015-05-08;83,1789
2015-05-09;83,19663
2015-05-10;83,21437
2015-05-11;83,2321
2015-05-12;83,24985
2015-05-13;83,26758
2015-05-14;83,28532
2015-05-15;83,30306
2015-05-16;83,32079
2015-05-17;83,33853
2015-05-18;83,35626
2015-05-19;83,37401
2015-05-20;83,39174
2015-05-21;83,40948
2015-05-22;83,42722
2015-05-23;83,44496
2015-05-24;83,46269
2015-05-25;83,48042
2015-05-26;83,49816
2015-05-27;83,5159
2015-05-28;83,53364
2015-05-29;83,55138
2015-05-30;83,56912
2015-05-31;83,58685
2015-06-01;83,60459
2015-06-02;83,6079
2015-06-03;83,61121
2015-06-04;83,61453
2015-06-05;83,61784
2015-06-06;83,62115
2015-06-07;83,62447
2015-06-08;83,62777
2015-06-09;83,63108
2015-06-10;83,6344
2015-06-11;83,63771
2015-06-12;83,64102
2015-06-13;83,64434
2015-06-14;83,64765
2015-06-15;83,65096
2015-06-16;83,65428
2015-06-17;83,65758
2015-06-18;83,6609
2015-06-19;83,66421
2015-06-20;83,66752
2015-06-21;83,67084
2015-06-22;83,67415
2015-06-23;83,67746
2015-06-24;83,68078
2015-06-25;83,68409
2015-06-26;83,68739
2015-06-27;83,69071
2015-06-28;83,69402
2015-06-29;83,69733
2015-06-30;83,70065
2015-07-01;83,70396
2015-07-02;83,71037
2015-07-03;83,71678
2015-07-04;83,72319
2015-07-05;83,72961
2015-07-06;83,73602
2015-07-07;83,74243
2015-07-08;83,74884
2015-07-09;83,75525
2015-07-10;83,76166
2015-07-11;83,76806
2015-07-12;83,77448
2015-07-13;83,78089
2015-07-14;83,7873
2015-07-15;83,79371
2015-07-16;83,80012
2015-07-17;83,80654
2015-07-18;83,81295
2015-07-19;83,81936
2015-07-20;83,82577
2015-07-21;83,83219
2015-07-22;83,8386
2015-07-23;83,845
2015-07-24;83,85142
2015-07-25;83,85782
2015-07-26;83,86424
2015-07-27;83,87064
2015-07-28;83,87706
2015-07-29;83,88347
2015-07-30;83,88988
2015-07-31;83,89629
2015-08-01;83,9027
2015-08-02;83,90056
2015-08-03;83,89843
2015-08-04;83,89629
2015-08-05;83,89415
2015-08-06;83,89202
2015-08-07;83,88988
2015-08-08;83,88774
2015-08-09;83,88561
2015-08-10;83,88347
2015-08-11;83,88133
2015-08-12;83,8792
2015-08-13;83,87706
2015-08-14;83,87492
2015-08-15;83,87279
2015-08-16;83,87064
2015-08-17;83,86852
2015-08-18;83,86637
2015-08-19;83,86424
2015-08-20;83,8621
2015-08-21;83,85996
2015-08-22;83,85782
2015-08-23;83,85569
2015-08-24;83,85355
2015-08-25;83,85142
2015-08-26;83,84927
2015-08-27;83,84714
2015-08-28;83,845
2015-08-29;83,84287
2015-08-30;83,84073
2015-08-31;83,8386
2015-09-01;83,83646
2015-09-02;83,82475
2015-09-03;83,81305
2015-09-04;83,80134
2015-09-05;83,78964
2015-09-06;83,77794
2015-09-07;83,76623
2015-09-08;83,75453
2015-09-09;83,74283
2015-09-10;83,73112
2015-09-11;83,71942
2015-09-12;83,70772
2015-09-13;83,69601
2015-09-14;83,68431
2015-09-15;83,67261
2015-09-16;83,6609
2015-09-17;83,64919
2015-09-18;83,63749
2015-09-19;83,62578
2015-09-20;83,61408
2015-09-21;83,60238
2015-09-22;83,59067
2015-09-23;83,57897
2015-09-24;83,56727
2015-09-25;83,55556
2015-09-26;83,54386
2015-09-27;83,53216
2015-09-28;83,52045
2015-09-29;83,50875
2015-09-30;83,49705
2015-10-01;83,48534
2015-10-02;83,4941
2015-10-03;83,50287
2015-10-04;83,51163
2015-10-05;83,52038
2015-10-06;83,52915
2015-10-07;83,53791
2015-10-08;83,54667
2015-10-09;83,55544
2015-10-10;83,5642
2015-10-11;83,57296
2015-10-12;83,58172
2015-10-13;83,59048
2015-10-14;83,59924
2015-10-15;83,60801
2015-10-16;83,61677
2015-10-17;83,62553
2015-10-18;83,6343
2015-10-19;83,64305
2015-10-20;83,65182
2015-10-21;83,66058
2015-10-22;83,66934
2015-10-23;83,6781
2015-10-24;83,68686
2015-10-25;83,69562
2015-10-26;83,70439
2015-10-27;83,71315
2015-10-28;83,72191
2015-10-29;83,73067
2015-10-30;83,73944
2015-10-31;83,74819
2015-11-01;83,75696
2015-11-02;83,7457
2015-11-03;83,73443
2015-11-04;83,72317
2015-11-05;83,71191
2015-11-06;83,70065
2015-11-07;83,68939
2015-11-08;83,67812
2015-11-09;83,66686
2015-11-10;83,6556
2015-11-11;83,64434
2015-11-12;83,63307
2015-11-13;83,62181
2015-11-14;83,61055
2015-11-15;83,59929
2015-11-16;83,58803
2015-11-17;83,57676
2015-11-18;83,5655
2015-11-19;83,55424
2015-11-20;83,54298
2015-11-21;83,53172
2015-11-22;83,52045
2015-11-23;83,50919
2015-11-24;83,49793
2015-11-25;83,48667
2015-11-26;83,47541
2015-11-27;83,46414
2015-11-28;83,45288
2015-11-29;83,44162
2015-11-30;83,43036
2015-12-01;83,41909
2015-12-02;83,42059
2015-12-03;83,42209
2015-12-04;83,42358
2015-12-05;83,42508
2015-12-06;83,42658
2015-12-07;83,42807
2015-12-08;83,42957
2015-12-09;83,43106
2015-12-10;83,43255
2015-12-11;83,43406
2015-12-12;83,43555
2015-12-13;83,43705
2015-12-14;83,43854
2015-12-15;83,44004
2015-12-16;83,44153
2015-12-17;83,44303
2015-12-18;83,44453
2015-12-19;83,44602
2015-12-20;83,44752
2015-12-21;83,44901
2015-12-22;83,45051
2015-12-23;83,45201
2015-12-24;83,4535
2015-12-25;83,455
2015-12-26;83,45649
2015-12-27;83,45799
2015-12-28;83,45949
2015-12-29;83,46098
2015-12-30;83,46247
2015-12-31;83,46397
2016-01-01;83,46547
2016-01-02;83,46034
2016-01-03;83,45521
2016-01-04;83,45008
2016-01-05;83,44496
2016-01-06;83,43982
2016-01-07;83,4347
2016-01-08;83,42957
2016-01-09;83,42443
2016-01-10;83,41931
2016-01-11;83,41418
2016-01-12;83,40905
2016-01-13;83,40393
2016-01-14;83,39879
2016-01-15;83,39366
2016-01-16;83,38854
2016-01-17;83,3834
2016-01-18;83,37828
2016-01-19;83,37316
2016-01-20;83,36801
2016-01-21;83,36289
2016-01-22;83,35777
2016-01-23;83,35263
2016-01-24;83,34751
2016-01-25;83,34238
2016-01-26;83,33724
2016-01-27;83,33212
2016-01-28;83,32699
2016-01-29;83,32186
2016-01-30;83,31673
2016-01-31;83,3116
2016-02-01;83,30647
2016-02-02;83,31287
2016-02-03;83,31927
2016-02-04;83,32567
2016-02-05;83,33206
2016-02-06;83,33846
2016-02-07;83,34485
2016-02-08;83,35125
2016-02-09;83,35764
2016-02-10;83,36404
2016-02-11;83,37043
2016-02-12;83,37684
2016-02-13;83,38323
2016-02-14;83,38963
2016-02-15;83,39602
2016-02-16;83,40242
2016-02-17;83,40881
2016-02-18;83,41521
2016-02-19;83,4216
2016-02-20;83,428
2016-02-21;83,4344
2016-02-22;83,4408
2016-02-23;83,44719
2016-02-24;83,45359
2016-02-25;83,45999
2016-02-26;83,46638
2016-02-27;83,47277
2016-02-28;83,47917
2016-02-29;83,48557
2016-03-01;83,49197
2016-03-02;83,46585
2016-03-03;83,43974
2016-03-04;83,41362
2016-03-05;83,38751
2016-03-06;83,3614
2016-03-07;83,33528
2016-03-08;83,30917
2016-03-09;83,28305
2016-03-10;83,25694
2016-03-11;83,23083
2016-03-12;83,20471
2016-03-13;83,1786
2016-03-14;83,15248
2016-03-15;83,12637
2016-03-16;83,10025
2016-03-17;83,07413
2016-03-18;83,04802
2016-03-19;83,0219
2016-03-20;82,99579
2016-03-21;82,96968
2016-03-22;82,94356
2016-03-23;82,91745
2016-03-24;82,89133
2016-03-25;82,86522
2016-03-26;82,8391
2016-03-27;82,81299
2016-03-28;82,78688
2016-03-29;82,76076
2016-03-30;82,73465
2016-03-31;82,70853
2016-04-01;82,68242
2016-04-02;82,68937
2016-04-03;82,69633
2016-04-04;82,70328
2016-04-05;82,71024
2016-04-06;82,7172
2016-04-07;82,72415
2016-04-08;82,7311
2016-04-09;82,73806
2016-04-10;82,74501
2016-04-11;82,75197
2016-04-12;82,75893
2016-04-13;82,76588
2016-04-14;82,77283
2016-04-15;82,77979
2016-04-16;82,78674
2016-04-17;82,79369
2016-04-18;82,80065
2016-04-19;82,80761
2016-04-20;82,81456
2016-04-21;82,82152
2016-04-22;82,82847
2016-04-23;82,83542
2016-04-24;82,84238
2016-04-25;82,84934
2016-04-26;82,85629
2016-04-27;82,86325
2016-04-28;82,8702
2016-04-29;82,87715
2016-04-30;82,88411
2016-05-01;82,89107
2016-05-02;82,90991
2016-05-03;82,92876
2016-05-04;82,9476
2016-05-05;82,96645
2016-05-06;82,98529
2016-05-07;83,00414
2016-05-08;83,02298
2016-05-09;83,04183
2016-05-10;83,06068
2016-05-11;83,07952
2016-05-12;83,09837
2016-05-13;83,11721
2016-05-14;83,13606
2016-05-15;83,1549
2016-05-16;83,17375
2016-05-17;83,19259
2016-05-18;83,21144
2016-05-19;83,23028
2016-05-20;83,24913
2016-05-21;83,26797
2016-05-22;83,28682
2016-05-23;83,30566
2016-05-24;83,32451
2016-05-25;83,34336
2016-05-26;83,36221
2016-05-27;83,38105
2016-05-28;83,3999
2016-05-29;83,41874
2016-05-30;83,43759
2016-05-31;83,45643
2016-06-01;83,47528
2016-06-02;83,47722
2016-06-03;83,47917
2016-06-04;83,48112
2016-06-05;83,48306
2016-06-06;83,48502
2016-06-07;83,48696
2016-06-08;83,4889
2016-06-09;83,49086
2016-06-10;83,4928
2016-06-11;83,49475
2016-06-12;83,4967
2016-06-13;83,49864
2016-06-14;83,50059
2016-06-15;83,50254
2016-06-16;83,50449
2016-06-17;83,50643
2016-06-18;83,50838
2016-06-19;83,51033
2016-06-20;83,51227
2016-06-21;83,51423
2016-06-22;83,51617
2016-06-23;83,51811
2016-06-24;83,52007
2016-06-25;83,52201
2016-06-26;83,52396
2016-06-27;83,52591
2016-06-28;83,52785
2016-06-29;83,5298
2016-06-30;83,53175
2016-07-01;83,5337
2016-07-02;83,54501
2016-07-03;83,55631
2016-07-04;83,56762
2016-07-05;83,57892
2016-07-06;83,59023
2016-07-07;83,60154
2016-07-08;83,61285
2016-07-09;83,62416
2016-07-10;83,63547
2016-07-11;83,64677
2016-07-12;83,65807
2016-07-13;83,66938
2016-07-14;83,68069
2016-07-15;83,692
2016-07-16;83,70331
2016-07-17;83,71461
2016-07-18;83,72592
2016-07-19;83,73723
2016-07-20;83,74854
2016-07-21;83,75984
2016-07-22;83,77115
2016-07-23;83,78245
2016-07-24;83,79376
2016-07-25;83,80507
2016-07-26;83,81638
2016-07-27;83,82769
2016-07-28;83,839
2016-07-29;83,8503
2016-07-30;83,86161
2016-07-31;83,87291
2016-08-01;83,88422
2016-08-02;83,88772
2016-08-03;83,89122
2016-08-04;83,89472
2016-08-05;83,89822
2016-08-06;83,90172
2016-08-07;83,90522
2016-08-08;83,90872
2016-08-09;83,91222
2016-08-10;83,91572
2016-08-11;83,91923
2016-08-12;83,92272
2016-08-13;83,92622
2016-08-14;83,92972
2016-08-15;83,93322
2016-08-16;83,93672
2016-08-17;83,94022
2016-08-18;83,94372
2016-08-19;83,94722
2016-08-20;83,95072
2016-08-21;83,95422
2016-08-22;83,95772
2016-08-23;83,96122
2016-08-24;83,96472
2016-08-25;83,96822
2016-08-26;83,97172
2016-08-27;83,97522
2016-08-28;83,97872
2016-08-29;83,98222
2016-08-30;83,98572
2016-08-31;83,98922
2016-09-01;83,99272
2016-09-02;83,98214
2016-09-03;83,97158
2016-09-04;83,961
2016-09-05;83,95043
2016-09-06;83,93986
2016-09-07;83,92929
2016-09-08;83,91872
2016-09-09;83,90815
2016-09-10;83,89758
2016-09-11;83,887
2016-09-12;83,87644
2016-09-13;83,86586
2016-09-14;83,85529
2016-09-15;83,84472
2016-09-16;83,83415
2016-09-17;83,82357
2016-09-18;83,81301
2016-09-19;83,80243
2016-09-20;83,79186
2016-09-21;83,78129
2016-09-22;83,77072
2016-09-23;83,76014
2016-09-24;83,74958
2016-09-25;83,739
2016-09-26;83,72843
2016-09-27;83,71786
2016-09-28;83,70729
2016-09-29;83,69672
2016-09-30;83,68615
2016-10-01;83,67558
2016-10-02;83,68446
2016-10-03;83,69334
2016-10-04;83,70223
2016-10-05;83,71111
2016-10-06;83,72
2016-10-07;83,72888
2016-10-08;83,73777
2016-10-09;83,74665
2016-10-10;83,75554
2016-10-11;83,76442
2016-10-12;83,77331
2016-10-13;83,78219
2016-10-14;83,79107
2016-10-15;83,79995
2016-10-16;83,80884
2016-10-17;83,81772
2016-10-18;83,82661
2016-10-19;83,83549
2016-10-20;83,84438
2016-10-21;83,85326
2016-10-22;83,86215
2016-10-23;83,87103
2016-10-24;83,87992
2016-10-25;83,8888
2016-10-26;83,89768
2016-10-27;83,90656
2016-10-28;83,91545
2016-10-29;83,92433
2016-10-30;83,93322
2016-10-31;83,9421
2016-11-01;83,95099
2016-11-02;83,94431
2016-11-03;83,93764
2016-11-04;83,93096
2016-11-05;83,92428
2016-11-06;83,91761
2016-11-07;83,91093
2016-11-08;83,90425
2016-11-09;83,89758
2016-11-10;83,8909
2016-11-11;83,88422
2016-11-12;83,87755
2016-11-13;83,87087
2016-11-14;83,86419
2016-11-15;83,85752
2016-11-16;83,85084
2016-11-17;83,84416
2016-11-18;83,83749
2016-11-19;83,83081
2016-11-20;83,82413
2016-11-21;83,81746
2016-11-22;83,81078
2016-11-23;83,8041
2016-11-24;83,79743
2016-11-25;83,79075
2016-11-26;83,78407
2016-11-27;83,7774
2016-11-28;83,77072
2016-11-29;83,76404
2016-11-30;83,75737
2016-12-01;83,75069
2016-12-02;83,75123
2016-12-03;83,75177
2016-12-04;83,75231
2016-12-05;83,75284
2016-12-06;83,75338
2016-12-07;83,75392
2016-12-08;83,75446
2016-12-09;83,755
2016-12-10;83,75554
2016-12-11;83,75607
2016-12-12;83,75661
2016-12-13;83,75715
2016-12-14;83,75769
2016-12-15;83,75823
2016-12-16;83,75877
2016-12-17;83,7593
2016-12-18;83,75984
2016-12-19;83,76038
2016-12-20;83,76092
2016-12-21;83,76146
2016-12-22;83,762
2016-12-23;83,76253
2016-12-24;83,76307
2016-12-25;83,76361
2016-12-26;83,76415
2016-12-27;83,76468
2016-12-28;83,76523
2016-12-29;83,76576
2016-12-30;83,7663
2016-12-31;83,76684
2017-01-01;83,76738
2017-01-02;83,76711
2017-01-03;83,76684
2017-01-04;83,76657
2017-01-05;83,7663
2017-01-06;83,76604
2017-01-07;83,76576
2017-01-08;83,76549
2017-01-09;83,76523
2017-01-10;83,76496
2017-01-11;83,76468
2017-01-12;83,76442
2017-01-13;83,76415
2017-01-14;83,76388
2017-01-15;83,76361
2017-01-16;83,76334
2017-01-17;83,76307
2017-01-18;83,76281
2017-01-19;83,76253
2017-01-20;83,76226
2017-01-21;83,762
2017-01-22;83,76173
2017-01-23;83,76146
2017-01-24;83,76119
2017-01-25;83,76092
2017-01-26;83,76065
2017-01-27;83,76038
2017-01-28;83,76011
2017-01-29;83,75984
2017-01-30;83,75958
2017-01-31;83,7593
2017-02-01;83,75903
2017-02-02;83,76797
2017-02-03;83,77692
2017-02-04;83,78586
2017-02-05;83,79481
2017-02-06;83,80374
2017-02-07;83,81269
2017-02-08;83,82163
2017-02-09;83,83057
2017-02-10;83,83951
2017-02-11;83,84845
2017-02-12;83,8574
2017-02-13;83,86634
2017-02-14;83,87528
2017-02-15;83,88422
2017-02-16;83,89316
2017-02-17;83,90211
2017-02-18;83,91105
2017-02-19;83,91999
2017-02-20;83,92893
2017-02-21;83,93788
2017-02-22;83,94682
2017-02-23;83,95575
2017-02-24;83,9647
2017-02-25;83,97364
2017-02-26;83,98259
2017-02-27;83,99153
2017-02-28;84,00047
2017-03-01;84,00941
2017-03-02;84,00268
2017-03-03;83,99595
2017-03-04;83,98922
2017-03-05;83,98249
2017-03-06;83,97576
2017-03-07;83,96902
2017-03-08;83,9623
2017-03-09;83,95556
2017-03-10;83,94884
2017-03-11;83,9421
2017-03-12;83,93537
2017-03-13;83,92865
2017-03-14;83,92191
2017-03-15;83,91519
2017-03-16;83,90845
2017-03-17;83,90172
2017-03-18;83,89499
2017-03-19;83,88826
2017-03-20;83,88153
2017-03-21;83,8748
2017-03-22;83,86807
2017-03-23;83,86134
2017-03-24;83,85461
2017-03-25;83,84788
2017-03-26;83,84115
2017-03-27;83,83441
2017-03-28;83,82769
2017-03-29;83,82095
2017-03-30;83,81423
2017-03-31;83,80749
2017-04-01;83,80076
2017-04-02;83,80383
2017-04-03;83,80688
2017-04-04;83,80994
2017-04-05;83,81301
2017-04-06;83,81606
2017-04-07;83,81912
2017-04-08;83,82219
2017-04-09;83,82524
2017-04-10;83,82831
2017-04-11;83,83137
2017-04-12;83,83442
2017-04-13;83,83749
2017-04-14;83,84055
2017-04-15;83,8436
2017-04-16;83,84667
2017-04-17;83,84973
2017-04-18;83,85278
2017-04-19;83,85585
2017-04-20;83,85891
2017-04-21;83,86196
2017-04-22;83,86503
2017-04-23;83,86809
2017-04-24;83,87114
2017-04-25;83,87421
2017-04-26;83,87727
2017-04-27;83,88033
2017-04-28;83,88339
2017-04-29;83,88645
2017-04-30;83,88951
2017-05-01;83,89257
2017-05-02;83,90926
2017-05-03;83,92595
2017-05-04;83,94264
2017-05-05;83,95934
2017-05-06;83,97603
2017-05-07;83,99272
2017-05-08;84,00941
2017-05-09;84,0261
2017-05-10;84,04279
2017-05-11;84,05949
2017-05-12;84,07618
2017-05-13;84,09287
2017-05-14;84,10956
2017-05-15;84,12625
2017-05-16;84,14294
2017-05-17;84,15964
2017-05-18;84,17633
2017-05-19;84,19302
2017-05-20;84,20971
2017-05-21;84,2264
2017-05-22;84,24309
2017-05-23;84,25979
2017-05-24;84,27648
2017-05-25;84,29317
2017-05-26;84,30986
2017-05-27;84,32655
2017-05-28;84,34324
2017-05-29;84,35994
2017-05-30;84,37663
2017-05-31;84,39332
2017-06-01;84,41001
2017-06-02;84,41252
2017-06-03;84,41502
2017-06-04;84,41752
2017-06-05;84,42003
2017-06-06;84,42253
2017-06-07;84,42503
2017-06-08;84,42754
2017-06-09;84,43004
2017-06-10;84,43255
2017-06-11;84,43505
2017-06-12;84,43755
2017-06-13;84,44006
2017-06-14;84,44256
2017-06-15;84,44506
2017-06-16;84,44757
2017-06-17;84,45007
2017-06-18;84,45258
2017-06-19;84,45508
2017-06-20;84,45758
2017-06-21;84,46009
2017-06-22;84,46259
2017-06-23;84,46509
2017-06-24;84,4676
2017-06-25;84,4701
2017-06-26;84,47261
2017-06-27;84,47511
2017-06-28;84,47761
2017-06-29;84,48012
2017-06-30;84,48262
2017-07-01;84,48512
2017-07-02;84,48647
2017-07-03;84,48782
2017-07-04;84,48916
2017-07-05;84,49051
2017-07-06;84,49185
2017-07-07;84,4932
2017-07-08;84,49455
2017-07-09;84,49589
2017-07-10;84,49724
2017-07-11;84,49859
2017-07-12;84,49993
2017-07-13;84,50127
2017-07-14;84,50263
2017-07-15;84,50397
2017-07-16;84,50531
2017-07-17;84,50667
2017-07-18;84,50801
2017-07-19;84,50935
2017-07-20;84,5107
2017-07-21;84,51205
2017-07-22;84,51339
2017-07-23;84,51474
2017-07-24;84,51609
2017-07-25;84,51743
2017-07-26;84,51877
2017-07-27;84,52013
2017-07-28;84,52147
2017-07-29;84,52281
2017-07-30;84,52416
2017-07-31;84,52551
2017-08-01;84,52685
2017-08-02;84,5274
2017-08-03;84,52793
2017-08-04;84,52847
2017-08-05;84,52901
2017-08-06;84,52955
2017-08-07;84,53008
2017-08-08;84,53063
2017-08-09;84,53116
2017-08-10;84,5317
2017-08-11;84,53224
2017-08-12;84,53278
2017-08-13;84,53331
2017-08-14;84,53386
2017-08-15;84,53439
2017-08-16;84,53493
2017-08-17;84,53547
2017-08-18;84,53601
2017-08-19;84,53654
2017-08-20;84,53709
2017-08-21;84,53762
2017-08-22;84,53816
2017-08-23;84,5387
2017-08-24;84,53924
2017-08-25;84,53977
2017-08-26;84,54032
2017-08-27;84,54085
2017-08-28;84,54139
2017-08-29;84,54193
2017-08-30;84,54247
2017-08-31;84,543
2017-09-01;84,54355
2017-09-02;84,53353
2017-09-03;84,52352
2017-09-04;84,5135
2017-09-05;84,50349
2017-09-06;84,49347
2017-09-07;84,48346
2017-09-08;84,47344
2017-09-09;84,46343
2017-09-10;84,45341
2017-09-11;84,4434
2017-09-12;84,43338
2017-09-13;84,42337
2017-09-14;84,41335
2017-09-15;84,40334
2017-09-16;84,39332
2017-09-17;84,3833
2017-09-18;84,37329
2017-09-19;84,36327
2017-09-20;84,35326
2017-09-21;84,34324
2017-09-22;84,33323
2017-09-23;84,32321
2017-09-24;84,3132
2017-09-25;84,30318
2017-09-26;84,29317
2017-09-27;84,28315
2017-09-28;84,27314
2017-09-29;84,26312
2017-09-30;84,25311
2017-10-01;84,24309
2017-10-02;84,25737
2017-10-03;84,27163
2017-10-04;84,2859
2017-10-05;84,30017
2017-10-06;84,31443
2017-10-07;84,32871
2017-10-08;84,34298
2017-10-09;84,35724
2017-10-10;84,37151
2017-10-11;84,38578
2017-10-12;84,40005
2017-10-13;84,41432
2017-10-14;84,42859
2017-10-15;84,44285
2017-10-16;84,45712
2017-10-17;84,4714
2017-10-18;84,48567
2017-10-19;84,49993
2017-10-20;84,5142
2017-10-21;84,52847
2017-10-22;84,54274
2017-10-23;84,55701
2017-10-24;84,57128
2017-10-25;84,58554
2017-10-26;84,59981
2017-10-27;84,61408
2017-10-28;84,62835
2017-10-29;84,64262
2017-10-30;84,65689
2017-10-31;84,67115
2017-11-01;84,68543
2017-11-02;84,68069
2017-11-03;84,67597
2017-11-04;84,67124
2017-11-05;84,6665
2017-11-06;84,66178
2017-11-07;84,65705
2017-11-08;84,65232
2017-11-09;84,64759
2017-11-10;84,64286
2017-11-11;84,63813
2017-11-12;84,63341
2017-11-13;84,62867
2017-11-14;84,62394
2017-11-15;84,61922
2017-11-16;84,61449
2017-11-17;84,60975
2017-11-18;84,60503
2017-11-19;84,6003
2017-11-20;84,59557
2017-11-21;84,59084
2017-11-22;84,58611
2017-11-23;84,58138
2017-11-24;84,57665
2017-11-25;84,57192
2017-11-26;84,56719
2017-11-27;84,56247
2017-11-28;84,55773
2017-11-29;84,553
2017-11-30;84,54828
2017-12-01;84,54355
2017-12-02;84,54624
2017-12-03;84,54893
2017-12-04;84,55162
2017-12-05;84,55431
2017-12-06;84,55701
2017-12-07;84,55969
2017-12-08;84,56239
2017-12-09;84,56509
2017-12-10;84,56777
2017-12-11;84,57047
2017-12-12;84,57316
2017-12-13;84,57585
2017-12-14;84,57855
2017-12-15;84,58124
2017-12-16;84,58393
2017-12-17;84,58662
2017-12-18;84,58931
2017-12-19;84,592
2017-12-20;84,5947
2017-12-21;84,59739
2017-12-22;84,60008
2017-12-23;84,60278
2017-12-24;84,60546
2017-12-25;84,60816
2017-12-26;84,61085
2017-12-27;84,61354
2017-12-28;84,61624
2017-12-29;84,61893
2017-12-30;84,62162
2017-12-31;84,62431
2018-01-01;84,627
2018-01-02;84,62889
2018-01-03;84,63078
2018-01-04;84,63265
2018-01-05;84,63454
2018-01-06;84,63643
2018-01-07;84,63831
2018-01-08;84,6402
2018-01-09;84,64208
2018-01-10;84,64396
2018-01-11;84,64585
2018-01-12;84,64774
2018-01-13;84,64962
2018-01-14;84,6515
2018-01-15;84,65339
2018-01-16;84,65527
2018-01-17;84,65716
2018-01-18;84,65904
2018-01-19;84,66093
2018-01-20;84,66281
2018-01-21;84,66469
2018-01-22;84,66658
2018-01-23;84,66847
2018-01-24;84,67035
2018-01-25;84,67223
2018-01-26;84,67412
2018-01-27;84,676
2018-01-28;84,67789
2018-01-29;84,67977
2018-01-30;84,68165
2018-01-31;84,68354
2018-02-01;84,68543
2018-02-02;84,69407
2018-02-03;84,70271
2018-02-04;84,71136
2018-02-05;84,72
2018-02-06;84,72865
2018-02-07;84,73729
2018-02-08;84,74593
2018-02-09;84,75458
2018-02-10;84,76322
2018-02-11;84,77186
2018-02-12;84,78051
2018-02-13;84,78916
2018-02-14;84,79779
2018-02-15;84,80644
2018-02-16;84,81509
2018-02-17;84,82372
2018-02-18;84,83237
2018-02-19;84,84102
2018-02-20;84,84966
2018-02-21;84,8583
2018-02-22;84,86695
2018-02-23;84,87559
2018-02-24;84,88423
2018-02-25;84,89288
2018-02-26;84,90152
2018-02-27;84,91017
2018-02-28;84,91881
2018-03-01;84,92745
2018-03-02;84,92503
2018-03-03;84,92261
2018-03-04;84,92019
2018-03-05;84,91777
2018-03-06;84,91534
2018-03-07;84,91292
2018-03-08;84,9105
2018-03-09;84,90807
2018-03-10;84,90565
2018-03-11;84,90323
2018-03-12;84,9008
2018-03-13;84,89838
2018-03-14;84,89596
2018-03-15;84,89353
2018-03-16;84,89111
2018-03-17;84,88869
2018-03-18;84,88627
2018-03-19;84,88384
2018-03-20;84,88142
2018-03-21;84,879
2018-03-22;84,87657
2018-03-23;84,87415
2018-03-24;84,87173
2018-03-25;84,8693
2018-03-26;84,86688
2018-03-27;84,86446
2018-03-28;84,86203
2018-03-29;84,85961
2018-03-30;84,85719
2018-03-31;84,85476
2018-04-01;84,85234
2018-04-02;84,85151
2018-04-03;84,85067
2018-04-04;84,84984
2018-04-05;84,849
2018-04-06;84,84817
2018-04-07;84,84733
2018-04-08;84,8465
2018-04-09;84,84567
2018-04-10;84,84483
2018-04-11;84,844
2018-04-12;84,84316
2018-04-13;84,84233
2018-04-14;84,84149
2018-04-15;84,84066
2018-04-16;84,83982
2018-04-17;84,83899
2018-04-18;84,83815
2018-04-19;84,83732
2018-04-20;84,83649
2018-04-21;84,83565
2018-04-22;84,83482
2018-04-23;84,83398
2018-04-24;84,83315
2018-04-25;84,83231
2018-04-26;84,83148
2018-04-27;84,83064
2018-04-28;84,82981
2018-04-29;84,82897
2018-04-30;84,82814
2018-05-01;84,8273
2018-05-02;84,8483
2018-05-03;84,8693
2018-05-04;84,8903
2018-05-05;84,91131
2018-05-06;84,9323
2018-05-07;84,9533
2018-05-08;84,9743
2018-05-09;84,9953
2018-05-10;85,0163
2018-05-11;85,03729
2018-05-12;85,05829
2018-05-13;85,0793
2018-05-14;85,1003
2018-05-15;85,1213
2018-05-16;85,14229
2018-05-17;85,16329
2018-05-18;85,18429
2018-05-19;85,20529
2018-05-20;85,22629
2018-05-21;85,24729
2018-05-22;85,26829
2018-05-23;85,28929
2018-05-24;85,31029
2018-05-25;85,33129
2018-05-26;85,35228
2018-05-27;85,37328
2018-05-28;85,39428
2018-05-29;85,41529
2018-05-30;85,43629
2018-05-31;85,45728
2018-06-01;85,47828
2018-06-02;85,48301
2018-06-03;85,48774
2018-06-04;85,49247
2018-06-05;85,4972
2018-06-06;85,50193
2018-06-07;85,50666
2018-06-08;85,51139
2018-06-09;85,51611
2018-06-10;85,52085
2018-06-11;85,52558
2018-06-12;85,5303
2018-06-13;85,53503
2018-06-14;85,53977
2018-06-15;85,54449
2018-06-16;85,54922
2018-06-17;85,55395
2018-06-18;85,55868
2018-06-19;85,56341
2018-06-20;85,56814
2018-06-21;85,57287
2018-06-22;85,5776
2018-06-23;85,58233
2018-06-24;85,58705
2018-06-25;85,59179
2018-06-26;85,59652
2018-06-27;85,60124
2018-06-28;85,60597
2018-06-29;85,61071
2018-06-30;85,61543
2018-07-01;85,62016
2018-07-02;85,63281
2018-07-03;85,64547
2018-07-04;85,65812
2018-07-05;85,67078
2018-07-06;85,68343
2018-07-07;85,69608
2018-07-08;85,70874
2018-07-09;85,72139
2018-07-10;85,73404
2018-07-11;85,74669
2018-07-12;85,75935
2018-07-13;85,77201
2018-07-14;85,78466
2018-07-15;85,79731
2018-07-16;85,80996
2018-07-17;85,82261
2018-07-18;85,83527
2018-07-19;85,84792
2018-07-20;85,86057
2018-07-21;85,87323
2018-07-22;85,88588
2018-07-23;85,89854
2018-07-24;85,91119
2018-07-25;85,92384
2018-07-26;85,93649
2018-07-27;85,94915
2018-07-28;85,9618
2018-07-29;85,97446
2018-07-30;85,98711
2018-07-31;85,99976
2018-08-01;86,01242
2018-08-02;86,01268
2018-08-03;86,01296
2018-08-04;86,01323
2018-08-05;86,01349
2018-08-06;86,01376
2018-08-07;86,01404
2018-08-08;86,0143
2018-08-09;86,01457
2018-08-10;86,01484
2018-08-11;86,01511
2018-08-12;86,01538
2018-08-13;86,01565
2018-08-14;86,01591
2018-08-15;86,01619
2018-08-16;86,01646
2018-08-17;86,01672
2018-08-18;86,01699
2018-08-19;86,01727
2018-08-20;86,01753
2018-08-21;86,0178
2018-08-22;86,01807
2018-08-23;86,01834
2018-08-24;86,01861
2018-08-25;86,01888
2018-08-26;86,01914
2018-08-27;86,01942
2018-08-28;86,01969
2018-08-29;86,01995
2018-08-30;86,02022
2018-08-31;86,0205
2018-09-01;86,02076
2018-09-02;86,0177
2018-09-03;86,01464
2018-09-04;86,01158
2018-09-05;86,00852
2018-09-06;86,00546
2018-09-07;86,0024
2018-09-08;85,99934
2018-09-09;85,99628
2018-09-10;85,99322
2018-09-11;85,99016
2018-09-12;85,9871
2018-09-13;85,98404
2018-09-14;85,98098
2018-09-15;85,97792
2018-09-16;85,97486
2018-09-17;85,9718
2018-09-18;85,96874
2018-09-19;85,96568
2018-09-20;85,96262
2018-09-21;85,95956
2018-09-22;85,9565
2018-09-23;85,95344
2018-09-24;85,95038
2018-09-25;85,94732
2018-09-26;85,94426
2018-09-27;85,9412
2018-09-28;85,93814
2018-09-29;85,93508
2018-09-30;85,93202
2018-10-01;85,92896
2018-10-02;85,94295
2018-10-03;85,95696
2018-10-04;85,97095
2018-10-05;85,98496
2018-10-06;85,99895
2018-10-07;86,01296
2018-10-08;86,02695
2018-10-09;86,04095
2018-10-10;86,05496
2018-10-11;86,06895
2018-10-12;86,08296
2018-10-13;86,09695
2018-10-14;86,11095
2018-10-15;86,12495
2018-10-16;86,13895
2018-10-17;86,15295
2018-10-18;86,16695
2018-10-19;86,18095
2018-10-20;86,19495
2018-10-21;86,20894
2018-10-22;86,22295
2018-10-23;86,23695
2018-10-24;86,25095
2018-10-25;86,26495
2018-10-26;86,27894
2018-10-27;86,29295
2018-10-28;86,30694
2018-10-29;86,32095
2018-10-30;86,33494
2018-10-31;86,34895
2018-11-01;86,36294
2018-11-02;86,35654
2018-11-03;86,35015
2018-11-04;86,34375
2018-11-05;86,33735
2018-11-06;86,33095
2018-11-07;86,32455
2018-11-08;86,31815
2018-11-09;86,31176
2018-11-10;86,30536
2018-11-11;86,29895
2018-11-12;86,29256
2018-11-13;86,28616
2018-11-14;86,27976
2018-11-15;86,27337
2018-11-16;86,26697
2018-11-17;86,26056
2018-11-18;86,25417
2018-11-19;86,24777
2018-11-20;86,24137
2018-11-21;86,23498
2018-11-22;86,22857
2018-11-23;86,22217
2018-11-24;86,21578
2018-11-25;86,20938
2018-11-26;86,20298
2018-11-27;86,19658
2018-11-28;86,19018
2018-11-29;86,18378
2018-11-30;86,17739
2018-12-01;86,17099
2018-12-02;86,17422
2018-12-03;86,17745
2018-12-04;86,18068
2018-12-05;86,18391
2018-12-06;86,18714
2018-12-07;86,19038
2018-12-08;86,19361
2018-12-09;86,19683
2018-12-10;86,20006
2018-12-11;86,20329
2018-12-12;86,20652
2018-12-13;86,20975
2018-12-14;86,21298
2018-12-15;86,21621
2018-12-16;86,21944
2018-12-17;86,22268
2018-12-18;86,22591
2018-12-19;86,22914
2018-12-20;86,23237
2018-12-21;86,2356
2018-12-22;86,23883
2018-12-23;86,24206
2018-12-24;86,24529
2018-12-25;86,24852
2018-12-26;86,25175
2018-12-27;86,25499
2018-12-28;86,25822
2018-12-29;86,26145
2018-12-30;86,26468
2018-12-31;86,26791
2019-01-01;86,27114
2019-01-02;86,26495
2019-01-03;86,25875
2019-01-04;86,25256
2019-01-05;86,24637
2019-01-06;86,24017
2019-01-07;86,23398
2019-01-08;86,22779
2019-01-09;86,22161
2019-01-10;86,21541
2019-01-11;86,20922
2019-01-12;86,20303
2019-01-13;86,19683
2019-01-14;86,19064
2019-01-15;86,18445
2019-01-16;86,17826
2019-01-17;86,17206
2019-01-18;86,16587
2019-01-19;86,15968
2019-01-20;86,15349
2019-01-21;86,14729
2019-01-22;86,1411
2019-01-23;86,13491
2019-01-24;86,12872
2019-01-25;86,12253
2019-01-26;86,11634
2019-01-27;86,11015
2019-01-28;86,10395
2019-01-29;86,09776
2019-01-30;86,09157
2019-01-31;86,08538
2019-02-01;86,07918
2019-02-02;86,07978
2019-02-03;86,08038
2019-02-04;86,08097
2019-02-05;86,08157
2019-02-06;86,08216
2019-02-07;86,08276
2019-02-08;86,08336
2019-02-09;86,08395
2019-02-10;86,08455
2019-02-11;86,08514
2019-02-12;86,08574
2019-02-13;86,08634
2019-02-14;86,08694
2019-02-15;86,08753
2019-02-16;86,08812
2019-02-17;86,08872
2019-02-18;86,08932
2019-02-19;86,08992
2019-02-20;86,09051
2019-02-21;86,09111
2019-02-22;86,0917
2019-02-23;86,09229
2019-02-24;86,0929
2019-02-25;86,09349
2019-02-26;86,09409
2019-02-27;86,09468
2019-02-28;86,09528
2019-03-01;86,09588
2019-03-02;86,08268
2019-03-03;86,06949
2019-03-04;86,0563
2019-03-05;86,0431
2019-03-06;86,02992
2019-03-07;86,01672
2019-03-08;86,00353
2019-03-09;85,99034
2019-03-10;85,97715
2019-03-11;85,96396
2019-03-12;85,95077
2019-03-13;85,93757
2019-03-14;85,92438
2019-03-15;85,91119
2019-03-16;85,89799
2019-03-17;85,88481
2019-03-18;85,87161
2019-03-19;85,85842
2019-03-20;85,84523
2019-03-21;85,83204
2019-03-22;85,81884
2019-03-23;85,80566
2019-03-24;85,79246
2019-03-25;85,77927
2019-03-26;85,76608
2019-03-27;85,75289
2019-03-28;85,7397
2019-03-29;85,7265
2019-03-30;85,71331
2019-03-31;85,70012
2019-04-01;85,68693
2019-04-02;85,6886
2019-04-03;85,69027
2019-04-04;85,69194
2019-04-05;85,6936
2019-04-06;85,69527
2019-04-07;85,69694
2019-04-08;85,69861
2019-04-09;85,70028
2019-04-10;85,70195
2019-04-11;85,70362
2019-04-12;85,70529
2019-04-13;85,70696
2019-04-14;85,70863
2019-04-15;85,7103
2019-04-16;85,71197
2019-04-17;85,71363
2019-04-18;85,7153
2019-04-19;85,71697
2019-04-20;85,71864
2019-04-21;85,72031
2019-04-22;85,72198
2019-04-23;85,72365
2019-04-24;85,72532
2019-04-25;85,72699
2019-04-26;85,72866
2019-04-27;85,73033
2019-04-28;85,732
2019-04-29;85,73366
2019-04-30;85,73533
2019-05-01;85,737
2019-05-02;85,75585
2019-05-03;85,77469
2019-05-04;85,79354
2019-05-05;85,81238
2019-05-06;85,83123
2019-05-07;85,85007
2019-05-08;85,86892
2019-05-09;85,88777
2019-05-10;85,90662
2019-05-11;85,92546
2019-05-12;85,94431
2019-05-13;85,96315
2019-05-14;85,982
2019-05-15;86,00084
2019-05-16;86,01969
2019-05-17;86,03853
2019-05-18;86,05738
2019-05-19;86,07622
2019-05-20;86,09507
2019-05-21;86,11391
2019-05-22;86,13276
2019-05-23;86,1516
2019-05-24;86,17045
2019-05-25;86,1893
2019-05-26;86,20814
2019-05-27;86,22699
2019-05-28;86,24583
2019-05-29;86,26468
2019-05-30;86,28352
2019-05-31;86,30237
2019-06-01;86,32121
2019-06-02;86,33039
2019-06-03;86,33957
2019-06-04;86,34875
2019-06-05;86,35794
2019-06-06;86,36712
2019-06-07;86,3763
2019-06-08;86,38548
2019-06-09;86,39466
2019-06-10;86,40384
2019-06-11;86,41302
2019-06-12;86,4222
2019-06-13;86,43138
2019-06-14;86,44056
2019-06-15;86,44974
2019-06-16;86,45892
2019-06-17;86,4681
2019-06-18;86,47728
2019-06-19;86,48646
2019-06-20;86,49564
2019-06-21;86,50482
2019-06-22;86,514
2019-06-23;86,52318
2019-06-24;86,53236
2019-06-25;86,54154
2019-06-26;86,55072
2019-06-27;86,5599
2019-06-28;86,56909
2019-06-29;86,57827
2019-06-30;86,58745
2019-07-01;86,59663
2019-07-02;86,59932
2019-07-03;86,60201
2019-07-04;86,60471
2019-07-05;86,60739
2019-07-06;86,61009
2019-07-07;86,61278
2019-07-08;86,61547
2019-07-09;86,61817
2019-07-10;86,62085
2019-07-11;86,62355
2019-07-12;86,62624
2019-07-13;86,62893
2019-07-14;86,63163
2019-07-15;86,63432
2019-07-16;86,63701
2019-07-17;86,6397
2019-07-18;86,6424
2019-07-19;86,64508
2019-07-20;86,64778
2019-07-21;86,65047
2019-07-22;86,65316
2019-07-23;86,65586
2019-07-24;86,65854
2019-07-25;86,66124
2019-07-26;86,66394
2019-07-27;86,66662
2019-07-28;86,66932
2019-07-29;86,67201
2019-07-30;86,6747
2019-07-31;86,67739
2019-08-01;86,68009
2019-08-02;86,68709
2019-08-03;86,69408
2019-08-04;86,70108
2019-08-05;86,70809
2019-08-06;86,71509
2019-08-07;86,72208
2019-08-08;86,72908
2019-08-09;86,73609
2019-08-10;86,74308
2019-08-11;86,75008
2019-08-12;86,75708
2019-08-13;86,76409
2019-08-14;86,77108
2019-08-15;86,77808
2019-08-16;86,78508
2019-08-17;86,79208
2019-08-18;86,79908
2019-08-19;86,80608
2019-08-20;86,81308
2019-08-21;86,82008
2019-08-22;86,82708
2019-08-23;86,83408
2019-08-24;86,84108
2019-08-25;86,84808
2019-08-26;86,85508
2019-08-27;86,86207
2019-08-28;86,86908
2019-08-29;86,87608
2019-08-30;86,88308
2019-08-31;86,89008
2019-09-01;86,89708
2019-09-02;86,89124
2019-09-03;86,88539
2019-09-04;86,87955
2019-09-05;86,87371
2019-09-06;86,86787
2019-09-07;86,86202
2019-09-08;86,85618
2019-09-09;86,85034
2019-09-10;86,8445
2019-09-11;86,83866
2019-09-12;86,83281
2019-09-13;86,82697
2019-09-14;86,82113
2019-09-15;86,81529
2019-09-16;86,80945
2019-09-17;86,8036
2019-09-18;86,79776
2019-09-19;86,79192
2019-09-20;86,78608
2019-09-21;86,78024
2019-09-22;86,77439
2019-09-23;86,76855
2019-09-24;86,76271
2019-09-25;86,75687
2019-09-26;86,75102
2019-09-27;86,74518
2019-09-28;86,73934
2019-09-29;86,7335
2019-09-30;86,72766
2019-10-01;86,72181
2019-10-02;86,73501
2019-10-03;86,7482
2019-10-04;86,76139
2019-10-05;86,77459
2019-10-06;86,78777
2019-10-07;86,80097
2019-10-08;86,81416
2019-10-09;86,82735
2019-10-10;86,84054
2019-10-11;86,85373
2019-10-12;86,86692
2019-10-13;86,88012
2019-10-14;86,89331
2019-10-15;86,9065
2019-10-16;86,91969
2019-10-17;86,93288
2019-10-18;86,94608
2019-10-19;86,95927
2019-10-20;86,97246
2019-10-21;86,98565
2019-10-22;86,99885
2019-10-23;87,01203
2019-10-24;87,02523
2019-10-25;87,03841
2019-10-26;87,05161
2019-10-27;87,0648
2019-10-28;87,07799
2019-10-29;87,09119
2019-10-30;87,10438
2019-10-31;87,11757
2019-11-01;87,13076
2019-11-02;87,12075
2019-11-03;87,11073
2019-11-04;87,10072
2019-11-05;87,0907
2019-11-06;87,08069
2019-11-07;87,07067
2019-11-08;87,06066
2019-11-09;87,05064
2019-11-10;87,04063
2019-11-11;87,03061
2019-11-12;87,0206
2019-11-13;87,01058
2019-11-14;87,00057
2019-11-15;86,99055
2019-11-16;86,98054
2019-11-17;86,97052
2019-11-18;86,96051
2019-11-19;86,95049
2019-11-20;86,94048
2019-11-21;86,93046
2019-11-22;86,92045
2019-11-23;86,91043
2019-11-24;86,90042
2019-11-25;86,8904
2019-11-26;86,88039
2019-11-27;86,87037
2019-11-28;86,86036
2019-11-29;86,85034
2019-11-30;86,84033
2019-12-01;86,83031
2019-12-02;86,82897
2019-12-03;86,82761
2019-12-04;86,82627
2019-12-05;86,82493
2019-12-06;86,82358
2019-12-07;86,82223
2019-12-08;86,82089
2019-12-09;86,81954
2019-12-10;86,81819
2019-12-11;86,81685
2019-12-12;86,81551
2019-12-13;86,81416
2019-12-14;86,81281
2019-12-15;86,81147
2019-12-16;86,81012
2019-12-17;86,80877
2019-12-18;86,80743
2019-12-19;86,80608
2019-12-20;86,80473
2019-12-21;86,80339
2019-12-22;86,80204
2019-12-23;86,8007
2019-12-24;86,79935
2019-12-25;86,798
2019-12-26;86,79666
2019-12-27;86,79531
2019-12-28;86,79396
2019-12-29;86,79262
2019-12-30;86,79128
2019-12-31;86,78993
2020-01-01;86,78858
2020-01-02;86,7867
2020-01-03;86,78481
2020-01-04;86,78293
2020-01-05;86,78105
2020-01-06;86,77916
2020-01-07;86,77727
2020-01-08;86,77539
2020-01-09;86,77351
2020-01-10;86,77162
2020-01-11;86,76974
2020-01-12;86,76785
2020-01-13;86,76596
2020-01-14;86,76409
2020-01-15;86,7622
2020-01-16;86,76031
2020-01-17;86,75843
2020-01-18;86,75654
2020-01-19;86,75466
2020-01-20;86,75278
2020-01-21;86,75089
2020-01-22;86,74901
2020-01-23;86,74712
2020-01-24;86,74523
2020-01-25;86,74336
2020-01-26;86,74147
2020-01-27;86,73958
2020-01-28;86,7377
2020-01-29;86,73581
2020-01-30;86,73393
2020-01-31;86,73205
2020-02-01;86,73016
2020-02-02;86,74369
2020-02-03;86,75721
2020-02-04;86,77074
2020-02-05;86,78427
2020-02-06;86,79779
2020-02-07;86,81132
2020-02-08;86,82484
2020-02-09;86,83837
2020-02-10;86,85189
2020-02-11;86,86542
2020-02-12;86,87895
2020-02-13;86,89247
2020-02-14;86,906
2020-02-15;86,91953
2020-02-16;86,93305
2020-02-17;86,94658
2020-02-18;86,96011
2020-02-19;86,97363
2020-02-20;86,98715
2020-02-21;87,00068
2020-02-22;87,0142
2020-02-23;87,02773
2020-02-24;87,04126
2020-02-25;87,05479
2020-02-26;87,06831
2020-02-27;87,08184
2020-02-28;87,09537
2020-02-29;87,10889
2020-03-01;87,12242
2020-03-02;87,1103
2020-03-03;87,09819
2020-03-04;87,08607
2020-03-05;87,07396
2020-03-06;87,06184
2020-03-07;87,04972
2020-03-08;87,03761
2020-03-09;87,0255
2020-03-10;87,01338
2020-03-11;87,00127
2020-03-12;86,98915
2020-03-13;86,97704
2020-03-14;86,96492
2020-03-15;86,9528
2020-03-16;86,94069
2020-03-17;86,92857
2020-03-18;86,91646
2020-03-19;86,90435
2020-03-20;86,89223
2020-03-21;86,88012
2020-03-22;86,868
2020-03-23;86,85589
2020-03-24;86,84377
2020-03-25;86,83165
2020-03-26;86,81954
2020-03-27;86,80743
2020-03-28;86,79531
2020-03-29;86,7832
2020-03-30;86,77108
2020-03-31;86,75897
2020-04-01;86,74685
2020-04-02;86,74658
2020-04-03;86,74629
2020-04-04;86,74602
2020-04-05;86,74574
2020-04-06;86,74546
2020-04-07;86,74518
2020-04-08;86,74491
2020-04-09;86,74462
2020-04-10;86,74435
2020-04-11;86,74407
2020-04-12;86,74379
2020-04-13;86,74351
2020-04-14;86,74324
2020-04-15;86,74295
2020-04-16;86,74268
2020-04-17;86,7424
2020-04-18;86,74212
2020-04-19;86,74184
2020-04-20;86,74157
2020-04-21;86,74129
2020-04-22;86,74101
2020-04-23;86,74073
2020-04-24;86,74045
2020-04-25;86,74018
2020-04-26;86,7399
2020-04-27;86,73962
2020-04-28;86,73934
2020-04-29;86,73907
2020-04-30;86,73878
2020-05-01;86,73851
2020-05-02;86,73635
2020-05-03;86,7342
2020-05-04;86,73205
2020-05-05;86,72989
2020-05-06;86,72774
2020-05-07;86,72559
2020-05-08;86,72343
2020-05-09;86,72127
2020-05-10;86,71912
2020-05-11;86,71697
2020-05-12;86,71481
2020-05-13;86,71266
2020-05-14;86,71051
2020-05-15;86,70835
2020-05-16;86,7062
2020-05-17;86,70405
2020-05-18;86,70189
2020-05-19;86,69974
2020-05-20;86,69759
2020-05-21;86,69543
2020-05-22;86,69328
2020-05-23;86,69113
2020-05-24;86,68897
2020-05-25;86,68681
2020-05-26;86,68466
2020-05-27;86,68251
2020-05-28;86,68035
2020-05-29;86,6782
2020-05-30;86,67605
2020-05-31;86,67389
2020-06-01;86,67174
2020-06-02;86,67063
2020-06-03;86,66951
2020-06-04;86,6684
2020-06-05;86,66729
2020-06-06;86,66617
2020-06-07;86,66506
2020-06-08;86,66395
2020-06-09;86,66283
2020-06-10;86,66172
2020-06-11;86,66061
2020-06-12;86,6595
2020-06-13;86,65839
2020-06-14;86,65728
2020-06-15;86,65616
2020-06-16;86,65505
2020-06-17;86,65394
2020-06-18;86,65282
2020-06-19;86,65171
2020-06-20;86,6506
2020-06-21;86,64948
2020-06-22;86,64837
2020-06-23;86,64726
2020-06-24;86,64614
2020-06-25;86,64503
2020-06-26;86,64392
2020-06-27;86,6428
2020-06-28;86,64169
2020-06-29;86,64058
2020-06-30;86,63947
2020-07-01;86,63836
2020-07-02;86,64213
2020-07-03;86,64589
2020-07-04;86,64966
2020-07-05;86,65343
2020-07-06;86,6572
2020-07-07;86,66097
2020-07-08;86,66474
2020-07-09;86,66851
2020-07-10;86,67228
2020-07-11;86,67605
2020-07-12;86,67982
2020-07-13;86,68358
2020-07-14;86,68735
2020-07-15;86,69113
2020-07-16;86,69489
2020-07-17;86,69866
2020-07-18;86,70243
2020-07-19;86,7062
2020-07-20;86,70997
2020-07-21;86,71374
2020-07-22;86,71751
2020-07-23;86,72127
2020-07-24;86,72504
2020-07-25;86,72882
2020-07-26;86,73258
2020-07-27;86,73635
2020-07-28;86,74013
2020-07-29;86,74389
2020-07-30;86,74766
2020-07-31;86,75143
2020-08-01;86,7552
2020-08-02;86,75762
2020-08-03;86,76005
2020-08-04;86,76247
2020-08-05;86,76489
2020-08-06;86,76732
2020-08-07;86,76974
2020-08-08;86,77216
2020-08-09;86,77459
2020-08-10;86,77701
2020-08-11;86,77943
2020-08-12;86,78185
2020-08-13;86,78427
2020-08-14;86,7867
2020-08-15;86,78912
2020-08-16;86,79154
2020-08-17;86,79396
2020-08-18;86,79638
2020-08-19;86,79881
2020-08-20;86,80123
2020-08-21;86,80365
2020-08-22;86,80608
2020-08-23;86,8085
2020-08-24;86,81092
2020-08-25;86,81335
2020-08-26;86,81577
2020-08-27;86,81819
2020-08-28;86,82062
2020-08-29;86,82304
2020-08-30;86,82546
2020-08-31;86,82789
2020-09-01;86,83031
2020-09-02;86,84144
2020-09-03;86,85257
2020-09-04;86,86369
2020-09-05;86,87482
2020-09-06;86,88595
2020-09-07;86,89708
2020-09-08;86,9082
2020-09-09;86,91934
2020-09-10;86,93046
2020-09-11;86,94159
2020-09-12;86,95272
2020-09-13;86,96384
2020-09-14;86,97497
2020-09-15;86,9861
2020-09-16;86,99723
2020-09-17;87,00835
2020-09-18;87,01949
2020-09-19;87,03061
2020-09-20;87,04174
2020-09-21;87,05287
2020-09-22;87,06399
2020-09-23;87,07512
2020-09-24;87,08625
2020-09-25;87,09738
2020-09-26;87,1085
2020-09-27;87,11964
2020-09-28;87,13076
2020-09-29;87,14189
2020-09-30;87,15302
2020-10-01;87,16414
2020-10-02;87,16145
2020-10-03;87,15876
2020-10-04;87,15607
2020-10-05;87,15338
2020-10-06;87,15068
2020-10-07;87,148
2020-10-08;87,1453
2020-10-09;87,1426
2020-10-10;87,13992
2020-10-11;87,13722
2020-10-12;87,13453
2020-10-13;87,13184
2020-10-14;87,12914
2020-10-15;87,12646
2020-10-16;87,12376
2020-10-17;87,12107
2020-10-18;87,11838
2020-10-19;87,11569
2020-10-20;87,11299
2020-10-21;87,1103
2020-10-22;87,10761
2020-10-23;87,10491
2020-10-24;87,10223
2020-10-25;87,09953
2020-10-26;87,09684
2020-10-27;87,09415
2020-10-28;87,09145
2020-10-29;87,08877
2020-10-30;87,08607
2020-10-31;87,08338
2020-11-01;87,08069
2020-11-02;87,06566
2020-11-03;87,05064
2020-11-04;87,03562
2020-11-05;87,0206
2020-11-06;87,00557
2020-11-07;86,99055
2020-11-08;86,97553
2020-11-09;86,96051
2020-11-10;86,94548
2020-11-11;86,93046
2020-11-12;86,91544
2020-11-13;86,90042
2020-11-14;86,88539
2020-11-15;86,87037
2020-11-16;86,85535
2020-11-17;86,84033
2020-11-18;86,8253
2020-11-19;86,81028
2020-11-20;86,79526
2020-11-21;86,78024
2020-11-22;86,76521
2020-11-23;86,75019
2020-11-24;86,73517
2020-11-25;86,72015
2020-11-26;86,70512
2020-11-27;86,6901
2020-11-28;86,67508
2020-11-29;86,66006
2020-11-30;86,64503
2020-12-01;86,63001
2020-12-02;86,62867
2020-12-03;86,62731
2020-12-04;86,62597
2020-12-05;86,62463
2020-12-06;86,62328
2020-12-07;86,62193
2020-12-08;86,62059
2020-12-09;86,61924
2020-12-10;86,61789
2020-12-11;86,61655
2020-12-12;86,6152
2020-12-13;86,61386
2020-12-14;86,61251
2020-12-15;86,61117
2020-12-16;86,60982
2020-12-17;86,60847
2020-12-18;86,60713
2020-12-19;86,60578
2020-12-20;86,60443
2020-12-21;86,60309
2020-12-22;86,60174
2020-12-23;86,6004
2020-12-24;86,59905
2020-12-25;86,5977
2020-12-26;86,59636
2020-12-27;86,59501
2020-12-28;86,59366
2020-12-29;86,59232
2020-12-30;86,59098
2020-12-31;86,58962
2021-01-01;86,58828
2021-01-02;86,59124
2021-01-03;86,59421
2021-01-04;86,59717
2021-01-05;86,60012
2021-01-06;86,60309
2021-01-07;86,60605
2021-01-08;86,60901
2021-01-09;86,61197
2021-01-10;86,61494
2021-01-11;86,61789
2021-01-12;86,62085
2021-01-13;86,62382
2021-01-14;86,62678
2021-01-15;86,62974
2021-01-16;86,63271
2021-01-17;86,63566
2021-01-18;86,63862
2021-01-19;86,64159
2021-01-20;86,64455
2021-01-21;86,64751
2021-01-22;86,65047
2021-01-23;86,65343
2021-01-24;86,65639
2021-01-25;86,65935
2021-01-26;86,66232
2021-01-27;86,66528
2021-01-28;86,66824
2021-01-29;86,6712
2021-01-30;86,67416
2021-01-31;86,67712
2021-02-01;86,68009
2021-02-02;86,68694
2021-02-03;86,6938
2021-02-04;86,70065
2021-02-05;86,70751
2021-02-06;86,71436
2021-02-07;86,72122
2021-02-08;86,72807
2021-02-09;86,73493
2021-02-10;86,74179
2021-02-11;86,74864
2021-02-12;86,7555
2021-02-13;86,76235
2021-02-14;86,76921
2021-02-15;86,77606
2021-02-16;86,78291
2021-02-17;86,78977
2021-02-18;86,79663
2021-02-19;86,80349
2021-02-20;86,81034
2021-02-21;86,8172
2021-02-22;86,82405
2021-02-23;86,8309
2021-02-24;86,83776
2021-02-25;86,84462
2021-02-26;86,85148
2021-02-27;86,85833
2021-02-28;86,86519
2021-03-01;86,87204
2021-03-02;86,87608
2021-03-03;86,88012
2021-03-04;86,88416
2021-03-05;86,88819
2021-03-06;86,89223
2021-03-07;86,89627
2021-03-08;86,90031
2021-03-09;86,90435
2021-03-10;86,90839
2021-03-11;86,91243
2021-03-12;86,91646
2021-03-13;86,9205
2021-03-14;86,92454
2021-03-15;86,92857
2021-03-16;86,93261
2021-03-17;86,93665
2021-03-18;86,94069
2021-03-19;86,94473
2021-03-20;86,94877
2021-03-21;86,9528
2021-03-22;86,95684
2021-03-23;86,96088
2021-03-24;86,96492
2021-03-25;86,96896
2021-03-26;86,973
2021-03-27;86,97704
2021-03-28;86,98108
2021-03-29;86,98511
2021-03-30;86,98915
2021-03-31;86,99319
2021-04-01;86,99723
2021-04-02;86,99723
2021-04-03;86,99723
2021-04-04;86,99723
2021-04-05;86,99723
2021-04-06;86,99723
2021-04-07;86,99723
2021-04-08;86,99723
2021-04-09;86,99723
2021-04-10;86,99723
2021-04-11;86,99723
2021-04-12;86,99723
2021-04-13;86,99723
2021-04-14;86,99723
2021-04-15;86,99723
2021-04-16;86,99723
2021-04-17;86,99723
2021-04-18;86,99723
2021-04-19;86,99723
2021-04-20;86,99723
2021-04-21;86,99723
2021-04-22;86,99723
2021-04-23;86,99723
2021-04-24;86,99723
2021-04-25;86,99723
2021-04-26;86,99723
2021-04-27;86,99723
2021-04-28;86,99723
2021-04-29;86,99723
2021-04-30;86,99723
2021-05-01;86,99723
2021-05-02;87,01473
2021-05-03;87,03223
2021-05-04;87,04972
2021-05-05;87,06722
2021-05-06;87,08473
2021-05-07;87,10223
2021-05-08;87,11972
2021-05-09;87,13722
2021-05-10;87,15472
2021-05-11;87,17222
2021-05-12;87,18973
2021-05-13;87,20722
2021-05-14;87,22472
2021-05-15;87,24222
2021-05-16;87,25972
2021-05-17;87,27721
2021-05-18;87,29472
2021-05-19;87,31222
2021-05-20;87,32972
2021-05-21;87,34721
2021-05-22;87,36471
2021-05-23;87,38221
2021-05-24;87,39972
2021-05-25;87,41722
2021-05-26;87,43471
2021-05-27;87,45221
2021-05-28;87,46971
2021-05-29;87,48721
2021-05-30;87,50471
2021-05-31;87,52221
2021-06-01;87,53971
2021-06-02;87,54277
2021-06-03;87,54583
2021-06-04;87,54889
2021-06-05;87,55195
2021-06-06;87,55501
2021-06-07;87,55807
2021-06-08;87,56113
2021-06-09;87,56419
2021-06-10;87,56725
2021-06-11;87,57031
2021-06-12;87,57337
2021-06-13;87,57643
2021-06-14;87,57949
2021-06-15;87,58255
2021-06-16;87,58561
2021-06-17;87,58867
2021-06-18;87,59173
2021-06-19;87,59479
2021-06-20;87,59785
2021-06-21;87,60091
2021-06-22;87,60397
2021-06-23;87,60703
2021-06-24;87,61009
2021-06-25;87,61315
2021-06-26;87,61622
2021-06-27;87,61927
2021-06-28;87,62233
2021-06-29;87,6254
2021-06-30;87,62845
2021-07-01;87,63151
2021-07-02;87,64067
2021-07-03;87,64982
2021-07-04;87,65897
2021-07-05;87,66813
2021-07-06;87,67728
2021-07-07;87,68644
2021-07-08;87,69558
2021-07-09;87,70474
2021-07-10;87,71389
2021-07-11;87,72305
2021-07-12;87,73221
2021-07-13;87,74135
2021-07-14;87,75051
2021-07-15;87,75966
2021-07-16;87,76882
2021-07-17;87,77797
2021-07-18;87,78712
2021-07-19;87,79628
2021-07-20;87,80543
2021-07-21;87,81458
2021-07-22;87,82373
2021-07-23;87,83289
2021-07-24;87,84205
2021-07-25;87,8512
2021-07-26;87,86035
2021-07-27;87,8695
2021-07-28;87,87866
2021-07-29;87,88781
2021-07-30;87,89696
2021-07-31;87,90612
2021-08-01;87,91527
2021-08-02;87,91904
2021-08-03;87,92281
2021-08-04;87,92658
2021-08-05;87,93034
2021-08-06;87,93412
2021-08-07;87,93789
2021-08-08;87,94165
2021-08-09;87,94543
2021-08-10;87,9492
2021-08-11;87,95296
2021-08-12;87,95673
2021-08-13;87,9605
2021-08-14;87,96427
2021-08-15;87,96804
2021-08-16;87,97181
2021-08-17;87,97558
2021-08-18;87,97934
2021-08-19;87,98312
2021-08-20;87,98689
2021-08-21;87,99065
2021-08-22;87,99442
2021-08-23;87,99819
2021-08-24;88,00196
2021-08-25;88,00573
2021-08-26;88,0095
2021-08-27;88,01327
2021-08-28;88,01704
2021-08-29;88,02081
2021-08-30;88,02458
2021-08-31;88,02834
2021-09-01;88,03211
2021-09-02;88,03406
2021-09-03;88,03601
2021-09-04;88,03796
2021-09-05;88,0399
2021-09-06;88,04185
2021-09-07;88,0438
2021-09-08;88,04574
2021-09-09;88,0477
2021-09-10;88,04964
2021-09-11;88,05159
2021-09-12;88,05354
2021-09-13;88,05548
2021-09-14;88,05743
2021-09-15;88,05938
2021-09-16;88,06132
2021-09-17;88,06327
2021-09-18;88,06522
2021-09-19;88,06717
2021-09-20;88,06911
2021-09-21;88,07106
2021-09-22;88,07301
2021-09-23;88,07495
2021-09-24;88,07691
2021-09-25;88,07885
2021-09-26;88,0808
2021-09-27;88,08275
2021-09-28;88,08469
2021-09-29;88,08664
2021-09-30;88,08859
2021-10-01;88,09054
2021-10-02;88,1083
2021-10-03;88,12607
2021-10-04;88,14384
2021-10-05;88,16161
2021-10-06;88,17938
2021-10-07;88,19715
2021-10-08;88,21491
2021-10-09;88,23268
2021-10-10;88,25045
2021-10-11;88,26822
2021-10-12;88,28599
2021-10-13;88,30376
2021-10-14;88,32152
2021-10-15;88,33929
2021-10-16;88,35706
2021-10-17;88,37484
2021-10-18;88,39261
2021-10-19;88,41037
2021-10-20;88,42814
2021-10-21;88,44591
2021-10-22;88,46368
2021-10-23;88,48145
2021-10-24;88,49922
2021-10-25;88,51698
2021-10-26;88,53475
2021-10-27;88,55252
2021-10-28;88,57029
2021-10-29;88,58806
2021-10-30;88,60583
2021-10-31;88,62359
2021-11-01;88,64136
2021-11-02;88,63469
2021-11-03;88,62801
2021-11-04;88,62133
2021-11-05;88,61466
2021-11-06;88,60798
2021-11-07;88,6013
2021-11-08;88,59463
2021-11-09;88,58795
2021-11-10;88,58127
2021-11-11;88,5746
2021-11-12;88,56792
2021-11-13;88,56124
2021-11-14;88,55456
2021-11-15;88,54789
2021-11-16;88,54121
2021-11-17;88,53453
2021-11-18;88,52786
2021-11-19;88,52118
2021-11-20;88,5145
2021-11-21;88,50783
2021-11-22;88,50115
2021-11-23;88,49447
2021-11-24;88,4878
2021-11-25;88,48112
2021-11-26;88,47444
2021-11-27;88,46777
2021-11-28;88,46109
2021-11-29;88,45441
2021-11-30;88,44774
2021-12-01;88,44106
2021-12-02;88,45318
2021-12-03;88,46529
2021-12-04;88,47741
2021-12-05;88,48952
2021-12-06;88,50164
2021-12-07;88,51375
2021-12-08;88,52586
2021-12-09;88,53798
2021-12-10;88,5501
2021-12-11;88,56221
2021-12-12;88,57433
2021-12-13;88,58644
2021-12-14;88,59856
2021-12-15;88,61067
2021-12-16;88,62278
2021-12-17;88,6349
2021-12-18;88,64701
2021-12-19;88,65913
2021-12-20;88,67125
2021-12-21;88,68336
2021-12-22;88,69548
2021-12-23;88,70759
2021-12-24;88,7197
2021-12-25;88,73182
2021-12-26;88,74393
2021-12-27;88,75605
2021-12-28;88,76817
2021-12-29;88,78028
2021-12-30;88,7924
2021-12-31;88,80451
2022-01-01;88,81662
2022-01-02;88,82739
2022-01-03;88,83817
2022-01-04;88,84893
2022-01-05;88,8597
2022-01-06;88,87047
2022-01-07;88,88124
2022-01-08;88,892
2022-01-09;88,90278
2022-01-10;88,91355
2022-01-11;88,92431
2022-01-12;88,93509
2022-01-13;88,94585
2022-01-14;88,95662
2022-01-15;88,96739
2022-01-16;88,97816
2022-01-17;88,98893
2022-01-18;88,99969
2022-01-19;89,01047
2022-01-20;89,02123
2022-01-21;89,032
2022-01-22;89,04277
2022-01-23;89,05354
2022-01-24;89,0643
2022-01-25;89,07508
2022-01-26;89,08585
2022-01-27;89,09661
2022-01-28;89,10739
2022-01-29;89,11815
2022-01-30;89,12892
2022-01-31;89,13969
2022-02-01;89,15046
2022-02-02;89,15672
2022-02-03;89,16298
2022-02-04;89,16924
2022-02-05;89,1755
2022-02-06;89,18176
2022-02-07;89,18802
2022-02-08;89,19428
2022-02-09;89,20053
2022-02-10;89,20679
2022-02-11;89,21305
2022-02-12;89,21931
2022-02-13;89,22557
2022-02-14;89,23183
2022-02-15;89,23809
2022-02-16;89,24435
2022-02-17;89,25061
2022-02-18;89,25687
2022-02-19;89,26313
2022-02-20;89,26939
2022-02-21;89,27565
2022-02-22;89,28191
2022-02-23;89,28817
2022-02-24;89,29443
2022-02-25;89,30068
2022-02-26;89,30694
2022-02-27;89,3132
2022-02-28;89,31946
2022-03-01;89,32572
2022-03-02;89,33299
2022-03-03;89,34026
2022-03-04;89,34753
2022-03-05;89,3548
2022-03-06;89,36207
2022-03-07;89,36934
2022-03-08;89,37661
2022-03-09;89,38388
2022-03-10;89,39115
2022-03-11;89,39841
2022-03-12;89,40568
2022-03-13;89,41295
2022-03-14;89,42022
2022-03-15;89,42749
2022-03-16;89,43476
2022-03-17;89,44202
2022-03-18;89,44929
2022-03-19;89,45656
2022-03-20;89,46383
2022-03-21;89,4711
2022-03-22;89,47837
2022-03-23;89,48564
2022-03-24;89,49291
2022-03-25;89,50018
2022-03-26;89,50744
2022-03-27;89,51471
2022-03-28;89,52198
2022-03-29;89,52925
2022-03-30;89,53652
2022-03-31;89,54379
2022-04-01;89,55106
2022-04-02;89,57443
2022-04-03;89,5978
2022-04-04;89,62117
2022-04-05;89,64453
2022-04-06;89,6679
2022-04-07;89,69127
2022-04-08;89,71464
2022-04-09;89,73801
2022-04-10;89,76138
2022-04-11;89,78474
2022-04-12;89,80811
2022-04-13;89,83148
2022-04-14;89,85485
2022-04-15;89,87822
2022-04-16;89,90159
2022-04-17;89,92495
2022-04-18;89,94832
2022-04-19;89,97169
2022-04-20;89,99506
2022-04-21;90,01843
2022-04-22;90,0418
2022-04-23;90,06517
2022-04-24;90,08853
2022-04-25;90,1119
2022-04-26;90,13527
2022-04-27;90,15864
2022-04-28;90,18201
2022-04-29;90,20538
2022-04-30;90,22874
2022-05-01;90,25211
2022-05-02;90,29411
2022-05-03;90,33611
2022-05-04;90,37811
2022-05-05;90,42011
2022-05-06;90,4621
2022-05-07;90,50411
2022-05-08;90,5461
2022-05-09;90,5881
2022-05-10;90,6301
2022-05-11;90,6721
2022-05-12;90,7141
2022-05-13;90,75609
2022-05-14;90,79809
2022-05-15;90,84009
2022-05-16;90,88209
2022-05-17;90,92409
2022-05-18;90,96608
2022-05-19;91,00809
2022-05-20;91,05009
2022-05-21;91,09208
2022-05-22;91,13408
2022-05-23;91,17608
2022-05-24;91,21808
2022-05-25;91,26008
2022-05-26;91,30207
2022-05-27;91,34408
2022-05-28;91,38607
2022-05-29;91,42807
2022-05-30;91,47007
2022-05-31;91,51207
2022-06-01;91,55407
2022-06-02;91,5677
2022-06-03;91,58133
2022-06-04;91,59496
2022-06-05;91,60859
2022-06-06;91,62223
2022-06-07;91,63586
2022-06-08;91,64948
2022-06-09;91,66312
2022-06-10;91,67675
2022-06-11;91,69038
2022-06-12;91,70402
2022-06-13;91,71765
2022-06-14;91,73127
2022-06-15;91,74491
2022-06-16;91,75854
2022-06-17;91,77217
2022-06-18;91,78581
2022-06-19;91,79943
2022-06-20;91,81306
2022-06-21;91,8267
2022-06-22;91,84033
2022-06-23;91,85396
2022-06-24;91,8676
2022-06-25;91,88122
2022-06-26;91,89485
2022-06-27;91,90849
2022-06-28;91,92212
2022-06-29;91,93575
2022-06-30;91,94938
2022-07-01;91,96301
2022-07-02;91,98348
2022-07-03;92,00393
2022-07-04;92,0244
2022-07-05;92,04485
2022-07-06;92,06532
2022-07-07;92,08578
2022-07-08;92,10624
2022-07-09;92,1267
2022-07-10;92,14716
2022-07-11;92,16762
2022-07-12;92,18808
2022-07-13;92,20854
2022-07-14;92,229
2022-07-15;92,24947
2022-07-16;92,26992
2022-07-17;92,29039
2022-07-18;92,31084
2022-07-19;92,33131
2022-07-20;92,35177
2022-07-21;92,37223
2022-07-22;92,39269
2022-07-23;92,41315
2022-07-24;92,43361
2022-07-25;92,45408
2022-07-26;92,47453
2022-07-27;92,495
2022-07-28;92,51546
2022-07-29;92,53591
2022-07-30;92,55638
2022-07-31;92,57683
2022-08-01;92,5973
2022-08-02;92,62018
2022-08-03;92,64307
2022-08-04;92,66595
2022-08-05;92,68884
2022-08-06;92,71172
2022-08-07;92,7346
2022-08-08;92,75749
2022-08-09;92,78037
2022-08-10;92,80325
2022-08-11;92,82613
2022-08-12;92,84902
2022-08-13;92,8719
2022-08-14;92,89479
2022-08-15;92,91767
2022-08-16;92,94056
2022-08-17;92,96344
2022-08-18;92,98632
2022-08-19;93,00921
2022-08-20;93,03209
2022-08-21;93,05498
2022-08-22;93,07786
2022-08-23;93,10075
2022-08-24;93,12363
2022-08-25;93,14651
2022-08-26;93,16939
2022-08-27;93,19228
2022-08-28;93,21516
2022-08-29;93,23804
2022-08-30;93,26093
2022-08-31;93,28381
2022-09-01;93,3067
2022-09-02;93,31532
2022-09-03;93,32395
2022-09-04;93,33257
2022-09-05;93,34119
2022-09-06;93,34982
2022-09-07;93,35844
2022-09-08;93,36706
2022-09-09;93,37569
2022-09-10;93,38431
2022-09-11;93,39293
2022-09-12;93,40156
2022-09-13;93,41019
2022-09-14;93,41881
2022-09-15;93,42744
2022-09-16;93,43606
2022-09-17;93,44468
2022-09-18;93,45331
2022-09-19;93,46193
2022-09-20;93,47055
2022-09-21;93,47918
2022-09-22;93,4878
2022-09-23;93,49642
2022-09-24;93,50505
2022-09-25;93,51367
2022-09-26;93,5223
2022-09-27;93,53092
2022-09-28;93,53955
2022-09-29;93,54817
2022-09-30;93,5568
2022-10-01;93,56542
2022-10-02;93,57941
2022-10-03;93,59342
2022-10-04;93,60741
2022-10-05;93,62142
2022-10-06;93,63542
2022-10-07;93,64942
2022-10-08;93,66342
2022-10-09;93,67741
2022-10-10;93,69142
2022-10-11;93,70541
2022-10-12;93,71942
2022-10-13;93,73341
2022-10-14;93,74741
2022-10-15;93,76141
2022-10-16;93,77541
2022-10-17;93,78941
2022-10-18;93,80341
2022-10-19;93,81741
2022-10-20;93,83141
2022-10-21;93,84541
2022-10-22;93,85941
2022-10-23;93,87341
2022-10-24;93,88741
2022-10-25;93,90141
2022-10-26;93,9154
2022-10-27;93,92941
2022-10-28;93,9434
2022-10-29;93,95741
2022-10-30;93,9714
2022-10-31;93,98541
2022-11-01;93,9994
2022-11-02;93,9816
2022-11-03;93,96379
2022-11-04;93,94599
2022-11-05;93,92819
2022-11-06;93,91038
2022-11-07;93,89258
2022-11-08;93,87477
2022-11-09;93,85696
2022-11-10;93,83916
2022-11-11;93,82136
2022-11-12;93,80355
2022-11-13;93,78575
2022-11-14;93,76795
2022-11-15;93,75014
2022-11-16;93,73234
2022-11-17;93,71453
2022-11-18;93,69672
2022-11-19;93,67892
2022-11-20;93,66112
2022-11-21;93,64331
2022-11-22;93,62551
2022-11-23;93,60771
2022-11-24;93,5899
2022-11-25;93,5721
2022-11-26;93,55429
2022-11-27;93,53648
2022-11-28;93,51868
2022-11-29;93,50088
2022-11-30;93,48307
2022-12-01;93,46527
2022-12-02;93,49677
2022-12-03;93,52826
2022-12-04;93,55977
2022-12-05;93,59127
2022-12-06;93,62276
2022-12-07;93,65426
2022-12-08;93,68576
2022-12-09;93,71726
2022-12-10;93,74876
2022-12-11;93,78026
2022-12-12;93,81175
2022-12-13;93,84325
2022-12-14;93,87476
2022-12-15;93,90625
2022-12-16;93,93775
2022-12-17;93,96925
2022-12-18;94,00075
2022-12-19;94,03224
2022-12-20;94,06375
2022-12-21;94,09525
2022-12-22;94,12674
2022-12-23;94,15824
2022-12-24;94,18974
2022-12-25;94,22124
2022-12-26;94,25274
2022-12-27;94,28424
2022-12-28;94,31574
2022-12-29;94,34723
2022-12-30;94,37874
2022-12-31;94,41024
2023-01-01;94,44173
2023-01-02;94,4517
2023-01-03;94,46166
2023-01-04;94,47162
2023-01-05;94,48158
2023-01-06;94,49154
2023-01-07;94,5015
2023-01-08;94,51146
2023-01-09;94,52142
2023-01-10;94,53138
2023-01-11;94,54134
2023-01-12;94,55131
2023-01-13;94,56127
2023-01-14;94,57123
2023-01-15;94,58119
2023-01-16;94,59115
2023-01-17;94,60111
2023-01-18;94,61107
2023-01-19;94,62104
2023-01-20;94,63099
2023-01-21;94,64096
2023-01-22;94,65092
2023-01-23;94,66088
2023-01-24;94,67084
2023-01-25;94,6808
2023-01-26;94,69077
2023-01-27;94,70072
2023-01-28;94,71069
2023-01-29;94,72064
2023-01-30;94,73061
2023-01-31;94,74057
2023-02-01;94,75053
2023-02-02;94,74725
2023-02-03;94,74397
2023-02-04;94,74069
2023-02-05;94,73742
2023-02-06;94,73414
2023-02-07;94,73086
2023-02-08;94,72758
2023-02-09;94,7243
2023-02-10;94,72102
2023-02-11;94,71774
2023-02-12;94,71447
2023-02-13;94,71119
2023-02-14;94,70791
2023-02-15;94,70463
2023-02-16;94,70135
2023-02-17;94,69807
2023-02-18;94,69479
2023-02-19;94,69152
2023-02-20;94,68824
2023-02-21;94,68496
2023-02-22;94,68168
2023-02-23;94,6784
2023-02-24;94,67512
2023-02-25;94,67184
2023-02-26;94,66857
2023-02-27;94,66529
2023-02-28;94,66201
2023-03-01;94,65873
2023-03-02;94,67057
2023-03-03;94,68242
2023-03-04;94,69426
2023-03-05;94,70611
2023-03-06;94,71796
2023-03-07;94,7298
2023-03-08;94,74164
2023-03-09;94,75349
2023-03-10;94,76534
2023-03-11;94,77719
2023-03-12;94,78903
2023-03-13;94,80087
2023-03-14;94,81272
2023-03-15;94,82457
2023-03-16;94,83641
2023-03-17;94,84826
2023-03-18;94,8601
2023-03-19;94,87195
2023-03-20;94,8838
2023-03-21;94,89564
2023-03-22;94,90748
2023-03-23;94,91933
2023-03-24;94,93118
2023-03-25;94,94303
2023-03-26;94,95487
2023-03-27;94,96671
2023-03-28;94,97856
2023-03-29;94,99041
2023-03-30;95,00225
2023-03-31;95,0141
2023-04-01;95,02594
2023-04-02;95,05933
2023-04-03;95,09271
2023-04-04;95,12609
2023-04-05;95,15948
2023-04-06;95,19286
2023-04-07;95,22624
2023-04-08;95,25963
2023-04-09;95,29301
2023-04-10;95,32639
2023-04-11;95,35978
2023-04-12;95,39316
2023-04-13;95,42654
2023-04-14;95,45993
2023-04-15;95,49331
2023-04-16;95,5267
2023-04-17;95,56008
2023-04-18;95,59346
2023-04-19;95,62685
2023-04-20;95,66023
2023-04-21;95,69361
2023-04-22;95,727
2023-04-23;95,76038
2023-04-24;95,79376
2023-04-25;95,82715
2023-04-26;95,86053
2023-04-27;95,89391
2023-04-28;95,9273
2023-04-29;95,96068
2023-04-30;95,99406
2023-05-01;96,02745
2023-05-02;96,0506
2023-05-03;96,07375
2023-05-04;96,09691
2023-05-05;96,12006
2023-05-06;96,14321
2023-05-07;96,16636
2023-05-08;96,18951
2023-05-09;96,21267
2023-05-10;96,23583
2023-05-11;96,25898
2023-05-12;96,28213
2023-05-13;96,30528
2023-05-14;96,32844
2023-05-15;96,35159
2023-05-16;96,37474
2023-05-17;96,39789
2023-05-18;96,42105
2023-05-19;96,4442
2023-05-20;96,46736
2023-05-21;96,49051
2023-05-22;96,51366
2023-05-23;96,53681
2023-05-24;96,55996
2023-05-25;96,58312
2023-05-26;96,60627
2023-05-27;96,62942
2023-05-28;96,65258
2023-05-29;96,67573
2023-05-30;96,69889
2023-05-31;96,72204
2023-06-01;96,74519
2023-06-02;96,76439
2023-06-03;96,78358
2023-06-04;96,80278
2023-06-05;96,82197
2023-06-06;96,84117
2023-06-07;96,86036
2023-06-08;96,87956
2023-06-09;96,89875
2023-06-10;96,91795
2023-06-11;96,93715
2023-06-12;96,95634
2023-06-13;96,97554
2023-06-14;96,99473
2023-06-15;97,01393
2023-06-16;97,03312
2023-06-17;97,05232
2023-06-18;97,07151
2023-06-19;97,09071
2023-06-20;97,1099
2023-06-21;97,1291
2023-06-22;97,1483
2023-06-23;97,16749
2023-06-24;97,18669
2023-06-25;97,20588
2023-06-26;97,22508
2023-06-27;97,24427
2023-06-28;97,26347
2023-06-29;97,28266
2023-06-30;97,30186
2023-07-01;97,32105
2023-07-02;97,31917
2023-07-03;97,31728
2023-07-04;97,3154
2023-07-05;97,31352
2023-07-06;97,31163
2023-07-07;97,30975
2023-07-08;97,30786
2023-07-09;97,30598
2023-07-10;97,3041
2023-07-11;97,30221
2023-07-12;97,30032
2023-07-13;97,29844
2023-07-14;97,29656
2023-07-15;97,29467
2023-07-16;97,29279
2023-07-17;97,2909
2023-07-18;97,28901
2023-07-19;97,28713
2023-07-20;97,28525
2023-07-21;97,28336
2023-07-22;97,28148
2023-07-23;97,27959
2023-07-24;97,27771
2023-07-25;97,27583
2023-07-26;97,27394
2023-07-27;97,27206
2023-07-28;97,27017
2023-07-29;97,26828
2023-07-30;97,26641
2023-07-31;97,26452
2023-08-01;97,26263
2023-08-02;97,26828
2023-08-03;97,27394
2023-08-04;97,27959
2023-08-05;97,28525
2023-08-06;97,2909
2023-08-07;97,29656
2023-08-08;97,30221
2023-08-09;97,30786
2023-08-10;97,31352
2023-08-11;97,31917
2023-08-12;97,32483
2023-08-13;97,33048
2023-08-14;97,33613
2023-08-15;97,34179
2023-08-16;97,34744
2023-08-17;97,35309
2023-08-18;97,35874
2023-08-19;97,3644
2023-08-20;97,37005
2023-08-21;97,3757
2023-08-22;97,38136
2023-08-23;97,38701
2023-08-24;97,39267
2023-08-25;97,39832
2023-08-26;97,40397
2023-08-27;97,40963
2023-08-28;97,41528
2023-08-29;97,42094
2023-08-30;97,42659
2023-08-31;97,43225
2023-09-01;97,4379
2023-09-02;97,43957
2023-09-03;97,44123
2023-09-04;97,4429
2023-09-05;97,44457
2023-09-06;97,44624
2023-09-07;97,44791
2023-09-08;97,44958
2023-09-09;97,45125
2023-09-10;97,45292
2023-09-11;97,45459
2023-09-12;97,45626
2023-09-13;97,45793
2023-09-14;97,4596
2023-09-15;97,46127
2023-09-16;97,46293
2023-09-17;97,4646
2023-09-18;97,46627
2023-09-19;97,46794
2023-09-20;97,46961
2023-09-21;97,47128
2023-09-22;97,47295
2023-09-23;97,47462
2023-09-24;97,47629
2023-09-25;97,47796
2023-09-26;97,47963
2023-09-27;97,4813
2023-09-28;97,48296
2023-09-29;97,48463
2023-09-30;97,4863
2023-10-01;97,48797
2023-10-02;97,52001
2023-10-03;97,55204
2023-10-04;97,58408
2023-10-05;97,61612
2023-10-06;97,64816
2023-10-07;97,68019
2023-10-08;97,71223
2023-10-09;97,74427
2023-10-10;97,7763
2023-10-11;97,80834
2023-10-12;97,84038
2023-10-13;97,87242
2023-10-14;97,90446
2023-10-15;97,93649
2023-10-16;97,96853
2023-10-17;98,00057
2023-10-18;98,03261
2023-10-19;98,06465
2023-10-20;98,09668
2023-10-21;98,12872
2023-10-22;98,16076
2023-10-23;98,1928
2023-10-24;98,22483
2023-10-25;98,25687
2023-10-26;98,28891
2023-10-27;98,32094
2023-10-28;98,35298
2023-10-29;98,38502
2023-10-30;98,41706
2023-10-31;98,44909
2023-11-01;98,48113
2023-11-02;98,4636
2023-11-03;98,44608
2023-11-04;98,42855
2023-11-05;98,41102
2023-11-06;98,3935
2023-11-07;98,37597
2023-11-08;98,35844
2023-11-09;98,34092
2023-11-10;98,32339
2023-11-11;98,30587
2023-11-12;98,28834
2023-11-13;98,27081
2023-11-14;98,25329
2023-11-15;98,23576
2023-11-16;98,21823
2023-11-17;98,20071
2023-11-18;98,18318
2023-11-19;98,16566
2023-11-20;98,14813
2023-11-21;98,1306
2023-11-22;98,11308
2023-11-23;98,09555
2023-11-24;98,07802
2023-11-25;98,0605
2023-11-26;98,04297
2023-11-27;98,02545
2023-11-28;98,00792
2023-11-29;97,99039
2023-11-30;97,97287
2023-12-01;97,95534
2023-12-02;97,95991
2023-12-03;97,9645
2023-12-04;97,96907
2023-12-05;97,97365
2023-12-06;97,97822
2023-12-07;97,9828
2023-12-08;97,98738
2023-12-09;97,99195
2023-12-10;97,99653
2023-12-11;98,00111
2023-12-12;98,00568
2023-12-13;98,01026
2023-12-14;98,01484
2023-12-15;98,01941
2023-12-16;98,02399
2023-12-17;98,02857
2023-12-18;98,03315
2023-12-19;98,03772
2023-12-20;98,0423
2023-12-21;98,04688
2023-12-22;98,05145
2023-12-23;98,05603
2023-12-24;98,06061
2023-12-25;98,06518
2023-12-26;98,06976
2023-12-27;98,07434
2023-12-28;98,07891
2023-12-29;98,08349
2023-12-30;98,08806
2023-12-31;98,09265
2024-01-01;98,09722
2024-01-02;98,09157
2024-01-03;98,08591
2024-01-04;98,08026
2024-01-05;98,0746
2024-01-06;98,06895
2024-01-07;98,06329
2024-01-08;98,05764
2024-01-09;98,05199
2024-01-10;98,04633
2024-01-11;98,04068
2024-01-12;98,03503
2024-01-13;98,02938
2024-01-14;98,02373
2024-01-15;98,01807
2024-01-16;98,01242
2024-01-17;98,00676
2024-01-18;98,00111
2024-01-19;97,99545
2024-01-20;97,9898
2024-01-21;97,98415
2024-01-22;97,97849
2024-01-23;97,97284
2024-01-24;97,96718
2024-01-25;97,96153
2024-01-26;97,95588
2024-01-27;97,95022
2024-01-28;97,94457
2024-01-29;97,93892
2024-01-30;97,93327
2024-01-31;97,92761
2024-02-01;97,92196
2024-02-02;97,92685
2024-02-03;97,93174
2024-02-04;97,93664
2024-02-05;97,94153
2024-02-06;97,94642
2024-02-07;97,95131
2024-02-08;97,9562
2024-02-09;97,9611
2024-02-10;97,96599
2024-02-11;97,97088
2024-02-12;97,97577
2024-02-13;97,98066
2024-02-14;97,98556
2024-02-15;97,99045
2024-02-16;97,99534
2024-02-17;98,00023
2024-02-18;98,00513
2024-02-19;98,01002
2024-02-20;98,01491
2024-02-21;98,0198
2024-02-22;98,02469
2024-02-23;98,02959
2024-02-24;98,03448
2024-02-25;98,03937
2024-02-26;98,04426
2024-02-27;98,04916
2024-02-28;98,05405
2024-02-29;98,05895
2024-03-01;98,06384
2024-03-02;98,05468
2024-03-03;98,04553
2024-03-04;98,03638
2024-03-05;98,02722
2024-03-06;98,01807
2024-03-07;98,00891
2024-03-08;97,99976
2024-03-09;97,99061
2024-03-10;97,98145
2024-03-11;97,9723
2024-03-12;97,96314
2024-03-13;97,954
2024-03-14;97,94484
2024-03-15;97,93569
2024-03-16;97,92653
2024-03-17;97,91738
2024-03-18;97,90823
2024-03-19;97,89907
2024-03-20;97,88992
2024-03-21;97,88077
2024-03-22;97,87161
2024-03-23;97,86246
2024-03-24;97,8533
2024-03-25;97,84415
2024-03-26;97,835
2024-03-27;97,82585
2024-03-28;97,81669
2024-03-29;97,80753
2024-03-30;97,79839
2024-03-31;97,78923
2024-04-01;97,78008
2024-04-02;97,80762
2024-04-03;97,83516
2024-04-04;97,8627
2024-04-05;97,89024
2024-04-06;97,91778
2024-04-07;97,94532
2024-04-08;97,97287
2024-04-09;98,00041
2024-04-10;98,02795
2024-04-11;98,05549
2024-04-12;98,08303
2024-04-13;98,11057
2024-04-14;98,13811
2024-04-15;98,16566
2024-04-16;98,1932
2024-04-17;98,22074
2024-04-18;98,24828
2024-04-19;98,27582
2024-04-20;98,30336
2024-04-21;98,3309
2024-04-22;98,35844
2024-04-23;98,38599
2024-04-24;98,41353
2024-04-25;98,44107
2024-04-26;98,46861
2024-04-27;98,49615
2024-04-28;98,52369
2024-04-29;98,55123
2024-04-30;98,57878
2024-05-01;98,60632
2024-05-02;98,61304
2024-05-03;98,61978
2024-05-04;98,62651
2024-05-05;98,63324
2024-05-06;98,63997
2024-05-07;98,6467
2024-05-08;98,65343
2024-05-09;98,66016
2024-05-10;98,66689
2024-05-11;98,67363
2024-05-12;98,68035
2024-05-13;98,68708
2024-05-14;98,69381
2024-05-15;98,70054
2024-05-16;98,70728
2024-05-17;98,714
2024-05-18;98,72074
2024-05-19;98,72747
2024-05-20;98,7342
2024-05-21;98,74093
2024-05-22;98,74765
2024-05-23;98,75439
2024-05-24;98,76112
2024-05-25;98,76785
2024-05-26;98,77458
2024-05-27;98,78131
2024-05-28;98,78804
2024-05-29;98,79477
2024-05-30;98,8015
2024-05-31;98,80824
2024-06-01;98,81496
2024-06-02;98,83193
2024-06-03;98,84891
2024-06-04;98,86587
2024-06-05;98,88284
2024-06-06;98,89982
2024-06-07;98,91678
2024-06-08;98,93375
2024-06-09;98,95073
2024-06-10;98,96769
2024-06-11;98,98466
2024-06-12;99,00164
2024-06-13;99,0186
2024-06-14;99,03557
2024-06-15;99,05254
2024-06-16;99,06951
2024-06-17;99,08648
2024-06-18;99,10345
2024-06-19;99,12042
2024-06-20;99,13739
2024-06-21;99,15436
2024-06-22;99,17133
2024-06-23;99,1883
2024-06-24;99,20527
2024-06-25;99,22224
2024-06-26;99,23921
2024-06-27;99,25618
2024-06-28;99,27315
2024-06-29;99,29012
2024-06-30;99,30709
2024-07-01;99,32406
2024-07-02;99,32514
2024-07-03;99,32621
2024-07-04;99,32729
2024-07-05;99,32837
2024-07-06;99,32944
2024-07-07;99,33052
2024-07-08;99,3316
2024-07-09;99,33267
2024-07-10;99,33375
2024-07-11;99,33483
2024-07-12;99,3359
2024-07-13;99,33698
2024-07-14;99,33806
2024-07-15;99,33913
2024-07-16;99,34021
2024-07-17;99,34129
2024-07-18;99,34237
2024-07-19;99,34345
2024-07-20;99,34452
2024-07-21;99,3456
2024-07-22;99,34668
2024-07-23;99,34775
2024-07-24;99,34883
2024-07-25;99,34991
2024-07-26;99,35098
2024-07-27;99,35206
2024-07-28;99,35314
2024-07-29;99,35421
2024-07-30;99,35529
2024-07-31;99,35637
2024-08-01;99,35744
2024-08-02;99,35986
2024-08-03;99,36229
2024-08-04;99,36471
2024-08-05;99,36713
2024-08-06;99,36956
2024-08-07;99,37198
2024-08-08;99,3744
2024-08-09;99,37683
2024-08-10;99,37925
2024-08-11;99,38167
2024-08-12;99,3841
2024-08-13;99,38652
2024-08-14;99,38894
2024-08-15;99,39137
2024-08-16;99,39379
2024-08-17;99,39621
2024-08-18;99,39863
2024-08-19;99,40106
2024-08-20;99,40348
2024-08-21;99,4059
2024-08-22;99,40833
2024-08-23;99,41075
2024-08-24;99,41317
2024-08-25;99,4156
2024-08-26;99,41802
2024-08-27;99,42044
2024-08-28;99,42287
2024-08-29;99,42529
2024-08-30;99,42771
2024-08-31;99,43014
2024-09-01;99,43256
2024-09-02;99,43896
2024-09-03;99,44535
2024-09-04;99,45175
2024-09-05;99,45815
2024-09-06;99,46455
2024-09-07;99,47095
2024-09-08;99,47735
2024-09-09;99,48374
2024-09-10;99,49014
2024-09-11;99,49654
2024-09-12;99,50294
2024-09-13;99,50934
2024-09-14;99,51574
2024-09-15;99,52213
2024-09-16;99,52853
2024-09-17;99,53494
2024-09-18;99,54133
2024-09-19;99,54773
2024-09-20;99,55413
2024-09-21;99,56052
2024-09-22;99,56693
2024-09-23;99,57333
2024-09-24;99,57972
2024-09-25;99,58612
2024-09-26;99,59252
2024-09-27;99,59891
2024-09-28;99,60532
2024-09-29;99,61172
2024-09-30;99,61811
2024-10-01;99,62451
2024-10-02;99,64175
2024-10-03;99,65897
2024-10-04;99,67621
2024-10-05;99,69343
2024-10-06;99,71067
2024-10-07;99,72789
2024-10-08;99,74513
2024-10-09;99,76235
2024-10-10;99,77959
2024-10-11;99,79681
2024-10-12;99,81405
2024-10-13;99,83127
2024-10-14;99,84851
2024-10-15;99,86573
2024-10-16;99,88297
2024-10-17;99,90019
2024-10-18;99,91743
2024-10-19;99,93465
2024-10-20;99,95189
2024-10-21;99,96911
2024-10-22;99,98635
2024-10-23;100,00357
2024-10-24;100,02081
2024-10-25;100,03803
2024-10-26;100,05527
2024-10-27;100,07249
2024-10-28;100,08973
2024-10-29;100,10695
2024-10-30;100,12419
2024-10-31;100,14141
2024-11-01;100,15865
2024-11-02;100,11664
2024-11-03;100,07463
2024-11-04;100,03262
2024-11-05;99,99062
2024-11-06;99,94861
2024-11-07;99,9066
2024-11-08;99,8646
2024-11-09;99,82258
2024-11-10;99,78058
2024-11-11;99,73857
2024-11-12;99,69656
2024-11-13;99,65456
2024-11-14;99,61255
2024-11-15;99,57054
2024-11-16;99,52853
2024-11-17;99,48653
2024-11-18;99,44452
2024-11-19;99,40251
2024-11-20;99,36051
2024-11-21;99,31849
2024-11-22;99,27649
2024-11-23;99,23448
2024-11-24;99,19247
2024-11-25;99,15047
2024-11-26;99,10846
2024-11-27;99,06645
2024-11-28;99,02444
2024-11-29;98,98244
2024-11-30;98,94043
2024-12-01;98,89842
2024-12-02;98,90731
2024-12-03;98,91619
2024-12-04;98,92508
2024-12-05;98,93396
2024-12-06;98,94285
2024-12-07;98,95173
2024-12-08;98,96062
2024-12-09;98,9695
2024-12-10;98,97838
2024-12-11;98,98726
2024-12-12;98,99615
2024-12-13;99,00503
2024-12-14;99,01392
2024-12-15;99,0228
2024-12-16;99,03169
2024-12-17;99,04057
2024-12-18;99,04946
2024-12-19;99,05834
2024-12-20;99,06723
2024-12-21;99,07611
2024-12-22;99,08499
2024-12-23;99,09387
2024-12-24;99,10276
2024-12-25;99,11164
2024-12-26;99,12053
2024-12-27;99,12941
2024-12-28;99,1383
2024-12-29;99,14718
2024-12-30;99,15607
2024-12-31;99,16495
2025-01-01;99,17384
2025-01-02;99,16926
2025-01-03;99,16468
2025-01-04;99,16011
2025-01-05;99,15552
2025-01-06;99,15095
2025-01-07;99,14638
2025-01-08;99,1418
2025-01-09;99,13722
2025-01-10;99,13265
2025-01-11;99,12807
2025-01-12;99,12349
2025-01-13;99,11891
2025-01-14;99,11434
2025-01-15;99,10976
2025-01-16;99,10518
2025-01-17;99,10061
2025-01-18;99,09603
2025-01-19;99,09145
2025-01-20;99,08688
2025-01-21;99,0823
2025-01-22;99,07772
2025-01-23;99,07314
2025-01-24;99,06857
2025-01-25;99,064
2025-01-26;99,05941
2025-01-27;99,05484
2025-01-28;99,05027
2025-01-29;99,04568
2025-01-30;99,04111
2025-01-31;99,03653
2025-02-01;99,03196
2025-02-02;99,03852
2025-02-03;99,04507
2025-02-04;99,05163
2025-02-05;99,05819
2025-02-06;99,06475
2025-02-07;99,0713
2025-02-08;99,07786
2025-02-09;99,08442
2025-02-10;99,09097
2025-02-11;99,09753
2025-02-12;99,10409
2025-02-13;99,11065
2025-02-14;99,1172
2025-02-15;99,12376
2025-02-16;99,13032
2025-02-17;99,13687
2025-02-18;99,14343
2025-02-19;99,14999
2025-02-20;99,15655
2025-02-21;99,1631
2025-02-22;99,16966
2025-02-23;99,17622
2025-02-24;99,18277
2025-02-25;99,18933
2025-02-26;99,19589
2025-02-27;99,20245
2025-02-28;99,209
2025-03-01;99,21556
2025-03-02;99,21906
2025-03-03;99,22257
2025-03-04;99,22606
2025-03-05;99,22956
2025-03-06;99,23307
2025-03-07;99,23656
2025-03-08;99,24006
2025-03-09;99,24356
2025-03-10;99,24706
2025-03-11;99,25057
2025-03-12;99,25406
2025-03-13;99,25756
2025-03-14;99,26107
2025-03-15;99,26456
2025-03-16;99,26806
2025-03-17;99,27157
2025-03-18;99,27506
2025-03-19;99,27856
2025-03-20;99,28206
2025-03-21;99,28556
2025-03-22;99,28906
2025-03-23;99,29256
2025-03-24;99,29606
2025-03-25;99,29957
2025-03-26;99,30306
2025-03-27;99,30656
2025-03-28;99,31006
2025-03-29;99,31356
2025-03-30;99,31706
2025-03-31;99,32056
2025-04-01;99,32406
2025-04-02;99,32434
2025-04-03;99,32462
2025-04-04;99,3249
2025-04-05;99,32517
2025-04-06;99,32545
2025-04-07;99,32573
2025-04-08;99,32601
2025-04-09;99,32629
2025-04-10;99,32656
2025-04-11;99,32684
2025-04-12;99,32712
2025-04-13;99,3274
2025-04-14;99,32767
2025-04-15;99,32796
2025-04-16;99,32823
2025-04-17;99,32851
2025-04-18;99,32879
2025-04-19;99,32907
2025-04-20;99,32934
2025-04-21;99,32963
2025-04-22;99,3299
2025-04-23;99,33018
2025-04-24;99,33046
2025-04-25;99,33074
2025-04-26;99,33101
2025-04-27;99,3313
2025-04-28;99,33157
2025-04-29;99,33185
2025-04-30;99,33213
2025-05-01;99,33241
2025-05-02;99,33833
2025-05-03;99,34425
2025-05-04;99,35017
2025-05-05;99,3561
2025-05-06;99,36202
2025-05-07;99,36794
2025-05-08;99,37387
2025-05-09;99,37979
2025-05-10;99,38571
2025-05-11;99,39164
2025-05-12;99,39755
2025-05-13;99,40348
2025-05-14;99,40941
2025-05-15;99,41532
2025-05-16;99,42125
2025-05-17;99,42717
2025-05-18;99,4331
2025-05-19;99,43902
2025-05-20;99,44494
2025-05-21;99,45087
2025-05-22;99,45678
2025-05-23;99,46271
2025-05-24;99,46864
2025-05-25;99,47455
2025-05-26;99,48048
2025-05-27;99,4864
2025-05-28;99,49232
2025-05-29;99,49825
2025-05-30;99,50417
2025-05-31;99,51009
2025-06-01;99,51602
2025-06-02;99,53521
2025-06-03;99,55441
2025-06-04;99,5736
2025-06-05;99,5928
2025-06-06;99,61199
2025-06-07;99,63119
2025-06-08;99,65038
2025-06-09;99,66958
2025-06-10;99,68877
2025-06-11;99,70797
2025-06-12;99,72717
2025-06-13;99,74636
2025-06-14;99,76556
2025-06-15;99,78475
2025-06-16;99,80395
2025-06-17;99,82314
2025-06-18;99,84234
2025-06-19;99,86153
2025-06-20;99,88073
2025-06-21;99,89992
2025-06-22;99,91912
2025-06-23;99,93832
2025-06-24;99,95751
2025-06-25;99,97671
2025-06-26;99,9959
2025-06-27;100,0151
2025-06-28;100,03429
2025-06-29;100,05349
2025-06-30;100,07268
2025-07-01;100,09188
2025-07-02;100,08757
2025-07-03;100,08327
2025-07-04;100,07896
2025-07-05;100,07465
2025-07-06;100,07034
2025-07-07;100,06603
2025-07-08;100,06173
2025-07-09;100,05742
2025-07-10;100,05311
2025-07-11;100,04881
2025-07-12;100,0445
2025-07-13;100,04019
2025-07-14;100,03588
2025-07-15;100,03157
2025-07-16;100,02727
2025-07-17;100,02296
2025-07-18;100,01865
2025-07-19;100,01435
2025-07-20;100,01004
2025-07-21;100,00573
2025-07-22;100,00142
2025-07-23;99,99711
2025-07-24;99,99281
2025-07-25;99,9885
2025-07-26;99,98419
2025-07-27;99,97989
2025-07-28;99,97558
2025-07-29;99,97127
2025-07-30;99,96696
2025-07-31;99,96265
2025-08-01;99,95835
2025-08-02;99,97073
2025-08-03;99,98312
2025-08-04;99,9955
2025-08-05;100,00788
2025-08-06;100,02026
2025-08-07;100,03265
2025-08-08;100,04503
2025-08-09;100,05742
2025-08-10;100,0698
2025-08-11;100,08219
2025-08-12;100,09458
2025-08-13;100,10695
2025-08-14;100,11934
2025-08-15;100,13172
2025-08-16;100,14411
2025-08-17;100,15649
2025-08-18;100,16888
2025-08-19;100,18126
2025-08-20;100,19365
2025-08-21;100,20603
2025-08-22;100,21841
2025-08-23;100,2308
2025-08-24;100,24318
2025-08-25;100,25557
2025-08-26;100,26795
2025-08-27;100,28034
2025-08-28;100,29272
2025-08-29;100,3051
2025-08-30;100,31748
2025-08-31;100,32987
2025-09-01;100,34226
2025-09-02;100,34949
2025-09-03;100,35672
2025-09-04;100,36395
2025-09-05;100,37119
2025-09-06;100,37842
2025-09-07;100,38565
2025-09-08;100,39289
2025-09-09;100,40012
2025-09-10;100,40735
2025-09-11;100,41459
2025-09-12;100,42182
2025-09-13;100,42905
2025-09-14;100,43629
2025-09-15;100,44352
2025-09-16;100,45075
2025-09-17;100,45799
2025-09-18;100,46521
2025-09-19;100,47245
2025-09-20;100,47969
2025-09-21;100,48691
2025-09-22;100,49415
2025-09-23;100,50139
2025-09-24;100,50861
2025-09-25;100,51585
2025-09-26;100,52309
2025-09-27;100,53031
2025-09-28;100,53755
2025-09-29;100,54478
2025-09-30;100,55201
2025-10-01;100,55925
2025-10-02;100,57298
2025-10-03;100,58671
2025-10-04;100,60043
2025-10-05;100,61417
2025-10-06;100,6279
2025-10-07;100,64163
2025-10-08;100,65536
2025-10-09;100,66909
2025-10-10;100,68282
2025-10-11;100,69655
2025-10-12;100,71028
2025-10-13;100,72401
2025-10-14;100,73774
2025-10-15;100,75147
2025-10-16;100,7652
2025-10-17;100,77894
2025-10-18;100,79266
2025-10-19;100,80639
2025-10-20;100,82012
2025-10-21;100,83385
2025-10-22;100,84758
2025-10-23;100,86132
2025-10-24;100,87505
2025-10-25;100,88878
2025-10-26;100,9025
2025-10-27;100,91623
2025-10-28;100,92996
2025-10-29;100,9437
2025-10-30;100,95743
2025-10-31;100,97116
2025-11-01;100,98489
2025-11-02;100,95178
2025-11-03;100,91868
2025-11-04;100,88557
2025-11-05;100,85246
2025-11-06;100,81936
2025-11-07;100,78626
2025-11-08;100,75315
2025-11-09;100,72005
2025-11-10;100,68694
2025-11-11;100,65383
2025-11-12;100,62073
2025-11-13;100,58762
2025-11-14;100,55452
2025-11-15;100,52142
2025-11-16;100,48831
2025-11-17;100,4552
2025-11-18;100,4221
2025-11-19;100,38899
2025-11-20;100,35588
2025-11-21;100,32278
2025-11-22;100,28968
2025-11-23;100,25657
2025-11-24;100,22347
2025-11-25;100,19036
2025-11-26;100,15725
2025-11-27;100,12415
2025-11-28;100,09105
2025-11-29;100,05794
2025-11-30;100,02484
2025-12-01;99,99173
2025-12-02;99,99388
2025-12-03;99,99604
2025-12-04;99,99819
2025-12-05;100,00034
2025-12-06;100,0025
2025-12-07;100,00465
2025-12-08;100,0068
2025-12-09;100,00896
2025-12-10;100,01112
2025-12-11;100,01327
2025-12-12;100,01542
2025-12-13;100,01758
2025-12-14;100,01973
2025-12-15;100,02188
2025-12-16;100,02404
2025-12-17;100,02619
2025-12-18;100,02834
2025-12-19;100,0305
2025-12-20;100,03265
2025-12-21;100,0348
2025-12-22;100,03696
2025-12-23;100,03911
2025-12-24;100,04126
2025-12-25;100,04342
2025-12-26;100,04558
2025-12-27;100,04773
2025-12-28;100,04988
2025-12-29;100,05204
2025-12-30;100,05419
2025-12-31;100,05634
2026-01-01;100,0585
2026-01-02;100,05257
2026-01-03;100,04665
2026-01-04;100,04073
2026-01-05;100,0348
2026-01-06;100,02889
2026-01-07;100,02296
2026-01-08;100,01703
2026-01-09;100,01112
2026-01-10;100,00519
2026-01-11;99,99927
2026-01-12;99,99335
2026-01-13;99,98742
2026-01-14;99,9815
2026-01-15;99,97558
2026-01-16;99,96965
2026-01-17;99,96373
2026-01-18;99,9578
2026-01-19;99,95189
2026-01-20;99,94596
2026-01-21;99,94004
2026-01-22;99,93412
2026-01-23;99,92819
2026-01-24;99,92227
2026-01-25;99,91635
2026-01-26;99,91042
2026-01-27;99,9045
2026-01-28;99,89858
2026-01-29;99,89266
2026-01-30;99,88673
2026-01-31;99,88081
2026-02-01;99,87489
2026-02-02;99,87757
2026-02-03;99,88025
2026-02-04;99,88293
2026-02-05;99,88562
2026-02-06;99,8883
2026-02-07;99,89099
2026-02-08;99,89367
2026-02-09;99,89634
2026-02-10;99,89903
2026-02-11;99,90171
2026-02-12;99,9044
2026-02-13;99,90708
2026-02-14;99,90976
2026-02-15;99,91244
2026-02-16;99,91512
2026-02-17;99,91781
2026-02-18;99,92049
2026-02-19;99,92318
2026-02-20;99,92586
2026-02-21;99,92854
2026-02-22;99,93122
2026-02-23;99,9339
2026-02-24;99,93659
2026-02-25;99,93927
2026-02-26;99,94195
2026-02-27;99,94463
2026-02-28;99,94732
2026-03-01;99,95
2026-03-02;99,93774
2026-03-03;99,92548
2026-03-04;99,91323
2026-03-05;99,90097
2026-03-06;99,88871
2026-03-07;99,87645
2026-03-08;99,86419
2026-03-09;99,85194
2026-03-10;99,83968
2026-03-11;99,82742
2026-03-12;99,81516
2026-03-13;99,8029
2026-03-14;99,79065
2026-03-15;99,77839
2026-03-16;99,76613
2026-03-17;99,75387
2026-03-18;99,74161
2026-03-19;99,72935
2026-03-20;99,7171
2026-03-21;99,70484
2026-03-22;99,69258
2026-03-23;99,68032
2026-03-24;99,66806
2026-03-25;99,65581
2026-03-26;99,64355
2026-03-27;99,63129
2026-03-28;99,61903
2026-03-29;99,60677
2026-03-30;99,59452
2026-03-31;99,58226
2026-04-01;99,57
2026-04-02;99,591
2026-04-03;99,612
2026-04-04;99,633
2026-04-05;99,654
2026-04-06;99,675
2026-04-07;99,696
2026-04-08;99,717
2026-04-09;99,738
2026-04-10;99,759
2026-04-11;99,78
2026-04-12;99,801
2026-04-13;99,822
2026-04-14;99,843
2026-04-15;99,864
2026-04-16;99,885
2026-04-17;99,906
2026-04-18;99,927
2026-04-19;99,948
2026-04-20;99,969
2026-04-21;99,99
2026-04-22;100,011
2026-04-23;100,032
2026-04-24;100,053
2026-04-25;100,074
2026-04-26;100,095
2026-04-27;100,116
2026-04-28;100,137
2026-04-29;100,158
2026-04-30;100,179
2026-05-01;100,2
2026-05-02;100,23161
2026-05-03;100,26323
2026-05-04;100,29484
2026-05-05;100,32645
2026-05-06;100,35806
2026-05-07;100,38968
2026-05-08;100,42129
2026-05-09;100,4529
2026-05-10;100,48452
2026-05-11;100,51613
2026-05-12;100,54774
2026-05-13;100,57935
2026-05-14;100,61097
2026-05-15;100,64258
2026-05-16;100,67419
2026-05-17;100,70581
2026-05-18;100,73742
2026-05-19;100,76903
2026-05-20;100,80065
2026-05-21;100,83226
2026-05-22;100,86387
2026-05-23;100,89548
2026-05-24;100,9271
2026-05-25;100,95871
2026-05-26;100,99032
2026-05-27;101,02194
2026-05-28;101,05355
2026-05-29;101,08516
2026-05-30;101,11677
2026-05-31;101,14839
2026-06-01;101,18
2026-06-02;101,21533
2026-06-03;101,25067
2026-06-04;101,286
2026-06-05;101,32133
2026-06-06;101,35667
2026-06-07;101,392
2026-06-08;101,42733
2026-06-09;101,46267
2026-06-10;101,498
2026-06-11;101,53333
2026-06-12;101,56867
2026-06-13;101,604
2026-06-14;101,63933
2026-06-15;101,67467
2026-06-16;101,71
2026-06-17;101,74533
2026-06-18;101,78067
2026-06-19;101,816
2026-06-20;101,85133
2026-06-21;101,88667
2026-06-22;101,922
2026-06-23;101,95733
2026-06-24;101,99267
2026-06-25;102,028
2026-06-26;102,06333
2026-06-27;102,09867
2026-06-28;102,134
2026-06-29;102,16933
2026-06-30;102,20467
2026-07-01;102,24
2026-07-02;102,24419
2026-07-03;102,24839
2026-07-04;102,25258
2026-07-05;102,25677
2026-07-06;102,26097
2026-07-07;102,26516
2026-07-08;102,26935
2026-07-09;102,27355
2026-07-10;102,27774
2026-07-11;102,28194
2026-07-12;102,28613
2026-07-13;102,29032
2026-07-14;102,29452
2026-07-15;102,29871
2026-07-16;102,3029
2026-07-17;102,3071
2026-07-18;102,31129
2026-07-19;102,31548
2026-07-20;102,31968
2026-07-21;102,32387
2026-07-22;102,32806
2026-07-23;102,33226
2026-07-24;102,33645
2026-07-25;102,34065
2026-07-26;102,34484
2026-07-27;102,34903
2026-07-28;102,35323
2026-07-29;102,35742
2026-07-30;102,36161
2026-07-31;102,36581
2026-08-01;102,37
2026-08-02;102,36097
2026-08-03;102,35194
2026-08-04;102,3429
2026-08-05;102,33387
2026-08-06;102,32484
2026-08-07;102,31581
2026-08-08;102,30677
2026-08-09;102,29774
2026-08-10;102,28871
2026-08-11;102,27968
2026-08-12;102,27065
2026-08-13;102,26161
2026-08-14;102,25258
2026-08-15;102,24355
2026-08-16;102,23452
2026-08-17;102,22548
2026-08-18;102,21645
2026-08-19;102,20742
2026-08-20;102,19839
2026-08-21;102,18935
2026-08-22;102,18032
2026-08-23;102,17129
2026-08-24;102,16226
2026-08-25;102,15323
2026-08-26;102,14419
2026-08-27;102,13516
2026-08-28;102,12613
2026-08-29;102,1171
2026-08-30;102,10806
2026-08-31;102,09903
2026-09-01;102,09
2026-09-02;102,10933
2026-09-03;102,12867
2026-09-04;102,148
2026-09-05;102,16733
2026-09-06;102,18667
2026-09-07;102,206
2026-09-08;102,22533
2026-09-09;102,24467
2026-09-10;102,264
2026-09-11;102,28333
2026-09-12;102,30267
2026-09-13;102,322
2026-09-14;102,34133
2026-09-15;102,36067
2026-09-16;102,38
2026-09-17;102,39933
2026-09-18;102,41867
2026-09-19;102,438
2026-09-20;102,45733
2026-09-21;102,47667
2026-09-22;102,496
2026-09-23;102,51533
2026-09-24;102,53467
2026-09-25;102,554
2026-09-26;102,57333
2026-09-27;102,59267
2026-09-28;102,612
2026-09-29;102,63133
2026-09-30;102,65067
2026-10-01;102,67
2026-10-02;102,69194
2026-10-03;102,71387
2026-10-04;102,73581
2026-10-05;102,75774
2026-10-06;102,77968
2026-10-07;102,80161
2026-10-08;102,82355
2026-10-09;102,84548
2026-10-10;102,86742
2026-10-11;102,88935
2026-10-12;102,91129
2026-10-13;102,93323
2026-10-14;102,95516
2026-10-15;102,9771
2026-10-16;102,99903
2026-10-17;103,02097
2026-10-18;103,0429
2026-10-19;103,06484
2026-10-20;103,08677
2026-10-21;103,10871
2026-10-22;103,13065
2026-10-23;103,15258
2026-10-24;103,17452
2026-10-25;103,19645
2026-10-26;103,21839
2026-10-27;103,24032
2026-10-28;103,26226
2026-10-29;103,28419
2026-10-30;103,30613
2026-10-31;103,32806
2026-11-01;103,35
